dataset,image_id,ref_id,distorted_path,ref_path,distortion_type,distortion_code,severity_or_level,mos_or_dmos,split,group,tsne_x,tsne_y
KADID-10k,I26_16_03,I26,/data/projectwork/swati_mam/new model data/kadid10k/images/I26_16_03.png,/data/projectwork/swati_mam/kadid10k/images/I26.png,Brighten,NA,3,3.57,val,other,6.156691,27.017178
KADID-10k,I26_16_04,I26,/data/projectwork/swati_mam/new model data/kadid10k/images/I26_16_04.png,/data/projectwork/swati_mam/kadid10k/images/I26.png,Brighten,NA,4,2.93,val,other,5.6460347,25.292988
KADID-10k,I26_23_01,I26,/data/projectwork/swati_mam/new model data/kadid10k/images/I26_23_01.png,/data/projectwork/swati_mam/kadid10k/images/I26.png,Color block,NA,1,2.47,val,other,6.7023926,29.9845
KADID-10k,I26_23_02,I26,/data/projectwork/swati_mam/new model data/kadid10k/images/I26_23_02.png,/data/projectwork/swati_mam/kadid10k/images/I26.png,Color block,NA,2,2.2,val,other,7.138722,29.725275
KADID-10k,I26_23_03,I26,/data/projectwork/swati_mam/new model data/kadid10k/images/I26_23_03.png,/data/projectwork/swati_mam/kadid10k/images/I26.png,Color block,NA,3,2.67,val,other,6.965567,29.462412
KADID-10k,I26_04_01,I26,/data/projectwork/swati_mam/new model data/kadid10k/images/I26_04_01.png,/data/projectwork/swati_mam/kadid10k/images/I26.png,Color diffusion,NA,1,4.8,val,other,6.63677,30.569372
KADID-10k,I26_04_03,I26,/data/projectwork/swati_mam/new model data/kadid10k/images/I26_04_03.png,/data/projectwork/swati_mam/kadid10k/images/I26.png,Color diffusion,NA,3,2.9,val,other,5.3732185,6.85505
KADID-10k,I26_06_01,I26,/data/projectwork/swati_mam/new model data/kadid10k/images/I26_06_01.png,/data/projectwork/swati_mam/kadid10k/images/I26.png,Color quantization,NA,1,4.57,val,other,6.2144203,27.783115
KADID-10k,I26_06_04,I26,/data/projectwork/swati_mam/new model data/kadid10k/images/I26_06_04.png,/data/projectwork/swati_mam/kadid10k/images/I26.png,Color quantization,NA,4,3.53,val,other,5.7017016,7.3033586
KADID-10k,I26_07_04,I26,/data/projectwork/swati_mam/new model data/kadid10k/images/I26_07_04.png,/data/projectwork/swati_mam/kadid10k/images/I26.png,Color saturation 1,NA,4,2.47,val,other,5.389814,25.604738
KADID-10k,I26_07_05,I26,/data/projectwork/swati_mam/new model data/kadid10k/images/I26_07_05.png,/data/projectwork/swati_mam/kadid10k/images/I26.png,Color saturation 1,NA,5,2.6,val,other,6.2584877,7.583991
KADID-10k,I26_08_01,I26,/data/projectwork/swati_mam/new model data/kadid10k/images/I26_08_01.png,/data/projectwork/swati_mam/kadid10k/images/I26.png,Color saturation 2,NA,1,4.67,val,other,6.849007,30.45491
KADID-10k,I26_08_03,I26,/data/projectwork/swati_mam/new model data/kadid10k/images/I26_08_03.png,/data/projectwork/swati_mam/kadid10k/images/I26.png,Color saturation 2,NA,3,3.53,val,other,5.3757434,6.917759
KADID-10k,I26_08_05,I26,/data/projectwork/swati_mam/new model data/kadid10k/images/I26_08_05.png,/data/projectwork/swati_mam/kadid10k/images/I26.png,Color saturation 2,NA,5,1.77,val,other,-9.748418,-4.0860267
KADID-10k,I26_05_01,I26,/data/projectwork/swati_mam/new model data/kadid10k/images/I26_05_01.png,/data/projectwork/swati_mam/kadid10k/images/I26.png,Color shift,NA,1,4.43,val,other,7.120921,27.16918
KADID-10k,I26_05_02,I26,/data/projectwork/swati_mam/new model data/kadid10k/images/I26_05_02.png,/data/projectwork/swati_mam/kadid10k/images/I26.png,Color shift,NA,2,2.64,val,other,7.7530303,25.527292
KADID-10k,I26_05_03,I26,/data/projectwork/swati_mam/new model data/kadid10k/images/I26_05_03.png,/data/projectwork/swati_mam/kadid10k/images/I26.png,Color shift,NA,3,1.57,val,other,21.43496,-1.2570829
KADID-10k,I26_25_05,I26,/data/projectwork/swati_mam/new model data/kadid10k/images/I26_25_05.png,/data/projectwork/swati_mam/kadid10k/images/I26.png,Contrast change,NA,5,3.03,val,other,6.841957,26.002472
KADID-10k,I26_17_02,I26,/data/projectwork/swati_mam/new model data/kadid10k/images/I26_17_02.png,/data/projectwork/swati_mam/kadid10k/images/I26.png,Darken,NA,2,4.37,val,other,6.206558,30.240067
KADID-10k,I26_17_04,I26,/data/projectwork/swati_mam/new model data/kadid10k/images/I26_17_04.png,/data/projectwork/swati_mam/kadid10k/images/I26.png,Darken,NA,4,3.37,val,other,5.4907312,28.663364
KADID-10k,I26_17_05,I26,/data/projectwork/swati_mam/new model data/kadid10k/images/I26_17_05.png,/data/projectwork/swati_mam/kadid10k/images/I26.png,Darken,NA,5,1.77,val,other,2.3438623,26.082119
KADID-10k,I26_15_04,I26,/data/projectwork/swati_mam/new model data/kadid10k/images/I26_15_04.png,/data/projectwork/swati_mam/kadid10k/images/I26.png,Denoise,NA,4,2.07,val,noise,15.537355,-2.2462513
KADID-10k,I26_15_05,I26,/data/projectwork/swati_mam/new model data/kadid10k/images/I26_15_05.png,/data/projectwork/swati_mam/kadid10k/images/I26.png,Denoise,NA,5,1.47,val,noise,13.072684,-9.056917
KADID-10k,I26_01_02,I26,/data/projectwork/swati_mam/new model data/kadid10k/images/I26_01_02.png,/data/projectwork/swati_mam/kadid10k/images/I26.png,Gaussian blur,NA,2,4.43,val,blur,7.8560767,29.736612
KADID-10k,I26_01_05,I26,/data/projectwork/swati_mam/new model data/kadid10k/images/I26_01_05.png,/data/projectwork/swati_mam/kadid10k/images/I26.png,Gaussian blur,NA,5,1.3,val,blur,-8.498988,-21.528261
KADID-10k,I26_24_02,I26,/data/projectwork/swati_mam/new model data/kadid10k/images/I26_24_02.png,/data/projectwork/swati_mam/kadid10k/images/I26.png,High sharpen,NA,2,2.81,val,HF/sharpen,-6.8462095,17.31128
KADID-10k,I26_24_04,I26,/data/projectwork/swati_mam/new model data/kadid10k/images/I26_24_04.png,/data/projectwork/swati_mam/kadid10k/images/I26.png,High sharpen,NA,4,1.53,val,HF/sharpen,-9.499747,15.214867
KADID-10k,I26_24_05,I26,/data/projectwork/swati_mam/new model data/kadid10k/images/I26_24_05.png,/data/projectwork/swati_mam/kadid10k/images/I26.png,High sharpen,NA,5,1.43,val,HF/sharpen,-9.517215,15.179039
KADID-10k,I26_13_04,I26,/data/projectwork/swati_mam/new model data/kadid10k/images/I26_13_04.png,/data/projectwork/swati_mam/kadid10k/images/I26.png,Impulse noise,NA,4,2.29,val,noise,-8.814678,-3.935215
KADID-10k,I26_10_01,I26,/data/projectwork/swati_mam/new model data/kadid10k/images/I26_10_01.png,/data/projectwork/swati_mam/kadid10k/images/I26.png,JPEG,NA,1,4.6,val,other,6.303458,29.52264
KADID-10k,I26_10_02,I26,/data/projectwork/swati_mam/new model data/kadid10k/images/I26_10_02.png,/data/projectwork/swati_mam/kadid10k/images/I26.png,JPEG,NA,2,4.1,val,other,6.2938194,28.680033
KADID-10k,I26_10_03,I26,/data/projectwork/swati_mam/new model data/kadid10k/images/I26_10_03.png,/data/projectwork/swati_mam/kadid10k/images/I26.png,JPEG,NA,3,3.93,val,other,7.045955,27.608725
KADID-10k,I26_10_05,I26,/data/projectwork/swati_mam/new model data/kadid10k/images/I26_10_05.png,/data/projectwork/swati_mam/kadid10k/images/I26.png,JPEG,NA,5,1.5,val,other,14.000449,-1.9068451
KADID-10k,I26_09_01,I26,/data/projectwork/swati_mam/new model data/kadid10k/images/I26_09_01.png,/data/projectwork/swati_mam/kadid10k/images/I26.png,JPEG2000,NA,1,4.57,val,other,5.948337,29.962297
KADID-10k,I26_09_02,I26,/data/projectwork/swati_mam/new model data/kadid10k/images/I26_09_02.png,/data/projectwork/swati_mam/kadid10k/images/I26.png,JPEG2000,NA,2,4.63,val,other,6.1905417,29.670029
KADID-10k,I26_09_04,I26,/data/projectwork/swati_mam/new model data/kadid10k/images/I26_09_04.png,/data/projectwork/swati_mam/kadid10k/images/I26.png,JPEG2000,NA,4,2.67,val,other,7.5938663,28.273138
KADID-10k,I26_19_02,I26,/data/projectwork/swati_mam/new model data/kadid10k/images/I26_19_02.png,/data/projectwork/swati_mam/kadid10k/images/I26.png,Jitter,NA,2,3.6,val,other,8.597847,30.373434
KADID-10k,I26_19_04,I26,/data/projectwork/swati_mam/new model data/kadid10k/images/I26_19_04.png,/data/projectwork/swati_mam/kadid10k/images/I26.png,Jitter,NA,4,1.77,val,other,22.808428,-3.8662126
KADID-10k,I26_02_02,I26,/data/projectwork/swati_mam/new model data/kadid10k/images/I26_02_02.png,/data/projectwork/swati_mam/kadid10k/images/I26.png,Lens blur,NA,2,2.67,val,blur,14.977674,-1.8665584
KADID-10k,I26_02_04,I26,/data/projectwork/swati_mam/new model data/kadid10k/images/I26_02_04.png,/data/projectwork/swati_mam/kadid10k/images/I26.png,Lens blur,NA,4,1.57,val,blur,-5.3293467,-22.116463
KADID-10k,I26_02_05,I26,/data/projectwork/swati_mam/new model data/kadid10k/images/I26_02_05.png,/data/projectwork/swati_mam/kadid10k/images/I26.png,Lens blur,NA,5,1.27,val,blur,-7.7652364,-21.596317
KADID-10k,I26_18_01,I26,/data/projectwork/swati_mam/new model data/kadid10k/images/I26_18_01.png,/data/projectwork/swati_mam/kadid10k/images/I26.png,Mean shift,NA,1,4.5,val,other,5.9313445,30.734919
KADID-10k,I26_18_02,I26,/data/projectwork/swati_mam/new model data/kadid10k/images/I26_18_02.png,/data/projectwork/swati_mam/kadid10k/images/I26.png,Mean shift,NA,2,4.57,val,other,6.339653,30.914768
KADID-10k,I26_18_04,I26,/data/projectwork/swati_mam/new model data/kadid10k/images/I26_18_04.png,/data/projectwork/swati_mam/kadid10k/images/I26.png,Mean shift,NA,4,4.23,val,other,6.654216,28.232018
KADID-10k,I26_14_02,I26,/data/projectwork/swati_mam/new model data/kadid10k/images/I26_14_02.png,/data/projectwork/swati_mam/kadid10k/images/I26.png,Multiplicative noise,NA,2,3.84,val,noise,6.4706,27.980185
KADID-10k,I26_14_05,I26,/data/projectwork/swati_mam/new model data/kadid10k/images/I26_14_05.png,/data/projectwork/swati_mam/kadid10k/images/I26.png,Multiplicative noise,NA,5,2.23,val,noise,-9.359203,-5.0498495
KADID-10k,I26_20_01,I26,/data/projectwork/swati_mam/new model data/kadid10k/images/I26_20_01.png,/data/projectwork/swati_mam/kadid10k/images/I26.png,Non-eccentricity patch,NA,1,4.23,val,other,7.15652,30.630272
KADID-10k,I26_20_02,I26,/data/projectwork/swati_mam/new model data/kadid10k/images/I26_20_02.png,/data/projectwork/swati_mam/kadid10k/images/I26.png,Non-eccentricity patch,NA,2,3.9,val,other,7.4134073,30.200788
KADID-10k,I26_21_01,I26,/data/projectwork/swati_mam/new model data/kadid10k/images/I26_21_01.png,/data/projectwork/swati_mam/kadid10k/images/I26.png,Pixelate,NA,1,3.1,val,other,7.6447954,29.186077
KADID-10k,I26_21_03,I26,/data/projectwork/swati_mam/new model data/kadid10k/images/I26_21_03.png,/data/projectwork/swati_mam/kadid10k/images/I26.png,Pixelate,NA,3,2.43,val,other,7.565967,25.81947
KADID-10k,I26_21_05,I26,/data/projectwork/swati_mam/new model data/kadid10k/images/I26_21_05.png,/data/projectwork/swati_mam/kadid10k/images/I26.png,Pixelate,NA,5,1.43,val,other,2.8655393,16.291996
KADID-10k,I26_22_02,I26,/data/projectwork/swati_mam/new model data/kadid10k/images/I26_22_02.png,/data/projectwork/swati_mam/kadid10k/images/I26.png,Quantization,NA,2,4.47,val,other,6.777191,29.023289
KADID-10k,I26_22_04,I26,/data/projectwork/swati_mam/new model data/kadid10k/images/I26_22_04.png,/data/projectwork/swati_mam/kadid10k/images/I26.png,Quantization,NA,4,3.8,val,other,6.2328305,26.36812
KADID-10k,I26_11_01,I26,/data/projectwork/swati_mam/new model data/kadid10k/images/I26_11_01.png,/data/projectwork/swati_mam/kadid10k/images/I26.png,White noise,NA,1,3.9,val,noise,6.508463,27.109283
KADID-10k,I26_11_04,I26,/data/projectwork/swati_mam/new model data/kadid10k/images/I26_11_04.png,/data/projectwork/swati_mam/kadid10k/images/I26.png,White noise,NA,4,2.8,val,noise,-8.918613,-4.0455933
KADID-10k,I26_12_04,I26,/data/projectwork/swati_mam/new model data/kadid10k/images/I26_12_04.png,/data/projectwork/swati_mam/kadid10k/images/I26.png,White noise in color component,NA,4,2.8,val,noise,-9.461596,-5.5514374
KADID-10k,I26_12_05,I26,/data/projectwork/swati_mam/new model data/kadid10k/images/I26_12_05.png,/data/projectwork/swati_mam/kadid10k/images/I26.png,White noise in color component,NA,5,2.3,val,noise,-11.825496,-10.706494
KADID-10k,I27_16_02,I27,/data/projectwork/swati_mam/new model data/kadid10k/images/I27_16_02.png,/data/projectwork/swati_mam/kadid10k/images/I27.png,Brighten,NA,2,3.7,val,other,19.588696,22.858599
KADID-10k,I27_16_04,I27,/data/projectwork/swati_mam/new model data/kadid10k/images/I27_16_04.png,/data/projectwork/swati_mam/kadid10k/images/I27.png,Brighten,NA,4,1.8,val,other,-16.155277,-2.6076572
KADID-10k,I27_16_05,I27,/data/projectwork/swati_mam/new model data/kadid10k/images/I27_16_05.png,/data/projectwork/swati_mam/kadid10k/images/I27.png,Brighten,NA,5,1.47,val,other,-14.166072,-9.117241
KADID-10k,I27_23_02,I27,/data/projectwork/swati_mam/new model data/kadid10k/images/I27_23_02.png,/data/projectwork/swati_mam/kadid10k/images/I27.png,Color block,NA,2,2.4,val,other,20.577127,23.537176
KADID-10k,I27_04_01,I27,/data/projectwork/swati_mam/new model data/kadid10k/images/I27_04_01.png,/data/projectwork/swati_mam/kadid10k/images/I27.png,Color diffusion,NA,1,4.1,val,other,23.169252,24.44955
KADID-10k,I27_04_02,I27,/data/projectwork/swati_mam/new model data/kadid10k/images/I27_04_02.png,/data/projectwork/swati_mam/kadid10k/images/I27.png,Color diffusion,NA,2,2.27,val,other,15.884064,17.989197
KADID-10k,I27_04_04,I27,/data/projectwork/swati_mam/new model data/kadid10k/images/I27_04_04.png,/data/projectwork/swati_mam/kadid10k/images/I27.png,Color diffusion,NA,4,1.17,val,other,-16.50747,-3.0349157
KADID-10k,I27_04_05,I27,/data/projectwork/swati_mam/new model data/kadid10k/images/I27_04_05.png,/data/projectwork/swati_mam/kadid10k/images/I27.png,Color diffusion,NA,5,1.27,val,other,-16.652006,-3.4416485
KADID-10k,I27_06_01,I27,/data/projectwork/swati_mam/new model data/kadid10k/images/I27_06_01.png,/data/projectwork/swati_mam/kadid10k/images/I27.png,Color quantization,NA,1,4.37,val,other,19.433714,21.616873
KADID-10k,I27_06_02,I27,/data/projectwork/swati_mam/new model data/kadid10k/images/I27_06_02.png,/data/projectwork/swati_mam/kadid10k/images/I27.png,Color quantization,NA,2,4.1,val,other,19.755028,21.855059
KADID-10k,I27_06_03,I27,/data/projectwork/swati_mam/new model data/kadid10k/images/I27_06_03.png,/data/projectwork/swati_mam/kadid10k/images/I27.png,Color quantization,NA,3,3.53,val,other,16.675274,19.015446
KADID-10k,I27_06_05,I27,/data/projectwork/swati_mam/new model data/kadid10k/images/I27_06_05.png,/data/projectwork/swati_mam/kadid10k/images/I27.png,Color quantization,NA,5,2.17,val,other,-15.911196,-1.8332032
KADID-10k,I27_07_03,I27,/data/projectwork/swati_mam/new model data/kadid10k/images/I27_07_03.png,/data/projectwork/swati_mam/kadid10k/images/I27.png,Color saturation 1,NA,3,1.67,val,other,16.486305,18.551443
KADID-10k,I27_07_04,I27,/data/projectwork/swati_mam/new model data/kadid10k/images/I27_07_04.png,/data/projectwork/swati_mam/kadid10k/images/I27.png,Color saturation 1,NA,4,2.0,val,other,16.108196,18.3115
KADID-10k,I27_05_01,I27,/data/projectwork/swati_mam/new model data/kadid10k/images/I27_05_01.png,/data/projectwork/swati_mam/kadid10k/images/I27.png,Color shift,NA,1,4.0,val,other,22.099558,22.558262
KADID-10k,I27_05_02,I27,/data/projectwork/swati_mam/new model data/kadid10k/images/I27_05_02.png,/data/projectwork/swati_mam/kadid10k/images/I27.png,Color shift,NA,2,1.93,val,other,20.470493,21.216751
KADID-10k,I27_05_04,I27,/data/projectwork/swati_mam/new model data/kadid10k/images/I27_05_04.png,/data/projectwork/swati_mam/kadid10k/images/I27.png,Color shift,NA,4,1.63,val,other,14.391068,15.702288
KADID-10k,I27_25_03,I27,/data/projectwork/swati_mam/new model data/kadid10k/images/I27_25_03.png,/data/projectwork/swati_mam/kadid10k/images/I27.png,Contrast change,NA,3,4.03,val,other,22.454767,24.825018
KADID-10k,I27_25_04,I27,/data/projectwork/swati_mam/new model data/kadid10k/images/I27_25_04.png,/data/projectwork/swati_mam/kadid10k/images/I27.png,Contrast change,NA,4,4.0,val,other,21.423208,22.086756
KADID-10k,I27_25_05,I27,/data/projectwork/swati_mam/new model data/kadid10k/images/I27_25_05.png,/data/projectwork/swati_mam/kadid10k/images/I27.png,Contrast change,NA,5,3.07,val,other,20.011333,20.15203
KADID-10k,I27_17_03,I27,/data/projectwork/swati_mam/new model data/kadid10k/images/I27_17_03.png,/data/projectwork/swati_mam/kadid10k/images/I27.png,Darken,NA,3,3.97,val,other,23.71797,24.400318
KADID-10k,I27_17_04,I27,/data/projectwork/swati_mam/new model data/kadid10k/images/I27_17_04.png,/data/projectwork/swati_mam/kadid10k/images/I27.png,Darken,NA,4,3.8,val,other,23.955252,24.405613
KADID-10k,I27_15_01,I27,/data/projectwork/swati_mam/new model data/kadid10k/images/I27_15_01.png,/data/projectwork/swati_mam/kadid10k/images/I27.png,Denoise,NA,1,3.77,val,noise,21.814795,22.625322
KADID-10k,I27_15_02,I27,/data/projectwork/swati_mam/new model data/kadid10k/images/I27_15_02.png,/data/projectwork/swati_mam/kadid10k/images/I27.png,Denoise,NA,2,2.4,val,noise,20.183624,20.737421
KADID-10k,I27_15_04,I27,/data/projectwork/swati_mam/new model data/kadid10k/images/I27_15_04.png,/data/projectwork/swati_mam/kadid10k/images/I27.png,Denoise,NA,4,1.77,val,noise,14.090104,15.631397
KADID-10k,I27_15_05,I27,/data/projectwork/swati_mam/new model data/kadid10k/images/I27_15_05.png,/data/projectwork/swati_mam/kadid10k/images/I27.png,Denoise,NA,5,1.52,val,noise,1.2129287,-11.611988
KADID-10k,I27_01_01,I27,/data/projectwork/swati_mam/new model data/kadid10k/images/I27_01_01.png,/data/projectwork/swati_mam/kadid10k/images/I27.png,Gaussian blur,NA,1,4.53,val,blur,22.786583,23.617321
KADID-10k,I27_01_03,I27,/data/projectwork/swati_mam/new model data/kadid10k/images/I27_01_03.png,/data/projectwork/swati_mam/kadid10k/images/I27.png,Gaussian blur,NA,3,2.4,val,blur,21.144224,20.483696
KADID-10k,I27_01_04,I27,/data/projectwork/swati_mam/new model data/kadid10k/images/I27_01_04.png,/data/projectwork/swati_mam/kadid10k/images/I27.png,Gaussian blur,NA,4,1.67,val,blur,13.551976,13.538889
KADID-10k,I27_01_05,I27,/data/projectwork/swati_mam/new model data/kadid10k/images/I27_01_05.png,/data/projectwork/swati_mam/kadid10k/images/I27.png,Gaussian blur,NA,5,1.2,val,blur,-10.932201,-19.735228
KADID-10k,I27_24_02,I27,/data/projectwork/swati_mam/new model data/kadid10k/images/I27_24_02.png,/data/projectwork/swati_mam/kadid10k/images/I27.png,High sharpen,NA,2,2.1,val,HF/sharpen,18.297457,21.382978
KADID-10k,I27_24_03,I27,/data/projectwork/swati_mam/new model data/kadid10k/images/I27_24_03.png,/data/projectwork/swati_mam/kadid10k/images/I27.png,High sharpen,NA,3,1.67,val,HF/sharpen,18.026104,21.26973
KADID-10k,I27_24_05,I27,/data/projectwork/swati_mam/new model data/kadid10k/images/I27_24_05.png,/data/projectwork/swati_mam/kadid10k/images/I27.png,High sharpen,NA,5,1.13,val,HF/sharpen,7.2168036,4.4131594
KADID-10k,I27_13_01,I27,/data/projectwork/swati_mam/new model data/kadid10k/images/I27_13_01.png,/data/projectwork/swati_mam/kadid10k/images/I27.png,Impulse noise,NA,1,3.73,val,noise,21.66898,23.409985
KADID-10k,I27_13_04,I27,/data/projectwork/swati_mam/new model data/kadid10k/images/I27_13_04.png,/data/projectwork/swati_mam/kadid10k/images/I27.png,Impulse noise,NA,4,2.3,val,noise,-15.7793455,-1.8006415
KADID-10k,I27_10_03,I27,/data/projectwork/swati_mam/new model data/kadid10k/images/I27_10_03.png,/data/projectwork/swati_mam/kadid10k/images/I27.png,JPEG,NA,3,3.57,val,other,22.151669,23.065071
KADID-10k,I27_10_04,I27,/data/projectwork/swati_mam/new model data/kadid10k/images/I27_10_04.png,/data/projectwork/swati_mam/kadid10k/images/I27.png,JPEG,NA,4,1.67,val,other,14.869233,16.41865
KADID-10k,I27_10_05,I27,/data/projectwork/swati_mam/new model data/kadid10k/images/I27_10_05.png,/data/projectwork/swati_mam/kadid10k/images/I27.png,JPEG,NA,5,1.47,val,other,15.174281,16.29528
KADID-10k,I27_09_01,I27,/data/projectwork/swati_mam/new model data/kadid10k/images/I27_09_01.png,/data/projectwork/swati_mam/kadid10k/images/I27.png,JPEG2000,NA,1,4.47,val,other,22.518536,24.270569
KADID-10k,I27_09_02,I27,/data/projectwork/swati_mam/new model data/kadid10k/images/I27_09_02.png,/data/projectwork/swati_mam/kadid10k/images/I27.png,JPEG2000,NA,2,4.23,val,other,22.189405,24.558952
KADID-10k,I27_09_04,I27,/data/projectwork/swati_mam/new model data/kadid10k/images/I27_09_04.png,/data/projectwork/swati_mam/kadid10k/images/I27.png,JPEG2000,NA,4,2.37,val,other,22.679897,22.339214
KADID-10k,I27_09_05,I27,/data/projectwork/swati_mam/new model data/kadid10k/images/I27_09_05.png,/data/projectwork/swati_mam/kadid10k/images/I27.png,JPEG2000,NA,5,1.17,val,other,15.333619,16.220991
KADID-10k,I27_19_04,I27,/data/projectwork/swati_mam/new model data/kadid10k/images/I27_19_04.png,/data/projectwork/swati_mam/kadid10k/images/I27.png,Jitter,NA,4,1.53,val,other,14.882812,16.225252
KADID-10k,I27_02_04,I27,/data/projectwork/swati_mam/new model data/kadid10k/images/I27_02_04.png,/data/projectwork/swati_mam/kadid10k/images/I27.png,Lens blur,NA,4,1.33,val,blur,-7.442701,-19.594965
KADID-10k,I27_02_05,I27,/data/projectwork/swati_mam/new model data/kadid10k/images/I27_02_05.png,/data/projectwork/swati_mam/kadid10k/images/I27.png,Lens blur,NA,5,1.17,val,blur,-10.8415575,-19.719164
KADID-10k,I27_18_01,I27,/data/projectwork/swati_mam/new model data/kadid10k/images/I27_18_01.png,/data/projectwork/swati_mam/kadid10k/images/I27.png,Mean shift,NA,1,3.6,val,other,19.77242,23.310429
KADID-10k,I27_18_02,I27,/data/projectwork/swati_mam/new model data/kadid10k/images/I27_18_02.png,/data/projectwork/swati_mam/kadid10k/images/I27.png,Mean shift,NA,2,4.03,val,other,21.60085,24.280617
KADID-10k,I27_18_03,I27,/data/projectwork/swati_mam/new model data/kadid10k/images/I27_18_03.png,/data/projectwork/swati_mam/kadid10k/images/I27.png,Mean shift,NA,3,4.57,val,other,22.786583,23.617321
KADID-10k,I27_18_05,I27,/data/projectwork/swati_mam/new model data/kadid10k/images/I27_18_05.png,/data/projectwork/swati_mam/kadid10k/images/I27.png,Mean shift,NA,5,4.03,val,other,19.868721,21.67878
KADID-10k,I27_03_01,I27,/data/projectwork/swati_mam/new model data/kadid10k/images/I27_03_01.png,/data/projectwork/swati_mam/kadid10k/images/I27.png,Motion blur,NA,1,4.4,val,blur,22.786583,23.617321
KADID-10k,I27_03_04,I27,/data/projectwork/swati_mam/new model data/kadid10k/images/I27_03_04.png,/data/projectwork/swati_mam/kadid10k/images/I27.png,Motion blur,NA,4,1.5,val,blur,21.88014,21.40199
KADID-10k,I27_14_01,I27,/data/projectwork/swati_mam/new model data/kadid10k/images/I27_14_01.png,/data/projectwork/swati_mam/kadid10k/images/I27.png,Multiplicative noise,NA,1,3.67,val,noise,21.0649,22.56326
KADID-10k,I27_14_02,I27,/data/projectwork/swati_mam/new model data/kadid10k/images/I27_14_02.png,/data/projectwork/swati_mam/kadid10k/images/I27.png,Multiplicative noise,NA,2,2.97,val,noise,16.21032,18.816526
KADID-10k,I27_14_03,I27,/data/projectwork/swati_mam/new model data/kadid10k/images/I27_14_03.png,/data/projectwork/swati_mam/kadid10k/images/I27.png,Multiplicative noise,NA,3,2.16,val,noise,-15.880437,-1.4492373
KADID-10k,I27_14_05,I27,/data/projectwork/swati_mam/new model data/kadid10k/images/I27_14_05.png,/data/projectwork/swati_mam/kadid10k/images/I27.png,Multiplicative noise,NA,5,1.63,val,noise,-14.423941,-10.324508
KADID-10k,I27_20_02,I27,/data/projectwork/swati_mam/new model data/kadid10k/images/I27_20_02.png,/data/projectwork/swati_mam/kadid10k/images/I27.png,Non-eccentricity patch,NA,2,2.77,val,other,22.163471,23.744238
KADID-10k,I27_20_03,I27,/data/projectwork/swati_mam/new model data/kadid10k/images/I27_20_03.png,/data/projectwork/swati_mam/kadid10k/images/I27.png,Non-eccentricity patch,NA,3,3.47,val,other,21.970589,23.847887
KADID-10k,I27_20_04,I27,/data/projectwork/swati_mam/new model data/kadid10k/images/I27_20_04.png,/data/projectwork/swati_mam/kadid10k/images/I27.png,Non-eccentricity patch,NA,4,2.23,val,other,21.297989,23.527853
KADID-10k,I27_21_02,I27,/data/projectwork/swati_mam/new model data/kadid10k/images/I27_21_02.png,/data/projectwork/swati_mam/kadid10k/images/I27.png,Pixelate,NA,2,2.13,val,other,20.393631,21.143513
KADID-10k,I27_21_04,I27,/data/projectwork/swati_mam/new model data/kadid10k/images/I27_21_04.png,/data/projectwork/swati_mam/kadid10k/images/I27.png,Pixelate,NA,4,1.84,val,other,19.3781,21.125696
KADID-10k,I27_22_02,I27,/data/projectwork/swati_mam/new model data/kadid10k/images/I27_22_02.png,/data/projectwork/swati_mam/kadid10k/images/I27.png,Quantization,NA,2,3.7,val,other,21.258455,22.967083
KADID-10k,I27_22_03,I27,/data/projectwork/swati_mam/new model data/kadid10k/images/I27_22_03.png,/data/projectwork/swati_mam/kadid10k/images/I27.png,Quantization,NA,3,3.4,val,other,20.44083,22.206598
KADID-10k,I27_22_05,I27,/data/projectwork/swati_mam/new model data/kadid10k/images/I27_22_05.png,/data/projectwork/swati_mam/kadid10k/images/I27.png,Quantization,NA,5,1.97,val,other,14.306773,16.615477
KADID-10k,I27_11_01,I27,/data/projectwork/swati_mam/new model data/kadid10k/images/I27_11_01.png,/data/projectwork/swati_mam/kadid10k/images/I27.png,White noise,NA,1,3.23,val,noise,18.823935,20.596172
KADID-10k,I27_11_03,I27,/data/projectwork/swati_mam/new model data/kadid10k/images/I27_11_03.png,/data/projectwork/swati_mam/kadid10k/images/I27.png,White noise,NA,3,2.63,val,noise,15.460237,18.515207
KADID-10k,I27_11_04,I27,/data/projectwork/swati_mam/new model data/kadid10k/images/I27_11_04.png,/data/projectwork/swati_mam/kadid10k/images/I27.png,White noise,NA,4,2.33,val,noise,-15.614666,-1.8571594
KADID-10k,I27_11_05,I27,/data/projectwork/swati_mam/new model data/kadid10k/images/I27_11_05.png,/data/projectwork/swati_mam/kadid10k/images/I27.png,White noise,NA,5,1.87,val,noise,-14.032017,-9.376145
KADID-10k,I27_12_03,I27,/data/projectwork/swati_mam/new model data/kadid10k/images/I27_12_03.png,/data/projectwork/swati_mam/kadid10k/images/I27.png,White noise in color component,NA,3,2.63,val,noise,-15.851619,-1.5165914
KADID-10k,I28_16_01,I28,/data/projectwork/swati_mam/new model data/kadid10k/images/I28_16_01.png,/data/projectwork/swati_mam/kadid10k/images/I28.png,Brighten,NA,1,4.63,val,other,3.747026,0.6714438
KADID-10k,I28_16_02,I28,/data/projectwork/swati_mam/new model data/kadid10k/images/I28_16_02.png,/data/projectwork/swati_mam/kadid10k/images/I28.png,Brighten,NA,2,4.53,val,other,4.594902,0.8992038
KADID-10k,I28_16_05,I28,/data/projectwork/swati_mam/new model data/kadid10k/images/I28_16_05.png,/data/projectwork/swati_mam/kadid10k/images/I28.png,Brighten,NA,5,2.3,val,other,6.0172963,1.1041486
KADID-10k,I28_23_02,I28,/data/projectwork/swati_mam/new model data/kadid10k/images/I28_23_02.png,/data/projectwork/swati_mam/kadid10k/images/I28.png,Color block,NA,2,2.03,val,other,2.6048691,-1.0041248
KADID-10k,I28_23_04,I28,/data/projectwork/swati_mam/new model data/kadid10k/images/I28_23_04.png,/data/projectwork/swati_mam/kadid10k/images/I28.png,Color block,NA,4,2.27,val,other,3.5880098,-0.27793905
KADID-10k,I28_23_05,I28,/data/projectwork/swati_mam/new model data/kadid10k/images/I28_23_05.png,/data/projectwork/swati_mam/kadid10k/images/I28.png,Color block,NA,5,2.03,val,other,1.3950315,-2.180692
KADID-10k,I28_04_01,I28,/data/projectwork/swati_mam/new model data/kadid10k/images/I28_04_01.png,/data/projectwork/swati_mam/kadid10k/images/I28.png,Color diffusion,NA,1,4.17,val,other,5.5834036,1.2842373
KADID-10k,I28_04_02,I28,/data/projectwork/swati_mam/new model data/kadid10k/images/I28_04_02.png,/data/projectwork/swati_mam/kadid10k/images/I28.png,Color diffusion,NA,2,2.43,val,other,-11.773917,-0.96353537
KADID-10k,I28_06_01,I28,/data/projectwork/swati_mam/new model data/kadid10k/images/I28_06_01.png,/data/projectwork/swati_mam/kadid10k/images/I28.png,Color quantization,NA,1,3.73,val,other,-3.9534874,-5.7425675
KADID-10k,I28_06_02,I28,/data/projectwork/swati_mam/new model data/kadid10k/images/I28_06_02.png,/data/projectwork/swati_mam/kadid10k/images/I28.png,Color quantization,NA,2,3.6,val,other,-3.6391323,-5.945643
KADID-10k,I28_07_01,I28,/data/projectwork/swati_mam/new model data/kadid10k/images/I28_07_01.png,/data/projectwork/swati_mam/kadid10k/images/I28.png,Color saturation 1,NA,1,2.47,val,other,2.1387916,1.8854069
KADID-10k,I28_07_02,I28,/data/projectwork/swati_mam/new model data/kadid10k/images/I28_07_02.png,/data/projectwork/swati_mam/kadid10k/images/I28.png,Color saturation 1,NA,2,2.4,val,other,1.6094644,2.3615258
KADID-10k,I28_07_03,I28,/data/projectwork/swati_mam/new model data/kadid10k/images/I28_07_03.png,/data/projectwork/swati_mam/kadid10k/images/I28.png,Color saturation 1,NA,3,1.93,val,other,1.2950627,2.7676544
KADID-10k,I28_07_04,I28,/data/projectwork/swati_mam/new model data/kadid10k/images/I28_07_04.png,/data/projectwork/swati_mam/kadid10k/images/I28.png,Color saturation 1,NA,4,1.87,val,other,1.0996932,3.1463253
KADID-10k,I28_07_05,I28,/data/projectwork/swati_mam/new model data/kadid10k/images/I28_07_05.png,/data/projectwork/swati_mam/kadid10k/images/I28.png,Color saturation 1,NA,5,2.0,val,other,0.6093658,5.116756
KADID-10k,I28_08_01,I28,/data/projectwork/swati_mam/new model data/kadid10k/images/I28_08_01.png,/data/projectwork/swati_mam/kadid10k/images/I28.png,Color saturation 2,NA,1,4.73,val,other,1.6901242,-0.89235896
KADID-10k,I28_08_03,I28,/data/projectwork/swati_mam/new model data/kadid10k/images/I28_08_03.png,/data/projectwork/swati_mam/kadid10k/images/I28.png,Color saturation 2,NA,3,2.47,val,other,-13.052888,-4.9401584
KADID-10k,I28_05_02,I28,/data/projectwork/swati_mam/new model data/kadid10k/images/I28_05_02.png,/data/projectwork/swati_mam/kadid10k/images/I28.png,Color shift,NA,2,3.27,val,other,2.4451785,-2.5036535
KADID-10k,I28_05_03,I28,/data/projectwork/swati_mam/new model data/kadid10k/images/I28_05_03.png,/data/projectwork/swati_mam/kadid10k/images/I28.png,Color shift,NA,3,3.43,val,other,1.0132012,-3.2046182
KADID-10k,I28_25_01,I28,/data/projectwork/swati_mam/new model data/kadid10k/images/I28_25_01.png,/data/projectwork/swati_mam/kadid10k/images/I28.png,Contrast change,NA,1,3.48,val,other,-9.349577,1.0149176
KADID-10k,I28_25_02,I28,/data/projectwork/swati_mam/new model data/kadid10k/images/I28_25_02.png,/data/projectwork/swati_mam/kadid10k/images/I28.png,Contrast change,NA,2,4.13,val,other,-1.5598019,-0.54042137
KADID-10k,I28_25_03,I28,/data/projectwork/swati_mam/new model data/kadid10k/images/I28_25_03.png,/data/projectwork/swati_mam/kadid10k/images/I28.png,Contrast change,NA,3,4.43,val,other,-0.48427728,-0.62783355
KADID-10k,I28_25_05,I28,/data/projectwork/swati_mam/new model data/kadid10k/images/I28_25_05.png,/data/projectwork/swati_mam/kadid10k/images/I28.png,Contrast change,NA,5,3.73,val,other,3.5818195,-4.019067
KADID-10k,I28_17_01,I28,/data/projectwork/swati_mam/new model data/kadid10k/images/I28_17_01.png,/data/projectwork/swati_mam/kadid10k/images/I28.png,Darken,NA,1,4.77,val,other,1.2132705,-1.1642026
KADID-10k,I28_17_02,I28,/data/projectwork/swati_mam/new model data/kadid10k/images/I28_17_02.png,/data/projectwork/swati_mam/kadid10k/images/I28.png,Darken,NA,2,4.57,val,other,0.83485717,-1.5345583
KADID-10k,I28_17_03,I28,/data/projectwork/swati_mam/new model data/kadid10k/images/I28_17_03.png,/data/projectwork/swati_mam/kadid10k/images/I28.png,Darken,NA,3,4.2,val,other,0.06918943,-2.3453496
KADID-10k,I28_17_05,I28,/data/projectwork/swati_mam/new model data/kadid10k/images/I28_17_05.png,/data/projectwork/swati_mam/kadid10k/images/I28.png,Darken,NA,5,2.0,val,other,-10.962344,-7.9670086
KADID-10k,I28_15_02,I28,/data/projectwork/swati_mam/new model data/kadid10k/images/I28_15_02.png,/data/projectwork/swati_mam/kadid10k/images/I28.png,Denoise,NA,2,3.13,val,noise,4.0549035,-1.8788542
KADID-10k,I28_15_03,I28,/data/projectwork/swati_mam/new model data/kadid10k/images/I28_15_03.png,/data/projectwork/swati_mam/kadid10k/images/I28.png,Denoise,NA,3,2.27,val,noise,3.9204178,-2.3177187
KADID-10k,I28_15_04,I28,/data/projectwork/swati_mam/new model data/kadid10k/images/I28_15_04.png,/data/projectwork/swati_mam/kadid10k/images/I28.png,Denoise,NA,4,1.77,val,noise,1.1888605,-5.5676374
KADID-10k,I28_15_05,I28,/data/projectwork/swati_mam/new model data/kadid10k/images/I28_15_05.png,/data/projectwork/swati_mam/kadid10k/images/I28.png,Denoise,NA,5,1.57,val,noise,-3.81162,-11.843406
KADID-10k,I28_01_01,I28,/data/projectwork/swati_mam/new model data/kadid10k/images/I28_01_01.png,/data/projectwork/swati_mam/kadid10k/images/I28.png,Gaussian blur,NA,1,4.57,val,blur,1.687636,-0.8919188
KADID-10k,I28_01_03,I28,/data/projectwork/swati_mam/new model data/kadid10k/images/I28_01_03.png,/data/projectwork/swati_mam/kadid10k/images/I28.png,Gaussian blur,NA,3,4.0,val,blur,2.4202025,-9.226165
KADID-10k,I28_01_04,I28,/data/projectwork/swati_mam/new model data/kadid10k/images/I28_01_04.png,/data/projectwork/swati_mam/kadid10k/images/I28.png,Gaussian blur,NA,4,2.19,val,blur,-4.262732,-22.74127
KADID-10k,I28_24_01,I28,/data/projectwork/swati_mam/new model data/kadid10k/images/I28_24_01.png,/data/projectwork/swati_mam/kadid10k/images/I28.png,High sharpen,NA,1,4.2,val,HF/sharpen,-17.534763,6.859463
KADID-10k,I28_24_02,I28,/data/projectwork/swati_mam/new model data/kadid10k/images/I28_24_02.png,/data/projectwork/swati_mam/kadid10k/images/I28.png,High sharpen,NA,2,3.0,val,HF/sharpen,-17.742682,7.0596447
KADID-10k,I28_24_03,I28,/data/projectwork/swati_mam/new model data/kadid10k/images/I28_24_03.png,/data/projectwork/swati_mam/kadid10k/images/I28.png,High sharpen,NA,3,2.87,val,HF/sharpen,-17.873064,7.173856
KADID-10k,I28_24_04,I28,/data/projectwork/swati_mam/new model data/kadid10k/images/I28_24_04.png,/data/projectwork/swati_mam/kadid10k/images/I28.png,High sharpen,NA,4,2.13,val,HF/sharpen,-18.15561,7.405405
KADID-10k,I28_24_05,I28,/data/projectwork/swati_mam/new model data/kadid10k/images/I28_24_05.png,/data/projectwork/swati_mam/kadid10k/images/I28.png,High sharpen,NA,5,1.6,val,HF/sharpen,-18.335047,7.555419
KADID-10k,I28_13_01,I28,/data/projectwork/swati_mam/new model data/kadid10k/images/I28_13_01.png,/data/projectwork/swati_mam/kadid10k/images/I28.png,Impulse noise,NA,1,3.13,val,noise,0.9160417,-1.261316
KADID-10k,I28_13_02,I28,/data/projectwork/swati_mam/new model data/kadid10k/images/I28_13_02.png,/data/projectwork/swati_mam/kadid10k/images/I28.png,Impulse noise,NA,2,2.83,val,noise,-0.48103634,-2.9997046
KADID-10k,I28_13_03,I28,/data/projectwork/swati_mam/new model data/kadid10k/images/I28_13_03.png,/data/projectwork/swati_mam/kadid10k/images/I28.png,Impulse noise,NA,3,2.6,val,noise,-4.650226,-4.9565105
KADID-10k,I28_13_05,I28,/data/projectwork/swati_mam/new model data/kadid10k/images/I28_13_05.png,/data/projectwork/swati_mam/kadid10k/images/I28.png,Impulse noise,NA,5,2.17,val,noise,-12.690164,-11.396623
KADID-10k,I28_10_02,I28,/data/projectwork/swati_mam/new model data/kadid10k/images/I28_10_02.png,/data/projectwork/swati_mam/kadid10k/images/I28.png,JPEG,NA,2,4.13,val,other,1.7553997,0.12424445
KADID-10k,I28_10_04,I28,/data/projectwork/swati_mam/new model data/kadid10k/images/I28_10_04.png,/data/projectwork/swati_mam/kadid10k/images/I28.png,JPEG,NA,4,2.03,val,other,1.5276201,-5.494464
KADID-10k,I28_10_05,I28,/data/projectwork/swati_mam/new model data/kadid10k/images/I28_10_05.png,/data/projectwork/swati_mam/kadid10k/images/I28.png,JPEG,NA,5,1.3,val,other,0.36126697,-4.907852
KADID-10k,I28_09_02,I28,/data/projectwork/swati_mam/new model data/kadid10k/images/I28_09_02.png,/data/projectwork/swati_mam/kadid10k/images/I28.png,JPEG2000,NA,2,4.23,val,other,1.9109656,-0.11788783
KADID-10k,I28_09_03,I28,/data/projectwork/swati_mam/new model data/kadid10k/images/I28_09_03.png,/data/projectwork/swati_mam/kadid10k/images/I28.png,JPEG2000,NA,3,4.47,val,other,1.6505744,-0.48150197
KADID-10k,I28_09_04,I28,/data/projectwork/swati_mam/new model data/kadid10k/images/I28_09_04.png,/data/projectwork/swati_mam/kadid10k/images/I28.png,JPEG2000,NA,4,3.0,val,other,1.4484035,-5.2879934
KADID-10k,I28_09_05,I28,/data/projectwork/swati_mam/new model data/kadid10k/images/I28_09_05.png,/data/projectwork/swati_mam/kadid10k/images/I28.png,JPEG2000,NA,5,1.4,val,other,3.0616179,-23.850529
KADID-10k,I28_19_01,I28,/data/projectwork/swati_mam/new model data/kadid10k/images/I28_19_01.png,/data/projectwork/swati_mam/kadid10k/images/I28.png,Jitter,NA,1,4.5,val,other,4.1197224,0.6160524
KADID-10k,I28_19_02,I28,/data/projectwork/swati_mam/new model data/kadid10k/images/I28_19_02.png,/data/projectwork/swati_mam/kadid10k/images/I28.png,Jitter,NA,2,4.43,val,other,4.0258245,0.2591094
KADID-10k,I28_19_03,I28,/data/projectwork/swati_mam/new model data/kadid10k/images/I28_19_03.png,/data/projectwork/swati_mam/kadid10k/images/I28.png,Jitter,NA,3,3.77,val,other,4.1571226,-1.8782772
KADID-10k,I28_19_04,I28,/data/projectwork/swati_mam/new model data/kadid10k/images/I28_19_04.png,/data/projectwork/swati_mam/kadid10k/images/I28.png,Jitter,NA,4,2.23,val,other,0.70001036,-9.304722
KADID-10k,I28_19_05,I28,/data/projectwork/swati_mam/new model data/kadid10k/images/I28_19_05.png,/data/projectwork/swati_mam/kadid10k/images/I28.png,Jitter,NA,5,1.53,val,other,-6.6691327,-18.33423
KADID-10k,I28_02_02,I28,/data/projectwork/swati_mam/new model data/kadid10k/images/I28_02_02.png,/data/projectwork/swati_mam/kadid10k/images/I28.png,Lens blur,NA,2,3.2,val,blur,2.3208795,-9.3643465
KADID-10k,I28_02_03,I28,/data/projectwork/swati_mam/new model data/kadid10k/images/I28_02_03.png,/data/projectwork/swati_mam/kadid10k/images/I28.png,Lens blur,NA,3,1.93,val,blur,-4.3857765,-22.673983
KADID-10k,I28_02_04,I28,/data/projectwork/swati_mam/new model data/kadid10k/images/I28_02_04.png,/data/projectwork/swati_mam/kadid10k/images/I28.png,Lens blur,NA,4,1.67,val,blur,-7.8349066,-21.367159
KADID-10k,I28_02_05,I28,/data/projectwork/swati_mam/new model data/kadid10k/images/I28_02_05.png,/data/projectwork/swati_mam/kadid10k/images/I28.png,Lens blur,NA,5,1.57,val,blur,-9.044837,-21.037352
KADID-10k,I28_18_02,I28,/data/projectwork/swati_mam/new model data/kadid10k/images/I28_18_02.png,/data/projectwork/swati_mam/kadid10k/images/I28.png,Mean shift,NA,2,4.6,val,other,2.9702885,0.5758552
KADID-10k,I28_18_05,I28,/data/projectwork/swati_mam/new model data/kadid10k/images/I28_18_05.png,/data/projectwork/swati_mam/kadid10k/images/I28.png,Mean shift,NA,5,4.23,val,other,-4.3359275,-4.696355
KADID-10k,I28_03_02,I28,/data/projectwork/swati_mam/new model data/kadid10k/images/I28_03_02.png,/data/projectwork/swati_mam/kadid10k/images/I28.png,Motion blur,NA,2,4.43,val,blur,2.620561,-4.0834627
KADID-10k,I28_03_03,I28,/data/projectwork/swati_mam/new model data/kadid10k/images/I28_03_03.png,/data/projectwork/swati_mam/kadid10k/images/I28.png,Motion blur,NA,3,3.9,val,blur,2.4772942,-4.612023
KADID-10k,I28_03_05,I28,/data/projectwork/swati_mam/new model data/kadid10k/images/I28_03_05.png,/data/projectwork/swati_mam/kadid10k/images/I28.png,Motion blur,NA,5,2.17,val,blur,-4.1575346,-22.839193
KADID-10k,I28_14_02,I28,/data/projectwork/swati_mam/new model data/kadid10k/images/I28_14_02.png,/data/projectwork/swati_mam/kadid10k/images/I28.png,Multiplicative noise,NA,2,3.97,val,noise,-0.2814813,-2.2128117
KADID-10k,I28_14_04,I28,/data/projectwork/swati_mam/new model data/kadid10k/images/I28_14_04.png,/data/projectwork/swati_mam/kadid10k/images/I28.png,Multiplicative noise,NA,4,2.73,val,noise,-4.9352164,-5.030299
KADID-10k,I28_20_01,I28,/data/projectwork/swati_mam/new model data/kadid10k/images/I28_20_01.png,/data/projectwork/swati_mam/kadid10k/images/I28.png,Non-eccentricity patch,NA,1,4.23,val,other,2.4469502,-0.46912053
KADID-10k,I28_20_02,I28,/data/projectwork/swati_mam/new model data/kadid10k/images/I28_20_02.png,/data/projectwork/swati_mam/kadid10k/images/I28.png,Non-eccentricity patch,NA,2,3.5,val,other,2.403891,-0.2021448
KADID-10k,I28_20_03,I28,/data/projectwork/swati_mam/new model data/kadid10k/images/I28_20_03.png,/data/projectwork/swati_mam/kadid10k/images/I28.png,Non-eccentricity patch,NA,3,3.37,val,other,0.5950424,-3.2249384
KADID-10k,I28_20_04,I28,/data/projectwork/swati_mam/new model data/kadid10k/images/I28_20_04.png,/data/projectwork/swati_mam/kadid10k/images/I28.png,Non-eccentricity patch,NA,4,3.13,val,other,2.971885,-0.44382584
KADID-10k,I28_20_05,I28,/data/projectwork/swati_mam/new model data/kadid10k/images/I28_20_05.png,/data/projectwork/swati_mam/kadid10k/images/I28.png,Non-eccentricity patch,NA,5,2.93,val,other,0.19068338,-1.8278868
KADID-10k,I28_21_01,I28,/data/projectwork/swati_mam/new model data/kadid10k/images/I28_21_01.png,/data/projectwork/swati_mam/kadid10k/images/I28.png,Pixelate,NA,1,4.0,val,other,0.5238726,-0.38876566
KADID-10k,I28_21_04,I28,/data/projectwork/swati_mam/new model data/kadid10k/images/I28_21_04.png,/data/projectwork/swati_mam/kadid10k/images/I28.png,Pixelate,NA,4,3.07,val,other,-3.3888319,-5.7524824
KADID-10k,I28_22_01,I28,/data/projectwork/swati_mam/new model data/kadid10k/images/I28_22_01.png,/data/projectwork/swati_mam/kadid10k/images/I28.png,Quantization,NA,1,4.2,val,other,0.6363558,-2.4091418
KADID-10k,I28_22_02,I28,/data/projectwork/swati_mam/new model data/kadid10k/images/I28_22_02.png,/data/projectwork/swati_mam/kadid10k/images/I28.png,Quantization,NA,2,3.53,val,other,-0.23809353,-3.3189776
KADID-10k,I28_22_03,I28,/data/projectwork/swati_mam/new model data/kadid10k/images/I28_22_03.png,/data/projectwork/swati_mam/kadid10k/images/I28.png,Quantization,NA,3,3.67,val,other,-0.36231148,-3.5787375
KADID-10k,I28_22_04,I28,/data/projectwork/swati_mam/new model data/kadid10k/images/I28_22_04.png,/data/projectwork/swati_mam/kadid10k/images/I28.png,Quantization,NA,4,2.93,val,other,-0.95083654,-3.9021153
KADID-10k,I28_22_05,I28,/data/projectwork/swati_mam/new model data/kadid10k/images/I28_22_05.png,/data/projectwork/swati_mam/kadid10k/images/I28.png,Quantization,NA,5,2.3,val,other,-1.2098142,-3.4710858
KADID-10k,I28_11_01,I28,/data/projectwork/swati_mam/new model data/kadid10k/images/I28_11_01.png,/data/projectwork/swati_mam/kadid10k/images/I28.png,White noise,NA,1,4.1,val,noise,-0.82129437,-2.3271964
KADID-10k,I28_11_02,I28,/data/projectwork/swati_mam/new model data/kadid10k/images/I28_11_02.png,/data/projectwork/swati_mam/kadid10k/images/I28.png,White noise,NA,2,3.47,val,noise,-3.9738352,-4.4022846
KADID-10k,I28_11_03,I28,/data/projectwork/swati_mam/new model data/kadid10k/images/I28_11_03.png,/data/projectwork/swati_mam/kadid10k/images/I28.png,White noise,NA,3,2.93,val,noise,-5.3566813,-5.269644
KADID-10k,I28_11_04,I28,/data/projectwork/swati_mam/new model data/kadid10k/images/I28_11_04.png,/data/projectwork/swati_mam/kadid10k/images/I28.png,White noise,NA,4,2.7,val,noise,-12.041946,-10.1414995
KADID-10k,I28_12_01,I28,/data/projectwork/swati_mam/new model data/kadid10k/images/I28_12_01.png,/data/projectwork/swati_mam/kadid10k/images/I28.png,White noise in color component,NA,1,4.47,val,noise,1.9601014,-1.380904
KADID-10k,I28_12_02,I28,/data/projectwork/swati_mam/new model data/kadid10k/images/I28_12_02.png,/data/projectwork/swati_mam/kadid10k/images/I28.png,White noise in color component,NA,2,3.6,val,noise,-3.940949,-4.4027877
KADID-10k,I28_12_05,I28,/data/projectwork/swati_mam/new model data/kadid10k/images/I28_12_05.png,/data/projectwork/swati_mam/kadid10k/images/I28.png,White noise in color component,NA,5,2.5,val,noise,-12.719777,-11.372
KADID-10k,I30_16_01,I30,/data/projectwork/swati_mam/new model data/kadid10k/images/I30_16_01.png,/data/projectwork/swati_mam/kadid10k/images/I30.png,Brighten,NA,1,4.63,val,other,-22.637945,-22.233425
KADID-10k,I30_16_02,I30,/data/projectwork/swati_mam/new model data/kadid10k/images/I30_16_02.png,/data/projectwork/swati_mam/kadid10k/images/I30.png,Brighten,NA,2,4.2,val,other,-21.737373,-21.465498
KADID-10k,I30_16_03,I30,/data/projectwork/swati_mam/new model data/kadid10k/images/I30_16_03.png,/data/projectwork/swati_mam/kadid10k/images/I30.png,Brighten,NA,3,3.6,val,other,-19.237177,-18.905136
KADID-10k,I30_23_01,I30,/data/projectwork/swati_mam/new model data/kadid10k/images/I30_23_01.png,/data/projectwork/swati_mam/kadid10k/images/I30.png,Color block,NA,1,2.33,val,other,-23.792913,-22.36113
KADID-10k,I30_23_02,I30,/data/projectwork/swati_mam/new model data/kadid10k/images/I30_23_02.png,/data/projectwork/swati_mam/kadid10k/images/I30.png,Color block,NA,2,2.13,val,other,-22.462572,-20.378624
KADID-10k,I30_23_03,I30,/data/projectwork/swati_mam/new model data/kadid10k/images/I30_23_03.png,/data/projectwork/swati_mam/kadid10k/images/I30.png,Color block,NA,3,2.27,val,other,-23.01142,-20.477884
KADID-10k,I30_23_04,I30,/data/projectwork/swati_mam/new model data/kadid10k/images/I30_23_04.png,/data/projectwork/swati_mam/kadid10k/images/I30.png,Color block,NA,4,2.13,val,other,-23.601162,-20.19725
KADID-10k,I30_06_01,I30,/data/projectwork/swati_mam/new model data/kadid10k/images/I30_06_01.png,/data/projectwork/swati_mam/kadid10k/images/I30.png,Color quantization,NA,1,4.4,val,other,-19.953161,-21.16252
KADID-10k,I30_06_04,I30,/data/projectwork/swati_mam/new model data/kadid10k/images/I30_06_04.png,/data/projectwork/swati_mam/kadid10k/images/I30.png,Color quantization,NA,4,3.83,val,other,-17.432213,-18.667665
KADID-10k,I30_06_05,I30,/data/projectwork/swati_mam/new model data/kadid10k/images/I30_06_05.png,/data/projectwork/swati_mam/kadid10k/images/I30.png,Color quantization,NA,5,3.13,val,other,-15.142047,-14.419231
KADID-10k,I30_07_04,I30,/data/projectwork/swati_mam/new model data/kadid10k/images/I30_07_04.png,/data/projectwork/swati_mam/kadid10k/images/I30.png,Color saturation 1,NA,4,2.19,val,other,-3.8298674,-18.46167
KADID-10k,I30_05_01,I30,/data/projectwork/swati_mam/new model data/kadid10k/images/I30_05_01.png,/data/projectwork/swati_mam/kadid10k/images/I30.png,Color shift,NA,1,4.77,val,other,-22.871553,-22.159687
KADID-10k,I30_05_04,I30,/data/projectwork/swati_mam/new model data/kadid10k/images/I30_05_04.png,/data/projectwork/swati_mam/kadid10k/images/I30.png,Color shift,NA,4,2.8,val,other,-20.706072,-21.571617
KADID-10k,I30_05_05,I30,/data/projectwork/swati_mam/new model data/kadid10k/images/I30_05_05.png,/data/projectwork/swati_mam/kadid10k/images/I30.png,Color shift,NA,5,2.5,val,other,-19.945097,-20.087263
KADID-10k,I30_25_01,I30,/data/projectwork/swati_mam/new model data/kadid10k/images/I30_25_01.png,/data/projectwork/swati_mam/kadid10k/images/I30.png,Contrast change,NA,1,3.63,val,other,-17.62883,-13.417417
KADID-10k,I30_25_02,I30,/data/projectwork/swati_mam/new model data/kadid10k/images/I30_25_02.png,/data/projectwork/swati_mam/kadid10k/images/I30.png,Contrast change,NA,2,4.4,val,other,-18.229004,-13.95508
KADID-10k,I30_25_04,I30,/data/projectwork/swati_mam/new model data/kadid10k/images/I30_25_04.png,/data/projectwork/swati_mam/kadid10k/images/I30.png,Contrast change,NA,4,4.4,val,other,-23.112078,-25.09178
KADID-10k,I30_25_05,I30,/data/projectwork/swati_mam/new model data/kadid10k/images/I30_25_05.png,/data/projectwork/swati_mam/kadid10k/images/I30.png,Contrast change,NA,5,3.73,val,other,-22.978785,-25.672873
KADID-10k,I30_17_01,I30,/data/projectwork/swati_mam/new model data/kadid10k/images/I30_17_01.png,/data/projectwork/swati_mam/kadid10k/images/I30.png,Darken,NA,1,4.73,val,other,-24.30157,-22.865969
KADID-10k,I30_17_02,I30,/data/projectwork/swati_mam/new model data/kadid10k/images/I30_17_02.png,/data/projectwork/swati_mam/kadid10k/images/I30.png,Darken,NA,2,4.5,val,other,-24.776224,-22.428495
KADID-10k,I30_17_05,I30,/data/projectwork/swati_mam/new model data/kadid10k/images/I30_17_05.png,/data/projectwork/swati_mam/kadid10k/images/I30.png,Darken,NA,5,2.67,val,other,-16.980125,-12.855849
KADID-10k,I30_15_01,I30,/data/projectwork/swati_mam/new model data/kadid10k/images/I30_15_01.png,/data/projectwork/swati_mam/kadid10k/images/I30.png,Denoise,NA,1,3.87,val,noise,-21.65205,-20.936916
KADID-10k,I30_15_02,I30,/data/projectwork/swati_mam/new model data/kadid10k/images/I30_15_02.png,/data/projectwork/swati_mam/kadid10k/images/I30.png,Denoise,NA,2,2.6,val,noise,-20.528383,-21.317156
KADID-10k,I30_15_03,I30,/data/projectwork/swati_mam/new model data/kadid10k/images/I30_15_03.png,/data/projectwork/swati_mam/kadid10k/images/I30.png,Denoise,NA,3,2.13,val,noise,-19.657928,-20.781233
KADID-10k,I30_15_04,I30,/data/projectwork/swati_mam/new model data/kadid10k/images/I30_15_04.png,/data/projectwork/swati_mam/kadid10k/images/I30.png,Denoise,NA,4,1.33,val,noise,-8.346451,-20.117617
KADID-10k,I30_15_05,I30,/data/projectwork/swati_mam/new model data/kadid10k/images/I30_15_05.png,/data/projectwork/swati_mam/kadid10k/images/I30.png,Denoise,NA,5,1.3,val,noise,-8.082132,-20.322798
KADID-10k,I30_01_01,I30,/data/projectwork/swati_mam/new model data/kadid10k/images/I30_01_01.png,/data/projectwork/swati_mam/kadid10k/images/I30.png,Gaussian blur,NA,1,4.6,val,blur,-23.792913,-22.36113
KADID-10k,I30_01_02,I30,/data/projectwork/swati_mam/new model data/kadid10k/images/I30_01_02.png,/data/projectwork/swati_mam/kadid10k/images/I30.png,Gaussian blur,NA,2,4.6,val,blur,-21.944942,-21.151075
KADID-10k,I30_01_03,I30,/data/projectwork/swati_mam/new model data/kadid10k/images/I30_01_03.png,/data/projectwork/swati_mam/kadid10k/images/I30.png,Gaussian blur,NA,3,3.93,val,blur,-18.521206,-18.665142
KADID-10k,I30_01_04,I30,/data/projectwork/swati_mam/new model data/kadid10k/images/I30_01_04.png,/data/projectwork/swati_mam/kadid10k/images/I30.png,Gaussian blur,NA,4,2.63,val,blur,-16.170177,-16.876816
KADID-10k,I30_01_05,I30,/data/projectwork/swati_mam/new model data/kadid10k/images/I30_01_05.png,/data/projectwork/swati_mam/kadid10k/images/I30.png,Gaussian blur,NA,5,1.26,val,blur,-15.81423,-15.966268
KADID-10k,I30_24_01,I30,/data/projectwork/swati_mam/new model data/kadid10k/images/I30_24_01.png,/data/projectwork/swati_mam/kadid10k/images/I30.png,High sharpen,NA,1,4.33,val,HF/sharpen,7.8655605,6.50732
KADID-10k,I30_24_03,I30,/data/projectwork/swati_mam/new model data/kadid10k/images/I30_24_03.png,/data/projectwork/swati_mam/kadid10k/images/I30.png,High sharpen,NA,3,3.07,val,HF/sharpen,7.698864,6.089866
KADID-10k,I30_24_04,I30,/data/projectwork/swati_mam/new model data/kadid10k/images/I30_24_04.png,/data/projectwork/swati_mam/kadid10k/images/I30.png,High sharpen,NA,4,2.2,val,HF/sharpen,7.6157384,5.9102736
KADID-10k,I30_13_01,I30,/data/projectwork/swati_mam/new model data/kadid10k/images/I30_13_01.png,/data/projectwork/swati_mam/kadid10k/images/I30.png,Impulse noise,NA,1,3.77,val,noise,-23.129707,-22.403095
KADID-10k,I30_13_02,I30,/data/projectwork/swati_mam/new model data/kadid10k/images/I30_13_02.png,/data/projectwork/swati_mam/kadid10k/images/I30.png,Impulse noise,NA,2,2.97,val,noise,-19.016378,-20.838627
KADID-10k,I30_13_04,I30,/data/projectwork/swati_mam/new model data/kadid10k/images/I30_13_04.png,/data/projectwork/swati_mam/kadid10k/images/I30.png,Impulse noise,NA,4,2.63,val,noise,-14.629528,-15.487097
KADID-10k,I30_13_05,I30,/data/projectwork/swati_mam/new model data/kadid10k/images/I30_13_05.png,/data/projectwork/swati_mam/kadid10k/images/I30.png,Impulse noise,NA,5,2.26,val,noise,-14.935312,-13.836381
KADID-10k,I30_10_01,I30,/data/projectwork/swati_mam/new model data/kadid10k/images/I30_10_01.png,/data/projectwork/swati_mam/kadid10k/images/I30.png,JPEG,NA,1,4.53,val,other,-23.017782,-21.725492
KADID-10k,I30_10_03,I30,/data/projectwork/swati_mam/new model data/kadid10k/images/I30_10_03.png,/data/projectwork/swati_mam/kadid10k/images/I30.png,JPEG,NA,3,4.37,val,other,-21.542099,-20.342257
KADID-10k,I30_09_01,I30,/data/projectwork/swati_mam/new model data/kadid10k/images/I30_09_01.png,/data/projectwork/swati_mam/kadid10k/images/I30.png,JPEG2000,NA,1,4.68,val,other,-24.043993,-21.70862
KADID-10k,I30_09_03,I30,/data/projectwork/swati_mam/new model data/kadid10k/images/I30_09_03.png,/data/projectwork/swati_mam/kadid10k/images/I30.png,JPEG2000,NA,3,4.73,val,other,-23.32339,-21.226488
KADID-10k,I30_19_01,I30,/data/projectwork/swati_mam/new model data/kadid10k/images/I30_19_01.png,/data/projectwork/swati_mam/kadid10k/images/I30.png,Jitter,NA,1,4.9,val,other,-23.13278,-22.87182
KADID-10k,I30_19_02,I30,/data/projectwork/swati_mam/new model data/kadid10k/images/I30_19_02.png,/data/projectwork/swati_mam/kadid10k/images/I30.png,Jitter,NA,2,4.6,val,other,-22.979,-23.049662
KADID-10k,I30_19_04,I30,/data/projectwork/swati_mam/new model data/kadid10k/images/I30_19_04.png,/data/projectwork/swati_mam/kadid10k/images/I30.png,Jitter,NA,4,2.53,val,other,-18.8156,-19.642183
KADID-10k,I30_02_03,I30,/data/projectwork/swati_mam/new model data/kadid10k/images/I30_02_03.png,/data/projectwork/swati_mam/kadid10k/images/I30.png,Lens blur,NA,3,2.2,val,blur,-16.080381,-16.743713
KADID-10k,I30_02_04,I30,/data/projectwork/swati_mam/new model data/kadid10k/images/I30_02_04.png,/data/projectwork/swati_mam/kadid10k/images/I30.png,Lens blur,NA,4,1.77,val,blur,-15.836794,-16.179598
KADID-10k,I30_18_02,I30,/data/projectwork/swati_mam/new model data/kadid10k/images/I30_18_02.png,/data/projectwork/swati_mam/kadid10k/images/I30.png,Mean shift,NA,2,4.53,val,other,-23.747942,-21.39427
KADID-10k,I30_18_03,I30,/data/projectwork/swati_mam/new model data/kadid10k/images/I30_18_03.png,/data/projectwork/swati_mam/kadid10k/images/I30.png,Mean shift,NA,3,4.83,val,other,-23.792913,-22.36113
KADID-10k,I30_18_05,I30,/data/projectwork/swati_mam/new model data/kadid10k/images/I30_18_05.png,/data/projectwork/swati_mam/kadid10k/images/I30.png,Mean shift,NA,5,4.3,val,other,-17.813236,-13.599714
KADID-10k,I30_03_01,I30,/data/projectwork/swati_mam/new model data/kadid10k/images/I30_03_01.png,/data/projectwork/swati_mam/kadid10k/images/I30.png,Motion blur,NA,1,4.67,val,blur,-23.792913,-22.36113
KADID-10k,I30_03_03,I30,/data/projectwork/swati_mam/new model data/kadid10k/images/I30_03_03.png,/data/projectwork/swati_mam/kadid10k/images/I30.png,Motion blur,NA,3,3.7,val,blur,-18.741003,-18.954624
KADID-10k,I30_03_04,I30,/data/projectwork/swati_mam/new model data/kadid10k/images/I30_03_04.png,/data/projectwork/swati_mam/kadid10k/images/I30.png,Motion blur,NA,4,3.0,val,blur,-18.337055,-18.4868
KADID-10k,I30_14_02,I30,/data/projectwork/swati_mam/new model data/kadid10k/images/I30_14_02.png,/data/projectwork/swati_mam/kadid10k/images/I30.png,Multiplicative noise,NA,2,3.17,val,noise,-17.922573,-19.11511
KADID-10k,I30_20_03,I30,/data/projectwork/swati_mam/new model data/kadid10k/images/I30_20_03.png,/data/projectwork/swati_mam/kadid10k/images/I30.png,Non-eccentricity patch,NA,3,3.8,val,other,-24.793976,-23.235535
KADID-10k,I30_20_04,I30,/data/projectwork/swati_mam/new model data/kadid10k/images/I30_20_04.png,/data/projectwork/swati_mam/kadid10k/images/I30.png,Non-eccentricity patch,NA,4,3.81,val,other,-23.392496,-23.54322
KADID-10k,I30_20_05,I30,/data/projectwork/swati_mam/new model data/kadid10k/images/I30_20_05.png,/data/projectwork/swati_mam/kadid10k/images/I30.png,Non-eccentricity patch,NA,5,3.03,val,other,-22.381252,-21.136396
KADID-10k,I30_21_01,I30,/data/projectwork/swati_mam/new model data/kadid10k/images/I30_21_01.png,/data/projectwork/swati_mam/kadid10k/images/I30.png,Pixelate,NA,1,4.27,val,other,-24.230633,-23.959297
KADID-10k,I30_21_02,I30,/data/projectwork/swati_mam/new model data/kadid10k/images/I30_21_02.png,/data/projectwork/swati_mam/kadid10k/images/I30.png,Pixelate,NA,2,3.73,val,other,-23.731373,-23.354826
KADID-10k,I30_21_03,I30,/data/projectwork/swati_mam/new model data/kadid10k/images/I30_21_03.png,/data/projectwork/swati_mam/kadid10k/images/I30.png,Pixelate,NA,3,3.68,val,other,-21.059698,-20.982697
KADID-10k,I30_21_04,I30,/data/projectwork/swati_mam/new model data/kadid10k/images/I30_21_04.png,/data/projectwork/swati_mam/kadid10k/images/I30.png,Pixelate,NA,4,3.73,val,other,-21.885218,-20.510792
KADID-10k,I30_22_01,I30,/data/projectwork/swati_mam/new model data/kadid10k/images/I30_22_01.png,/data/projectwork/swati_mam/kadid10k/images/I30.png,Quantization,NA,1,4.3,val,other,-22.33969,-22.856045
KADID-10k,I30_22_02,I30,/data/projectwork/swati_mam/new model data/kadid10k/images/I30_22_02.png,/data/projectwork/swati_mam/kadid10k/images/I30.png,Quantization,NA,2,3.67,val,other,-21.599838,-22.571442
KADID-10k,I30_11_01,I30,/data/projectwork/swati_mam/new model data/kadid10k/images/I30_11_01.png,/data/projectwork/swati_mam/kadid10k/images/I30.png,White noise,NA,1,3.67,val,noise,-18.680656,-20.385231
KADID-10k,I30_11_04,I30,/data/projectwork/swati_mam/new model data/kadid10k/images/I30_11_04.png,/data/projectwork/swati_mam/kadid10k/images/I30.png,White noise,NA,4,2.73,val,noise,-15.012409,-14.1607065
KADID-10k,I30_11_05,I30,/data/projectwork/swati_mam/new model data/kadid10k/images/I30_11_05.png,/data/projectwork/swati_mam/kadid10k/images/I30.png,White noise,NA,5,2.32,val,noise,-14.897231,-12.87337
KADID-10k,I30_12_01,I30,/data/projectwork/swati_mam/new model data/kadid10k/images/I30_12_01.png,/data/projectwork/swati_mam/kadid10k/images/I30.png,White noise in color component,NA,1,4.43,val,noise,-22.565546,-24.234253
KADID-10k,I30_12_03,I30,/data/projectwork/swati_mam/new model data/kadid10k/images/I30_12_03.png,/data/projectwork/swati_mam/kadid10k/images/I30.png,White noise in color component,NA,3,3.03,val,noise,-14.579624,-15.5223055
KADID-10k,I35_16_01,I35,/data/projectwork/swati_mam/new model data/kadid10k/images/I35_16_01.png,/data/projectwork/swati_mam/kadid10k/images/I35.png,Brighten,NA,1,4.73,val,other,-17.84249,14.353529
KADID-10k,I35_16_04,I35,/data/projectwork/swati_mam/new model data/kadid10k/images/I35_16_04.png,/data/projectwork/swati_mam/kadid10k/images/I35.png,Brighten,NA,4,2.57,val,other,-15.598324,15.753431
KADID-10k,I35_23_01,I35,/data/projectwork/swati_mam/new model data/kadid10k/images/I35_23_01.png,/data/projectwork/swati_mam/kadid10k/images/I35.png,Color block,NA,1,2.6,val,other,-15.648146,13.404435
KADID-10k,I35_23_02,I35,/data/projectwork/swati_mam/new model data/kadid10k/images/I35_23_02.png,/data/projectwork/swati_mam/kadid10k/images/I35.png,Color block,NA,2,3.17,val,other,-15.506401,13.913807
KADID-10k,I35_23_03,I35,/data/projectwork/swati_mam/new model data/kadid10k/images/I35_23_03.png,/data/projectwork/swati_mam/kadid10k/images/I35.png,Color block,NA,3,2.63,val,other,-18.622711,13.527758
KADID-10k,I35_04_04,I35,/data/projectwork/swati_mam/new model data/kadid10k/images/I35_04_04.png,/data/projectwork/swati_mam/kadid10k/images/I35.png,Color diffusion,NA,4,1.97,val,other,-13.5835905,-6.214112
KADID-10k,I35_04_05,I35,/data/projectwork/swati_mam/new model data/kadid10k/images/I35_04_05.png,/data/projectwork/swati_mam/kadid10k/images/I35.png,Color diffusion,NA,5,1.77,val,other,-14.116792,-6.695832
KADID-10k,I35_06_02,I35,/data/projectwork/swati_mam/new model data/kadid10k/images/I35_06_02.png,/data/projectwork/swati_mam/kadid10k/images/I35.png,Color quantization,NA,2,3.93,val,other,-13.798119,8.394696
KADID-10k,I35_06_04,I35,/data/projectwork/swati_mam/new model data/kadid10k/images/I35_06_04.png,/data/projectwork/swati_mam/kadid10k/images/I35.png,Color quantization,NA,4,2.97,val,other,-11.099227,0.39328858
KADID-10k,I35_06_05,I35,/data/projectwork/swati_mam/new model data/kadid10k/images/I35_06_05.png,/data/projectwork/swati_mam/kadid10k/images/I35.png,Color quantization,NA,5,2.7,val,other,-12.1269,-4.633957
KADID-10k,I35_07_03,I35,/data/projectwork/swati_mam/new model data/kadid10k/images/I35_07_03.png,/data/projectwork/swati_mam/kadid10k/images/I35.png,Color saturation 1,NA,3,2.07,val,other,-17.806303,12.216425
KADID-10k,I35_08_01,I35,/data/projectwork/swati_mam/new model data/kadid10k/images/I35_08_01.png,/data/projectwork/swati_mam/kadid10k/images/I35.png,Color saturation 2,NA,1,4.5,val,other,-18.022465,13.533491
KADID-10k,I35_08_02,I35,/data/projectwork/swati_mam/new model data/kadid10k/images/I35_08_02.png,/data/projectwork/swati_mam/kadid10k/images/I35.png,Color saturation 2,NA,2,3.83,val,other,-14.454147,9.171157
KADID-10k,I35_08_03,I35,/data/projectwork/swati_mam/new model data/kadid10k/images/I35_08_03.png,/data/projectwork/swati_mam/kadid10k/images/I35.png,Color saturation 2,NA,3,2.87,val,other,-11.239416,1.0658557
KADID-10k,I35_08_04,I35,/data/projectwork/swati_mam/new model data/kadid10k/images/I35_08_04.png,/data/projectwork/swati_mam/kadid10k/images/I35.png,Color saturation 2,NA,4,2.43,val,other,-14.532876,-6.551743
KADID-10k,I35_08_05,I35,/data/projectwork/swati_mam/new model data/kadid10k/images/I35_08_05.png,/data/projectwork/swati_mam/kadid10k/images/I35.png,Color saturation 2,NA,5,1.47,val,other,-14.807961,-6.71501
KADID-10k,I35_05_01,I35,/data/projectwork/swati_mam/new model data/kadid10k/images/I35_05_01.png,/data/projectwork/swati_mam/kadid10k/images/I35.png,Color shift,NA,1,4.23,val,other,-17.23797,13.699023
KADID-10k,I35_05_02,I35,/data/projectwork/swati_mam/new model data/kadid10k/images/I35_05_02.png,/data/projectwork/swati_mam/kadid10k/images/I35.png,Color shift,NA,2,3.4,val,other,-13.231711,11.367754
KADID-10k,I35_05_03,I35,/data/projectwork/swati_mam/new model data/kadid10k/images/I35_05_03.png,/data/projectwork/swati_mam/kadid10k/images/I35.png,Color shift,NA,3,2.3,val,other,-12.251838,11.744904
KADID-10k,I35_05_05,I35,/data/projectwork/swati_mam/new model data/kadid10k/images/I35_05_05.png,/data/projectwork/swati_mam/kadid10k/images/I35.png,Color shift,NA,5,2.8,val,other,-12.416289,11.581007
KADID-10k,I35_25_01,I35,/data/projectwork/swati_mam/new model data/kadid10k/images/I35_25_01.png,/data/projectwork/swati_mam/kadid10k/images/I35.png,Contrast change,NA,1,3.53,val,other,-15.70604,16.303467
KADID-10k,I35_25_02,I35,/data/projectwork/swati_mam/new model data/kadid10k/images/I35_25_02.png,/data/projectwork/swati_mam/kadid10k/images/I35.png,Contrast change,NA,2,4.37,val,other,-16.176472,15.9770975
KADID-10k,I35_25_04,I35,/data/projectwork/swati_mam/new model data/kadid10k/images/I35_25_04.png,/data/projectwork/swati_mam/kadid10k/images/I35.png,Contrast change,NA,4,4.47,val,other,-17.631708,11.4758215
KADID-10k,I35_17_03,I35,/data/projectwork/swati_mam/new model data/kadid10k/images/I35_17_03.png,/data/projectwork/swati_mam/kadid10k/images/I35.png,Darken,NA,3,4.63,val,other,-18.613903,13.709225
KADID-10k,I35_17_04,I35,/data/projectwork/swati_mam/new model data/kadid10k/images/I35_17_04.png,/data/projectwork/swati_mam/kadid10k/images/I35.png,Darken,NA,4,4.13,val,other,-18.958668,14.078368
KADID-10k,I35_17_05,I35,/data/projectwork/swati_mam/new model data/kadid10k/images/I35_17_05.png,/data/projectwork/swati_mam/kadid10k/images/I35.png,Darken,NA,5,2.57,val,other,-14.105282,10.193558
KADID-10k,I35_15_03,I35,/data/projectwork/swati_mam/new model data/kadid10k/images/I35_15_03.png,/data/projectwork/swati_mam/kadid10k/images/I35.png,Denoise,NA,3,2.53,val,noise,-12.28644,11.673718
KADID-10k,I35_15_04,I35,/data/projectwork/swati_mam/new model data/kadid10k/images/I35_15_04.png,/data/projectwork/swati_mam/kadid10k/images/I35.png,Denoise,NA,4,2.1,val,noise,3.2515085,-5.9598002
KADID-10k,I35_15_05,I35,/data/projectwork/swati_mam/new model data/kadid10k/images/I35_15_05.png,/data/projectwork/swati_mam/kadid10k/images/I35.png,Denoise,NA,5,1.63,val,noise,3.2562206,-5.853956
KADID-10k,I35_01_02,I35,/data/projectwork/swati_mam/new model data/kadid10k/images/I35_01_02.png,/data/projectwork/swati_mam/kadid10k/images/I35.png,Gaussian blur,NA,2,4.5,val,blur,-18.64258,12.689374
KADID-10k,I35_01_03,I35,/data/projectwork/swati_mam/new model data/kadid10k/images/I35_01_03.png,/data/projectwork/swati_mam/kadid10k/images/I35.png,Gaussian blur,NA,3,3.2,val,blur,14.22138,0.5662183
KADID-10k,I35_01_04,I35,/data/projectwork/swati_mam/new model data/kadid10k/images/I35_01_04.png,/data/projectwork/swati_mam/kadid10k/images/I35.png,Gaussian blur,NA,4,1.97,val,blur,-5.4908442,-21.064196
KADID-10k,I35_01_05,I35,/data/projectwork/swati_mam/new model data/kadid10k/images/I35_01_05.png,/data/projectwork/swati_mam/kadid10k/images/I35.png,Gaussian blur,NA,5,1.33,val,blur,-11.555488,-20.416998
KADID-10k,I35_24_01,I35,/data/projectwork/swati_mam/new model data/kadid10k/images/I35_24_01.png,/data/projectwork/swati_mam/kadid10k/images/I35.png,High sharpen,NA,1,3.63,val,HF/sharpen,-15.4913,16.444658
KADID-10k,I35_24_03,I35,/data/projectwork/swati_mam/new model data/kadid10k/images/I35_24_03.png,/data/projectwork/swati_mam/kadid10k/images/I35.png,High sharpen,NA,3,2.17,val,HF/sharpen,-14.550641,17.365194
KADID-10k,I35_24_04,I35,/data/projectwork/swati_mam/new model data/kadid10k/images/I35_24_04.png,/data/projectwork/swati_mam/kadid10k/images/I35.png,High sharpen,NA,4,1.67,val,HF/sharpen,-14.486729,17.427252
KADID-10k,I35_13_01,I35,/data/projectwork/swati_mam/new model data/kadid10k/images/I35_13_01.png,/data/projectwork/swati_mam/kadid10k/images/I35.png,Impulse noise,NA,1,3.53,val,noise,-17.118137,12.566952
KADID-10k,I35_13_02,I35,/data/projectwork/swati_mam/new model data/kadid10k/images/I35_13_02.png,/data/projectwork/swati_mam/kadid10k/images/I35.png,Impulse noise,NA,2,3.03,val,noise,-16.106325,11.801921
KADID-10k,I35_10_02,I35,/data/projectwork/swati_mam/new model data/kadid10k/images/I35_10_02.png,/data/projectwork/swati_mam/kadid10k/images/I35.png,JPEG,NA,2,4.43,val,other,-17.165365,12.69936
KADID-10k,I35_10_03,I35,/data/projectwork/swati_mam/new model data/kadid10k/images/I35_10_03.png,/data/projectwork/swati_mam/kadid10k/images/I35.png,JPEG,NA,3,4.07,val,other,-15.576617,12.438779
KADID-10k,I35_09_01,I35,/data/projectwork/swati_mam/new model data/kadid10k/images/I35_09_01.png,/data/projectwork/swati_mam/kadid10k/images/I35.png,JPEG2000,NA,1,4.77,val,other,-17.631844,13.450421
KADID-10k,I35_09_02,I35,/data/projectwork/swati_mam/new model data/kadid10k/images/I35_09_02.png,/data/projectwork/swati_mam/kadid10k/images/I35.png,JPEG2000,NA,2,4.73,val,other,-17.240854,13.012872
KADID-10k,I35_09_03,I35,/data/projectwork/swati_mam/new model data/kadid10k/images/I35_09_03.png,/data/projectwork/swati_mam/kadid10k/images/I35.png,JPEG2000,NA,3,4.0,val,other,-16.383314,12.303532
KADID-10k,I35_09_04,I35,/data/projectwork/swati_mam/new model data/kadid10k/images/I35_09_04.png,/data/projectwork/swati_mam/kadid10k/images/I35.png,JPEG2000,NA,4,2.53,val,other,-13.360638,11.120487
KADID-10k,I35_19_01,I35,/data/projectwork/swati_mam/new model data/kadid10k/images/I35_19_01.png,/data/projectwork/swati_mam/kadid10k/images/I35.png,Jitter,NA,1,4.67,val,other,-19.049667,13.16546
KADID-10k,I35_19_02,I35,/data/projectwork/swati_mam/new model data/kadid10k/images/I35_19_02.png,/data/projectwork/swati_mam/kadid10k/images/I35.png,Jitter,NA,2,4.43,val,other,-19.33498,12.503992
KADID-10k,I35_19_04,I35,/data/projectwork/swati_mam/new model data/kadid10k/images/I35_19_04.png,/data/projectwork/swati_mam/kadid10k/images/I35.png,Jitter,NA,4,2.17,val,other,15.40839,-6.09053
KADID-10k,I35_19_05,I35,/data/projectwork/swati_mam/new model data/kadid10k/images/I35_19_05.png,/data/projectwork/swati_mam/kadid10k/images/I35.png,Jitter,NA,5,1.53,val,other,2.4549737,-10.724342
KADID-10k,I35_02_02,I35,/data/projectwork/swati_mam/new model data/kadid10k/images/I35_02_02.png,/data/projectwork/swati_mam/kadid10k/images/I35.png,Lens blur,NA,2,3.03,val,blur,14.182264,0.32302526
KADID-10k,I35_02_03,I35,/data/projectwork/swati_mam/new model data/kadid10k/images/I35_02_03.png,/data/projectwork/swati_mam/kadid10k/images/I35.png,Lens blur,NA,3,1.9,val,blur,-6.1669703,-20.785906
KADID-10k,I35_02_04,I35,/data/projectwork/swati_mam/new model data/kadid10k/images/I35_02_04.png,/data/projectwork/swati_mam/kadid10k/images/I35.png,Lens blur,NA,4,1.37,val,blur,-9.378313,-21.410019
KADID-10k,I35_02_05,I35,/data/projectwork/swati_mam/new model data/kadid10k/images/I35_02_05.png,/data/projectwork/swati_mam/kadid10k/images/I35.png,Lens blur,NA,5,1.5,val,blur,-10.295011,-20.907845
KADID-10k,I35_18_01,I35,/data/projectwork/swati_mam/new model data/kadid10k/images/I35_18_01.png,/data/projectwork/swati_mam/kadid10k/images/I35.png,Mean shift,NA,1,4.23,val,other,-17.237318,15.254115
KADID-10k,I35_18_04,I35,/data/projectwork/swati_mam/new model data/kadid10k/images/I35_18_04.png,/data/projectwork/swati_mam/kadid10k/images/I35.png,Mean shift,NA,4,4.6,val,other,-16.331602,13.5920725
KADID-10k,I35_18_05,I35,/data/projectwork/swati_mam/new model data/kadid10k/images/I35_18_05.png,/data/projectwork/swati_mam/kadid10k/images/I35.png,Mean shift,NA,5,4.4,val,other,-15.899934,14.353717
KADID-10k,I35_03_01,I35,/data/projectwork/swati_mam/new model data/kadid10k/images/I35_03_01.png,/data/projectwork/swati_mam/kadid10k/images/I35.png,Motion blur,NA,1,4.7,val,blur,-18.022476,13.533476
KADID-10k,I35_03_02,I35,/data/projectwork/swati_mam/new model data/kadid10k/images/I35_03_02.png,/data/projectwork/swati_mam/kadid10k/images/I35.png,Motion blur,NA,2,4.53,val,blur,-19.163368,12.341193
KADID-10k,I35_03_04,I35,/data/projectwork/swati_mam/new model data/kadid10k/images/I35_03_04.png,/data/projectwork/swati_mam/kadid10k/images/I35.png,Motion blur,NA,4,2.47,val,blur,14.321299,0.63990253
KADID-10k,I35_03_05,I35,/data/projectwork/swati_mam/new model data/kadid10k/images/I35_03_05.png,/data/projectwork/swati_mam/kadid10k/images/I35.png,Motion blur,NA,5,1.9,val,blur,6.163961,-23.938025
KADID-10k,I35_14_02,I35,/data/projectwork/swati_mam/new model data/kadid10k/images/I35_14_02.png,/data/projectwork/swati_mam/kadid10k/images/I35.png,Multiplicative noise,NA,2,3.23,val,noise,-14.510881,8.965671
KADID-10k,I35_14_03,I35,/data/projectwork/swati_mam/new model data/kadid10k/images/I35_14_03.png,/data/projectwork/swati_mam/kadid10k/images/I35.png,Multiplicative noise,NA,3,2.77,val,noise,-13.998575,8.241252
KADID-10k,I35_14_04,I35,/data/projectwork/swati_mam/new model data/kadid10k/images/I35_14_04.png,/data/projectwork/swati_mam/kadid10k/images/I35.png,Multiplicative noise,NA,4,2.6,val,noise,-11.117517,0.24626288
KADID-10k,I35_14_05,I35,/data/projectwork/swati_mam/new model data/kadid10k/images/I35_14_05.png,/data/projectwork/swati_mam/kadid10k/images/I35.png,Multiplicative noise,NA,5,2.0,val,noise,-11.457172,-8.189289
KADID-10k,I35_20_02,I35,/data/projectwork/swati_mam/new model data/kadid10k/images/I35_20_02.png,/data/projectwork/swati_mam/kadid10k/images/I35.png,Non-eccentricity patch,NA,2,3.87,val,other,-17.836508,13.958301
KADID-10k,I35_20_03,I35,/data/projectwork/swati_mam/new model data/kadid10k/images/I35_20_03.png,/data/projectwork/swati_mam/kadid10k/images/I35.png,Non-eccentricity patch,NA,3,3.81,val,other,-16.486626,14.268078
KADID-10k,I35_21_01,I35,/data/projectwork/swati_mam/new model data/kadid10k/images/I35_21_01.png,/data/projectwork/swati_mam/kadid10k/images/I35.png,Pixelate,NA,1,4.37,val,other,-18.535187,12.413406
KADID-10k,I35_21_03,I35,/data/projectwork/swati_mam/new model data/kadid10k/images/I35_21_03.png,/data/projectwork/swati_mam/kadid10k/images/I35.png,Pixelate,NA,3,3.43,val,other,-18.5538,11.669471
KADID-10k,I35_21_05,I35,/data/projectwork/swati_mam/new model data/kadid10k/images/I35_21_05.png,/data/projectwork/swati_mam/kadid10k/images/I35.png,Pixelate,NA,5,1.55,val,other,6.71771,-1.9583955
KADID-10k,I35_22_01,I35,/data/projectwork/swati_mam/new model data/kadid10k/images/I35_22_01.png,/data/projectwork/swati_mam/kadid10k/images/I35.png,Quantization,NA,1,3.83,val,other,-16.010794,11.417064
KADID-10k,I35_22_02,I35,/data/projectwork/swati_mam/new model data/kadid10k/images/I35_22_02.png,/data/projectwork/swati_mam/kadid10k/images/I35.png,Quantization,NA,2,3.93,val,other,-15.187631,10.874921
KADID-10k,I35_22_04,I35,/data/projectwork/swati_mam/new model data/kadid10k/images/I35_22_04.png,/data/projectwork/swati_mam/kadid10k/images/I35.png,Quantization,NA,4,3.0,val,other,-14.480952,9.803932
KADID-10k,I35_22_05,I35,/data/projectwork/swati_mam/new model data/kadid10k/images/I35_22_05.png,/data/projectwork/swati_mam/kadid10k/images/I35.png,Quantization,NA,5,2.37,val,other,-13.359098,7.8235116
KADID-10k,I35_11_01,I35,/data/projectwork/swati_mam/new model data/kadid10k/images/I35_11_01.png,/data/projectwork/swati_mam/kadid10k/images/I35.png,White noise,NA,1,3.8,val,noise,-14.896296,10.340219
KADID-10k,I35_11_03,I35,/data/projectwork/swati_mam/new model data/kadid10k/images/I35_11_03.png,/data/projectwork/swati_mam/kadid10k/images/I35.png,White noise,NA,3,3.2,val,noise,-13.287088,7.3542128
KADID-10k,I35_11_04,I35,/data/projectwork/swati_mam/new model data/kadid10k/images/I35_11_04.png,/data/projectwork/swati_mam/kadid10k/images/I35.png,White noise,NA,4,2.47,val,noise,-11.111191,0.19992204
KADID-10k,I35_11_05,I35,/data/projectwork/swati_mam/new model data/kadid10k/images/I35_11_05.png,/data/projectwork/swati_mam/kadid10k/images/I35.png,White noise,NA,5,2.4,val,noise,-11.237279,-7.5052347
KADID-10k,I35_12_01,I35,/data/projectwork/swati_mam/new model data/kadid10k/images/I35_12_01.png,/data/projectwork/swati_mam/kadid10k/images/I35.png,White noise in color component,NA,1,4.47,val,noise,-17.564638,12.569805
KADID-10k,I35_12_02,I35,/data/projectwork/swati_mam/new model data/kadid10k/images/I35_12_02.png,/data/projectwork/swati_mam/kadid10k/images/I35.png,White noise in color component,NA,2,3.63,val,noise,-14.142472,9.147562
KADID-10k,I35_12_03,I35,/data/projectwork/swati_mam/new model data/kadid10k/images/I35_12_03.png,/data/projectwork/swati_mam/kadid10k/images/I35.png,White noise in color component,NA,3,2.7,val,noise,-13.239746,7.19303
KADID-10k,I35_12_05,I35,/data/projectwork/swati_mam/new model data/kadid10k/images/I35_12_05.png,/data/projectwork/swati_mam/kadid10k/images/I35.png,White noise in color component,NA,5,2.17,val,noise,-11.234384,-7.497929
KADID-10k,I42_16_02,I42,/data/projectwork/swati_mam/new model data/kadid10k/images/I42_16_02.png,/data/projectwork/swati_mam/kadid10k/images/I42.png,Brighten,NA,2,4.33,val,other,5.2737947,13.618669
KADID-10k,I42_16_04,I42,/data/projectwork/swati_mam/new model data/kadid10k/images/I42_16_04.png,/data/projectwork/swati_mam/kadid10k/images/I42.png,Brighten,NA,4,2.93,val,other,3.4202735,11.877116
KADID-10k,I42_16_05,I42,/data/projectwork/swati_mam/new model data/kadid10k/images/I42_16_05.png,/data/projectwork/swati_mam/kadid10k/images/I42.png,Brighten,NA,5,1.9,val,other,1.2020378,9.497304
KADID-10k,I42_23_01,I42,/data/projectwork/swati_mam/new model data/kadid10k/images/I42_23_01.png,/data/projectwork/swati_mam/kadid10k/images/I42.png,Color block,NA,1,3.1,val,other,6.4537644,14.542797
KADID-10k,I42_23_02,I42,/data/projectwork/swati_mam/new model data/kadid10k/images/I42_23_02.png,/data/projectwork/swati_mam/kadid10k/images/I42.png,Color block,NA,2,2.37,val,other,5.7417636,13.312888
KADID-10k,I42_23_05,I42,/data/projectwork/swati_mam/new model data/kadid10k/images/I42_23_05.png,/data/projectwork/swati_mam/kadid10k/images/I42.png,Color block,NA,5,1.6,val,other,5.093071,11.449583
KADID-10k,I42_04_02,I42,/data/projectwork/swati_mam/new model data/kadid10k/images/I42_04_02.png,/data/projectwork/swati_mam/kadid10k/images/I42.png,Color diffusion,NA,2,2.33,val,other,0.9401531,10.873925
KADID-10k,I42_04_03,I42,/data/projectwork/swati_mam/new model data/kadid10k/images/I42_04_03.png,/data/projectwork/swati_mam/kadid10k/images/I42.png,Color diffusion,NA,3,1.37,val,other,-15.613668,-7.6732407
KADID-10k,I42_04_04,I42,/data/projectwork/swati_mam/new model data/kadid10k/images/I42_04_04.png,/data/projectwork/swati_mam/kadid10k/images/I42.png,Color diffusion,NA,4,1.27,val,other,-15.6398735,-7.8675685
KADID-10k,I42_06_04,I42,/data/projectwork/swati_mam/new model data/kadid10k/images/I42_06_04.png,/data/projectwork/swati_mam/kadid10k/images/I42.png,Color quantization,NA,4,2.77,val,other,2.8293421,10.103314
KADID-10k,I42_07_05,I42,/data/projectwork/swati_mam/new model data/kadid10k/images/I42_07_05.png,/data/projectwork/swati_mam/kadid10k/images/I42.png,Color saturation 1,NA,5,2.2,val,other,9.644364,10.101886
KADID-10k,I42_08_01,I42,/data/projectwork/swati_mam/new model data/kadid10k/images/I42_08_01.png,/data/projectwork/swati_mam/kadid10k/images/I42.png,Color saturation 2,NA,1,4.7,val,other,6.5529537,13.848383
KADID-10k,I42_08_02,I42,/data/projectwork/swati_mam/new model data/kadid10k/images/I42_08_02.png,/data/projectwork/swati_mam/kadid10k/images/I42.png,Color saturation 2,NA,2,3.17,val,other,1.1741648,11.066912
KADID-10k,I42_08_05,I42,/data/projectwork/swati_mam/new model data/kadid10k/images/I42_08_05.png,/data/projectwork/swati_mam/kadid10k/images/I42.png,Color saturation 2,NA,5,1.47,val,other,-16.117239,-8.918399
KADID-10k,I42_25_01,I42,/data/projectwork/swati_mam/new model data/kadid10k/images/I42_25_01.png,/data/projectwork/swati_mam/kadid10k/images/I42.png,Contrast change,NA,1,3.13,val,other,-0.28117537,21.804941
KADID-10k,I42_25_02,I42,/data/projectwork/swati_mam/new model data/kadid10k/images/I42_25_02.png,/data/projectwork/swati_mam/kadid10k/images/I42.png,Contrast change,NA,2,3.87,val,other,-0.1341595,21.737854
KADID-10k,I42_25_05,I42,/data/projectwork/swati_mam/new model data/kadid10k/images/I42_25_05.png,/data/projectwork/swati_mam/kadid10k/images/I42.png,Contrast change,NA,5,3.1,val,other,9.102611,10.275317
KADID-10k,I42_17_01,I42,/data/projectwork/swati_mam/new model data/kadid10k/images/I42_17_01.png,/data/projectwork/swati_mam/kadid10k/images/I42.png,Darken,NA,1,4.73,val,other,6.913487,14.227382
KADID-10k,I42_17_04,I42,/data/projectwork/swati_mam/new model data/kadid10k/images/I42_17_04.png,/data/projectwork/swati_mam/kadid10k/images/I42.png,Darken,NA,4,3.66,val,other,7.11335,15.371655
KADID-10k,I42_17_05,I42,/data/projectwork/swati_mam/new model data/kadid10k/images/I42_17_05.png,/data/projectwork/swati_mam/kadid10k/images/I42.png,Darken,NA,5,1.77,val,other,4.689745,14.253645
KADID-10k,I42_15_01,I42,/data/projectwork/swati_mam/new model data/kadid10k/images/I42_15_01.png,/data/projectwork/swati_mam/kadid10k/images/I42.png,Denoise,NA,1,4.03,val,noise,6.783104,12.565866
KADID-10k,I42_15_03,I42,/data/projectwork/swati_mam/new model data/kadid10k/images/I42_15_03.png,/data/projectwork/swati_mam/kadid10k/images/I42.png,Denoise,NA,3,2.13,val,noise,8.175889,10.894499
KADID-10k,I42_15_05,I42,/data/projectwork/swati_mam/new model data/kadid10k/images/I42_15_05.png,/data/projectwork/swati_mam/kadid10k/images/I42.png,Denoise,NA,5,1.5,val,noise,-5.6505227,-11.2751
KADID-10k,I42_01_03,I42,/data/projectwork/swati_mam/new model data/kadid10k/images/I42_01_03.png,/data/projectwork/swati_mam/kadid10k/images/I42.png,Gaussian blur,NA,3,3.23,val,blur,8.744764,10.510772
KADID-10k,I42_01_04,I42,/data/projectwork/swati_mam/new model data/kadid10k/images/I42_01_04.png,/data/projectwork/swati_mam/kadid10k/images/I42.png,Gaussian blur,NA,4,2.07,val,blur,-0.6584513,-11.452341
KADID-10k,I42_01_05,I42,/data/projectwork/swati_mam/new model data/kadid10k/images/I42_01_05.png,/data/projectwork/swati_mam/kadid10k/images/I42.png,Gaussian blur,NA,5,1.4,val,blur,-11.9945545,-18.721113
KADID-10k,I42_24_01,I42,/data/projectwork/swati_mam/new model data/kadid10k/images/I42_24_01.png,/data/projectwork/swati_mam/kadid10k/images/I42.png,High sharpen,NA,1,3.23,val,HF/sharpen,-0.31970844,21.883657
KADID-10k,I42_24_03,I42,/data/projectwork/swati_mam/new model data/kadid10k/images/I42_24_03.png,/data/projectwork/swati_mam/kadid10k/images/I42.png,High sharpen,NA,3,2.3,val,HF/sharpen,-9.160302,21.124088
KADID-10k,I42_10_02,I42,/data/projectwork/swati_mam/new model data/kadid10k/images/I42_10_02.png,/data/projectwork/swati_mam/kadid10k/images/I42.png,JPEG,NA,2,4.33,val,other,6.3171062,12.94575
KADID-10k,I42_10_03,I42,/data/projectwork/swati_mam/new model data/kadid10k/images/I42_10_03.png,/data/projectwork/swati_mam/kadid10k/images/I42.png,JPEG,NA,3,3.8,val,other,7.207549,13.389624
KADID-10k,I42_10_04,I42,/data/projectwork/swati_mam/new model data/kadid10k/images/I42_10_04.png,/data/projectwork/swati_mam/kadid10k/images/I42.png,JPEG,NA,4,2.3,val,other,1.397514,7.5572414
KADID-10k,I42_10_05,I42,/data/projectwork/swati_mam/new model data/kadid10k/images/I42_10_05.png,/data/projectwork/swati_mam/kadid10k/images/I42.png,JPEG,NA,5,1.43,val,other,1.1989281,7.1261296
KADID-10k,I42_09_01,I42,/data/projectwork/swati_mam/new model data/kadid10k/images/I42_09_01.png,/data/projectwork/swati_mam/kadid10k/images/I42.png,JPEG2000,NA,1,4.73,val,other,6.3045692,14.387257
KADID-10k,I42_19_01,I42,/data/projectwork/swati_mam/new model data/kadid10k/images/I42_19_01.png,/data/projectwork/swati_mam/kadid10k/images/I42.png,Jitter,NA,1,4.37,val,other,7.430345,13.778287
KADID-10k,I42_19_02,I42,/data/projectwork/swati_mam/new model data/kadid10k/images/I42_19_02.png,/data/projectwork/swati_mam/kadid10k/images/I42.png,Jitter,NA,2,4.5,val,other,7.4199247,12.787057
KADID-10k,I42_19_05,I42,/data/projectwork/swati_mam/new model data/kadid10k/images/I42_19_05.png,/data/projectwork/swati_mam/kadid10k/images/I42.png,Jitter,NA,5,1.43,val,other,-5.1789722,-11.422799
KADID-10k,I42_02_01,I42,/data/projectwork/swati_mam/new model data/kadid10k/images/I42_02_01.png,/data/projectwork/swati_mam/kadid10k/images/I42.png,Lens blur,NA,1,4.07,val,blur,7.550833,11.744323
KADID-10k,I42_02_02,I42,/data/projectwork/swati_mam/new model data/kadid10k/images/I42_02_02.png,/data/projectwork/swati_mam/kadid10k/images/I42.png,Lens blur,NA,2,3.13,val,blur,8.964668,10.289576
KADID-10k,I42_02_03,I42,/data/projectwork/swati_mam/new model data/kadid10k/images/I42_02_03.png,/data/projectwork/swati_mam/kadid10k/images/I42.png,Lens blur,NA,3,1.63,val,blur,-0.68968254,-11.453115
KADID-10k,I42_18_01,I42,/data/projectwork/swati_mam/new model data/kadid10k/images/I42_18_01.png,/data/projectwork/swati_mam/kadid10k/images/I42.png,Mean shift,NA,1,4.5,val,other,5.2433996,14.737369
KADID-10k,I42_18_02,I42,/data/projectwork/swati_mam/new model data/kadid10k/images/I42_18_02.png,/data/projectwork/swati_mam/kadid10k/images/I42.png,Mean shift,NA,2,4.7,val,other,5.590747,14.368568
KADID-10k,I42_18_03,I42,/data/projectwork/swati_mam/new model data/kadid10k/images/I42_18_03.png,/data/projectwork/swati_mam/kadid10k/images/I42.png,Mean shift,NA,3,4.77,val,other,6.5084987,13.8401985
KADID-10k,I42_18_05,I42,/data/projectwork/swati_mam/new model data/kadid10k/images/I42_18_05.png,/data/projectwork/swati_mam/kadid10k/images/I42.png,Mean shift,NA,5,3.93,val,other,4.587268,12.979364
KADID-10k,I42_03_01,I42,/data/projectwork/swati_mam/new model data/kadid10k/images/I42_03_01.png,/data/projectwork/swati_mam/kadid10k/images/I42.png,Motion blur,NA,1,4.77,val,blur,6.355043,13.854892
KADID-10k,I42_03_04,I42,/data/projectwork/swati_mam/new model data/kadid10k/images/I42_03_04.png,/data/projectwork/swati_mam/kadid10k/images/I42.png,Motion blur,NA,4,2.33,val,blur,7.9641576,12.02077
KADID-10k,I42_14_01,I42,/data/projectwork/swati_mam/new model data/kadid10k/images/I42_14_01.png,/data/projectwork/swati_mam/kadid10k/images/I42.png,Multiplicative noise,NA,1,4.37,val,noise,6.4051666,13.423912
KADID-10k,I42_14_02,I42,/data/projectwork/swati_mam/new model data/kadid10k/images/I42_14_02.png,/data/projectwork/swati_mam/kadid10k/images/I42.png,Multiplicative noise,NA,2,4.07,val,noise,4.4779415,11.397402
KADID-10k,I42_14_03,I42,/data/projectwork/swati_mam/new model data/kadid10k/images/I42_14_03.png,/data/projectwork/swati_mam/kadid10k/images/I42.png,Multiplicative noise,NA,3,3.23,val,noise,3.3035283,9.6441
KADID-10k,I42_14_04,I42,/data/projectwork/swati_mam/new model data/kadid10k/images/I42_14_04.png,/data/projectwork/swati_mam/kadid10k/images/I42.png,Multiplicative noise,NA,4,2.93,val,noise,1.3394507,7.875523
KADID-10k,I42_14_05,I42,/data/projectwork/swati_mam/new model data/kadid10k/images/I42_14_05.png,/data/projectwork/swati_mam/kadid10k/images/I42.png,Multiplicative noise,NA,5,2.33,val,noise,-10.156027,-6.6986303
KADID-10k,I42_20_03,I42,/data/projectwork/swati_mam/new model data/kadid10k/images/I42_20_03.png,/data/projectwork/swati_mam/kadid10k/images/I42.png,Non-eccentricity patch,NA,3,3.3,val,other,6.160375,12.332065
KADID-10k,I42_21_01,I42,/data/projectwork/swati_mam/new model data/kadid10k/images/I42_21_01.png,/data/projectwork/swati_mam/kadid10k/images/I42.png,Pixelate,NA,1,3.42,val,other,6.987311,14.892872
KADID-10k,I42_21_04,I42,/data/projectwork/swati_mam/new model data/kadid10k/images/I42_21_04.png,/data/projectwork/swati_mam/kadid10k/images/I42.png,Pixelate,NA,4,2.67,val,other,3.7131555,10.135498
KADID-10k,I42_22_02,I42,/data/projectwork/swati_mam/new model data/kadid10k/images/I42_22_02.png,/data/projectwork/swati_mam/kadid10k/images/I42.png,Quantization,NA,2,4.77,val,other,6.41268,12.008408
KADID-10k,I42_11_02,I42,/data/projectwork/swati_mam/new model data/kadid10k/images/I42_11_02.png,/data/projectwork/swati_mam/kadid10k/images/I42.png,White noise,NA,2,3.6,val,noise,3.0982645,9.530927
KADID-10k,I42_11_04,I42,/data/projectwork/swati_mam/new model data/kadid10k/images/I42_11_04.png,/data/projectwork/swati_mam/kadid10k/images/I42.png,White noise,NA,4,3.0,val,noise,1.0610434,7.4812326
KADID-10k,I42_11_05,I42,/data/projectwork/swati_mam/new model data/kadid10k/images/I42_11_05.png,/data/projectwork/swati_mam/kadid10k/images/I42.png,White noise,NA,5,2.47,val,noise,-10.172256,-6.649081
KADID-10k,I42_12_01,I42,/data/projectwork/swati_mam/new model data/kadid10k/images/I42_12_01.png,/data/projectwork/swati_mam/kadid10k/images/I42.png,White noise in color component,NA,1,4.73,val,noise,5.6221547,12.771105
KADID-10k,I42_12_02,I42,/data/projectwork/swati_mam/new model data/kadid10k/images/I42_12_02.png,/data/projectwork/swati_mam/kadid10k/images/I42.png,White noise in color component,NA,2,3.83,val,noise,3.4047093,9.790869
KADID-10k,I45_16_03,I45,/data/projectwork/swati_mam/new model data/kadid10k/images/I45_16_03.png,/data/projectwork/swati_mam/kadid10k/images/I45.png,Brighten,NA,3,3.7,val,other,14.716504,-4.1551585
KADID-10k,I45_16_05,I45,/data/projectwork/swati_mam/new model data/kadid10k/images/I45_16_05.png,/data/projectwork/swati_mam/kadid10k/images/I45.png,Brighten,NA,5,1.47,val,other,0.9764275,3.8875577
KADID-10k,I45_23_01,I45,/data/projectwork/swati_mam/new model data/kadid10k/images/I45_23_01.png,/data/projectwork/swati_mam/kadid10k/images/I45.png,Color block,NA,1,4.03,val,other,20.466654,-4.0749736
KADID-10k,I45_23_02,I45,/data/projectwork/swati_mam/new model data/kadid10k/images/I45_23_02.png,/data/projectwork/swati_mam/kadid10k/images/I45.png,Color block,NA,2,2.77,val,other,18.477169,-3.1946046
KADID-10k,I45_23_03,I45,/data/projectwork/swati_mam/new model data/kadid10k/images/I45_23_03.png,/data/projectwork/swati_mam/kadid10k/images/I45.png,Color block,NA,3,2.4,val,other,17.56017,-2.4145393
KADID-10k,I45_23_05,I45,/data/projectwork/swati_mam/new model data/kadid10k/images/I45_23_05.png,/data/projectwork/swati_mam/kadid10k/images/I45.png,Color block,NA,5,1.97,val,other,18.139856,-2.2086532
KADID-10k,I45_04_05,I45,/data/projectwork/swati_mam/new model data/kadid10k/images/I45_04_05.png,/data/projectwork/swati_mam/kadid10k/images/I45.png,Color diffusion,NA,5,1.3,val,other,-7.9912724,-8.714321
KADID-10k,I45_06_01,I45,/data/projectwork/swati_mam/new model data/kadid10k/images/I45_06_01.png,/data/projectwork/swati_mam/kadid10k/images/I45.png,Color quantization,NA,1,3.33,val,other,16.628971,-5.374681
KADID-10k,I45_06_03,I45,/data/projectwork/swati_mam/new model data/kadid10k/images/I45_06_03.png,/data/projectwork/swati_mam/kadid10k/images/I45.png,Color quantization,NA,3,2.5,val,other,15.494481,-5.354642
KADID-10k,I45_07_02,I45,/data/projectwork/swati_mam/new model data/kadid10k/images/I45_07_02.png,/data/projectwork/swati_mam/kadid10k/images/I45.png,Color saturation 1,NA,2,2.67,val,other,15.26718,-4.543896
KADID-10k,I45_07_03,I45,/data/projectwork/swati_mam/new model data/kadid10k/images/I45_07_03.png,/data/projectwork/swati_mam/kadid10k/images/I45.png,Color saturation 1,NA,3,2.3,val,other,14.950997,-4.64016
KADID-10k,I45_07_05,I45,/data/projectwork/swati_mam/new model data/kadid10k/images/I45_07_05.png,/data/projectwork/swati_mam/kadid10k/images/I45.png,Color saturation 1,NA,5,1.93,val,other,4.197668,-9.462657
KADID-10k,I45_08_03,I45,/data/projectwork/swati_mam/new model data/kadid10k/images/I45_08_03.png,/data/projectwork/swati_mam/kadid10k/images/I45.png,Color saturation 2,NA,3,2.63,val,other,19.159702,-1.6943333
KADID-10k,I45_08_04,I45,/data/projectwork/swati_mam/new model data/kadid10k/images/I45_08_04.png,/data/projectwork/swati_mam/kadid10k/images/I45.png,Color saturation 2,NA,4,1.37,val,other,5.010843,6.390918
KADID-10k,I45_05_01,I45,/data/projectwork/swati_mam/new model data/kadid10k/images/I45_05_01.png,/data/projectwork/swati_mam/kadid10k/images/I45.png,Color shift,NA,1,3.8,val,other,19.852093,-5.1417885
KADID-10k,I45_05_02,I45,/data/projectwork/swati_mam/new model data/kadid10k/images/I45_05_02.png,/data/projectwork/swati_mam/kadid10k/images/I45.png,Color shift,NA,2,2.69,val,other,17.969982,-5.500944
KADID-10k,I45_05_03,I45,/data/projectwork/swati_mam/new model data/kadid10k/images/I45_05_03.png,/data/projectwork/swati_mam/kadid10k/images/I45.png,Color shift,NA,3,1.63,val,other,18.713655,-6.3717904
KADID-10k,I45_25_01,I45,/data/projectwork/swati_mam/new model data/kadid10k/images/I45_25_01.png,/data/projectwork/swati_mam/kadid10k/images/I45.png,Contrast change,NA,1,3.4,val,other,18.257723,-0.60313195
KADID-10k,I45_25_02,I45,/data/projectwork/swati_mam/new model data/kadid10k/images/I45_25_02.png,/data/projectwork/swati_mam/kadid10k/images/I45.png,Contrast change,NA,2,3.8,val,other,18.353317,-1.0013918
KADID-10k,I45_25_03,I45,/data/projectwork/swati_mam/new model data/kadid10k/images/I45_25_03.png,/data/projectwork/swati_mam/kadid10k/images/I45.png,Contrast change,NA,3,4.27,val,other,18.533154,-1.9319867
KADID-10k,I45_25_04,I45,/data/projectwork/swati_mam/new model data/kadid10k/images/I45_25_04.png,/data/projectwork/swati_mam/kadid10k/images/I45.png,Contrast change,NA,4,4.27,val,other,19.170805,-5.128608
KADID-10k,I45_17_03,I45,/data/projectwork/swati_mam/new model data/kadid10k/images/I45_17_03.png,/data/projectwork/swati_mam/kadid10k/images/I45.png,Darken,NA,3,4.17,val,other,20.740623,-3.6346018
KADID-10k,I45_15_04,I45,/data/projectwork/swati_mam/new model data/kadid10k/images/I45_15_04.png,/data/projectwork/swati_mam/kadid10k/images/I45.png,Denoise,NA,4,1.47,val,noise,5.202539,-23.74458
KADID-10k,I45_15_05,I45,/data/projectwork/swati_mam/new model data/kadid10k/images/I45_15_05.png,/data/projectwork/swati_mam/kadid10k/images/I45.png,Denoise,NA,5,1.3,val,noise,-0.9131939,-24.939445
KADID-10k,I45_01_03,I45,/data/projectwork/swati_mam/new model data/kadid10k/images/I45_01_03.png,/data/projectwork/swati_mam/kadid10k/images/I45.png,Gaussian blur,NA,3,2.63,val,blur,9.9748745,-31.802238
KADID-10k,I45_01_04,I45,/data/projectwork/swati_mam/new model data/kadid10k/images/I45_01_04.png,/data/projectwork/swati_mam/kadid10k/images/I45.png,Gaussian blur,NA,4,1.45,val,blur,1.0989316,-27.757633
KADID-10k,I45_24_02,I45,/data/projectwork/swati_mam/new model data/kadid10k/images/I45_24_02.png,/data/projectwork/swati_mam/kadid10k/images/I45.png,High sharpen,NA,2,2.53,val,HF/sharpen,-10.341843,23.04047
KADID-10k,I45_24_03,I45,/data/projectwork/swati_mam/new model data/kadid10k/images/I45_24_03.png,/data/projectwork/swati_mam/kadid10k/images/I45.png,High sharpen,NA,3,2.1,val,HF/sharpen,-10.303323,22.999853
KADID-10k,I45_24_04,I45,/data/projectwork/swati_mam/new model data/kadid10k/images/I45_24_04.png,/data/projectwork/swati_mam/kadid10k/images/I45.png,High sharpen,NA,4,1.53,val,HF/sharpen,-9.639839,19.524101
KADID-10k,I45_24_05,I45,/data/projectwork/swati_mam/new model data/kadid10k/images/I45_24_05.png,/data/projectwork/swati_mam/kadid10k/images/I45.png,High sharpen,NA,5,1.37,val,HF/sharpen,-9.725099,19.103703
KADID-10k,I45_13_01,I45,/data/projectwork/swati_mam/new model data/kadid10k/images/I45_13_01.png,/data/projectwork/swati_mam/kadid10k/images/I45.png,Impulse noise,NA,1,3.37,val,noise,19.204683,-3.7792652
KADID-10k,I45_13_02,I45,/data/projectwork/swati_mam/new model data/kadid10k/images/I45_13_02.png,/data/projectwork/swati_mam/kadid10k/images/I45.png,Impulse noise,NA,2,2.8,val,noise,17.32762,-4.800744
KADID-10k,I45_13_04,I45,/data/projectwork/swati_mam/new model data/kadid10k/images/I45_13_04.png,/data/projectwork/swati_mam/kadid10k/images/I45.png,Impulse noise,NA,4,2.37,val,noise,4.397112,-8.980229
KADID-10k,I45_10_02,I45,/data/projectwork/swati_mam/new model data/kadid10k/images/I45_10_02.png,/data/projectwork/swati_mam/kadid10k/images/I45.png,JPEG,NA,2,4.06,val,other,17.309921,-3.5833058
KADID-10k,I45_10_03,I45,/data/projectwork/swati_mam/new model data/kadid10k/images/I45_10_03.png,/data/projectwork/swati_mam/kadid10k/images/I45.png,JPEG,NA,3,3.58,val,other,16.48652,-3.8061078
KADID-10k,I45_10_04,I45,/data/projectwork/swati_mam/new model data/kadid10k/images/I45_10_04.png,/data/projectwork/swati_mam/kadid10k/images/I45.png,JPEG,NA,4,1.53,val,other,6.553745,-23.966883
KADID-10k,I45_10_05,I45,/data/projectwork/swati_mam/new model data/kadid10k/images/I45_10_05.png,/data/projectwork/swati_mam/kadid10k/images/I45.png,JPEG,NA,5,1.13,val,other,-2.3339589,-14.866785
KADID-10k,I45_09_01,I45,/data/projectwork/swati_mam/new model data/kadid10k/images/I45_09_01.png,/data/projectwork/swati_mam/kadid10k/images/I45.png,JPEG2000,NA,1,4.5,val,other,18.272314,-3.289941
KADID-10k,I45_09_05,I45,/data/projectwork/swati_mam/new model data/kadid10k/images/I45_09_05.png,/data/projectwork/swati_mam/kadid10k/images/I45.png,JPEG2000,NA,5,1.13,val,other,9.3926,-31.775316
KADID-10k,I45_19_05,I45,/data/projectwork/swati_mam/new model data/kadid10k/images/I45_19_05.png,/data/projectwork/swati_mam/kadid10k/images/I45.png,Jitter,NA,5,1.4,val,other,-0.68682015,-24.878038
KADID-10k,I45_02_03,I45,/data/projectwork/swati_mam/new model data/kadid10k/images/I45_02_03.png,/data/projectwork/swati_mam/kadid10k/images/I45.png,Lens blur,NA,3,1.5,val,blur,0.95155597,-27.618551
KADID-10k,I45_02_05,I45,/data/projectwork/swati_mam/new model data/kadid10k/images/I45_02_05.png,/data/projectwork/swati_mam/kadid10k/images/I45.png,Lens blur,NA,5,1.17,val,blur,-10.003581,-22.676056
KADID-10k,I45_18_02,I45,/data/projectwork/swati_mam/new model data/kadid10k/images/I45_18_02.png,/data/projectwork/swati_mam/kadid10k/images/I45.png,Mean shift,NA,2,4.43,val,other,18.434269,-2.7065384
KADID-10k,I45_18_04,I45,/data/projectwork/swati_mam/new model data/kadid10k/images/I45_18_04.png,/data/projectwork/swati_mam/kadid10k/images/I45.png,Mean shift,NA,4,4.43,val,other,19.785076,-3.6234446
KADID-10k,I45_18_05,I45,/data/projectwork/swati_mam/new model data/kadid10k/images/I45_18_05.png,/data/projectwork/swati_mam/kadid10k/images/I45.png,Mean shift,NA,5,4.03,val,other,19.415009,-2.6967204
KADID-10k,I45_03_02,I45,/data/projectwork/swati_mam/new model data/kadid10k/images/I45_03_02.png,/data/projectwork/swati_mam/kadid10k/images/I45.png,Motion blur,NA,2,3.8,val,blur,18.19006,-5.0772266
KADID-10k,I45_03_03,I45,/data/projectwork/swati_mam/new model data/kadid10k/images/I45_03_03.png,/data/projectwork/swati_mam/kadid10k/images/I45.png,Motion blur,NA,3,2.53,val,blur,10.076391,-31.81256
KADID-10k,I45_03_04,I45,/data/projectwork/swati_mam/new model data/kadid10k/images/I45_03_04.png,/data/projectwork/swati_mam/kadid10k/images/I45.png,Motion blur,NA,4,1.9,val,blur,10.086361,-31.772612
KADID-10k,I45_03_05,I45,/data/projectwork/swati_mam/new model data/kadid10k/images/I45_03_05.png,/data/projectwork/swati_mam/kadid10k/images/I45.png,Motion blur,NA,5,1.6,val,blur,1.9454963,-28.414898
KADID-10k,I45_14_01,I45,/data/projectwork/swati_mam/new model data/kadid10k/images/I45_14_01.png,/data/projectwork/swati_mam/kadid10k/images/I45.png,Multiplicative noise,NA,1,4.27,val,noise,18.446938,-3.7225986
KADID-10k,I45_14_02,I45,/data/projectwork/swati_mam/new model data/kadid10k/images/I45_14_02.png,/data/projectwork/swati_mam/kadid10k/images/I45.png,Multiplicative noise,NA,2,3.23,val,noise,14.828153,-5.29371
KADID-10k,I45_14_05,I45,/data/projectwork/swati_mam/new model data/kadid10k/images/I45_14_05.png,/data/projectwork/swati_mam/kadid10k/images/I45.png,Multiplicative noise,NA,5,1.73,val,noise,-12.390444,-11.20768
KADID-10k,I45_21_01,I45,/data/projectwork/swati_mam/new model data/kadid10k/images/I45_21_01.png,/data/projectwork/swati_mam/kadid10k/images/I45.png,Pixelate,NA,1,3.77,val,other,21.340498,-4.1398616
KADID-10k,I45_21_03,I45,/data/projectwork/swati_mam/new model data/kadid10k/images/I45_21_03.png,/data/projectwork/swati_mam/kadid10k/images/I45.png,Pixelate,NA,3,2.6,val,other,20.013176,-5.2213707
KADID-10k,I45_21_05,I45,/data/projectwork/swati_mam/new model data/kadid10k/images/I45_21_05.png,/data/projectwork/swati_mam/kadid10k/images/I45.png,Pixelate,NA,5,1.23,val,other,3.5307164,-27.91006
KADID-10k,I45_22_02,I45,/data/projectwork/swati_mam/new model data/kadid10k/images/I45_22_02.png,/data/projectwork/swati_mam/kadid10k/images/I45.png,Quantization,NA,2,4.1,val,other,19.509949,-5.244869
KADID-10k,I45_22_03,I45,/data/projectwork/swati_mam/new model data/kadid10k/images/I45_22_03.png,/data/projectwork/swati_mam/kadid10k/images/I45.png,Quantization,NA,3,3.73,val,other,19.131657,-5.6353974
KADID-10k,I45_22_05,I45,/data/projectwork/swati_mam/new model data/kadid10k/images/I45_22_05.png,/data/projectwork/swati_mam/kadid10k/images/I45.png,Quantization,NA,5,2.47,val,other,18.510294,-5.7010603
KADID-10k,I45_11_01,I45,/data/projectwork/swati_mam/new model data/kadid10k/images/I45_11_01.png,/data/projectwork/swati_mam/kadid10k/images/I45.png,White noise,NA,1,3.97,val,noise,16.684435,-4.465599
KADID-10k,I45_11_03,I45,/data/projectwork/swati_mam/new model data/kadid10k/images/I45_11_03.png,/data/projectwork/swati_mam/kadid10k/images/I45.png,White noise,NA,3,2.67,val,noise,4.564055,-8.93832
KADID-10k,I45_11_05,I45,/data/projectwork/swati_mam/new model data/kadid10k/images/I45_11_05.png,/data/projectwork/swati_mam/kadid10k/images/I45.png,White noise,NA,5,2.33,val,noise,-7.5028677,-12.890915
KADID-10k,I45_12_04,I45,/data/projectwork/swati_mam/new model data/kadid10k/images/I45_12_04.png,/data/projectwork/swati_mam/kadid10k/images/I45.png,White noise in color component,NA,4,2.27,val,noise,-4.8580213,-11.766715
KADID-10k,I45_12_05,I45,/data/projectwork/swati_mam/new model data/kadid10k/images/I45_12_05.png,/data/projectwork/swati_mam/kadid10k/images/I45.png,White noise in color component,NA,5,2.23,val,noise,-7.220071,-13.019572
KADID-10k,I46_16_05,I46,/data/projectwork/swati_mam/new model data/kadid10k/images/I46_16_05.png,/data/projectwork/swati_mam/kadid10k/images/I46.png,Brighten,NA,5,1.67,val,other,8.898649,-7.7690244
KADID-10k,I46_23_02,I46,/data/projectwork/swati_mam/new model data/kadid10k/images/I46_23_02.png,/data/projectwork/swati_mam/kadid10k/images/I46.png,Color block,NA,2,2.57,val,other,26.532839,-5.9425044
KADID-10k,I46_04_02,I46,/data/projectwork/swati_mam/new model data/kadid10k/images/I46_04_02.png,/data/projectwork/swati_mam/kadid10k/images/I46.png,Color diffusion,NA,2,2.47,val,other,23.3927,-11.235689
KADID-10k,I46_04_03,I46,/data/projectwork/swati_mam/new model data/kadid10k/images/I46_04_03.png,/data/projectwork/swati_mam/kadid10k/images/I46.png,Color diffusion,NA,3,1.73,val,other,-8.193303,-6.8812776
KADID-10k,I46_04_04,I46,/data/projectwork/swati_mam/new model data/kadid10k/images/I46_04_04.png,/data/projectwork/swati_mam/kadid10k/images/I46.png,Color diffusion,NA,4,1.45,val,other,-8.470491,-6.915216
KADID-10k,I46_04_05,I46,/data/projectwork/swati_mam/new model data/kadid10k/images/I46_04_05.png,/data/projectwork/swati_mam/kadid10k/images/I46.png,Color diffusion,NA,5,1.5,val,other,-12.810421,-7.4891367
KADID-10k,I46_06_03,I46,/data/projectwork/swati_mam/new model data/kadid10k/images/I46_06_03.png,/data/projectwork/swati_mam/kadid10k/images/I46.png,Color quantization,NA,3,3.67,val,other,25.341785,-7.541815
KADID-10k,I46_06_04,I46,/data/projectwork/swati_mam/new model data/kadid10k/images/I46_06_04.png,/data/projectwork/swati_mam/kadid10k/images/I46.png,Color quantization,NA,4,3.1,val,other,22.657768,-11.9310875
KADID-10k,I46_07_04,I46,/data/projectwork/swati_mam/new model data/kadid10k/images/I46_07_04.png,/data/projectwork/swati_mam/kadid10k/images/I46.png,Color saturation 1,NA,4,1.7,val,other,21.282667,1.6532378
KADID-10k,I46_08_01,I46,/data/projectwork/swati_mam/new model data/kadid10k/images/I46_08_01.png,/data/projectwork/swati_mam/kadid10k/images/I46.png,Color saturation 2,NA,1,4.6,val,other,28.649097,-5.2185297
KADID-10k,I46_08_02,I46,/data/projectwork/swati_mam/new model data/kadid10k/images/I46_08_02.png,/data/projectwork/swati_mam/kadid10k/images/I46.png,Color saturation 2,NA,2,3.33,val,other,23.212523,-10.304576
KADID-10k,I46_08_04,I46,/data/projectwork/swati_mam/new model data/kadid10k/images/I46_08_04.png,/data/projectwork/swati_mam/kadid10k/images/I46.png,Color saturation 2,NA,4,1.37,val,other,-13.1048155,-6.8013973
KADID-10k,I46_08_05,I46,/data/projectwork/swati_mam/new model data/kadid10k/images/I46_08_05.png,/data/projectwork/swati_mam/kadid10k/images/I46.png,Color saturation 2,NA,5,1.3,val,other,-13.407051,-6.8318863
KADID-10k,I46_05_01,I46,/data/projectwork/swati_mam/new model data/kadid10k/images/I46_05_01.png,/data/projectwork/swati_mam/kadid10k/images/I46.png,Color shift,NA,1,4.53,val,other,28.124035,-5.6448326
KADID-10k,I46_05_02,I46,/data/projectwork/swati_mam/new model data/kadid10k/images/I46_05_02.png,/data/projectwork/swati_mam/kadid10k/images/I46.png,Color shift,NA,2,2.8,val,other,24.526627,-7.367965
KADID-10k,I46_05_03,I46,/data/projectwork/swati_mam/new model data/kadid10k/images/I46_05_03.png,/data/projectwork/swati_mam/kadid10k/images/I46.png,Color shift,NA,3,2.37,val,other,22.627483,-9.86965
KADID-10k,I46_05_05,I46,/data/projectwork/swati_mam/new model data/kadid10k/images/I46_05_05.png,/data/projectwork/swati_mam/kadid10k/images/I46.png,Color shift,NA,5,2.67,val,other,20.85417,-12.502838
KADID-10k,I46_25_01,I46,/data/projectwork/swati_mam/new model data/kadid10k/images/I46_25_01.png,/data/projectwork/swati_mam/kadid10k/images/I46.png,Contrast change,NA,1,3.53,val,other,24.110535,9.322327
KADID-10k,I46_25_05,I46,/data/projectwork/swati_mam/new model data/kadid10k/images/I46_25_05.png,/data/projectwork/swati_mam/kadid10k/images/I46.png,Contrast change,NA,5,3.47,val,other,22.447456,-8.322461
KADID-10k,I46_17_01,I46,/data/projectwork/swati_mam/new model data/kadid10k/images/I46_17_01.png,/data/projectwork/swati_mam/kadid10k/images/I46.png,Darken,NA,1,4.67,val,other,29.104065,-4.9457355
KADID-10k,I46_17_02,I46,/data/projectwork/swati_mam/new model data/kadid10k/images/I46_17_02.png,/data/projectwork/swati_mam/kadid10k/images/I46.png,Darken,NA,2,4.63,val,other,29.323732,-4.843232
KADID-10k,I46_17_03,I46,/data/projectwork/swati_mam/new model data/kadid10k/images/I46_17_03.png,/data/projectwork/swati_mam/kadid10k/images/I46.png,Darken,NA,3,4.27,val,other,29.357475,-4.5194716
KADID-10k,I46_15_02,I46,/data/projectwork/swati_mam/new model data/kadid10k/images/I46_15_02.png,/data/projectwork/swati_mam/kadid10k/images/I46.png,Denoise,NA,2,3.3,val,noise,27.279442,-5.84785
KADID-10k,I46_15_04,I46,/data/projectwork/swati_mam/new model data/kadid10k/images/I46_15_04.png,/data/projectwork/swati_mam/kadid10k/images/I46.png,Denoise,NA,4,1.72,val,noise,22.375978,-9.9953575
KADID-10k,I46_01_01,I46,/data/projectwork/swati_mam/new model data/kadid10k/images/I46_01_01.png,/data/projectwork/swati_mam/kadid10k/images/I46.png,Gaussian blur,NA,1,4.65,val,blur,28.805683,-5.4051814
KADID-10k,I46_01_02,I46,/data/projectwork/swati_mam/new model data/kadid10k/images/I46_01_02.png,/data/projectwork/swati_mam/kadid10k/images/I46.png,Gaussian blur,NA,2,4.33,val,blur,28.49898,-6.3121305
KADID-10k,I46_24_01,I46,/data/projectwork/swati_mam/new model data/kadid10k/images/I46_24_01.png,/data/projectwork/swati_mam/kadid10k/images/I46.png,High sharpen,NA,1,3.1,val,HF/sharpen,24.104353,9.491868
KADID-10k,I46_24_02,I46,/data/projectwork/swati_mam/new model data/kadid10k/images/I46_24_02.png,/data/projectwork/swati_mam/kadid10k/images/I46.png,High sharpen,NA,2,2.33,val,HF/sharpen,-1.7267578,19.553349
KADID-10k,I46_24_03,I46,/data/projectwork/swati_mam/new model data/kadid10k/images/I46_24_03.png,/data/projectwork/swati_mam/kadid10k/images/I46.png,High sharpen,NA,3,1.9,val,HF/sharpen,-1.8416222,19.449177
KADID-10k,I46_13_02,I46,/data/projectwork/swati_mam/new model data/kadid10k/images/I46_13_02.png,/data/projectwork/swati_mam/kadid10k/images/I46.png,Impulse noise,NA,2,3.6,val,noise,25.839684,-7.03822
KADID-10k,I46_13_03,I46,/data/projectwork/swati_mam/new model data/kadid10k/images/I46_13_03.png,/data/projectwork/swati_mam/kadid10k/images/I46.png,Impulse noise,NA,3,3.37,val,noise,23.335955,-9.828609
KADID-10k,I46_13_04,I46,/data/projectwork/swati_mam/new model data/kadid10k/images/I46_13_04.png,/data/projectwork/swati_mam/kadid10k/images/I46.png,Impulse noise,NA,4,2.73,val,noise,9.144137,-8.883612
KADID-10k,I46_13_05,I46,/data/projectwork/swati_mam/new model data/kadid10k/images/I46_13_05.png,/data/projectwork/swati_mam/kadid10k/images/I46.png,Impulse noise,NA,5,2.3,val,noise,6.6400414,-9.389393
KADID-10k,I46_10_01,I46,/data/projectwork/swati_mam/new model data/kadid10k/images/I46_10_01.png,/data/projectwork/swati_mam/kadid10k/images/I46.png,JPEG,NA,1,4.67,val,other,28.77765,-4.357396
KADID-10k,I46_10_02,I46,/data/projectwork/swati_mam/new model data/kadid10k/images/I46_10_02.png,/data/projectwork/swati_mam/kadid10k/images/I46.png,JPEG,NA,2,4.43,val,other,28.164518,-4.623726
KADID-10k,I46_10_03,I46,/data/projectwork/swati_mam/new model data/kadid10k/images/I46_10_03.png,/data/projectwork/swati_mam/kadid10k/images/I46.png,JPEG,NA,3,4.13,val,other,28.12899,-6.140393
KADID-10k,I46_10_04,I46,/data/projectwork/swati_mam/new model data/kadid10k/images/I46_10_04.png,/data/projectwork/swati_mam/kadid10k/images/I46.png,JPEG,NA,4,2.03,val,other,20.75658,-11.908789
KADID-10k,I46_09_02,I46,/data/projectwork/swati_mam/new model data/kadid10k/images/I46_09_02.png,/data/projectwork/swati_mam/kadid10k/images/I46.png,JPEG2000,NA,2,4.1,val,other,27.914543,-5.3054814
KADID-10k,I46_09_04,I46,/data/projectwork/swati_mam/new model data/kadid10k/images/I46_09_04.png,/data/projectwork/swati_mam/kadid10k/images/I46.png,JPEG2000,NA,4,1.97,val,other,20.391232,-12.223
KADID-10k,I46_09_05,I46,/data/projectwork/swati_mam/new model data/kadid10k/images/I46_09_05.png,/data/projectwork/swati_mam/kadid10k/images/I46.png,JPEG2000,NA,5,1.17,val,other,-0.43458575,-23.674372
KADID-10k,I46_19_01,I46,/data/projectwork/swati_mam/new model data/kadid10k/images/I46_19_01.png,/data/projectwork/swati_mam/kadid10k/images/I46.png,Jitter,NA,1,4.53,val,other,30.154299,-4.4715343
KADID-10k,I46_19_03,I46,/data/projectwork/swati_mam/new model data/kadid10k/images/I46_19_03.png,/data/projectwork/swati_mam/kadid10k/images/I46.png,Jitter,NA,3,3.33,val,other,29.475266,-5.7496862
KADID-10k,I46_18_03,I46,/data/projectwork/swati_mam/new model data/kadid10k/images/I46_18_03.png,/data/projectwork/swati_mam/kadid10k/images/I46.png,Mean shift,NA,3,4.73,val,other,28.47126,-4.932991
KADID-10k,I46_18_04,I46,/data/projectwork/swati_mam/new model data/kadid10k/images/I46_18_04.png,/data/projectwork/swati_mam/kadid10k/images/I46.png,Mean shift,NA,4,4.67,val,other,24.924707,-8.138039
KADID-10k,I46_18_05,I46,/data/projectwork/swati_mam/new model data/kadid10k/images/I46_18_05.png,/data/projectwork/swati_mam/kadid10k/images/I46.png,Mean shift,NA,5,3.97,val,other,25.505795,-8.046258
KADID-10k,I46_03_01,I46,/data/projectwork/swati_mam/new model data/kadid10k/images/I46_03_01.png,/data/projectwork/swati_mam/kadid10k/images/I46.png,Motion blur,NA,1,4.67,val,blur,28.649097,-5.2185297
KADID-10k,I46_03_02,I46,/data/projectwork/swati_mam/new model data/kadid10k/images/I46_03_02.png,/data/projectwork/swati_mam/kadid10k/images/I46.png,Motion blur,NA,2,4.1,val,blur,27.828762,-6.6303477
KADID-10k,I46_03_04,I46,/data/projectwork/swati_mam/new model data/kadid10k/images/I46_03_04.png,/data/projectwork/swati_mam/kadid10k/images/I46.png,Motion blur,NA,4,2.0,val,blur,20.166098,-12.2911
KADID-10k,I46_14_04,I46,/data/projectwork/swati_mam/new model data/kadid10k/images/I46_14_04.png,/data/projectwork/swati_mam/kadid10k/images/I46.png,Multiplicative noise,NA,4,2.5,val,noise,8.458901,-8.822441
KADID-10k,I46_14_05,I46,/data/projectwork/swati_mam/new model data/kadid10k/images/I46_14_05.png,/data/projectwork/swati_mam/kadid10k/images/I46.png,Multiplicative noise,NA,5,1.87,val,noise,-6.0938497,-11.0672455
KADID-10k,I46_20_02,I46,/data/projectwork/swati_mam/new model data/kadid10k/images/I46_20_02.png,/data/projectwork/swati_mam/kadid10k/images/I46.png,Non-eccentricity patch,NA,2,4.5,val,other,29.098337,-3.831902
KADID-10k,I46_20_04,I46,/data/projectwork/swati_mam/new model data/kadid10k/images/I46_20_04.png,/data/projectwork/swati_mam/kadid10k/images/I46.png,Non-eccentricity patch,NA,4,4.23,val,other,27.999992,-4.3583164
KADID-10k,I46_20_05,I46,/data/projectwork/swati_mam/new model data/kadid10k/images/I46_20_05.png,/data/projectwork/swati_mam/kadid10k/images/I46.png,Non-eccentricity patch,NA,5,4.37,val,other,25.580261,-7.236889
KADID-10k,I46_21_03,I46,/data/projectwork/swati_mam/new model data/kadid10k/images/I46_21_03.png,/data/projectwork/swati_mam/kadid10k/images/I46.png,Pixelate,NA,3,2.43,val,other,24.600788,-8.101016
KADID-10k,I46_21_05,I46,/data/projectwork/swati_mam/new model data/kadid10k/images/I46_21_05.png,/data/projectwork/swati_mam/kadid10k/images/I46.png,Pixelate,NA,5,1.6,val,other,22.576254,-11.55551
KADID-10k,I46_22_01,I46,/data/projectwork/swati_mam/new model data/kadid10k/images/I46_22_01.png,/data/projectwork/swati_mam/kadid10k/images/I46.png,Quantization,NA,1,4.57,val,other,24.69816,-8.039052
KADID-10k,I46_22_02,I46,/data/projectwork/swati_mam/new model data/kadid10k/images/I46_22_02.png,/data/projectwork/swati_mam/kadid10k/images/I46.png,Quantization,NA,2,4.67,val,other,24.158693,-8.409335
KADID-10k,I46_22_03,I46,/data/projectwork/swati_mam/new model data/kadid10k/images/I46_22_03.png,/data/projectwork/swati_mam/kadid10k/images/I46.png,Quantization,NA,3,4.43,val,other,23.621939,-9.0021715
KADID-10k,I46_22_04,I46,/data/projectwork/swati_mam/new model data/kadid10k/images/I46_22_04.png,/data/projectwork/swati_mam/kadid10k/images/I46.png,Quantization,NA,4,4.5,val,other,22.9309,-10.255398
KADID-10k,I46_11_01,I46,/data/projectwork/swati_mam/new model data/kadid10k/images/I46_11_01.png,/data/projectwork/swati_mam/kadid10k/images/I46.png,White noise,NA,1,4.23,val,noise,27.616642,-5.1554017
KADID-10k,I46_11_04,I46,/data/projectwork/swati_mam/new model data/kadid10k/images/I46_11_04.png,/data/projectwork/swati_mam/kadid10k/images/I46.png,White noise,NA,4,3.03,val,noise,22.557812,-11.228389
KADID-10k,I46_11_05,I46,/data/projectwork/swati_mam/new model data/kadid10k/images/I46_11_05.png,/data/projectwork/swati_mam/kadid10k/images/I46.png,White noise,NA,5,2.3,val,noise,7.3473067,-9.140759
KADID-10k,I46_12_03,I46,/data/projectwork/swati_mam/new model data/kadid10k/images/I46_12_03.png,/data/projectwork/swati_mam/kadid10k/images/I46.png,White noise in color component,NA,3,3.7,val,noise,24.008474,-9.256746
KADID-10k,I46_12_04,I46,/data/projectwork/swati_mam/new model data/kadid10k/images/I46_12_04.png,/data/projectwork/swati_mam/kadid10k/images/I46.png,White noise in color component,NA,4,3.13,val,noise,9.264496,-8.88258
KADID-10k,I46_12_05,I46,/data/projectwork/swati_mam/new model data/kadid10k/images/I46_12_05.png,/data/projectwork/swati_mam/kadid10k/images/I46.png,White noise in color component,NA,5,2.77,val,noise,7.7268,-8.770623
KADID-10k,I65_16_01,I65,/data/projectwork/swati_mam/new model data/kadid10k/images/I65_16_01.png,/data/projectwork/swati_mam/kadid10k/images/I65.png,Brighten,NA,1,4.67,val,other,28.060204,-19.672216
KADID-10k,I65_16_02,I65,/data/projectwork/swati_mam/new model data/kadid10k/images/I65_16_02.png,/data/projectwork/swati_mam/kadid10k/images/I65.png,Brighten,NA,2,4.33,val,other,27.617044,-18.983814
KADID-10k,I65_16_05,I65,/data/projectwork/swati_mam/new model data/kadid10k/images/I65_16_05.png,/data/projectwork/swati_mam/kadid10k/images/I65.png,Brighten,NA,5,1.71,val,other,7.119926,-12.677587
KADID-10k,I65_23_01,I65,/data/projectwork/swati_mam/new model data/kadid10k/images/I65_23_01.png,/data/projectwork/swati_mam/kadid10k/images/I65.png,Color block,NA,1,2.97,val,other,27.883121,-20.384405
KADID-10k,I65_23_02,I65,/data/projectwork/swati_mam/new model data/kadid10k/images/I65_23_02.png,/data/projectwork/swati_mam/kadid10k/images/I65.png,Color block,NA,2,3.47,val,other,29.5975,-20.157043
KADID-10k,I65_23_03,I65,/data/projectwork/swati_mam/new model data/kadid10k/images/I65_23_03.png,/data/projectwork/swati_mam/kadid10k/images/I65.png,Color block,NA,3,3.03,val,other,27.764292,-19.208836
KADID-10k,I65_23_05,I65,/data/projectwork/swati_mam/new model data/kadid10k/images/I65_23_05.png,/data/projectwork/swati_mam/kadid10k/images/I65.png,Color block,NA,5,1.9,val,other,26.91992,-20.111311
KADID-10k,I65_04_01,I65,/data/projectwork/swati_mam/new model data/kadid10k/images/I65_04_01.png,/data/projectwork/swati_mam/kadid10k/images/I65.png,Color diffusion,NA,1,4.7,val,other,28.110477,-20.900652
KADID-10k,I65_04_04,I65,/data/projectwork/swati_mam/new model data/kadid10k/images/I65_04_04.png,/data/projectwork/swati_mam/kadid10k/images/I65.png,Color diffusion,NA,4,2.5,val,other,8.024459,-9.614555
KADID-10k,I65_06_04,I65,/data/projectwork/swati_mam/new model data/kadid10k/images/I65_06_04.png,/data/projectwork/swati_mam/kadid10k/images/I65.png,Color quantization,NA,4,3.0,val,other,21.768677,-17.546118
KADID-10k,I65_07_03,I65,/data/projectwork/swati_mam/new model data/kadid10k/images/I65_07_03.png,/data/projectwork/swati_mam/kadid10k/images/I65.png,Color saturation 1,NA,3,2.33,val,other,23.185287,-16.91913
KADID-10k,I65_07_04,I65,/data/projectwork/swati_mam/new model data/kadid10k/images/I65_07_04.png,/data/projectwork/swati_mam/kadid10k/images/I65.png,Color saturation 1,NA,4,2.6,val,other,22.906836,-16.642681
KADID-10k,I65_08_02,I65,/data/projectwork/swati_mam/new model data/kadid10k/images/I65_08_02.png,/data/projectwork/swati_mam/kadid10k/images/I65.png,Color saturation 2,NA,2,3.6,val,other,30.174967,-21.802074
KADID-10k,I65_08_03,I65,/data/projectwork/swati_mam/new model data/kadid10k/images/I65_08_03.png,/data/projectwork/swati_mam/kadid10k/images/I65.png,Color saturation 2,NA,3,2.93,val,other,29.779186,-21.455408
KADID-10k,I65_08_05,I65,/data/projectwork/swati_mam/new model data/kadid10k/images/I65_08_05.png,/data/projectwork/swati_mam/kadid10k/images/I65.png,Color saturation 2,NA,5,1.63,val,other,-10.600292,-2.1611362
KADID-10k,I65_05_01,I65,/data/projectwork/swati_mam/new model data/kadid10k/images/I65_05_01.png,/data/projectwork/swati_mam/kadid10k/images/I65.png,Color shift,NA,1,3.77,val,other,27.837603,-21.056131
KADID-10k,I65_05_04,I65,/data/projectwork/swati_mam/new model data/kadid10k/images/I65_05_04.png,/data/projectwork/swati_mam/kadid10k/images/I65.png,Color shift,NA,4,1.97,val,other,24.153755,-18.087702
KADID-10k,I65_05_05,I65,/data/projectwork/swati_mam/new model data/kadid10k/images/I65_05_05.png,/data/projectwork/swati_mam/kadid10k/images/I65.png,Color shift,NA,5,1.73,val,other,25.217833,-18.441591
KADID-10k,I65_25_02,I65,/data/projectwork/swati_mam/new model data/kadid10k/images/I65_25_02.png,/data/projectwork/swati_mam/kadid10k/images/I65.png,Contrast change,NA,2,4.07,val,other,30.312277,-21.282288
KADID-10k,I65_17_01,I65,/data/projectwork/swati_mam/new model data/kadid10k/images/I65_17_01.png,/data/projectwork/swati_mam/kadid10k/images/I65.png,Darken,NA,1,4.63,val,other,28.634129,-21.211918
KADID-10k,I65_17_02,I65,/data/projectwork/swati_mam/new model data/kadid10k/images/I65_17_02.png,/data/projectwork/swati_mam/kadid10k/images/I65.png,Darken,NA,2,4.47,val,other,28.617144,-21.545273
KADID-10k,I65_17_04,I65,/data/projectwork/swati_mam/new model data/kadid10k/images/I65_17_04.png,/data/projectwork/swati_mam/kadid10k/images/I65.png,Darken,NA,4,3.6,val,other,28.229326,-22.296741
KADID-10k,I65_15_03,I65,/data/projectwork/swati_mam/new model data/kadid10k/images/I65_15_03.png,/data/projectwork/swati_mam/kadid10k/images/I65.png,Denoise,NA,3,2.1,val,noise,25.562412,-20.23049
KADID-10k,I65_15_05,I65,/data/projectwork/swati_mam/new model data/kadid10k/images/I65_15_05.png,/data/projectwork/swati_mam/kadid10k/images/I65.png,Denoise,NA,5,1.47,val,noise,0.7550995,-20.493227
KADID-10k,I65_01_01,I65,/data/projectwork/swati_mam/new model data/kadid10k/images/I65_01_01.png,/data/projectwork/swati_mam/kadid10k/images/I65.png,Gaussian blur,NA,1,4.77,val,blur,28.616293,-20.529596
KADID-10k,I65_01_04,I65,/data/projectwork/swati_mam/new model data/kadid10k/images/I65_01_04.png,/data/projectwork/swati_mam/kadid10k/images/I65.png,Gaussian blur,NA,4,1.9,val,blur,9.05519,-30.8827
KADID-10k,I65_01_05,I65,/data/projectwork/swati_mam/new model data/kadid10k/images/I65_01_05.png,/data/projectwork/swati_mam/kadid10k/images/I65.png,Gaussian blur,NA,5,1.33,val,blur,-10.51843,-22.114965
KADID-10k,I65_24_01,I65,/data/projectwork/swati_mam/new model data/kadid10k/images/I65_24_01.png,/data/projectwork/swati_mam/kadid10k/images/I65.png,High sharpen,NA,1,3.67,val,HF/sharpen,25.400892,6.9581327
KADID-10k,I65_24_03,I65,/data/projectwork/swati_mam/new model data/kadid10k/images/I65_24_03.png,/data/projectwork/swati_mam/kadid10k/images/I65.png,High sharpen,NA,3,2.07,val,HF/sharpen,-9.932072,7.315623
KADID-10k,I65_24_04,I65,/data/projectwork/swati_mam/new model data/kadid10k/images/I65_24_04.png,/data/projectwork/swati_mam/kadid10k/images/I65.png,High sharpen,NA,4,2.0,val,HF/sharpen,-9.927119,7.3154287
KADID-10k,I65_13_04,I65,/data/projectwork/swati_mam/new model data/kadid10k/images/I65_13_04.png,/data/projectwork/swati_mam/kadid10k/images/I65.png,Impulse noise,NA,4,1.83,val,noise,0.9820264,-19.702793
KADID-10k,I65_10_03,I65,/data/projectwork/swati_mam/new model data/kadid10k/images/I65_10_03.png,/data/projectwork/swati_mam/kadid10k/images/I65.png,JPEG,NA,3,3.77,val,other,25.607174,-19.092772
KADID-10k,I65_10_04,I65,/data/projectwork/swati_mam/new model data/kadid10k/images/I65_10_04.png,/data/projectwork/swati_mam/kadid10k/images/I65.png,JPEG,NA,4,1.53,val,other,21.957958,-15.457159
KADID-10k,I65_09_04,I65,/data/projectwork/swati_mam/new model data/kadid10k/images/I65_09_04.png,/data/projectwork/swati_mam/kadid10k/images/I65.png,JPEG2000,NA,4,1.9,val,other,22.12765,-19.805086
KADID-10k,I65_09_05,I65,/data/projectwork/swati_mam/new model data/kadid10k/images/I65_09_05.png,/data/projectwork/swati_mam/kadid10k/images/I65.png,JPEG2000,NA,5,1.3,val,other,-0.21030216,-26.42548
KADID-10k,I65_19_01,I65,/data/projectwork/swati_mam/new model data/kadid10k/images/I65_19_01.png,/data/projectwork/swati_mam/kadid10k/images/I65.png,Jitter,NA,1,4.57,val,other,27.40676,-20.62821
KADID-10k,I65_19_04,I65,/data/projectwork/swati_mam/new model data/kadid10k/images/I65_19_04.png,/data/projectwork/swati_mam/kadid10k/images/I65.png,Jitter,NA,4,1.6,val,other,22.051609,-19.868828
KADID-10k,I65_19_05,I65,/data/projectwork/swati_mam/new model data/kadid10k/images/I65_19_05.png,/data/projectwork/swati_mam/kadid10k/images/I65.png,Jitter,NA,5,1.27,val,other,8.07326,-29.765413
KADID-10k,I65_02_01,I65,/data/projectwork/swati_mam/new model data/kadid10k/images/I65_02_01.png,/data/projectwork/swati_mam/kadid10k/images/I65.png,Lens blur,NA,1,3.53,val,blur,24.596195,-20.328472
KADID-10k,I65_02_04,I65,/data/projectwork/swati_mam/new model data/kadid10k/images/I65_02_04.png,/data/projectwork/swati_mam/kadid10k/images/I65.png,Lens blur,NA,4,1.4,val,blur,-6.3045125,-23.755693
KADID-10k,I65_02_05,I65,/data/projectwork/swati_mam/new model data/kadid10k/images/I65_02_05.png,/data/projectwork/swati_mam/kadid10k/images/I65.png,Lens blur,NA,5,1.13,val,blur,-10.580051,-22.073763
KADID-10k,I65_18_01,I65,/data/projectwork/swati_mam/new model data/kadid10k/images/I65_18_01.png,/data/projectwork/swati_mam/kadid10k/images/I65.png,Mean shift,NA,1,4.33,val,other,28.957136,-19.380552
KADID-10k,I65_18_03,I65,/data/projectwork/swati_mam/new model data/kadid10k/images/I65_18_03.png,/data/projectwork/swati_mam/kadid10k/images/I65.png,Mean shift,NA,3,4.5,val,other,28.616293,-20.529596
KADID-10k,I65_18_05,I65,/data/projectwork/swati_mam/new model data/kadid10k/images/I65_18_05.png,/data/projectwork/swati_mam/kadid10k/images/I65.png,Mean shift,NA,5,3.97,val,other,26.423939,-18.787806
KADID-10k,I65_03_01,I65,/data/projectwork/swati_mam/new model data/kadid10k/images/I65_03_01.png,/data/projectwork/swati_mam/kadid10k/images/I65.png,Motion blur,NA,1,4.7,val,blur,28.616293,-20.529596
KADID-10k,I65_03_05,I65,/data/projectwork/swati_mam/new model data/kadid10k/images/I65_03_05.png,/data/projectwork/swati_mam/kadid10k/images/I65.png,Motion blur,NA,5,1.5,val,blur,10.370787,-30.79407
KADID-10k,I65_14_02,I65,/data/projectwork/swati_mam/new model data/kadid10k/images/I65_14_02.png,/data/projectwork/swati_mam/kadid10k/images/I65.png,Multiplicative noise,NA,2,3.07,val,noise,26.184633,-19.78076
KADID-10k,I65_20_01,I65,/data/projectwork/swati_mam/new model data/kadid10k/images/I65_20_01.png,/data/projectwork/swati_mam/kadid10k/images/I65.png,Non-eccentricity patch,NA,1,4.6,val,other,28.172903,-20.199474
KADID-10k,I65_20_03,I65,/data/projectwork/swati_mam/new model data/kadid10k/images/I65_20_03.png,/data/projectwork/swati_mam/kadid10k/images/I65.png,Non-eccentricity patch,NA,3,4.2,val,other,29.160488,-21.704226
KADID-10k,I65_20_04,I65,/data/projectwork/swati_mam/new model data/kadid10k/images/I65_20_04.png,/data/projectwork/swati_mam/kadid10k/images/I65.png,Non-eccentricity patch,NA,4,4.3,val,other,29.144636,-20.97228
KADID-10k,I65_21_01,I65,/data/projectwork/swati_mam/new model data/kadid10k/images/I65_21_01.png,/data/projectwork/swati_mam/kadid10k/images/I65.png,Pixelate,NA,1,3.9,val,other,28.920202,-21.963875
KADID-10k,I65_21_04,I65,/data/projectwork/swati_mam/new model data/kadid10k/images/I65_21_04.png,/data/projectwork/swati_mam/kadid10k/images/I65.png,Pixelate,NA,4,2.33,val,other,25.85388,-18.731256
KADID-10k,I65_22_01,I65,/data/projectwork/swati_mam/new model data/kadid10k/images/I65_22_01.png,/data/projectwork/swati_mam/kadid10k/images/I65.png,Quantization,NA,1,4.5,val,other,27.159288,-19.680632
KADID-10k,I65_22_02,I65,/data/projectwork/swati_mam/new model data/kadid10k/images/I65_22_02.png,/data/projectwork/swati_mam/kadid10k/images/I65.png,Quantization,NA,2,3.53,val,other,26.254898,-19.239546
KADID-10k,I65_22_03,I65,/data/projectwork/swati_mam/new model data/kadid10k/images/I65_22_03.png,/data/projectwork/swati_mam/kadid10k/images/I65.png,Quantization,NA,3,3.2,val,other,24.460073,-18.489046
KADID-10k,I65_22_04,I65,/data/projectwork/swati_mam/new model data/kadid10k/images/I65_22_04.png,/data/projectwork/swati_mam/kadid10k/images/I65.png,Quantization,NA,4,2.83,val,other,22.179998,-16.559786
KADID-10k,I65_22_05,I65,/data/projectwork/swati_mam/new model data/kadid10k/images/I65_22_05.png,/data/projectwork/swati_mam/kadid10k/images/I65.png,Quantization,NA,5,2.17,val,other,-7.057614,-7.1417685
KADID-10k,I65_11_02,I65,/data/projectwork/swati_mam/new model data/kadid10k/images/I65_11_02.png,/data/projectwork/swati_mam/kadid10k/images/I65.png,White noise,NA,2,3.17,val,noise,21.984303,-16.550285
KADID-10k,I65_11_03,I65,/data/projectwork/swati_mam/new model data/kadid10k/images/I65_11_03.png,/data/projectwork/swati_mam/kadid10k/images/I65.png,White noise,NA,3,2.73,val,noise,21.574636,-16.487677
KADID-10k,I65_11_04,I65,/data/projectwork/swati_mam/new model data/kadid10k/images/I65_11_04.png,/data/projectwork/swati_mam/kadid10k/images/I65.png,White noise,NA,4,2.33,val,noise,0.80457455,-20.525013
KADID-10k,I65_12_02,I65,/data/projectwork/swati_mam/new model data/kadid10k/images/I65_12_02.png,/data/projectwork/swati_mam/kadid10k/images/I65.png,White noise in color component,NA,2,3.47,val,noise,21.950428,-16.975882
KADID-10k,I65_12_05,I65,/data/projectwork/swati_mam/new model data/kadid10k/images/I65_12_05.png,/data/projectwork/swati_mam/kadid10k/images/I65.png,White noise in color component,NA,5,1.9,val,noise,-8.304305,-15.374837
KADID-10k,I74_16_01,I74,/data/projectwork/swati_mam/new model data/kadid10k/images/I74_16_01.png,/data/projectwork/swati_mam/kadid10k/images/I74.png,Brighten,NA,1,4.3,val,other,-2.8666875,50.50414
KADID-10k,I74_16_04,I74,/data/projectwork/swati_mam/new model data/kadid10k/images/I74_16_04.png,/data/projectwork/swati_mam/kadid10k/images/I74.png,Brighten,NA,4,2.6,val,other,-0.06065772,45.03267
KADID-10k,I74_23_02,I74,/data/projectwork/swati_mam/new model data/kadid10k/images/I74_23_02.png,/data/projectwork/swati_mam/kadid10k/images/I74.png,Color block,NA,2,2.3,val,other,-2.4558382,51.546307
KADID-10k,I74_23_03,I74,/data/projectwork/swati_mam/new model data/kadid10k/images/I74_23_03.png,/data/projectwork/swati_mam/kadid10k/images/I74.png,Color block,NA,3,2.23,val,other,-3.357075,51.896313
KADID-10k,I74_23_05,I74,/data/projectwork/swati_mam/new model data/kadid10k/images/I74_23_05.png,/data/projectwork/swati_mam/kadid10k/images/I74.png,Color block,NA,5,2.03,val,other,-2.1011424,52.854145
KADID-10k,I74_04_03,I74,/data/projectwork/swati_mam/new model data/kadid10k/images/I74_04_03.png,/data/projectwork/swati_mam/kadid10k/images/I74.png,Color diffusion,NA,3,2.47,val,other,-1.3623016,46.103687
KADID-10k,I74_04_04,I74,/data/projectwork/swati_mam/new model data/kadid10k/images/I74_04_04.png,/data/projectwork/swati_mam/kadid10k/images/I74.png,Color diffusion,NA,4,2.13,val,other,-1.4578419,45.77334
KADID-10k,I74_06_03,I74,/data/projectwork/swati_mam/new model data/kadid10k/images/I74_06_03.png,/data/projectwork/swati_mam/kadid10k/images/I74.png,Color quantization,NA,3,4.1,val,other,-4.2956076,51.601936
KADID-10k,I74_06_05,I74,/data/projectwork/swati_mam/new model data/kadid10k/images/I74_06_05.png,/data/projectwork/swati_mam/kadid10k/images/I74.png,Color quantization,NA,5,2.77,val,other,-4.7835684,51.85557
KADID-10k,I74_07_02,I74,/data/projectwork/swati_mam/new model data/kadid10k/images/I74_07_02.png,/data/projectwork/swati_mam/kadid10k/images/I74.png,Color saturation 1,NA,2,2.33,val,other,-3.1210568,49.800125
KADID-10k,I74_08_02,I74,/data/projectwork/swati_mam/new model data/kadid10k/images/I74_08_02.png,/data/projectwork/swati_mam/kadid10k/images/I74.png,Color saturation 2,NA,2,3.0,val,other,-3.8320608,51.338047
KADID-10k,I74_05_03,I74,/data/projectwork/swati_mam/new model data/kadid10k/images/I74_05_03.png,/data/projectwork/swati_mam/kadid10k/images/I74.png,Color shift,NA,3,1.8,val,other,-0.14960645,48.401554
KADID-10k,I74_05_05,I74,/data/projectwork/swati_mam/new model data/kadid10k/images/I74_05_05.png,/data/projectwork/swati_mam/kadid10k/images/I74.png,Color shift,NA,5,1.3,val,other,1.0439003,46.84951
KADID-10k,I74_25_01,I74,/data/projectwork/swati_mam/new model data/kadid10k/images/I74_25_01.png,/data/projectwork/swati_mam/kadid10k/images/I74.png,Contrast change,NA,1,3.5,val,other,-4.9872866,53.27672
KADID-10k,I74_25_02,I74,/data/projectwork/swati_mam/new model data/kadid10k/images/I74_25_02.png,/data/projectwork/swati_mam/kadid10k/images/I74.png,Contrast change,NA,2,3.87,val,other,-4.885045,53.171017
KADID-10k,I74_25_04,I74,/data/projectwork/swati_mam/new model data/kadid10k/images/I74_25_04.png,/data/projectwork/swati_mam/kadid10k/images/I74.png,Contrast change,NA,4,3.9,val,other,-1.060643,49.484146
KADID-10k,I74_25_05,I74,/data/projectwork/swati_mam/new model data/kadid10k/images/I74_25_05.png,/data/projectwork/swati_mam/kadid10k/images/I74.png,Contrast change,NA,5,3.03,val,other,0.58439386,47.1371
KADID-10k,I74_17_01,I74,/data/projectwork/swati_mam/new model data/kadid10k/images/I74_17_01.png,/data/projectwork/swati_mam/kadid10k/images/I74.png,Darken,NA,1,4.8,val,other,-3.3216035,52.151302
KADID-10k,I74_17_05,I74,/data/projectwork/swati_mam/new model data/kadid10k/images/I74_17_05.png,/data/projectwork/swati_mam/kadid10k/images/I74.png,Darken,NA,5,2.67,val,other,-3.1872444,48.370354
KADID-10k,I74_15_01,I74,/data/projectwork/swati_mam/new model data/kadid10k/images/I74_15_01.png,/data/projectwork/swati_mam/kadid10k/images/I74.png,Denoise,NA,1,4.07,val,noise,-1.061721,48.59804
KADID-10k,I74_15_04,I74,/data/projectwork/swati_mam/new model data/kadid10k/images/I74_15_04.png,/data/projectwork/swati_mam/kadid10k/images/I74.png,Denoise,NA,4,1.93,val,noise,0.70606685,44.95814
KADID-10k,I74_01_03,I74,/data/projectwork/swati_mam/new model data/kadid10k/images/I74_01_03.png,/data/projectwork/swati_mam/kadid10k/images/I74.png,Gaussian blur,NA,3,3.0,val,blur,0.46438384,48.169056
KADID-10k,I74_01_04,I74,/data/projectwork/swati_mam/new model data/kadid10k/images/I74_01_04.png,/data/projectwork/swati_mam/kadid10k/images/I74.png,Gaussian blur,NA,4,2.1,val,blur,1.8792776,45.62868
KADID-10k,I74_01_05,I74,/data/projectwork/swati_mam/new model data/kadid10k/images/I74_01_05.png,/data/projectwork/swati_mam/kadid10k/images/I74.png,Gaussian blur,NA,5,1.4,val,blur,-3.1709795,-20.786278
KADID-10k,I74_13_01,I74,/data/projectwork/swati_mam/new model data/kadid10k/images/I74_13_01.png,/data/projectwork/swati_mam/kadid10k/images/I74.png,Impulse noise,NA,1,4.2,val,noise,-3.050046,51.81546
KADID-10k,I74_13_03,I74,/data/projectwork/swati_mam/new model data/kadid10k/images/I74_13_03.png,/data/projectwork/swati_mam/kadid10k/images/I74.png,Impulse noise,NA,3,3.0,val,noise,-0.85661083,45.956314
KADID-10k,I74_13_05,I74,/data/projectwork/swati_mam/new model data/kadid10k/images/I74_13_05.png,/data/projectwork/swati_mam/kadid10k/images/I74.png,Impulse noise,NA,5,2.13,val,noise,-6.3162317,-1.7682157
KADID-10k,I74_10_01,I74,/data/projectwork/swati_mam/new model data/kadid10k/images/I74_10_01.png,/data/projectwork/swati_mam/kadid10k/images/I74.png,JPEG,NA,1,4.37,val,other,-2.3304799,50.437344
KADID-10k,I74_10_03,I74,/data/projectwork/swati_mam/new model data/kadid10k/images/I74_10_03.png,/data/projectwork/swati_mam/kadid10k/images/I74.png,JPEG,NA,3,4.13,val,other,-2.2924173,50.08795
KADID-10k,I74_10_04,I74,/data/projectwork/swati_mam/new model data/kadid10k/images/I74_10_04.png,/data/projectwork/swati_mam/kadid10k/images/I74.png,JPEG,NA,4,2.9,val,other,-0.5547096,45.388336
KADID-10k,I74_09_02,I74,/data/projectwork/swati_mam/new model data/kadid10k/images/I74_09_02.png,/data/projectwork/swati_mam/kadid10k/images/I74.png,JPEG2000,NA,2,4.57,val,other,-1.869495,49.277805
KADID-10k,I74_19_01,I74,/data/projectwork/swati_mam/new model data/kadid10k/images/I74_19_01.png,/data/projectwork/swati_mam/kadid10k/images/I74.png,Jitter,NA,1,4.33,val,other,-2.3514314,51.15179
KADID-10k,I74_19_02,I74,/data/projectwork/swati_mam/new model data/kadid10k/images/I74_19_02.png,/data/projectwork/swati_mam/kadid10k/images/I74.png,Jitter,NA,2,4.1,val,other,-1.4489299,49.777817
KADID-10k,I74_19_03,I74,/data/projectwork/swati_mam/new model data/kadid10k/images/I74_19_03.png,/data/projectwork/swati_mam/kadid10k/images/I74.png,Jitter,NA,3,2.73,val,other,-0.16481282,47.43595
KADID-10k,I74_19_05,I74,/data/projectwork/swati_mam/new model data/kadid10k/images/I74_19_05.png,/data/projectwork/swati_mam/kadid10k/images/I74.png,Jitter,NA,5,1.53,val,other,2.8104935,-16.064322
KADID-10k,I74_02_01,I74,/data/projectwork/swati_mam/new model data/kadid10k/images/I74_02_01.png,/data/projectwork/swati_mam/kadid10k/images/I74.png,Lens blur,NA,1,4.1,val,blur,-1.0985795,50.16506
KADID-10k,I74_02_04,I74,/data/projectwork/swati_mam/new model data/kadid10k/images/I74_02_04.png,/data/projectwork/swati_mam/kadid10k/images/I74.png,Lens blur,NA,4,1.37,val,blur,2.7355661,-15.958367
KADID-10k,I74_18_01,I74,/data/projectwork/swati_mam/new model data/kadid10k/images/I74_18_01.png,/data/projectwork/swati_mam/kadid10k/images/I74.png,Mean shift,NA,1,4.2,val,other,-4.0466914,50.76418
KADID-10k,I74_18_05,I74,/data/projectwork/swati_mam/new model data/kadid10k/images/I74_18_05.png,/data/projectwork/swati_mam/kadid10k/images/I74.png,Mean shift,NA,5,3.87,val,other,-4.0985594,52.70878
KADID-10k,I74_03_02,I74,/data/projectwork/swati_mam/new model data/kadid10k/images/I74_03_02.png,/data/projectwork/swati_mam/kadid10k/images/I74.png,Motion blur,NA,2,4.33,val,blur,-1.454784,50.21545
KADID-10k,I74_03_03,I74,/data/projectwork/swati_mam/new model data/kadid10k/images/I74_03_03.png,/data/projectwork/swati_mam/kadid10k/images/I74.png,Motion blur,NA,3,3.0,val,blur,0.79171544,47.628742
KADID-10k,I74_14_01,I74,/data/projectwork/swati_mam/new model data/kadid10k/images/I74_14_01.png,/data/projectwork/swati_mam/kadid10k/images/I74.png,Multiplicative noise,NA,1,4.67,val,noise,-3.0458815,51.124493
KADID-10k,I74_14_02,I74,/data/projectwork/swati_mam/new model data/kadid10k/images/I74_14_02.png,/data/projectwork/swati_mam/kadid10k/images/I74.png,Multiplicative noise,NA,2,4.3,val,noise,-2.3066924,49.635273
KADID-10k,I74_14_03,I74,/data/projectwork/swati_mam/new model data/kadid10k/images/I74_14_03.png,/data/projectwork/swati_mam/kadid10k/images/I74.png,Multiplicative noise,NA,3,3.73,val,noise,-2.1885045,47.996155
KADID-10k,I74_14_04,I74,/data/projectwork/swati_mam/new model data/kadid10k/images/I74_14_04.png,/data/projectwork/swati_mam/kadid10k/images/I74.png,Multiplicative noise,NA,4,3.0,val,noise,-1.0693791,44.924355
KADID-10k,I74_20_01,I74,/data/projectwork/swati_mam/new model data/kadid10k/images/I74_20_01.png,/data/projectwork/swati_mam/kadid10k/images/I74.png,Non-eccentricity patch,NA,1,4.3,val,other,-3.6430418,52.016
KADID-10k,I74_20_02,I74,/data/projectwork/swati_mam/new model data/kadid10k/images/I74_20_02.png,/data/projectwork/swati_mam/kadid10k/images/I74.png,Non-eccentricity patch,NA,2,3.67,val,other,-0.9760128,50.77318
KADID-10k,I74_20_04,I74,/data/projectwork/swati_mam/new model data/kadid10k/images/I74_20_04.png,/data/projectwork/swati_mam/kadid10k/images/I74.png,Non-eccentricity patch,NA,4,3.1,val,other,-1.232364,51.032055
KADID-10k,I74_21_01,I74,/data/projectwork/swati_mam/new model data/kadid10k/images/I74_21_01.png,/data/projectwork/swati_mam/kadid10k/images/I74.png,Pixelate,NA,1,3.93,val,other,-2.3196592,53.307514
KADID-10k,I74_21_02,I74,/data/projectwork/swati_mam/new model data/kadid10k/images/I74_21_02.png,/data/projectwork/swati_mam/kadid10k/images/I74.png,Pixelate,NA,2,3.23,val,other,-1.6111112,52.410435
KADID-10k,I74_21_03,I74,/data/projectwork/swati_mam/new model data/kadid10k/images/I74_21_03.png,/data/projectwork/swati_mam/kadid10k/images/I74.png,Pixelate,NA,3,2.27,val,other,-1.7300936,48.356586
KADID-10k,I74_21_04,I74,/data/projectwork/swati_mam/new model data/kadid10k/images/I74_21_04.png,/data/projectwork/swati_mam/kadid10k/images/I74.png,Pixelate,NA,4,2.43,val,other,-0.77287996,47.802322
KADID-10k,I74_21_05,I74,/data/projectwork/swati_mam/new model data/kadid10k/images/I74_21_05.png,/data/projectwork/swati_mam/kadid10k/images/I74.png,Pixelate,NA,5,1.47,val,other,1.2434194,44.485863
KADID-10k,I74_22_01,I74,/data/projectwork/swati_mam/new model data/kadid10k/images/I74_22_01.png,/data/projectwork/swati_mam/kadid10k/images/I74.png,Quantization,NA,1,4.43,val,other,-2.9017825,50.233032
KADID-10k,I74_22_02,I74,/data/projectwork/swati_mam/new model data/kadid10k/images/I74_22_02.png,/data/projectwork/swati_mam/kadid10k/images/I74.png,Quantization,NA,2,4.5,val,other,-2.603594,48.75666
KADID-10k,I74_22_05,I74,/data/projectwork/swati_mam/new model data/kadid10k/images/I74_22_05.png,/data/projectwork/swati_mam/kadid10k/images/I74.png,Quantization,NA,5,3.67,val,other,-0.08160952,45.956833
KADID-10k,I74_11_01,I74,/data/projectwork/swati_mam/new model data/kadid10k/images/I74_11_01.png,/data/projectwork/swati_mam/kadid10k/images/I74.png,White noise,NA,1,4.4,val,noise,-2.519671,49.03794
KADID-10k,I74_11_03,I74,/data/projectwork/swati_mam/new model data/kadid10k/images/I74_11_03.png,/data/projectwork/swati_mam/kadid10k/images/I74.png,White noise,NA,3,3.73,val,noise,-0.42641652,45.818336
KADID-10k,I74_11_05,I74,/data/projectwork/swati_mam/new model data/kadid10k/images/I74_11_05.png,/data/projectwork/swati_mam/kadid10k/images/I74.png,White noise,NA,5,3.23,val,noise,-6.3202357,-1.8382406
KADID-10k,I74_12_01,I74,/data/projectwork/swati_mam/new model data/kadid10k/images/I74_12_01.png,/data/projectwork/swati_mam/kadid10k/images/I74.png,White noise in color component,NA,1,4.37,val,noise,-3.1429048,50.716385
KADID-10k,I74_12_03,I74,/data/projectwork/swati_mam/new model data/kadid10k/images/I74_12_03.png,/data/projectwork/swati_mam/kadid10k/images/I74.png,White noise in color component,NA,3,4.0,val,noise,-0.58092356,45.123173
KADID-10k,I74_12_05,I74,/data/projectwork/swati_mam/new model data/kadid10k/images/I74_12_05.png,/data/projectwork/swati_mam/kadid10k/images/I74.png,White noise in color component,NA,5,3.19,val,noise,-6.294872,-1.8053036
KADID-10k,I77_16_02,I77,/data/projectwork/swati_mam/new model data/kadid10k/images/I77_16_02.png,/data/projectwork/swati_mam/kadid10k/images/I77.png,Brighten,NA,2,4.13,val,other,23.719984,3.8090281
KADID-10k,I77_16_03,I77,/data/projectwork/swati_mam/new model data/kadid10k/images/I77_16_03.png,/data/projectwork/swati_mam/kadid10k/images/I77.png,Brighten,NA,3,3.77,val,other,22.251625,2.5764372
KADID-10k,I77_23_04,I77,/data/projectwork/swati_mam/new model data/kadid10k/images/I77_23_04.png,/data/projectwork/swati_mam/kadid10k/images/I77.png,Color block,NA,4,2.17,val,other,24.188673,5.0089025
KADID-10k,I77_23_05,I77,/data/projectwork/swati_mam/new model data/kadid10k/images/I77_23_05.png,/data/projectwork/swati_mam/kadid10k/images/I77.png,Color block,NA,5,2.27,val,other,22.214434,3.9039884
KADID-10k,I77_04_02,I77,/data/projectwork/swati_mam/new model data/kadid10k/images/I77_04_02.png,/data/projectwork/swati_mam/kadid10k/images/I77.png,Color diffusion,NA,2,1.93,val,other,6.865768,-8.149686
KADID-10k,I77_04_03,I77,/data/projectwork/swati_mam/new model data/kadid10k/images/I77_04_03.png,/data/projectwork/swati_mam/kadid10k/images/I77.png,Color diffusion,NA,3,1.43,val,other,-6.153448,-9.001105
KADID-10k,I77_04_04,I77,/data/projectwork/swati_mam/new model data/kadid10k/images/I77_04_04.png,/data/projectwork/swati_mam/kadid10k/images/I77.png,Color diffusion,NA,4,1.33,val,other,-6.2543163,-8.913783
KADID-10k,I77_06_01,I77,/data/projectwork/swati_mam/new model data/kadid10k/images/I77_06_01.png,/data/projectwork/swati_mam/kadid10k/images/I77.png,Color quantization,NA,1,4.37,val,other,19.365416,2.646811
KADID-10k,I77_06_04,I77,/data/projectwork/swati_mam/new model data/kadid10k/images/I77_06_04.png,/data/projectwork/swati_mam/kadid10k/images/I77.png,Color quantization,NA,4,3.27,val,other,9.253599,-6.745916
KADID-10k,I77_06_05,I77,/data/projectwork/swati_mam/new model data/kadid10k/images/I77_06_05.png,/data/projectwork/swati_mam/kadid10k/images/I77.png,Color quantization,NA,5,2.73,val,other,8.63017,-6.8042097
KADID-10k,I77_07_01,I77,/data/projectwork/swati_mam/new model data/kadid10k/images/I77_07_01.png,/data/projectwork/swati_mam/kadid10k/images/I77.png,Color saturation 1,NA,1,2.37,val,other,21.599619,4.5805287
KADID-10k,I77_07_02,I77,/data/projectwork/swati_mam/new model data/kadid10k/images/I77_07_02.png,/data/projectwork/swati_mam/kadid10k/images/I77.png,Color saturation 1,NA,2,2.3,val,other,18.994093,4.638948
KADID-10k,I77_07_04,I77,/data/projectwork/swati_mam/new model data/kadid10k/images/I77_07_04.png,/data/projectwork/swati_mam/kadid10k/images/I77.png,Color saturation 1,NA,4,2.23,val,other,18.664785,4.6855617
KADID-10k,I77_07_05,I77,/data/projectwork/swati_mam/new model data/kadid10k/images/I77_07_05.png,/data/projectwork/swati_mam/kadid10k/images/I77.png,Color saturation 1,NA,5,1.77,val,other,10.098515,9.400919
KADID-10k,I77_05_02,I77,/data/projectwork/swati_mam/new model data/kadid10k/images/I77_05_02.png,/data/projectwork/swati_mam/kadid10k/images/I77.png,Color shift,NA,2,2.57,val,other,17.726225,-10.349468
KADID-10k,I77_05_04,I77,/data/projectwork/swati_mam/new model data/kadid10k/images/I77_05_04.png,/data/projectwork/swati_mam/kadid10k/images/I77.png,Color shift,NA,4,2.3,val,other,16.994074,-10.64281
KADID-10k,I77_05_05,I77,/data/projectwork/swati_mam/new model data/kadid10k/images/I77_05_05.png,/data/projectwork/swati_mam/kadid10k/images/I77.png,Color shift,NA,5,2.33,val,other,17.067991,-10.625307
KADID-10k,I77_25_01,I77,/data/projectwork/swati_mam/new model data/kadid10k/images/I77_25_01.png,/data/projectwork/swati_mam/kadid10k/images/I77.png,Contrast change,NA,1,3.83,val,other,21.379404,6.4339375
KADID-10k,I77_25_02,I77,/data/projectwork/swati_mam/new model data/kadid10k/images/I77_25_02.png,/data/projectwork/swati_mam/kadid10k/images/I77.png,Contrast change,NA,2,3.87,val,other,22.191475,5.8987017
KADID-10k,I77_25_03,I77,/data/projectwork/swati_mam/new model data/kadid10k/images/I77_25_03.png,/data/projectwork/swati_mam/kadid10k/images/I77.png,Contrast change,NA,3,4.4,val,other,22.988897,5.322669
KADID-10k,I77_25_04,I77,/data/projectwork/swati_mam/new model data/kadid10k/images/I77_25_04.png,/data/projectwork/swati_mam/kadid10k/images/I77.png,Contrast change,NA,4,4.17,val,other,25.312433,5.1923823
KADID-10k,I77_25_05,I77,/data/projectwork/swati_mam/new model data/kadid10k/images/I77_25_05.png,/data/projectwork/swati_mam/kadid10k/images/I77.png,Contrast change,NA,5,3.7,val,other,25.023584,5.157409
KADID-10k,I77_17_01,I77,/data/projectwork/swati_mam/new model data/kadid10k/images/I77_17_01.png,/data/projectwork/swati_mam/kadid10k/images/I77.png,Darken,NA,1,4.5,val,other,24.660576,5.679661
KADID-10k,I77_17_04,I77,/data/projectwork/swati_mam/new model data/kadid10k/images/I77_17_04.png,/data/projectwork/swati_mam/kadid10k/images/I77.png,Darken,NA,4,3.77,val,other,24.100292,6.662106
KADID-10k,I77_15_05,I77,/data/projectwork/swati_mam/new model data/kadid10k/images/I77_15_05.png,/data/projectwork/swati_mam/kadid10k/images/I77.png,Denoise,NA,5,1.73,val,noise,5.5556927,-23.794088
KADID-10k,I77_01_02,I77,/data/projectwork/swati_mam/new model data/kadid10k/images/I77_01_02.png,/data/projectwork/swati_mam/kadid10k/images/I77.png,Gaussian blur,NA,2,4.6,val,blur,24.569004,3.1646018
KADID-10k,I77_01_03,I77,/data/projectwork/swati_mam/new model data/kadid10k/images/I77_01_03.png,/data/projectwork/swati_mam/kadid10k/images/I77.png,Gaussian blur,NA,3,2.87,val,blur,19.628895,-12.8090315
KADID-10k,I77_01_05,I77,/data/projectwork/swati_mam/new model data/kadid10k/images/I77_01_05.png,/data/projectwork/swati_mam/kadid10k/images/I77.png,Gaussian blur,NA,5,1.43,val,blur,-10.017375,-21.97043
KADID-10k,I77_24_01,I77,/data/projectwork/swati_mam/new model data/kadid10k/images/I77_24_01.png,/data/projectwork/swati_mam/kadid10k/images/I77.png,High sharpen,NA,1,4.03,val,HF/sharpen,-2.4716434,23.15915
KADID-10k,I77_24_03,I77,/data/projectwork/swati_mam/new model data/kadid10k/images/I77_24_03.png,/data/projectwork/swati_mam/kadid10k/images/I77.png,High sharpen,NA,3,2.17,val,HF/sharpen,-6.6344156,18.991455
KADID-10k,I77_24_05,I77,/data/projectwork/swati_mam/new model data/kadid10k/images/I77_24_05.png,/data/projectwork/swati_mam/kadid10k/images/I77.png,High sharpen,NA,5,1.27,val,HF/sharpen,-13.406764,-4.4110813
KADID-10k,I77_13_01,I77,/data/projectwork/swati_mam/new model data/kadid10k/images/I77_13_01.png,/data/projectwork/swati_mam/kadid10k/images/I77.png,Impulse noise,NA,1,3.6,val,noise,23.405962,4.72386
KADID-10k,I77_13_04,I77,/data/projectwork/swati_mam/new model data/kadid10k/images/I77_13_04.png,/data/projectwork/swati_mam/kadid10k/images/I77.png,Impulse noise,NA,4,2.3,val,noise,-7.6467886,-5.562669
KADID-10k,I77_13_05,I77,/data/projectwork/swati_mam/new model data/kadid10k/images/I77_13_05.png,/data/projectwork/swati_mam/kadid10k/images/I77.png,Impulse noise,NA,5,2.07,val,noise,-8.012626,-5.952682
KADID-10k,I77_10_01,I77,/data/projectwork/swati_mam/new model data/kadid10k/images/I77_10_01.png,/data/projectwork/swati_mam/kadid10k/images/I77.png,JPEG,NA,1,4.47,val,other,23.04507,3.3632836
KADID-10k,I77_10_02,I77,/data/projectwork/swati_mam/new model data/kadid10k/images/I77_10_02.png,/data/projectwork/swati_mam/kadid10k/images/I77.png,JPEG,NA,2,4.37,val,other,22.470154,2.97677
KADID-10k,I77_10_03,I77,/data/projectwork/swati_mam/new model data/kadid10k/images/I77_10_03.png,/data/projectwork/swati_mam/kadid10k/images/I77.png,JPEG,NA,3,4.3,val,other,21.765106,2.5827982
KADID-10k,I77_10_05,I77,/data/projectwork/swati_mam/new model data/kadid10k/images/I77_10_05.png,/data/projectwork/swati_mam/kadid10k/images/I77.png,JPEG,NA,5,1.39,val,other,12.877789,-9.189614
KADID-10k,I77_09_01,I77,/data/projectwork/swati_mam/new model data/kadid10k/images/I77_09_01.png,/data/projectwork/swati_mam/kadid10k/images/I77.png,JPEG2000,NA,1,4.83,val,other,24.442118,4.5392895
KADID-10k,I77_09_03,I77,/data/projectwork/swati_mam/new model data/kadid10k/images/I77_09_03.png,/data/projectwork/swati_mam/kadid10k/images/I77.png,JPEG2000,NA,3,3.83,val,other,25.544249,2.622952
KADID-10k,I77_09_04,I77,/data/projectwork/swati_mam/new model data/kadid10k/images/I77_09_04.png,/data/projectwork/swati_mam/kadid10k/images/I77.png,JPEG2000,NA,4,2.27,val,other,20.754522,-9.772065
KADID-10k,I77_09_05,I77,/data/projectwork/swati_mam/new model data/kadid10k/images/I77_09_05.png,/data/projectwork/swati_mam/kadid10k/images/I77.png,JPEG2000,NA,5,1.39,val,other,-6.9831758,-21.499838
KADID-10k,I77_19_01,I77,/data/projectwork/swati_mam/new model data/kadid10k/images/I77_19_01.png,/data/projectwork/swati_mam/kadid10k/images/I77.png,Jitter,NA,1,4.1,val,other,25.697794,4.425826
KADID-10k,I77_19_02,I77,/data/projectwork/swati_mam/new model data/kadid10k/images/I77_19_02.png,/data/projectwork/swati_mam/kadid10k/images/I77.png,Jitter,NA,2,4.1,val,other,25.905823,3.5237765
KADID-10k,I77_19_04,I77,/data/projectwork/swati_mam/new model data/kadid10k/images/I77_19_04.png,/data/projectwork/swati_mam/kadid10k/images/I77.png,Jitter,NA,4,2.23,val,other,19.624039,-13.024417
KADID-10k,I77_02_01,I77,/data/projectwork/swati_mam/new model data/kadid10k/images/I77_02_01.png,/data/projectwork/swati_mam/kadid10k/images/I77.png,Lens blur,NA,1,3.81,val,blur,24.077042,1.4251627
KADID-10k,I77_02_02,I77,/data/projectwork/swati_mam/new model data/kadid10k/images/I77_02_02.png,/data/projectwork/swati_mam/kadid10k/images/I77.png,Lens blur,NA,2,2.8,val,blur,19.384739,-13.26813
KADID-10k,I77_02_04,I77,/data/projectwork/swati_mam/new model data/kadid10k/images/I77_02_04.png,/data/projectwork/swati_mam/kadid10k/images/I77.png,Lens blur,NA,4,1.47,val,blur,-7.540971,-22.55695
KADID-10k,I77_02_05,I77,/data/projectwork/swati_mam/new model data/kadid10k/images/I77_02_05.png,/data/projectwork/swati_mam/kadid10k/images/I77.png,Lens blur,NA,5,1.47,val,blur,-9.555202,-22.191828
KADID-10k,I77_18_01,I77,/data/projectwork/swati_mam/new model data/kadid10k/images/I77_18_01.png,/data/projectwork/swati_mam/kadid10k/images/I77.png,Mean shift,NA,1,4.4,val,other,23.022507,4.658113
KADID-10k,I77_18_02,I77,/data/projectwork/swati_mam/new model data/kadid10k/images/I77_18_02.png,/data/projectwork/swati_mam/kadid10k/images/I77.png,Mean shift,NA,2,4.7,val,other,23.952847,5.159935
KADID-10k,I77_18_04,I77,/data/projectwork/swati_mam/new model data/kadid10k/images/I77_18_04.png,/data/projectwork/swati_mam/kadid10k/images/I77.png,Mean shift,NA,4,4.37,val,other,21.356602,5.95862
KADID-10k,I77_18_05,I77,/data/projectwork/swati_mam/new model data/kadid10k/images/I77_18_05.png,/data/projectwork/swati_mam/kadid10k/images/I77.png,Mean shift,NA,5,4.13,val,other,21.08054,6.322665
KADID-10k,I77_03_01,I77,/data/projectwork/swati_mam/new model data/kadid10k/images/I77_03_01.png,/data/projectwork/swati_mam/kadid10k/images/I77.png,Motion blur,NA,1,4.65,val,blur,24.486948,5.2018237
KADID-10k,I77_03_02,I77,/data/projectwork/swati_mam/new model data/kadid10k/images/I77_03_02.png,/data/projectwork/swati_mam/kadid10k/images/I77.png,Motion blur,NA,2,4.07,val,blur,24.638401,2.7778502
KADID-10k,I77_03_04,I77,/data/projectwork/swati_mam/new model data/kadid10k/images/I77_03_04.png,/data/projectwork/swati_mam/kadid10k/images/I77.png,Motion blur,NA,4,2.07,val,blur,19.343102,-13.381726
KADID-10k,I77_14_01,I77,/data/projectwork/swati_mam/new model data/kadid10k/images/I77_14_01.png,/data/projectwork/swati_mam/kadid10k/images/I77.png,Multiplicative noise,NA,1,4.57,val,noise,23.780176,4.470531
KADID-10k,I77_14_03,I77,/data/projectwork/swati_mam/new model data/kadid10k/images/I77_14_03.png,/data/projectwork/swati_mam/kadid10k/images/I77.png,Multiplicative noise,NA,3,3.63,val,noise,19.428015,2.806025
KADID-10k,I77_14_04,I77,/data/projectwork/swati_mam/new model data/kadid10k/images/I77_14_04.png,/data/projectwork/swati_mam/kadid10k/images/I77.png,Multiplicative noise,NA,4,3.0,val,noise,9.678351,-6.2394843
KADID-10k,I77_20_02,I77,/data/projectwork/swati_mam/new model data/kadid10k/images/I77_20_02.png,/data/projectwork/swati_mam/kadid10k/images/I77.png,Non-eccentricity patch,NA,2,4.17,val,other,23.316988,5.644576
KADID-10k,I77_20_03,I77,/data/projectwork/swati_mam/new model data/kadid10k/images/I77_20_03.png,/data/projectwork/swati_mam/kadid10k/images/I77.png,Non-eccentricity patch,NA,3,4.17,val,other,23.898478,5.5415535
KADID-10k,I77_20_04,I77,/data/projectwork/swati_mam/new model data/kadid10k/images/I77_20_04.png,/data/projectwork/swati_mam/kadid10k/images/I77.png,Non-eccentricity patch,NA,4,4.03,val,other,22.08231,3.6637704
KADID-10k,I77_21_01,I77,/data/projectwork/swati_mam/new model data/kadid10k/images/I77_21_01.png,/data/projectwork/swati_mam/kadid10k/images/I77.png,Pixelate,NA,1,3.93,val,other,25.690105,3.4071722
KADID-10k,I77_21_02,I77,/data/projectwork/swati_mam/new model data/kadid10k/images/I77_21_02.png,/data/projectwork/swati_mam/kadid10k/images/I77.png,Pixelate,NA,2,3.0,val,other,25.685207,3.3876944
KADID-10k,I77_21_04,I77,/data/projectwork/swati_mam/new model data/kadid10k/images/I77_21_04.png,/data/projectwork/swati_mam/kadid10k/images/I77.png,Pixelate,NA,4,2.7,val,other,23.05219,2.4210885
KADID-10k,I77_21_05,I77,/data/projectwork/swati_mam/new model data/kadid10k/images/I77_21_05.png,/data/projectwork/swati_mam/kadid10k/images/I77.png,Pixelate,NA,5,1.77,val,other,20.530369,-9.555257
KADID-10k,I77_22_01,I77,/data/projectwork/swati_mam/new model data/kadid10k/images/I77_22_01.png,/data/projectwork/swati_mam/kadid10k/images/I77.png,Quantization,NA,1,4.6,val,other,21.880415,3.125661
KADID-10k,I77_22_03,I77,/data/projectwork/swati_mam/new model data/kadid10k/images/I77_22_03.png,/data/projectwork/swati_mam/kadid10k/images/I77.png,Quantization,NA,3,4.27,val,other,19.72886,2.6612222
KADID-10k,I77_22_05,I77,/data/projectwork/swati_mam/new model data/kadid10k/images/I77_22_05.png,/data/projectwork/swati_mam/kadid10k/images/I77.png,Quantization,NA,5,3.67,val,other,9.58068,-6.463727
KADID-10k,I77_12_01,I77,/data/projectwork/swati_mam/new model data/kadid10k/images/I77_12_01.png,/data/projectwork/swati_mam/kadid10k/images/I77.png,White noise in color component,NA,1,4.53,val,noise,23.748423,4.4008074
KADID-10k,I77_12_05,I77,/data/projectwork/swati_mam/new model data/kadid10k/images/I77_12_05.png,/data/projectwork/swati_mam/kadid10k/images/I77.png,White noise in color component,NA,5,2.4,val,noise,-7.8116555,-5.8777857
KADID-10k,I81_16_04,I81,/data/projectwork/swati_mam/new model data/kadid10k/images/I81_16_04.png,/data/projectwork/swati_mam/kadid10k/images/I81.png,Brighten,NA,4,2.67,val,other,-0.58155674,-14.003186
KADID-10k,I81_23_01,I81,/data/projectwork/swati_mam/new model data/kadid10k/images/I81_23_01.png,/data/projectwork/swati_mam/kadid10k/images/I81.png,Color block,NA,1,2.83,val,other,6.3313456,-15.231619
KADID-10k,I81_23_02,I81,/data/projectwork/swati_mam/new model data/kadid10k/images/I81_23_02.png,/data/projectwork/swati_mam/kadid10k/images/I81.png,Color block,NA,2,1.9,val,other,5.785461,-14.904979
KADID-10k,I81_23_05,I81,/data/projectwork/swati_mam/new model data/kadid10k/images/I81_23_05.png,/data/projectwork/swati_mam/kadid10k/images/I81.png,Color block,NA,5,2.13,val,other,1.4663748,-14.761007
KADID-10k,I81_04_05,I81,/data/projectwork/swati_mam/new model data/kadid10k/images/I81_04_05.png,/data/projectwork/swati_mam/kadid10k/images/I81.png,Color diffusion,NA,5,1.23,val,other,-16.2123,-10.238145
KADID-10k,I81_06_03,I81,/data/projectwork/swati_mam/new model data/kadid10k/images/I81_06_03.png,/data/projectwork/swati_mam/kadid10k/images/I81.png,Color quantization,NA,3,2.9,val,other,-7.809938,-14.534073
KADID-10k,I81_06_05,I81,/data/projectwork/swati_mam/new model data/kadid10k/images/I81_06_05.png,/data/projectwork/swati_mam/kadid10k/images/I81.png,Color quantization,NA,5,1.93,val,other,-11.293689,-11.205177
KADID-10k,I81_07_01,I81,/data/projectwork/swati_mam/new model data/kadid10k/images/I81_07_01.png,/data/projectwork/swati_mam/kadid10k/images/I81.png,Color saturation 1,NA,1,2.53,val,other,5.3892484,-15.424527
KADID-10k,I81_07_05,I81,/data/projectwork/swati_mam/new model data/kadid10k/images/I81_07_05.png,/data/projectwork/swati_mam/kadid10k/images/I81.png,Color saturation 1,NA,5,2.1,val,other,9.69883,-25.853476
KADID-10k,I81_08_02,I81,/data/projectwork/swati_mam/new model data/kadid10k/images/I81_08_02.png,/data/projectwork/swati_mam/kadid10k/images/I81.png,Color saturation 2,NA,2,3.17,val,other,-1.966532,-12.891077
KADID-10k,I81_08_03,I81,/data/projectwork/swati_mam/new model data/kadid10k/images/I81_08_03.png,/data/projectwork/swati_mam/kadid10k/images/I81.png,Color saturation 2,NA,3,2.73,val,other,-12.533181,-8.301205
KADID-10k,I81_05_02,I81,/data/projectwork/swati_mam/new model data/kadid10k/images/I81_05_02.png,/data/projectwork/swati_mam/kadid10k/images/I81.png,Color shift,NA,2,2.47,val,other,1.909198,-14.13191
KADID-10k,I81_17_03,I81,/data/projectwork/swati_mam/new model data/kadid10k/images/I81_17_03.png,/data/projectwork/swati_mam/kadid10k/images/I81.png,Darken,NA,3,4.37,val,other,5.3772297,-14.090272
KADID-10k,I81_17_04,I81,/data/projectwork/swati_mam/new model data/kadid10k/images/I81_17_04.png,/data/projectwork/swati_mam/kadid10k/images/I81.png,Darken,NA,4,3.73,val,other,4.2564135,-13.61434
KADID-10k,I81_17_05,I81,/data/projectwork/swati_mam/new model data/kadid10k/images/I81_17_05.png,/data/projectwork/swati_mam/kadid10k/images/I81.png,Darken,NA,5,2.33,val,other,-8.980261,-13.64401
KADID-10k,I81_15_04,I81,/data/projectwork/swati_mam/new model data/kadid10k/images/I81_15_04.png,/data/projectwork/swati_mam/kadid10k/images/I81.png,Denoise,NA,4,1.45,val,noise,-0.9722396,-14.099149
KADID-10k,I81_15_05,I81,/data/projectwork/swati_mam/new model data/kadid10k/images/I81_15_05.png,/data/projectwork/swati_mam/kadid10k/images/I81.png,Denoise,NA,5,1.23,val,noise,-5.947296,-18.052633
KADID-10k,I81_01_01,I81,/data/projectwork/swati_mam/new model data/kadid10k/images/I81_01_01.png,/data/projectwork/swati_mam/kadid10k/images/I81.png,Gaussian blur,NA,1,4.67,val,blur,5.2539086,-14.702118
KADID-10k,I81_01_03,I81,/data/projectwork/swati_mam/new model data/kadid10k/images/I81_01_03.png,/data/projectwork/swati_mam/kadid10k/images/I81.png,Gaussian blur,NA,3,2.9,val,blur,1.3353219,-13.387298
KADID-10k,I81_01_05,I81,/data/projectwork/swati_mam/new model data/kadid10k/images/I81_01_05.png,/data/projectwork/swati_mam/kadid10k/images/I81.png,Gaussian blur,NA,5,1.2,val,blur,-12.198183,-19.2583
KADID-10k,I81_24_02,I81,/data/projectwork/swati_mam/new model data/kadid10k/images/I81_24_02.png,/data/projectwork/swati_mam/kadid10k/images/I81.png,High sharpen,NA,2,2.73,val,HF/sharpen,-7.6234307,16.325014
KADID-10k,I81_24_03,I81,/data/projectwork/swati_mam/new model data/kadid10k/images/I81_24_03.png,/data/projectwork/swati_mam/kadid10k/images/I81.png,High sharpen,NA,3,2.23,val,HF/sharpen,-7.6841025,16.431524
KADID-10k,I81_24_04,I81,/data/projectwork/swati_mam/new model data/kadid10k/images/I81_24_04.png,/data/projectwork/swati_mam/kadid10k/images/I81.png,High sharpen,NA,4,1.67,val,HF/sharpen,-9.240808,17.612644
KADID-10k,I81_13_01,I81,/data/projectwork/swati_mam/new model data/kadid10k/images/I81_13_01.png,/data/projectwork/swati_mam/kadid10k/images/I81.png,Impulse noise,NA,1,2.8,val,noise,5.9099894,-14.752375
KADID-10k,I81_10_05,I81,/data/projectwork/swati_mam/new model data/kadid10k/images/I81_10_05.png,/data/projectwork/swati_mam/kadid10k/images/I81.png,JPEG,NA,5,1.23,val,other,-8.723958,-14.231489
KADID-10k,I81_09_02,I81,/data/projectwork/swati_mam/new model data/kadid10k/images/I81_09_02.png,/data/projectwork/swati_mam/kadid10k/images/I81.png,JPEG2000,NA,2,4.71,val,other,5.027825,-14.397256
KADID-10k,I81_09_04,I81,/data/projectwork/swati_mam/new model data/kadid10k/images/I81_09_04.png,/data/projectwork/swati_mam/kadid10k/images/I81.png,JPEG2000,NA,4,2.47,val,other,2.0953662,-13.487052
KADID-10k,I81_09_05,I81,/data/projectwork/swati_mam/new model data/kadid10k/images/I81_09_05.png,/data/projectwork/swati_mam/kadid10k/images/I81.png,JPEG2000,NA,5,1.33,val,other,-5.6081977,-19.313902
KADID-10k,I81_19_01,I81,/data/projectwork/swati_mam/new model data/kadid10k/images/I81_19_01.png,/data/projectwork/swati_mam/kadid10k/images/I81.png,Jitter,NA,1,4.5,val,other,5.6718483,-14.518007
KADID-10k,I81_19_04,I81,/data/projectwork/swati_mam/new model data/kadid10k/images/I81_19_04.png,/data/projectwork/swati_mam/kadid10k/images/I81.png,Jitter,NA,4,1.6,val,other,1.4198719,-13.61736
KADID-10k,I81_19_05,I81,/data/projectwork/swati_mam/new model data/kadid10k/images/I81_19_05.png,/data/projectwork/swati_mam/kadid10k/images/I81.png,Jitter,NA,5,1.17,val,other,-5.746966,-17.699812
KADID-10k,I81_02_01,I81,/data/projectwork/swati_mam/new model data/kadid10k/images/I81_02_01.png,/data/projectwork/swati_mam/kadid10k/images/I81.png,Lens blur,NA,1,3.87,val,blur,3.3952272,-13.816955
KADID-10k,I81_02_03,I81,/data/projectwork/swati_mam/new model data/kadid10k/images/I81_02_03.png,/data/projectwork/swati_mam/kadid10k/images/I81.png,Lens blur,NA,3,1.8,val,blur,-6.8802285,-20.15244
KADID-10k,I81_02_04,I81,/data/projectwork/swati_mam/new model data/kadid10k/images/I81_02_04.png,/data/projectwork/swati_mam/kadid10k/images/I81.png,Lens blur,NA,4,1.33,val,blur,-10.714945,-20.011562
KADID-10k,I81_18_01,I81,/data/projectwork/swati_mam/new model data/kadid10k/images/I81_18_01.png,/data/projectwork/swati_mam/kadid10k/images/I81.png,Mean shift,NA,1,4.27,val,other,6.1015344,-13.872576
KADID-10k,I81_18_02,I81,/data/projectwork/swati_mam/new model data/kadid10k/images/I81_18_02.png,/data/projectwork/swati_mam/kadid10k/images/I81.png,Mean shift,NA,2,4.63,val,other,5.9840593,-14.148272
KADID-10k,I81_18_04,I81,/data/projectwork/swati_mam/new model data/kadid10k/images/I81_18_04.png,/data/projectwork/swati_mam/kadid10k/images/I81.png,Mean shift,NA,4,4.58,val,other,4.992433,-13.916987
KADID-10k,I81_03_01,I81,/data/projectwork/swati_mam/new model data/kadid10k/images/I81_03_01.png,/data/projectwork/swati_mam/kadid10k/images/I81.png,Motion blur,NA,1,4.8,val,blur,5.253339,-14.703262
KADID-10k,I81_03_03,I81,/data/projectwork/swati_mam/new model data/kadid10k/images/I81_03_03.png,/data/projectwork/swati_mam/kadid10k/images/I81.png,Motion blur,NA,3,2.6,val,blur,3.0714178,-13.532083
KADID-10k,I81_03_04,I81,/data/projectwork/swati_mam/new model data/kadid10k/images/I81_03_04.png,/data/projectwork/swati_mam/kadid10k/images/I81.png,Motion blur,NA,4,2.17,val,blur,1.7339861,-13.158504
KADID-10k,I81_03_05,I81,/data/projectwork/swati_mam/new model data/kadid10k/images/I81_03_05.png,/data/projectwork/swati_mam/kadid10k/images/I81.png,Motion blur,NA,5,1.53,val,blur,-6.8187823,-20.048126
KADID-10k,I81_14_02,I81,/data/projectwork/swati_mam/new model data/kadid10k/images/I81_14_02.png,/data/projectwork/swati_mam/kadid10k/images/I81.png,Multiplicative noise,NA,2,3.03,val,noise,2.430944,-14.734423
KADID-10k,I81_14_03,I81,/data/projectwork/swati_mam/new model data/kadid10k/images/I81_14_03.png,/data/projectwork/swati_mam/kadid10k/images/I81.png,Multiplicative noise,NA,3,2.7,val,noise,-0.054500084,-14.109287
KADID-10k,I81_14_04,I81,/data/projectwork/swati_mam/new model data/kadid10k/images/I81_14_04.png,/data/projectwork/swati_mam/kadid10k/images/I81.png,Multiplicative noise,NA,4,2.2,val,noise,-7.4704037,-14.4845
KADID-10k,I81_14_05,I81,/data/projectwork/swati_mam/new model data/kadid10k/images/I81_14_05.png,/data/projectwork/swati_mam/kadid10k/images/I81.png,Multiplicative noise,NA,5,1.67,val,noise,-11.465405,-12.047999
KADID-10k,I81_20_02,I81,/data/projectwork/swati_mam/new model data/kadid10k/images/I81_20_02.png,/data/projectwork/swati_mam/kadid10k/images/I81.png,Non-eccentricity patch,NA,2,2.37,val,other,6.4831953,-14.570013
KADID-10k,I81_20_03,I81,/data/projectwork/swati_mam/new model data/kadid10k/images/I81_20_03.png,/data/projectwork/swati_mam/kadid10k/images/I81.png,Non-eccentricity patch,NA,3,4.07,val,other,4.220243,-14.086699
KADID-10k,I81_21_04,I81,/data/projectwork/swati_mam/new model data/kadid10k/images/I81_21_04.png,/data/projectwork/swati_mam/kadid10k/images/I81.png,Pixelate,NA,4,2.0,val,other,5.457911,-15.7024975
KADID-10k,I81_22_02,I81,/data/projectwork/swati_mam/new model data/kadid10k/images/I81_22_02.png,/data/projectwork/swati_mam/kadid10k/images/I81.png,Quantization,NA,2,3.9,val,other,3.3938823,-14.203356
KADID-10k,I81_22_03,I81,/data/projectwork/swati_mam/new model data/kadid10k/images/I81_22_03.png,/data/projectwork/swati_mam/kadid10k/images/I81.png,Quantization,NA,3,3.37,val,other,0.87029314,-14.083686
KADID-10k,I81_11_01,I81,/data/projectwork/swati_mam/new model data/kadid10k/images/I81_11_01.png,/data/projectwork/swati_mam/kadid10k/images/I81.png,White noise,NA,1,3.33,val,noise,2.1457582,-14.493439
KADID-10k,I81_11_02,I81,/data/projectwork/swati_mam/new model data/kadid10k/images/I81_11_02.png,/data/projectwork/swati_mam/kadid10k/images/I81.png,White noise,NA,2,2.4,val,noise,-6.400804,-14.659091
KADID-10k,I81_11_03,I81,/data/projectwork/swati_mam/new model data/kadid10k/images/I81_11_03.png,/data/projectwork/swati_mam/kadid10k/images/I81.png,White noise,NA,3,2.73,val,noise,-6.659215,-14.796318
KADID-10k,I81_12_03,I81,/data/projectwork/swati_mam/new model data/kadid10k/images/I81_12_03.png,/data/projectwork/swati_mam/kadid10k/images/I81.png,White noise in color component,NA,3,2.67,val,noise,-8.1163645,-14.826967
TID2013,i05_01_2,I05,/data/projectwork/swati_mam/new model data/tid2013/tid2013/distorted_images/i05_01_2.bmp,/data/projectwork/swati_mam/new model data/tid2013/tid2013/reference_images/I05.BMP,type_01,NA,2,5.5,val,noise,-5.516873,19.812248
TID2013,i05_01_3,I05,/data/projectwork/swati_mam/new model data/tid2013/tid2013/distorted_images/i05_01_3.bmp,/data/projectwork/swati_mam/new model data/tid2013/tid2013/reference_images/I05.BMP,type_01,NA,3,4.84615,val,noise,-5.300928,17.608223
TID2013,i05_01_4,I05,/data/projectwork/swati_mam/new model data/tid2013/tid2013/distorted_images/i05_01_4.bmp,/data/projectwork/swati_mam/new model data/tid2013/tid2013/reference_images/I05.BMP,type_01,NA,4,4.05128,val,noise,-4.8376403,15.474016
TID2013,i05_01_5,I05,/data/projectwork/swati_mam/new model data/tid2013/tid2013/distorted_images/i05_01_5.bmp,/data/projectwork/swati_mam/new model data/tid2013/tid2013/reference_images/I05.BMP,type_01,NA,5,3.5609800000000003,val,noise,-9.97333,-1.9393117
TID2013,i05_02_1,I05,/data/projectwork/swati_mam/new model data/tid2013/tid2013/distorted_images/i05_02_1.bmp,/data/projectwork/swati_mam/new model data/tid2013/tid2013/reference_images/I05.BMP,type_02,NA,1,5.829269999999999,val,noise,-5.706149,22.791052
TID2013,i05_02_2,I05,/data/projectwork/swati_mam/new model data/tid2013/tid2013/distorted_images/i05_02_2.bmp,/data/projectwork/swati_mam/new model data/tid2013/tid2013/reference_images/I05.BMP,type_02,NA,2,5.682930000000001,val,noise,-5.435821,20.482544
TID2013,i05_02_3,I05,/data/projectwork/swati_mam/new model data/tid2013/tid2013/distorted_images/i05_02_3.bmp,/data/projectwork/swati_mam/new model data/tid2013/tid2013/reference_images/I05.BMP,type_02,NA,3,5.325,val,noise,-4.993329,17.552725
TID2013,i05_02_5,I05,/data/projectwork/swati_mam/new model data/tid2013/tid2013/distorted_images/i05_02_5.bmp,/data/projectwork/swati_mam/new model data/tid2013/tid2013/reference_images/I05.BMP,type_02,NA,5,4.25641,val,noise,-9.956948,-1.936825
TID2013,i05_03_1,I05,/data/projectwork/swati_mam/new model data/tid2013/tid2013/distorted_images/i05_03_1.bmp,/data/projectwork/swati_mam/new model data/tid2013/tid2013/reference_images/I05.BMP,type_03,NA,1,5.09756,val,noise,-5.626771,21.591091
TID2013,i05_03_2,I05,/data/projectwork/swati_mam/new model data/tid2013/tid2013/distorted_images/i05_03_2.bmp,/data/projectwork/swati_mam/new model data/tid2013/tid2013/reference_images/I05.BMP,type_03,NA,2,4.4878,val,noise,-5.401195,21.095224
TID2013,i05_03_5,I05,/data/projectwork/swati_mam/new model data/tid2013/tid2013/distorted_images/i05_03_5.bmp,/data/projectwork/swati_mam/new model data/tid2013/tid2013/reference_images/I05.BMP,type_03,NA,5,2.375,val,noise,-9.763015,-1.5052526
TID2013,i05_04_5,I05,/data/projectwork/swati_mam/new model data/tid2013/tid2013/distorted_images/i05_04_5.bmp,/data/projectwork/swati_mam/new model data/tid2013/tid2013/reference_images/I05.BMP,type_04,NA,5,4.4,val,noise,-10.162774,-2.4306056
TID2013,i05_05_4,I05,/data/projectwork/swati_mam/new model data/tid2013/tid2013/distorted_images/i05_05_4.bmp,/data/projectwork/swati_mam/new model data/tid2013/tid2013/reference_images/I05.BMP,type_05,NA,4,3.81579,val,HF/sharpen,-11.357212,-6.2166047
TID2013,i05_05_5,I05,/data/projectwork/swati_mam/new model data/tid2013/tid2013/distorted_images/i05_05_5.bmp,/data/projectwork/swati_mam/new model data/tid2013/tid2013/reference_images/I05.BMP,type_05,NA,5,2.92308,val,HF/sharpen,-14.695649,-11.944534
TID2013,i05_06_1,I05,/data/projectwork/swati_mam/new model data/tid2013/tid2013/distorted_images/i05_06_1.bmp,/data/projectwork/swati_mam/new model data/tid2013/tid2013/reference_images/I05.BMP,type_06,NA,1,4.375,val,noise,-6.1691,22.863102
TID2013,i05_06_2,I05,/data/projectwork/swati_mam/new model data/tid2013/tid2013/distorted_images/i05_06_2.bmp,/data/projectwork/swati_mam/new model data/tid2013/tid2013/reference_images/I05.BMP,type_06,NA,2,3.92308,val,noise,-4.9573636,19.548548
TID2013,i05_06_3,I05,/data/projectwork/swati_mam/new model data/tid2013/tid2013/distorted_images/i05_06_3.bmp,/data/projectwork/swati_mam/new model data/tid2013/tid2013/reference_images/I05.BMP,type_06,NA,3,3.5,val,noise,-4.8498626,16.634722
TID2013,i05_07_1,I05,/data/projectwork/swati_mam/new model data/tid2013/tid2013/distorted_images/i05_07_1.bmp,/data/projectwork/swati_mam/new model data/tid2013/tid2013/reference_images/I05.BMP,type_07,NA,1,5.275,val,noise,-5.258857,21.218687
TID2013,i05_07_2,I05,/data/projectwork/swati_mam/new model data/tid2013/tid2013/distorted_images/i05_07_2.bmp,/data/projectwork/swati_mam/new model data/tid2013/tid2013/reference_images/I05.BMP,type_07,NA,2,5.26829,val,noise,-5.1385117,19.822401
TID2013,i05_07_3,I05,/data/projectwork/swati_mam/new model data/tid2013/tid2013/distorted_images/i05_07_3.bmp,/data/projectwork/swati_mam/new model data/tid2013/tid2013/reference_images/I05.BMP,type_07,NA,3,4.53846,val,noise,-4.8021827,15.88762
TID2013,i05_08_1,I05,/data/projectwork/swati_mam/new model data/tid2013/tid2013/distorted_images/i05_08_1.bmp,/data/projectwork/swati_mam/new model data/tid2013/tid2013/reference_images/I05.BMP,type_08,NA,1,5.4,val,blur,-4.025819,25.58248
TID2013,i05_08_2,I05,/data/projectwork/swati_mam/new model data/tid2013/tid2013/distorted_images/i05_08_2.bmp,/data/projectwork/swati_mam/new model data/tid2013/tid2013/reference_images/I05.BMP,type_08,NA,2,4.66667,val,blur,9.350451,28.748358
TID2013,i05_08_3,I05,/data/projectwork/swati_mam/new model data/tid2013/tid2013/distorted_images/i05_08_3.bmp,/data/projectwork/swati_mam/new model data/tid2013/tid2013/reference_images/I05.BMP,type_08,NA,3,3.65854,val,blur,22.182629,-0.9262883
TID2013,i05_08_4,I05,/data/projectwork/swati_mam/new model data/tid2013/tid2013/distorted_images/i05_08_4.bmp,/data/projectwork/swati_mam/new model data/tid2013/tid2013/reference_images/I05.BMP,type_08,NA,4,2.7804900000000004,val,blur,4.253096,-24.445755
TID2013,i05_08_5,I05,/data/projectwork/swati_mam/new model data/tid2013/tid2013/distorted_images/i05_08_5.bmp,/data/projectwork/swati_mam/new model data/tid2013/tid2013/reference_images/I05.BMP,type_08,NA,5,1.25,val,blur,-6.7381873,-22.791168
TID2013,i05_09_1,I05,/data/projectwork/swati_mam/new model data/tid2013/tid2013/distorted_images/i05_09_1.bmp,/data/projectwork/swati_mam/new model data/tid2013/tid2013/reference_images/I05.BMP,type_09,NA,1,5.825,val,other,-6.2225766,25.133108
TID2013,i05_09_2,I05,/data/projectwork/swati_mam/new model data/tid2013/tid2013/distorted_images/i05_09_2.bmp,/data/projectwork/swati_mam/new model data/tid2013/tid2013/reference_images/I05.BMP,type_09,NA,2,5.825,val,other,-5.203353,23.933535
TID2013,i05_09_3,I05,/data/projectwork/swati_mam/new model data/tid2013/tid2013/distorted_images/i05_09_3.bmp,/data/projectwork/swati_mam/new model data/tid2013/tid2013/reference_images/I05.BMP,type_09,NA,3,5.325,val,other,-4.284222,24.907202
TID2013,i05_09_4,I05,/data/projectwork/swati_mam/new model data/tid2013/tid2013/distorted_images/i05_09_4.bmp,/data/projectwork/swati_mam/new model data/tid2013/tid2013/reference_images/I05.BMP,type_09,NA,4,3.5,val,other,26.734804,5.152668
TID2013,i05_09_5,I05,/data/projectwork/swati_mam/new model data/tid2013/tid2013/distorted_images/i05_09_5.bmp,/data/projectwork/swati_mam/new model data/tid2013/tid2013/reference_images/I05.BMP,type_09,NA,5,1.36585,val,other,4.4331493,-24.420795
TID2013,i05_10_3,I05,/data/projectwork/swati_mam/new model data/tid2013/tid2013/distorted_images/i05_10_3.bmp,/data/projectwork/swati_mam/new model data/tid2013/tid2013/reference_images/I05.BMP,type_10,NA,3,4.707319999999999,val,other,-4.492871,22.299242
TID2013,i05_10_4,I05,/data/projectwork/swati_mam/new model data/tid2013/tid2013/distorted_images/i05_10_4.bmp,/data/projectwork/swati_mam/new model data/tid2013/tid2013/reference_images/I05.BMP,type_10,NA,4,3.43902,val,other,1.6989456,16.510601
TID2013,i05_10_5,I05,/data/projectwork/swati_mam/new model data/tid2013/tid2013/distorted_images/i05_10_5.bmp,/data/projectwork/swati_mam/new model data/tid2013/tid2013/reference_images/I05.BMP,type_10,NA,5,1.87805,val,other,2.8229854,8.470381
TID2013,I05_11_1,I05,/data/projectwork/swati_mam/new model data/tid2013/tid2013/distorted_images/I05_11_1.bmp,/data/projectwork/swati_mam/new model data/tid2013/tid2013/reference_images/I05.BMP,type_11,NA,1,5.7561,val,other,-5.8441577,24.88577
TID2013,i05_11_5,I05,/data/projectwork/swati_mam/new model data/tid2013/tid2013/distorted_images/i05_11_5.bmp,/data/projectwork/swati_mam/new model data/tid2013/tid2013/reference_images/I05.BMP,type_11,NA,5,2.25,val,other,5.150041,-12.7805195
TID2013,i05_12_2,I05,/data/projectwork/swati_mam/new model data/tid2013/tid2013/distorted_images/i05_12_2.bmp,/data/projectwork/swati_mam/new model data/tid2013/tid2013/reference_images/I05.BMP,type_12,NA,2,5.775,val,other,-6.687311,24.918173
TID2013,i05_12_4,I05,/data/projectwork/swati_mam/new model data/tid2013/tid2013/distorted_images/i05_12_4.bmp,/data/projectwork/swati_mam/new model data/tid2013/tid2013/reference_images/I05.BMP,type_12,NA,4,3.8,val,other,-4.3399687,23.765535
TID2013,i05_13_3,I05,/data/projectwork/swati_mam/new model data/tid2013/tid2013/distorted_images/i05_13_3.bmp,/data/projectwork/swati_mam/new model data/tid2013/tid2013/reference_images/I05.BMP,type_13,NA,3,3.475,val,other,-5.4173107,18.837965
TID2013,i05_13_4,I05,/data/projectwork/swati_mam/new model data/tid2013/tid2013/distorted_images/i05_13_4.bmp,/data/projectwork/swati_mam/new model data/tid2013/tid2013/reference_images/I05.BMP,type_13,NA,4,2.97561,val,other,-4.6306105,16.874407
TID2013,i05_13_5,I05,/data/projectwork/swati_mam/new model data/tid2013/tid2013/distorted_images/i05_13_5.bmp,/data/projectwork/swati_mam/new model data/tid2013/tid2013/reference_images/I05.BMP,type_13,NA,5,1.97368,val,other,-4.6664042,15.944148
TID2013,i05_14_1,I05,/data/projectwork/swati_mam/new model data/tid2013/tid2013/distorted_images/i05_14_1.bmp,/data/projectwork/swati_mam/new model data/tid2013/tid2013/reference_images/I05.BMP,type_14,NA,1,5.926830000000001,val,other,-6.5094767,23.91536
TID2013,i05_14_2,I05,/data/projectwork/swati_mam/new model data/tid2013/tid2013/distorted_images/i05_14_2.bmp,/data/projectwork/swati_mam/new model data/tid2013/tid2013/reference_images/I05.BMP,type_14,NA,2,5.53659,val,other,-5.57959,24.3965
TID2013,i05_14_3,I05,/data/projectwork/swati_mam/new model data/tid2013/tid2013/distorted_images/i05_14_3.bmp,/data/projectwork/swati_mam/new model data/tid2013/tid2013/reference_images/I05.BMP,type_14,NA,3,5.60976,val,other,-5.174387,25.68963
TID2013,i05_14_4,I05,/data/projectwork/swati_mam/new model data/tid2013/tid2013/distorted_images/i05_14_4.bmp,/data/projectwork/swati_mam/new model data/tid2013/tid2013/reference_images/I05.BMP,type_14,NA,4,5.225,val,other,-7.481515,25.392887
TID2013,i05_15_3,I05,/data/projectwork/swati_mam/new model data/tid2013/tid2013/distorted_images/i05_15_3.bmp,/data/projectwork/swati_mam/new model data/tid2013/tid2013/reference_images/I05.BMP,type_15,NA,3,3.31707,val,other,-5.135614,22.130857
TID2013,i05_15_4,I05,/data/projectwork/swati_mam/new model data/tid2013/tid2013/distorted_images/i05_15_4.bmp,/data/projectwork/swati_mam/new model data/tid2013/tid2013/reference_images/I05.BMP,type_15,NA,4,3.9,val,other,-5.6310215,23.252295
TID2013,i05_15_5,I05,/data/projectwork/swati_mam/new model data/tid2013/tid2013/distorted_images/i05_15_5.bmp,/data/projectwork/swati_mam/new model data/tid2013/tid2013/reference_images/I05.BMP,type_15,NA,5,3.84615,val,other,-6.610078,24.360767
TID2013,i05_16_1,I05,/data/projectwork/swati_mam/new model data/tid2013/tid2013/distorted_images/i05_16_1.bmp,/data/projectwork/swati_mam/new model data/tid2013/tid2013/reference_images/I05.BMP,type_16,NA,1,6.15,val,other,-6.331291,23.239548
TID2013,i05_16_2,I05,/data/projectwork/swati_mam/new model data/tid2013/tid2013/distorted_images/i05_16_2.bmp,/data/projectwork/swati_mam/new model data/tid2013/tid2013/reference_images/I05.BMP,type_16,NA,2,5.95,val,other,-6.613645,25.685791
TID2013,i05_16_4,I05,/data/projectwork/swati_mam/new model data/tid2013/tid2013/distorted_images/i05_16_4.bmp,/data/projectwork/swati_mam/new model data/tid2013/tid2013/reference_images/I05.BMP,type_16,NA,4,5.09756,val,other,-6.3762565,26.233223
TID2013,i05_17_2,I05,/data/projectwork/swati_mam/new model data/tid2013/tid2013/distorted_images/i05_17_2.bmp,/data/projectwork/swati_mam/new model data/tid2013/tid2013/reference_images/I05.BMP,type_17,NA,2,6.829269999999999,val,other,-7.9854245,20.071705
TID2013,i05_17_4,I05,/data/projectwork/swati_mam/new model data/tid2013/tid2013/distorted_images/i05_17_4.bmp,/data/projectwork/swati_mam/new model data/tid2013/tid2013/reference_images/I05.BMP,type_17,NA,4,6.560980000000001,val,other,-8.435895,19.66323
TID2013,i05_18_2,I05,/data/projectwork/swati_mam/new model data/tid2013/tid2013/distorted_images/i05_18_2.bmp,/data/projectwork/swati_mam/new model data/tid2013/tid2013/reference_images/I05.BMP,type_18,NA,2,4.2051300000000005,val,other,-7.1035175,24.564558
TID2013,i05_18_3,I05,/data/projectwork/swati_mam/new model data/tid2013/tid2013/distorted_images/i05_18_3.bmp,/data/projectwork/swati_mam/new model data/tid2013/tid2013/reference_images/I05.BMP,type_18,NA,3,3.74359,val,other,-7.141543,24.155104
TID2013,i05_18_4,I05,/data/projectwork/swati_mam/new model data/tid2013/tid2013/distorted_images/i05_18_4.bmp,/data/projectwork/swati_mam/new model data/tid2013/tid2013/reference_images/I05.BMP,type_18,NA,4,3.53846,val,other,-6.8218126,23.409918
TID2013,i05_19_3,I05,/data/projectwork/swati_mam/new model data/tid2013/tid2013/distorted_images/i05_19_3.bmp,/data/projectwork/swati_mam/new model data/tid2013/tid2013/reference_images/I05.BMP,type_19,NA,3,4.225,val,noise,-5.193429,19.011745
TID2013,i05_19_4,I05,/data/projectwork/swati_mam/new model data/tid2013/tid2013/distorted_images/i05_19_4.bmp,/data/projectwork/swati_mam/new model data/tid2013/tid2013/reference_images/I05.BMP,type_19,NA,4,3.65,val,noise,-5.097047,16.63736
TID2013,i05_20_2,I05,/data/projectwork/swati_mam/new model data/tid2013/tid2013/distorted_images/i05_20_2.bmp,/data/projectwork/swati_mam/new model data/tid2013/tid2013/reference_images/I05.BMP,type_20,NA,2,5.560980000000001,val,noise,-5.991506,24.135958
TID2013,i05_20_5,I05,/data/projectwork/swati_mam/new model data/tid2013/tid2013/distorted_images/i05_20_5.bmp,/data/projectwork/swati_mam/new model data/tid2013/tid2013/reference_images/I05.BMP,type_20,NA,5,3.28205,val,noise,-3.6705146,20.162125
TID2013,i05_21_1,I05,/data/projectwork/swati_mam/new model data/tid2013/tid2013/distorted_images/i05_21_1.bmp,/data/projectwork/swati_mam/new model data/tid2013/tid2013/reference_images/I05.BMP,type_21,NA,1,5.6,val,other,-6.0976696,24.458763
TID2013,i05_21_3,I05,/data/projectwork/swati_mam/new model data/tid2013/tid2013/distorted_images/i05_21_3.bmp,/data/projectwork/swati_mam/new model data/tid2013/tid2013/reference_images/I05.BMP,type_21,NA,3,4.36585,val,other,-4.684323,20.701332
TID2013,i05_21_4,I05,/data/projectwork/swati_mam/new model data/tid2013/tid2013/distorted_images/i05_21_4.bmp,/data/projectwork/swati_mam/new model data/tid2013/tid2013/reference_images/I05.BMP,type_21,NA,4,3.35,val,other,-4.4889307,17.954805
TID2013,i05_22_1,I05,/data/projectwork/swati_mam/new model data/tid2013/tid2013/distorted_images/i05_22_1.bmp,/data/projectwork/swati_mam/new model data/tid2013/tid2013/reference_images/I05.BMP,type_22,NA,1,5.275,val,other,-5.509396,23.039278
TID2013,i05_22_4,I05,/data/projectwork/swati_mam/new model data/tid2013/tid2013/distorted_images/i05_22_4.bmp,/data/projectwork/swati_mam/new model data/tid2013/tid2013/reference_images/I05.BMP,type_22,NA,4,4.1,val,other,-5.1711864,18.25939
TID2013,i05_22_5,I05,/data/projectwork/swati_mam/new model data/tid2013/tid2013/distorted_images/i05_22_5.bmp,/data/projectwork/swati_mam/new model data/tid2013/tid2013/reference_images/I05.BMP,type_22,NA,5,3.17073,val,other,-4.214265,18.460466
TID2013,i05_23_2,I05,/data/projectwork/swati_mam/new model data/tid2013/tid2013/distorted_images/i05_23_2.bmp,/data/projectwork/swati_mam/new model data/tid2013/tid2013/reference_images/I05.BMP,type_23,NA,2,5.575,val,blur,-4.3118277,24.056095
TID2013,i05_23_3,I05,/data/projectwork/swati_mam/new model data/tid2013/tid2013/distorted_images/i05_23_3.bmp,/data/projectwork/swati_mam/new model data/tid2013/tid2013/reference_images/I05.BMP,type_23,NA,3,5.63415,val,blur,-3.8042748,22.567617
TID2013,i05_23_5,I05,/data/projectwork/swati_mam/new model data/tid2013/tid2013/distorted_images/i05_23_5.bmp,/data/projectwork/swati_mam/new model data/tid2013/tid2013/reference_images/I05.BMP,type_23,NA,5,5.439019999999999,val,blur,2.4844706,16.336065
TID2013,i05_24_1,I05,/data/projectwork/swati_mam/new model data/tid2013/tid2013/distorted_images/i05_24_1.bmp,/data/projectwork/swati_mam/new model data/tid2013/tid2013/reference_images/I05.BMP,type_24,NA,1,5.525,val,other,-5.971274,25.232372
TID2013,i05_24_3,I05,/data/projectwork/swati_mam/new model data/tid2013/tid2013/distorted_images/i05_24_3.bmp,/data/projectwork/swati_mam/new model data/tid2013/tid2013/reference_images/I05.BMP,type_24,NA,3,5.2,val,other,-4.6222196,25.134804
TID2013,i05_24_5,I05,/data/projectwork/swati_mam/new model data/tid2013/tid2013/distorted_images/i05_24_5.bmp,/data/projectwork/swati_mam/new model data/tid2013/tid2013/reference_images/I05.BMP,type_24,NA,5,2.60976,val,other,22.24522,-0.7686315
TID2013,I24_01_1,I24,/data/projectwork/swati_mam/new model data/tid2013/tid2013/distorted_images/I24_01_1.bmp,/data/projectwork/swati_mam/new model data/tid2013/tid2013/reference_images/I24.BMP,type_01,NA,1,5.88571,val,noise,5.368227,-27.630865
TID2013,i24_01_2,I24,/data/projectwork/swati_mam/new model data/tid2013/tid2013/distorted_images/i24_01_2.bmp,/data/projectwork/swati_mam/new model data/tid2013/tid2013/reference_images/I24.BMP,type_01,NA,2,5.05556,val,noise,0.6427373,-24.355923
TID2013,i24_01_3,I24,/data/projectwork/swati_mam/new model data/tid2013/tid2013/distorted_images/i24_01_3.bmp,/data/projectwork/swati_mam/new model data/tid2013/tid2013/reference_images/I24.BMP,type_01,NA,3,4.72222,val,noise,-2.7513895,-22.028812
TID2013,i24_01_5,I24,/data/projectwork/swati_mam/new model data/tid2013/tid2013/distorted_images/i24_01_5.bmp,/data/projectwork/swati_mam/new model data/tid2013/tid2013/reference_images/I24.BMP,type_01,NA,5,3.58333,val,noise,-11.375241,-15.00195
TID2013,i24_02_2,I24,/data/projectwork/swati_mam/new model data/tid2013/tid2013/distorted_images/i24_02_2.bmp,/data/projectwork/swati_mam/new model data/tid2013/tid2013/reference_images/I24.BMP,type_02,NA,2,5.91176,val,noise,0.36161578,-24.115627
TID2013,i24_02_4,I24,/data/projectwork/swati_mam/new model data/tid2013/tid2013/distorted_images/i24_02_4.bmp,/data/projectwork/swati_mam/new model data/tid2013/tid2013/reference_images/I24.BMP,type_02,NA,4,5.08571,val,noise,-9.259173,-17.11618
TID2013,i24_03_3,I24,/data/projectwork/swati_mam/new model data/tid2013/tid2013/distorted_images/i24_03_3.bmp,/data/projectwork/swati_mam/new model data/tid2013/tid2013/reference_images/I24.BMP,type_03,NA,3,3.82857,val,noise,-1.5248224,-23.260191
TID2013,i24_03_4,I24,/data/projectwork/swati_mam/new model data/tid2013/tid2013/distorted_images/i24_03_4.bmp,/data/projectwork/swati_mam/new model data/tid2013/tid2013/reference_images/I24.BMP,type_03,NA,4,3.28571,val,noise,-3.5193615,-21.496056
TID2013,i24_03_5,I24,/data/projectwork/swati_mam/new model data/tid2013/tid2013/distorted_images/i24_03_5.bmp,/data/projectwork/swati_mam/new model data/tid2013/tid2013/reference_images/I24.BMP,type_03,NA,5,2.69444,val,noise,-7.0271726,-17.979847
TID2013,i24_04_1,I24,/data/projectwork/swati_mam/new model data/tid2013/tid2013/distorted_images/i24_04_1.bmp,/data/projectwork/swati_mam/new model data/tid2013/tid2013/reference_images/I24.BMP,type_04,NA,1,5.85714,val,noise,6.215632,-27.916164
TID2013,i24_04_2,I24,/data/projectwork/swati_mam/new model data/tid2013/tid2013/distorted_images/i24_04_2.bmp,/data/projectwork/swati_mam/new model data/tid2013/tid2013/reference_images/I24.BMP,type_04,NA,2,5.83333,val,noise,4.2522054,-27.064724
TID2013,i24_04_5,I24,/data/projectwork/swati_mam/new model data/tid2013/tid2013/distorted_images/i24_04_5.bmp,/data/projectwork/swati_mam/new model data/tid2013/tid2013/reference_images/I24.BMP,type_04,NA,5,4.57143,val,noise,-9.315105,-16.5485
TID2013,i24_05_1,I24,/data/projectwork/swati_mam/new model data/tid2013/tid2013/distorted_images/i24_05_1.bmp,/data/projectwork/swati_mam/new model data/tid2013/tid2013/reference_images/I24.BMP,type_05,NA,1,5.80556,val,HF/sharpen,4.4584,-27.291096
TID2013,i24_05_2,I24,/data/projectwork/swati_mam/new model data/tid2013/tid2013/distorted_images/i24_05_2.bmp,/data/projectwork/swati_mam/new model data/tid2013/tid2013/reference_images/I24.BMP,type_05,NA,2,5.33333,val,HF/sharpen,0.26878121,-23.893547
TID2013,i24_05_3,I24,/data/projectwork/swati_mam/new model data/tid2013/tid2013/distorted_images/i24_05_3.bmp,/data/projectwork/swati_mam/new model data/tid2013/tid2013/reference_images/I24.BMP,type_05,NA,3,5.13889,val,HF/sharpen,-9.038796,-17.025023
TID2013,i24_05_5,I24,/data/projectwork/swati_mam/new model data/tid2013/tid2013/distorted_images/i24_05_5.bmp,/data/projectwork/swati_mam/new model data/tid2013/tid2013/reference_images/I24.BMP,type_05,NA,5,3.25,val,HF/sharpen,-45.04134,-4.7094235
TID2013,i24_06_1,I24,/data/projectwork/swati_mam/new model data/tid2013/tid2013/distorted_images/i24_06_1.bmp,/data/projectwork/swati_mam/new model data/tid2013/tid2013/reference_images/I24.BMP,type_06,NA,1,4.64706,val,noise,6.1718287,-27.793535
TID2013,i24_06_3,I24,/data/projectwork/swati_mam/new model data/tid2013/tid2013/distorted_images/i24_06_3.bmp,/data/projectwork/swati_mam/new model data/tid2013/tid2013/reference_images/I24.BMP,type_06,NA,3,3.97143,val,noise,5.017784,-26.290491
TID2013,i24_06_5,I24,/data/projectwork/swati_mam/new model data/tid2013/tid2013/distorted_images/i24_06_5.bmp,/data/projectwork/swati_mam/new model data/tid2013/tid2013/reference_images/I24.BMP,type_06,NA,5,3.28571,val,noise,-9.088937,-16.09168
TID2013,i24_07_1,I24,/data/projectwork/swati_mam/new model data/tid2013/tid2013/distorted_images/i24_07_1.bmp,/data/projectwork/swati_mam/new model data/tid2013/tid2013/reference_images/I24.BMP,type_07,NA,1,5.52778,val,noise,7.6448803,-27.690449
TID2013,i24_08_1,I24,/data/projectwork/swati_mam/new model data/tid2013/tid2013/distorted_images/i24_08_1.bmp,/data/projectwork/swati_mam/new model data/tid2013/tid2013/reference_images/I24.BMP,type_08,NA,1,5.94444,val,blur,7.581837,-28.71413
TID2013,i24_08_2,I24,/data/projectwork/swati_mam/new model data/tid2013/tid2013/distorted_images/i24_08_2.bmp,/data/projectwork/swati_mam/new model data/tid2013/tid2013/reference_images/I24.BMP,type_08,NA,2,4.971430000000001,val,blur,5.7309713,-28.605808
TID2013,i24_08_3,I24,/data/projectwork/swati_mam/new model data/tid2013/tid2013/distorted_images/i24_08_3.bmp,/data/projectwork/swati_mam/new model data/tid2013/tid2013/reference_images/I24.BMP,type_08,NA,3,4.05714,val,blur,2.3120534,-25.72329
TID2013,i24_08_4,I24,/data/projectwork/swati_mam/new model data/tid2013/tid2013/distorted_images/i24_08_4.bmp,/data/projectwork/swati_mam/new model data/tid2013/tid2013/reference_images/I24.BMP,type_08,NA,4,3.17647,val,blur,-6.332061,-22.805628
TID2013,i24_09_1,I24,/data/projectwork/swati_mam/new model data/tid2013/tid2013/distorted_images/i24_09_1.bmp,/data/projectwork/swati_mam/new model data/tid2013/tid2013/reference_images/I24.BMP,type_09,NA,1,6.0,val,other,6.9075937,-27.964878
TID2013,i24_09_2,I24,/data/projectwork/swati_mam/new model data/tid2013/tid2013/distorted_images/i24_09_2.bmp,/data/projectwork/swati_mam/new model data/tid2013/tid2013/reference_images/I24.BMP,type_09,NA,2,5.29412,val,other,5.990109,-27.563263
TID2013,i24_09_3,I24,/data/projectwork/swati_mam/new model data/tid2013/tid2013/distorted_images/i24_09_3.bmp,/data/projectwork/swati_mam/new model data/tid2013/tid2013/reference_images/I24.BMP,type_09,NA,3,4.52778,val,other,5.3434825,-26.911224
TID2013,i24_09_4,I24,/data/projectwork/swati_mam/new model data/tid2013/tid2013/distorted_images/i24_09_4.bmp,/data/projectwork/swati_mam/new model data/tid2013/tid2013/reference_images/I24.BMP,type_09,NA,4,3.38889,val,other,-5.7286005,-22.812922
TID2013,i24_10_2,I24,/data/projectwork/swati_mam/new model data/tid2013/tid2013/distorted_images/i24_10_2.bmp,/data/projectwork/swati_mam/new model data/tid2013/tid2013/reference_images/I24.BMP,type_10,NA,2,5.82857,val,other,9.158189,-28.140484
TID2013,I24_11_1,I24,/data/projectwork/swati_mam/new model data/tid2013/tid2013/distorted_images/I24_11_1.bmp,/data/projectwork/swati_mam/new model data/tid2013/tid2013/reference_images/I24.BMP,type_11,NA,1,5.4,val,other,6.5120053,-28.632349
TID2013,i24_11_5,I24,/data/projectwork/swati_mam/new model data/tid2013/tid2013/distorted_images/i24_11_5.bmp,/data/projectwork/swati_mam/new model data/tid2013/tid2013/reference_images/I24.BMP,type_11,NA,5,0.91667,val,other,-10.902256,-21.334509
TID2013,i24_12_1,I24,/data/projectwork/swati_mam/new model data/tid2013/tid2013/distorted_images/i24_12_1.bmp,/data/projectwork/swati_mam/new model data/tid2013/tid2013/reference_images/I24.BMP,type_12,NA,1,5.68571,val,other,9.52319,-28.448639
TID2013,i24_12_2,I24,/data/projectwork/swati_mam/new model data/tid2013/tid2013/distorted_images/i24_12_2.bmp,/data/projectwork/swati_mam/new model data/tid2013/tid2013/reference_images/I24.BMP,type_12,NA,2,6.08571,val,other,8.908285,-28.468061
TID2013,i24_12_3,I24,/data/projectwork/swati_mam/new model data/tid2013/tid2013/distorted_images/i24_12_3.bmp,/data/projectwork/swati_mam/new model data/tid2013/tid2013/reference_images/I24.BMP,type_12,NA,3,5.48485,val,other,6.6428356,-27.291012
TID2013,i24_12_4,I24,/data/projectwork/swati_mam/new model data/tid2013/tid2013/distorted_images/i24_12_4.bmp,/data/projectwork/swati_mam/new model data/tid2013/tid2013/reference_images/I24.BMP,type_12,NA,4,3.5,val,other,4.047459,-26.51729
TID2013,i24_12_5,I24,/data/projectwork/swati_mam/new model data/tid2013/tid2013/distorted_images/i24_12_5.bmp,/data/projectwork/swati_mam/new model data/tid2013/tid2013/reference_images/I24.BMP,type_12,NA,5,2.58333,val,other,1.743325,-24.167662
TID2013,i24_13_5,I24,/data/projectwork/swati_mam/new model data/tid2013/tid2013/distorted_images/i24_13_5.bmp,/data/projectwork/swati_mam/new model data/tid2013/tid2013/reference_images/I24.BMP,type_13,NA,5,2.5,val,other,5.9879045,-30.001827
TID2013,i24_14_4,I24,/data/projectwork/swati_mam/new model data/tid2013/tid2013/distorted_images/i24_14_4.bmp,/data/projectwork/swati_mam/new model data/tid2013/tid2013/reference_images/I24.BMP,type_14,NA,4,5.13889,val,other,7.1809177,-27.593336
TID2013,i24_15_1,I24,/data/projectwork/swati_mam/new model data/tid2013/tid2013/distorted_images/i24_15_1.bmp,/data/projectwork/swati_mam/new model data/tid2013/tid2013/reference_images/I24.BMP,type_15,NA,1,4.02778,val,other,5.7685027,-26.584637
TID2013,i24_15_2,I24,/data/projectwork/swati_mam/new model data/tid2013/tid2013/distorted_images/i24_15_2.bmp,/data/projectwork/swati_mam/new model data/tid2013/tid2013/reference_images/I24.BMP,type_15,NA,2,4.4,val,other,5.4162817,-25.769356
TID2013,i24_15_3,I24,/data/projectwork/swati_mam/new model data/tid2013/tid2013/distorted_images/i24_15_3.bmp,/data/projectwork/swati_mam/new model data/tid2013/tid2013/reference_images/I24.BMP,type_15,NA,3,3.88571,val,other,5.267395,-25.715652
TID2013,i24_15_5,I24,/data/projectwork/swati_mam/new model data/tid2013/tid2013/distorted_images/i24_15_5.bmp,/data/projectwork/swati_mam/new model data/tid2013/tid2013/reference_images/I24.BMP,type_15,NA,5,3.38889,val,other,9.08304,-27.530731
TID2013,i24_16_3,I24,/data/projectwork/swati_mam/new model data/tid2013/tid2013/distorted_images/i24_16_3.bmp,/data/projectwork/swati_mam/new model data/tid2013/tid2013/reference_images/I24.BMP,type_16,NA,3,5.45714,val,other,7.3642817,-29.245203
TID2013,i24_17_1,I24,/data/projectwork/swati_mam/new model data/tid2013/tid2013/distorted_images/i24_17_1.bmp,/data/projectwork/swati_mam/new model data/tid2013/tid2013/reference_images/I24.BMP,type_17,NA,1,5.75,val,other,7.4003673,-28.39008
TID2013,i24_17_2,I24,/data/projectwork/swati_mam/new model data/tid2013/tid2013/distorted_images/i24_17_2.bmp,/data/projectwork/swati_mam/new model data/tid2013/tid2013/reference_images/I24.BMP,type_17,NA,2,6.47222,val,other,10.376754,-28.01731
TID2013,i24_17_4,I24,/data/projectwork/swati_mam/new model data/tid2013/tid2013/distorted_images/i24_17_4.bmp,/data/projectwork/swati_mam/new model data/tid2013/tid2013/reference_images/I24.BMP,type_17,NA,4,6.72222,val,other,10.744101,-27.891256
TID2013,i24_18_4,I24,/data/projectwork/swati_mam/new model data/tid2013/tid2013/distorted_images/i24_18_4.bmp,/data/projectwork/swati_mam/new model data/tid2013/tid2013/reference_images/I24.BMP,type_18,NA,4,4.11429,val,other,5.4270086,-28.41643
TID2013,i24_19_1,I24,/data/projectwork/swati_mam/new model data/tid2013/tid2013/distorted_images/i24_19_1.bmp,/data/projectwork/swati_mam/new model data/tid2013/tid2013/reference_images/I24.BMP,type_19,NA,1,5.57143,val,noise,5.109681,-27.176455
TID2013,i24_19_5,I24,/data/projectwork/swati_mam/new model data/tid2013/tid2013/distorted_images/i24_19_5.bmp,/data/projectwork/swati_mam/new model data/tid2013/tid2013/reference_images/I24.BMP,type_19,NA,5,3.85714,val,noise,-9.577305,-15.996127
TID2013,i24_20_1,I24,/data/projectwork/swati_mam/new model data/tid2013/tid2013/distorted_images/i24_20_1.bmp,/data/projectwork/swati_mam/new model data/tid2013/tid2013/reference_images/I24.BMP,type_20,NA,1,6.14286,val,noise,8.176755,-28.036514
TID2013,i24_20_2,I24,/data/projectwork/swati_mam/new model data/tid2013/tid2013/distorted_images/i24_20_2.bmp,/data/projectwork/swati_mam/new model data/tid2013/tid2013/reference_images/I24.BMP,type_20,NA,2,5.61111,val,noise,9.485481,-28.05107
TID2013,i24_20_3,I24,/data/projectwork/swati_mam/new model data/tid2013/tid2013/distorted_images/i24_20_3.bmp,/data/projectwork/swati_mam/new model data/tid2013/tid2013/reference_images/I24.BMP,type_20,NA,3,5.17143,val,noise,9.845669,-28.34275
TID2013,i24_21_1,I24,/data/projectwork/swati_mam/new model data/tid2013/tid2013/distorted_images/i24_21_1.bmp,/data/projectwork/swati_mam/new model data/tid2013/tid2013/reference_images/I24.BMP,type_21,NA,1,5.77778,val,other,8.135905,-28.457499
TID2013,i24_21_3,I24,/data/projectwork/swati_mam/new model data/tid2013/tid2013/distorted_images/i24_21_3.bmp,/data/projectwork/swati_mam/new model data/tid2013/tid2013/reference_images/I24.BMP,type_21,NA,3,4.14286,val,other,1.0464414,-24.637203
TID2013,i24_21_4,I24,/data/projectwork/swati_mam/new model data/tid2013/tid2013/distorted_images/i24_21_4.bmp,/data/projectwork/swati_mam/new model data/tid2013/tid2013/reference_images/I24.BMP,type_21,NA,4,3.36111,val,other,-2.833005,-21.844353
TID2013,i24_22_2,I24,/data/projectwork/swati_mam/new model data/tid2013/tid2013/distorted_images/i24_22_2.bmp,/data/projectwork/swati_mam/new model data/tid2013/tid2013/reference_images/I24.BMP,type_22,NA,2,5.02941,val,other,1.421782,-24.671957
TID2013,i24_22_3,I24,/data/projectwork/swati_mam/new model data/tid2013/tid2013/distorted_images/i24_22_3.bmp,/data/projectwork/swati_mam/new model data/tid2013/tid2013/reference_images/I24.BMP,type_22,NA,3,4.61765,val,other,0.43695226,-23.247505
TID2013,i24_22_4,I24,/data/projectwork/swati_mam/new model data/tid2013/tid2013/distorted_images/i24_22_4.bmp,/data/projectwork/swati_mam/new model data/tid2013/tid2013/reference_images/I24.BMP,type_22,NA,4,3.33333,val,other,0.4874737,-21.730583
TID2013,i24_23_1,I24,/data/projectwork/swati_mam/new model data/tid2013/tid2013/distorted_images/i24_23_1.bmp,/data/projectwork/swati_mam/new model data/tid2013/tid2013/reference_images/I24.BMP,type_23,NA,1,5.8,val,blur,6.85001,-28.541428
TID2013,i24_23_2,I24,/data/projectwork/swati_mam/new model data/tid2013/tid2013/distorted_images/i24_23_2.bmp,/data/projectwork/swati_mam/new model data/tid2013/tid2013/reference_images/I24.BMP,type_23,NA,2,6.02778,val,blur,4.9727817,-28.001165
TID2013,i24_23_4,I24,/data/projectwork/swati_mam/new model data/tid2013/tid2013/distorted_images/i24_23_4.bmp,/data/projectwork/swati_mam/new model data/tid2013/tid2013/reference_images/I24.BMP,type_23,NA,4,5.08824,val,blur,-0.5925329,-23.414217
TID2013,i24_23_5,I24,/data/projectwork/swati_mam/new model data/tid2013/tid2013/distorted_images/i24_23_5.bmp,/data/projectwork/swati_mam/new model data/tid2013/tid2013/reference_images/I24.BMP,type_23,NA,5,2.29412,val,blur,-10.701482,-18.701618
TID2013,i24_24_2,I24,/data/projectwork/swati_mam/new model data/tid2013/tid2013/distorted_images/i24_24_2.bmp,/data/projectwork/swati_mam/new model data/tid2013/tid2013/reference_images/I24.BMP,type_24,NA,2,5.34286,val,other,9.557185,-29.06842
TID2013,i24_24_3,I24,/data/projectwork/swati_mam/new model data/tid2013/tid2013/distorted_images/i24_24_3.bmp,/data/projectwork/swati_mam/new model data/tid2013/tid2013/reference_images/I24.BMP,type_24,NA,3,4.34286,val,other,6.7368846,-26.765713
TID2013,i24_24_4,I24,/data/projectwork/swati_mam/new model data/tid2013/tid2013/distorted_images/i24_24_4.bmp,/data/projectwork/swati_mam/new model data/tid2013/tid2013/reference_images/I24.BMP,type_24,NA,4,2.74286,val,other,2.8050802,-25.322435
TID2013,i24_24_5,I24,/data/projectwork/swati_mam/new model data/tid2013/tid2013/distorted_images/i24_24_5.bmp,/data/projectwork/swati_mam/new model data/tid2013/tid2013/reference_images/I24.BMP,type_24,NA,5,0.41667,val,other,-9.786935,-21.714056
TID2013,I25_01_1,I25,/data/projectwork/swati_mam/new model data/tid2013/tid2013/distorted_images/I25_01_1.bmp,/data/projectwork/swati_mam/new model data/tid2013/tid2013/reference_images/i25.bmp,type_01,NA,1,5.14286,val,noise,-50.156242,1.1369456
TID2013,i25_01_2,I25,/data/projectwork/swati_mam/new model data/tid2013/tid2013/distorted_images/i25_01_2.bmp,/data/projectwork/swati_mam/new model data/tid2013/tid2013/reference_images/i25.bmp,type_01,NA,2,4.67647,val,noise,-49.626823,1.0124565
TID2013,i25_01_4,I25,/data/projectwork/swati_mam/new model data/tid2013/tid2013/distorted_images/i25_01_4.bmp,/data/projectwork/swati_mam/new model data/tid2013/tid2013/reference_images/i25.bmp,type_01,NA,4,3.88571,val,noise,-48.461067,-1.5897827
TID2013,i25_03_3,I25,/data/projectwork/swati_mam/new model data/tid2013/tid2013/distorted_images/i25_03_3.bmp,/data/projectwork/swati_mam/new model data/tid2013/tid2013/reference_images/i25.bmp,type_03,NA,3,3.25,val,noise,-49.068417,1.7093624
TID2013,i25_03_4,I25,/data/projectwork/swati_mam/new model data/tid2013/tid2013/distorted_images/i25_03_4.bmp,/data/projectwork/swati_mam/new model data/tid2013/tid2013/reference_images/i25.bmp,type_03,NA,4,2.9142900000000003,val,noise,-48.564083,0.5178216
TID2013,i25_04_1,I25,/data/projectwork/swati_mam/new model data/tid2013/tid2013/distorted_images/i25_04_1.bmp,/data/projectwork/swati_mam/new model data/tid2013/tid2013/reference_images/i25.bmp,type_04,NA,1,6.39394,val,noise,-49.81374,1.810601
TID2013,i25_04_2,I25,/data/projectwork/swati_mam/new model data/tid2013/tid2013/distorted_images/i25_04_2.bmp,/data/projectwork/swati_mam/new model data/tid2013/tid2013/reference_images/i25.bmp,type_04,NA,2,6.16667,val,noise,-48.69268,1.2368519
TID2013,i25_04_5,I25,/data/projectwork/swati_mam/new model data/tid2013/tid2013/distorted_images/i25_04_5.bmp,/data/projectwork/swati_mam/new model data/tid2013/tid2013/reference_images/i25.bmp,type_04,NA,5,5.23529,val,noise,-45.237736,-1.5957986
TID2013,i25_05_2,I25,/data/projectwork/swati_mam/new model data/tid2013/tid2013/distorted_images/i25_05_2.bmp,/data/projectwork/swati_mam/new model data/tid2013/tid2013/reference_images/i25.bmp,type_05,NA,2,5.25714,val,HF/sharpen,-49.716393,1.1600872
TID2013,i25_05_3,I25,/data/projectwork/swati_mam/new model data/tid2013/tid2013/distorted_images/i25_05_3.bmp,/data/projectwork/swati_mam/new model data/tid2013/tid2013/reference_images/i25.bmp,type_05,NA,3,4.61111,val,HF/sharpen,-48.546394,-0.67863625
TID2013,i25_05_4,I25,/data/projectwork/swati_mam/new model data/tid2013/tid2013/distorted_images/i25_05_4.bmp,/data/projectwork/swati_mam/new model data/tid2013/tid2013/reference_images/i25.bmp,type_05,NA,4,3.85714,val,HF/sharpen,-47.317776,-2.723518
TID2013,i25_05_5,I25,/data/projectwork/swati_mam/new model data/tid2013/tid2013/distorted_images/i25_05_5.bmp,/data/projectwork/swati_mam/new model data/tid2013/tid2013/reference_images/i25.bmp,type_05,NA,5,2.75,val,HF/sharpen,-45.966743,-4.0033813
TID2013,i25_06_3,I25,/data/projectwork/swati_mam/new model data/tid2013/tid2013/distorted_images/i25_06_3.bmp,/data/projectwork/swati_mam/new model data/tid2013/tid2013/reference_images/i25.bmp,type_06,NA,3,3.705880000000001,val,noise,-47.26066,-2.6218834
TID2013,i25_06_4,I25,/data/projectwork/swati_mam/new model data/tid2013/tid2013/distorted_images/i25_06_4.bmp,/data/projectwork/swati_mam/new model data/tid2013/tid2013/reference_images/i25.bmp,type_06,NA,4,3.47222,val,noise,-46.808807,-3.5397747
TID2013,i25_06_5,I25,/data/projectwork/swati_mam/new model data/tid2013/tid2013/distorted_images/i25_06_5.bmp,/data/projectwork/swati_mam/new model data/tid2013/tid2013/reference_images/i25.bmp,type_06,NA,5,3.02778,val,noise,-46.26,-3.772725
TID2013,i25_07_3,I25,/data/projectwork/swati_mam/new model data/tid2013/tid2013/distorted_images/i25_07_3.bmp,/data/projectwork/swati_mam/new model data/tid2013/tid2013/reference_images/i25.bmp,type_07,NA,3,3.0303,val,noise,-51.198685,2.0376055
TID2013,i25_07_5,I25,/data/projectwork/swati_mam/new model data/tid2013/tid2013/distorted_images/i25_07_5.bmp,/data/projectwork/swati_mam/new model data/tid2013/tid2013/reference_images/i25.bmp,type_07,NA,5,2.74286,val,noise,-47.501564,-2.916122
TID2013,i25_08_2,I25,/data/projectwork/swati_mam/new model data/tid2013/tid2013/distorted_images/i25_08_2.bmp,/data/projectwork/swati_mam/new model data/tid2013/tid2013/reference_images/i25.bmp,type_08,NA,2,5.05556,val,blur,-41.962845,1.6022526
TID2013,i25_08_4,I25,/data/projectwork/swati_mam/new model data/tid2013/tid2013/distorted_images/i25_08_4.bmp,/data/projectwork/swati_mam/new model data/tid2013/tid2013/reference_images/i25.bmp,type_08,NA,4,3.17647,val,blur,-15.494282,-4.670203
TID2013,i25_09_2,I25,/data/projectwork/swati_mam/new model data/tid2013/tid2013/distorted_images/i25_09_2.bmp,/data/projectwork/swati_mam/new model data/tid2013/tid2013/reference_images/i25.bmp,type_09,NA,2,5.2,val,other,-49.483734,1.7328255
TID2013,i25_09_3,I25,/data/projectwork/swati_mam/new model data/tid2013/tid2013/distorted_images/i25_09_3.bmp,/data/projectwork/swati_mam/new model data/tid2013/tid2013/reference_images/i25.bmp,type_09,NA,3,4.22857,val,other,-48.089478,2.0020497
TID2013,i25_09_4,I25,/data/projectwork/swati_mam/new model data/tid2013/tid2013/distorted_images/i25_09_4.bmp,/data/projectwork/swati_mam/new model data/tid2013/tid2013/reference_images/i25.bmp,type_09,NA,4,3.11765,val,other,-44.54136,1.4994072
TID2013,i25_09_5,I25,/data/projectwork/swati_mam/new model data/tid2013/tid2013/distorted_images/i25_09_5.bmp,/data/projectwork/swati_mam/new model data/tid2013/tid2013/reference_images/i25.bmp,type_09,NA,5,1.33333,val,other,-41.93177,1.5962005
TID2013,i25_10_1,I25,/data/projectwork/swati_mam/new model data/tid2013/tid2013/distorted_images/i25_10_1.bmp,/data/projectwork/swati_mam/new model data/tid2013/tid2013/reference_images/i25.bmp,type_10,NA,1,5.85714,val,other,-45.535366,1.3943151
TID2013,i25_10_2,I25,/data/projectwork/swati_mam/new model data/tid2013/tid2013/distorted_images/i25_10_2.bmp,/data/projectwork/swati_mam/new model data/tid2013/tid2013/reference_images/i25.bmp,type_10,NA,2,5.57143,val,other,-45.403843,1.5663775
TID2013,i25_10_4,I25,/data/projectwork/swati_mam/new model data/tid2013/tid2013/distorted_images/i25_10_4.bmp,/data/projectwork/swati_mam/new model data/tid2013/tid2013/reference_images/i25.bmp,type_10,NA,4,2.14706,val,other,-44.434547,2.0414045
TID2013,i25_10_5,I25,/data/projectwork/swati_mam/new model data/tid2013/tid2013/distorted_images/i25_10_5.bmp,/data/projectwork/swati_mam/new model data/tid2013/tid2013/reference_images/i25.bmp,type_10,NA,5,1.47222,val,other,-43.65204,0.050536167
TID2013,i25_11_2,I25,/data/projectwork/swati_mam/new model data/tid2013/tid2013/distorted_images/i25_11_2.bmp,/data/projectwork/swati_mam/new model data/tid2013/tid2013/reference_images/i25.bmp,type_11,NA,2,5.86111,val,other,-51.31491,0.14093892
TID2013,i25_11_3,I25,/data/projectwork/swati_mam/new model data/tid2013/tid2013/distorted_images/i25_11_3.bmp,/data/projectwork/swati_mam/new model data/tid2013/tid2013/reference_images/i25.bmp,type_11,NA,3,5.36111,val,other,-48.916534,-2.5826046
TID2013,i25_11_4,I25,/data/projectwork/swati_mam/new model data/tid2013/tid2013/distorted_images/i25_11_4.bmp,/data/projectwork/swati_mam/new model data/tid2013/tid2013/reference_images/i25.bmp,type_11,NA,4,4.97222,val,other,-48.200256,-3.3121881
TID2013,i25_11_5,I25,/data/projectwork/swati_mam/new model data/tid2013/tid2013/distorted_images/i25_11_5.bmp,/data/projectwork/swati_mam/new model data/tid2013/tid2013/reference_images/i25.bmp,type_11,NA,5,4.6,val,other,-44.77469,1.2796719
TID2013,i25_12_1,I25,/data/projectwork/swati_mam/new model data/tid2013/tid2013/distorted_images/i25_12_1.bmp,/data/projectwork/swati_mam/new model data/tid2013/tid2013/reference_images/i25.bmp,type_12,NA,1,6.02778,val,other,-45.99188,1.7497358
TID2013,i25_12_2,I25,/data/projectwork/swati_mam/new model data/tid2013/tid2013/distorted_images/i25_12_2.bmp,/data/projectwork/swati_mam/new model data/tid2013/tid2013/reference_images/i25.bmp,type_12,NA,2,5.8,val,other,-45.922993,1.5880048
TID2013,i25_12_3,I25,/data/projectwork/swati_mam/new model data/tid2013/tid2013/distorted_images/i25_12_3.bmp,/data/projectwork/swati_mam/new model data/tid2013/tid2013/reference_images/i25.bmp,type_12,NA,3,4.83333,val,other,-45.60025,1.9635376
TID2013,i25_12_5,I25,/data/projectwork/swati_mam/new model data/tid2013/tid2013/distorted_images/i25_12_5.bmp,/data/projectwork/swati_mam/new model data/tid2013/tid2013/reference_images/i25.bmp,type_12,NA,5,4.66667,val,other,-43.9521,1.5274456
TID2013,I25_13_1,I25,/data/projectwork/swati_mam/new model data/tid2013/tid2013/distorted_images/I25_13_1.bmp,/data/projectwork/swati_mam/new model data/tid2013/tid2013/reference_images/i25.bmp,type_13,NA,1,4.82857,val,other,-50.498444,2.4132235
TID2013,i25_13_2,I25,/data/projectwork/swati_mam/new model data/tid2013/tid2013/distorted_images/i25_13_2.bmp,/data/projectwork/swati_mam/new model data/tid2013/tid2013/reference_images/i25.bmp,type_13,NA,2,5.71429,val,other,-48.947918,-2.341244
TID2013,i25_13_3,I25,/data/projectwork/swati_mam/new model data/tid2013/tid2013/distorted_images/i25_13_3.bmp,/data/projectwork/swati_mam/new model data/tid2013/tid2013/reference_images/i25.bmp,type_13,NA,3,3.68571,val,other,-47.665382,0.72046256
TID2013,i25_14_1,I25,/data/projectwork/swati_mam/new model data/tid2013/tid2013/distorted_images/i25_14_1.bmp,/data/projectwork/swati_mam/new model data/tid2013/tid2013/reference_images/i25.bmp,type_14,NA,1,5.71429,val,other,-49.6792,-0.36136037
TID2013,i25_15_1,I25,/data/projectwork/swati_mam/new model data/tid2013/tid2013/distorted_images/i25_15_1.bmp,/data/projectwork/swati_mam/new model data/tid2013/tid2013/reference_images/i25.bmp,type_15,NA,1,3.2777800000000004,val,other,-48.148884,-4.1361885
TID2013,i25_15_4,I25,/data/projectwork/swati_mam/new model data/tid2013/tid2013/distorted_images/i25_15_4.bmp,/data/projectwork/swati_mam/new model data/tid2013/tid2013/reference_images/i25.bmp,type_15,NA,4,3.97059,val,other,-47.39553,-1.6347495
TID2013,i25_15_5,I25,/data/projectwork/swati_mam/new model data/tid2013/tid2013/distorted_images/i25_15_5.bmp,/data/projectwork/swati_mam/new model data/tid2013/tid2013/reference_images/i25.bmp,type_15,NA,5,4.14286,val,other,-47.653408,-1.6738352
TID2013,i25_16_2,I25,/data/projectwork/swati_mam/new model data/tid2013/tid2013/distorted_images/i25_16_2.bmp,/data/projectwork/swati_mam/new model data/tid2013/tid2013/reference_images/i25.bmp,type_16,NA,2,6.41667,val,other,-50.653618,0.40120783
TID2013,i25_16_3,I25,/data/projectwork/swati_mam/new model data/tid2013/tid2013/distorted_images/i25_16_3.bmp,/data/projectwork/swati_mam/new model data/tid2013/tid2013/reference_images/i25.bmp,type_16,NA,3,5.7714300000000005,val,other,-47.122627,1.0698879
TID2013,i25_16_5,I25,/data/projectwork/swati_mam/new model data/tid2013/tid2013/distorted_images/i25_16_5.bmp,/data/projectwork/swati_mam/new model data/tid2013/tid2013/reference_images/i25.bmp,type_16,NA,5,4.4705900000000005,val,other,-43.47127,1.2129161
TID2013,i25_17_1,I25,/data/projectwork/swati_mam/new model data/tid2013/tid2013/distorted_images/i25_17_1.bmp,/data/projectwork/swati_mam/new model data/tid2013/tid2013/reference_images/i25.bmp,type_17,NA,1,5.61111,val,other,-46.8738,1.9808944
TID2013,i25_17_3,I25,/data/projectwork/swati_mam/new model data/tid2013/tid2013/distorted_images/i25_17_3.bmp,/data/projectwork/swati_mam/new model data/tid2013/tid2013/reference_images/i25.bmp,type_17,NA,3,4.48571,val,other,-43.51717,1.4805394
TID2013,i25_17_4,I25,/data/projectwork/swati_mam/new model data/tid2013/tid2013/distorted_images/i25_17_4.bmp,/data/projectwork/swati_mam/new model data/tid2013/tid2013/reference_images/i25.bmp,type_17,NA,4,6.38889,val,other,-51.583797,2.1700006
TID2013,i25_18_1,I25,/data/projectwork/swati_mam/new model data/tid2013/tid2013/distorted_images/i25_18_1.bmp,/data/projectwork/swati_mam/new model data/tid2013/tid2013/reference_images/i25.bmp,type_18,NA,1,5.61111,val,other,-49.079845,-1.3679978
TID2013,i25_18_2,I25,/data/projectwork/swati_mam/new model data/tid2013/tid2013/distorted_images/i25_18_2.bmp,/data/projectwork/swati_mam/new model data/tid2013/tid2013/reference_images/i25.bmp,type_18,NA,2,5.05882,val,other,-48.698204,-2.0387108
TID2013,i25_18_5,I25,/data/projectwork/swati_mam/new model data/tid2013/tid2013/distorted_images/i25_18_5.bmp,/data/projectwork/swati_mam/new model data/tid2013/tid2013/reference_images/i25.bmp,type_18,NA,5,2.67647,val,other,-47.927258,-3.6995325
TID2013,i25_19_3,I25,/data/projectwork/swati_mam/new model data/tid2013/tid2013/distorted_images/i25_19_3.bmp,/data/projectwork/swati_mam/new model data/tid2013/tid2013/reference_images/i25.bmp,type_19,NA,3,3.83333,val,noise,-49.14653,-0.8960321
TID2013,i25_20_1,I25,/data/projectwork/swati_mam/new model data/tid2013/tid2013/distorted_images/i25_20_1.bmp,/data/projectwork/swati_mam/new model data/tid2013/tid2013/reference_images/i25.bmp,type_20,NA,1,5.67647,val,noise,-49.828304,2.3646119
TID2013,i25_20_2,I25,/data/projectwork/swati_mam/new model data/tid2013/tid2013/distorted_images/i25_20_2.bmp,/data/projectwork/swati_mam/new model data/tid2013/tid2013/reference_images/i25.bmp,type_20,NA,2,5.54286,val,noise,-48.924656,2.1857438
TID2013,i25_20_3,I25,/data/projectwork/swati_mam/new model data/tid2013/tid2013/distorted_images/i25_20_3.bmp,/data/projectwork/swati_mam/new model data/tid2013/tid2013/reference_images/i25.bmp,type_20,NA,3,5.0,val,noise,-49.113388,2.53342
TID2013,i25_20_4,I25,/data/projectwork/swati_mam/new model data/tid2013/tid2013/distorted_images/i25_20_4.bmp,/data/projectwork/swati_mam/new model data/tid2013/tid2013/reference_images/i25.bmp,type_20,NA,4,4.97222,val,noise,-47.692562,1.7056097
TID2013,i25_21_1,I25,/data/projectwork/swati_mam/new model data/tid2013/tid2013/distorted_images/i25_21_1.bmp,/data/projectwork/swati_mam/new model data/tid2013/tid2013/reference_images/i25.bmp,type_21,NA,1,5.17143,val,other,-49.0403,1.0140061
TID2013,i25_22_1,I25,/data/projectwork/swati_mam/new model data/tid2013/tid2013/distorted_images/i25_22_1.bmp,/data/projectwork/swati_mam/new model data/tid2013/tid2013/reference_images/i25.bmp,type_22,NA,1,4.80556,val,other,-49.68377,0.24543187
TID2013,i25_22_2,I25,/data/projectwork/swati_mam/new model data/tid2013/tid2013/distorted_images/i25_22_2.bmp,/data/projectwork/swati_mam/new model data/tid2013/tid2013/reference_images/i25.bmp,type_22,NA,2,4.25,val,other,-49.676582,0.1846768
TID2013,i25_22_3,I25,/data/projectwork/swati_mam/new model data/tid2013/tid2013/distorted_images/i25_22_3.bmp,/data/projectwork/swati_mam/new model data/tid2013/tid2013/reference_images/i25.bmp,type_22,NA,3,3.79412,val,other,-50.428795,0.9498195
TID2013,i25_22_4,I25,/data/projectwork/swati_mam/new model data/tid2013/tid2013/distorted_images/i25_22_4.bmp,/data/projectwork/swati_mam/new model data/tid2013/tid2013/reference_images/i25.bmp,type_22,NA,4,3.4,val,other,-50.149063,-0.3536047
TID2013,i25_22_5,I25,/data/projectwork/swati_mam/new model data/tid2013/tid2013/distorted_images/i25_22_5.bmp,/data/projectwork/swati_mam/new model data/tid2013/tid2013/reference_images/i25.bmp,type_22,NA,5,2.79412,val,other,-50.346138,-1.2113819
TID2013,i25_23_1,I25,/data/projectwork/swati_mam/new model data/tid2013/tid2013/distorted_images/i25_23_1.bmp,/data/projectwork/swati_mam/new model data/tid2013/tid2013/reference_images/i25.bmp,type_23,NA,1,6.30556,val,blur,-48.127937,-1.2757858
TID2013,i25_23_2,I25,/data/projectwork/swati_mam/new model data/tid2013/tid2013/distorted_images/i25_23_2.bmp,/data/projectwork/swati_mam/new model data/tid2013/tid2013/reference_images/i25.bmp,type_23,NA,2,6.27778,val,blur,-46.07946,-1.0848054
TID2013,i25_23_3,I25,/data/projectwork/swati_mam/new model data/tid2013/tid2013/distorted_images/i25_23_3.bmp,/data/projectwork/swati_mam/new model data/tid2013/tid2013/reference_images/i25.bmp,type_23,NA,3,6.17143,val,blur,-45.15153,-0.72263837
TID2013,i25_23_4,I25,/data/projectwork/swati_mam/new model data/tid2013/tid2013/distorted_images/i25_23_4.bmp,/data/projectwork/swati_mam/new model data/tid2013/tid2013/reference_images/i25.bmp,type_23,NA,4,6.14286,val,blur,-44.717506,-0.5351252
TID2013,i25_23_5,I25,/data/projectwork/swati_mam/new model data/tid2013/tid2013/distorted_images/i25_23_5.bmp,/data/projectwork/swati_mam/new model data/tid2013/tid2013/reference_images/i25.bmp,type_23,NA,5,5.971430000000001,val,blur,-44.416367,-0.37317836
TID2013,i25_24_1,I25,/data/projectwork/swati_mam/new model data/tid2013/tid2013/distorted_images/i25_24_1.bmp,/data/projectwork/swati_mam/new model data/tid2013/tid2013/reference_images/i25.bmp,type_24,NA,1,5.65714,val,other,-50.304356,2.8276374
TID2013,i25_24_4,I25,/data/projectwork/swati_mam/new model data/tid2013/tid2013/distorted_images/i25_24_4.bmp,/data/projectwork/swati_mam/new model data/tid2013/tid2013/reference_images/i25.bmp,type_24,NA,4,4.02778,val,other,-49.2701,3.249911
