dataset,image_id,ref_id,distorted_path,ref_path,distortion_type,distortion_code,severity_or_level,mos_or_dmos,split,group,tsne_x,tsne_y
KADID-10k,I26_16_03,I26,/data/projectwork/swati_mam/new model data/kadid10k/images/I26_16_03.png,/data/projectwork/swati_mam/kadid10k/images/I26.png,Brighten,NA,3,3.57,val,other,42.36254,18.598085
KADID-10k,I26_16_04,I26,/data/projectwork/swati_mam/new model data/kadid10k/images/I26_16_04.png,/data/projectwork/swati_mam/kadid10k/images/I26.png,Brighten,NA,4,2.93,val,other,33.86199,12.634228
KADID-10k,I26_23_01,I26,/data/projectwork/swati_mam/new model data/kadid10k/images/I26_23_01.png,/data/projectwork/swati_mam/kadid10k/images/I26.png,Color block,NA,1,2.47,val,other,42.081905,18.845978
KADID-10k,I26_23_02,I26,/data/projectwork/swati_mam/new model data/kadid10k/images/I26_23_02.png,/data/projectwork/swati_mam/kadid10k/images/I26.png,Color block,NA,2,2.2,val,other,44.812466,19.346897
KADID-10k,I26_23_03,I26,/data/projectwork/swati_mam/new model data/kadid10k/images/I26_23_03.png,/data/projectwork/swati_mam/kadid10k/images/I26.png,Color block,NA,3,2.67,val,other,44.309288,19.299244
KADID-10k,I26_04_01,I26,/data/projectwork/swati_mam/new model data/kadid10k/images/I26_04_01.png,/data/projectwork/swati_mam/kadid10k/images/I26.png,Color diffusion,NA,1,4.8,val,other,43.981407,19.361305
KADID-10k,I26_04_03,I26,/data/projectwork/swati_mam/new model data/kadid10k/images/I26_04_03.png,/data/projectwork/swati_mam/kadid10k/images/I26.png,Color diffusion,NA,3,2.9,val,other,20.441034,-19.273712
KADID-10k,I26_06_01,I26,/data/projectwork/swati_mam/new model data/kadid10k/images/I26_06_01.png,/data/projectwork/swati_mam/kadid10k/images/I26.png,Color quantization,NA,1,4.57,val,other,43.949562,19.29246
KADID-10k,I26_06_04,I26,/data/projectwork/swati_mam/new model data/kadid10k/images/I26_06_04.png,/data/projectwork/swati_mam/kadid10k/images/I26.png,Color quantization,NA,4,3.53,val,other,31.378374,11.3728695
KADID-10k,I26_07_04,I26,/data/projectwork/swati_mam/new model data/kadid10k/images/I26_07_04.png,/data/projectwork/swati_mam/kadid10k/images/I26.png,Color saturation 1,NA,4,2.47,val,other,43.255825,19.21263
KADID-10k,I26_07_05,I26,/data/projectwork/swati_mam/new model data/kadid10k/images/I26_07_05.png,/data/projectwork/swati_mam/kadid10k/images/I26.png,Color saturation 1,NA,5,2.6,val,other,20.38063,-6.2804184
KADID-10k,I26_08_01,I26,/data/projectwork/swati_mam/new model data/kadid10k/images/I26_08_01.png,/data/projectwork/swati_mam/kadid10k/images/I26.png,Color saturation 2,NA,1,4.67,val,other,43.44085,19.145891
KADID-10k,I26_08_03,I26,/data/projectwork/swati_mam/new model data/kadid10k/images/I26_08_03.png,/data/projectwork/swati_mam/kadid10k/images/I26.png,Color saturation 2,NA,3,3.53,val,other,19.583052,-19.438446
KADID-10k,I26_08_05,I26,/data/projectwork/swati_mam/new model data/kadid10k/images/I26_08_05.png,/data/projectwork/swati_mam/kadid10k/images/I26.png,Color saturation 2,NA,5,1.77,val,other,-9.877229,1.2231731
KADID-10k,I26_05_01,I26,/data/projectwork/swati_mam/new model data/kadid10k/images/I26_05_01.png,/data/projectwork/swati_mam/kadid10k/images/I26.png,Color shift,NA,1,4.43,val,other,37.426537,16.445059
KADID-10k,I26_05_02,I26,/data/projectwork/swati_mam/new model data/kadid10k/images/I26_05_02.png,/data/projectwork/swati_mam/kadid10k/images/I26.png,Color shift,NA,2,2.64,val,other,8.965672,-24.790813
KADID-10k,I26_05_03,I26,/data/projectwork/swati_mam/new model data/kadid10k/images/I26_05_03.png,/data/projectwork/swati_mam/kadid10k/images/I26.png,Color shift,NA,3,1.57,val,other,10.453726,-24.912142
KADID-10k,I26_25_05,I26,/data/projectwork/swati_mam/new model data/kadid10k/images/I26_25_05.png,/data/projectwork/swati_mam/kadid10k/images/I26.png,Contrast change,NA,5,3.03,val,other,35.50074,15.518229
KADID-10k,I26_17_02,I26,/data/projectwork/swati_mam/new model data/kadid10k/images/I26_17_02.png,/data/projectwork/swati_mam/kadid10k/images/I26.png,Darken,NA,2,4.37,val,other,42.764168,19.124641
KADID-10k,I26_17_04,I26,/data/projectwork/swati_mam/new model data/kadid10k/images/I26_17_04.png,/data/projectwork/swati_mam/kadid10k/images/I26.png,Darken,NA,4,3.37,val,other,39.499043,17.675697
KADID-10k,I26_17_05,I26,/data/projectwork/swati_mam/new model data/kadid10k/images/I26_17_05.png,/data/projectwork/swati_mam/kadid10k/images/I26.png,Darken,NA,5,1.77,val,other,20.330944,-5.978274
KADID-10k,I26_15_04,I26,/data/projectwork/swati_mam/new model data/kadid10k/images/I26_15_04.png,/data/projectwork/swati_mam/kadid10k/images/I26.png,Denoise,NA,4,2.07,val,noise,-8.878822,-12.639386
KADID-10k,I26_15_05,I26,/data/projectwork/swati_mam/new model data/kadid10k/images/I26_15_05.png,/data/projectwork/swati_mam/kadid10k/images/I26.png,Denoise,NA,5,1.47,val,noise,-10.559895,20.23066
KADID-10k,I26_01_02,I26,/data/projectwork/swati_mam/new model data/kadid10k/images/I26_01_02.png,/data/projectwork/swati_mam/kadid10k/images/I26.png,Gaussian blur,NA,2,4.43,val,blur,31.0643,10.873151
KADID-10k,I26_01_05,I26,/data/projectwork/swati_mam/new model data/kadid10k/images/I26_01_05.png,/data/projectwork/swati_mam/kadid10k/images/I26.png,Gaussian blur,NA,5,1.3,val,blur,-47.07049,-19.522919
KADID-10k,I26_24_02,I26,/data/projectwork/swati_mam/new model data/kadid10k/images/I26_24_02.png,/data/projectwork/swati_mam/kadid10k/images/I26.png,High sharpen,NA,2,2.81,val,HF/sharpen,50.531677,20.03278
KADID-10k,I26_24_04,I26,/data/projectwork/swati_mam/new model data/kadid10k/images/I26_24_04.png,/data/projectwork/swati_mam/kadid10k/images/I26.png,High sharpen,NA,4,1.53,val,HF/sharpen,48.461212,18.989483
KADID-10k,I26_24_05,I26,/data/projectwork/swati_mam/new model data/kadid10k/images/I26_24_05.png,/data/projectwork/swati_mam/kadid10k/images/I26.png,High sharpen,NA,5,1.43,val,HF/sharpen,28.886942,1.2717037
KADID-10k,I26_13_04,I26,/data/projectwork/swati_mam/new model data/kadid10k/images/I26_13_04.png,/data/projectwork/swati_mam/kadid10k/images/I26.png,Impulse noise,NA,4,2.29,val,noise,21.330667,-5.5877233
KADID-10k,I26_10_01,I26,/data/projectwork/swati_mam/new model data/kadid10k/images/I26_10_01.png,/data/projectwork/swati_mam/kadid10k/images/I26.png,JPEG,NA,1,4.6,val,other,37.804966,16.82176
KADID-10k,I26_10_02,I26,/data/projectwork/swati_mam/new model data/kadid10k/images/I26_10_02.png,/data/projectwork/swati_mam/kadid10k/images/I26.png,JPEG,NA,2,4.1,val,other,38.357014,17.13632
KADID-10k,I26_10_03,I26,/data/projectwork/swati_mam/new model data/kadid10k/images/I26_10_03.png,/data/projectwork/swati_mam/kadid10k/images/I26.png,JPEG,NA,3,3.93,val,other,36.29853,15.83662
KADID-10k,I26_10_05,I26,/data/projectwork/swati_mam/new model data/kadid10k/images/I26_10_05.png,/data/projectwork/swati_mam/kadid10k/images/I26.png,JPEG,NA,5,1.5,val,other,-1.3737956,-23.059238
KADID-10k,I26_09_01,I26,/data/projectwork/swati_mam/new model data/kadid10k/images/I26_09_01.png,/data/projectwork/swati_mam/kadid10k/images/I26.png,JPEG2000,NA,1,4.57,val,other,42.15735,18.982525
KADID-10k,I26_09_02,I26,/data/projectwork/swati_mam/new model data/kadid10k/images/I26_09_02.png,/data/projectwork/swati_mam/kadid10k/images/I26.png,JPEG2000,NA,2,4.63,val,other,38.60409,17.23808
KADID-10k,I26_09_04,I26,/data/projectwork/swati_mam/new model data/kadid10k/images/I26_09_04.png,/data/projectwork/swati_mam/kadid10k/images/I26.png,JPEG2000,NA,4,2.67,val,other,19.410387,-19.578655
KADID-10k,I26_19_02,I26,/data/projectwork/swati_mam/new model data/kadid10k/images/I26_19_02.png,/data/projectwork/swati_mam/kadid10k/images/I26.png,Jitter,NA,2,3.6,val,other,30.501173,10.287937
KADID-10k,I26_19_04,I26,/data/projectwork/swati_mam/new model data/kadid10k/images/I26_19_04.png,/data/projectwork/swati_mam/kadid10k/images/I26.png,Jitter,NA,4,1.77,val,other,-10.554782,-8.472672
KADID-10k,I26_02_02,I26,/data/projectwork/swati_mam/new model data/kadid10k/images/I26_02_02.png,/data/projectwork/swati_mam/kadid10k/images/I26.png,Lens blur,NA,2,2.67,val,blur,-7.3396025,14.75243
KADID-10k,I26_02_04,I26,/data/projectwork/swati_mam/new model data/kadid10k/images/I26_02_04.png,/data/projectwork/swati_mam/kadid10k/images/I26.png,Lens blur,NA,4,1.57,val,blur,-44.82555,-13.687272
KADID-10k,I26_02_05,I26,/data/projectwork/swati_mam/new model data/kadid10k/images/I26_02_05.png,/data/projectwork/swati_mam/kadid10k/images/I26.png,Lens blur,NA,5,1.27,val,blur,-46.35902,-17.498964
KADID-10k,I26_18_01,I26,/data/projectwork/swati_mam/new model data/kadid10k/images/I26_18_01.png,/data/projectwork/swati_mam/kadid10k/images/I26.png,Mean shift,NA,1,4.5,val,other,46.466816,19.387505
KADID-10k,I26_18_02,I26,/data/projectwork/swati_mam/new model data/kadid10k/images/I26_18_02.png,/data/projectwork/swati_mam/kadid10k/images/I26.png,Mean shift,NA,2,4.57,val,other,46.151157,19.444342
KADID-10k,I26_18_04,I26,/data/projectwork/swati_mam/new model data/kadid10k/images/I26_18_04.png,/data/projectwork/swati_mam/kadid10k/images/I26.png,Mean shift,NA,4,4.23,val,other,42.706112,18.924065
KADID-10k,I26_14_02,I26,/data/projectwork/swati_mam/new model data/kadid10k/images/I26_14_02.png,/data/projectwork/swati_mam/kadid10k/images/I26.png,Multiplicative noise,NA,2,3.84,val,noise,37.81404,16.946978
KADID-10k,I26_14_05,I26,/data/projectwork/swati_mam/new model data/kadid10k/images/I26_14_05.png,/data/projectwork/swati_mam/kadid10k/images/I26.png,Multiplicative noise,NA,5,2.23,val,noise,-9.027794,-9.662173
KADID-10k,I26_20_01,I26,/data/projectwork/swati_mam/new model data/kadid10k/images/I26_20_01.png,/data/projectwork/swati_mam/kadid10k/images/I26.png,Non-eccentricity patch,NA,1,4.23,val,other,45.531086,19.491522
KADID-10k,I26_20_02,I26,/data/projectwork/swati_mam/new model data/kadid10k/images/I26_20_02.png,/data/projectwork/swati_mam/kadid10k/images/I26.png,Non-eccentricity patch,NA,2,3.9,val,other,41.968956,18.831821
KADID-10k,I26_21_01,I26,/data/projectwork/swati_mam/new model data/kadid10k/images/I26_21_01.png,/data/projectwork/swati_mam/kadid10k/images/I26.png,Pixelate,NA,1,3.1,val,other,39.357414,17.728708
KADID-10k,I26_21_03,I26,/data/projectwork/swati_mam/new model data/kadid10k/images/I26_21_03.png,/data/projectwork/swati_mam/kadid10k/images/I26.png,Pixelate,NA,3,2.43,val,other,30.659637,10.478119
KADID-10k,I26_21_05,I26,/data/projectwork/swati_mam/new model data/kadid10k/images/I26_21_05.png,/data/projectwork/swati_mam/kadid10k/images/I26.png,Pixelate,NA,5,1.43,val,other,19.607056,-19.106537
KADID-10k,I26_22_02,I26,/data/projectwork/swati_mam/new model data/kadid10k/images/I26_22_02.png,/data/projectwork/swati_mam/kadid10k/images/I26.png,Quantization,NA,2,4.47,val,other,45.29832,19.536959
KADID-10k,I26_22_04,I26,/data/projectwork/swati_mam/new model data/kadid10k/images/I26_22_04.png,/data/projectwork/swati_mam/kadid10k/images/I26.png,Quantization,NA,4,3.8,val,other,44.819637,19.450607
KADID-10k,I26_11_01,I26,/data/projectwork/swati_mam/new model data/kadid10k/images/I26_11_01.png,/data/projectwork/swati_mam/kadid10k/images/I26.png,White noise,NA,1,3.9,val,noise,38.147125,17.129719
KADID-10k,I26_11_04,I26,/data/projectwork/swati_mam/new model data/kadid10k/images/I26_11_04.png,/data/projectwork/swati_mam/kadid10k/images/I26.png,White noise,NA,4,2.8,val,noise,19.965244,-18.929508
KADID-10k,I26_12_04,I26,/data/projectwork/swati_mam/new model data/kadid10k/images/I26_12_04.png,/data/projectwork/swati_mam/kadid10k/images/I26.png,White noise in color component,NA,4,2.8,val,noise,4.0876465,-24.135523
KADID-10k,I26_12_05,I26,/data/projectwork/swati_mam/new model data/kadid10k/images/I26_12_05.png,/data/projectwork/swati_mam/kadid10k/images/I26.png,White noise in color component,NA,5,2.3,val,noise,-9.696019,1.4715359
KADID-10k,I27_16_02,I27,/data/projectwork/swati_mam/new model data/kadid10k/images/I27_16_02.png,/data/projectwork/swati_mam/kadid10k/images/I27.png,Brighten,NA,2,3.7,val,other,-10.617587,12.043816
KADID-10k,I27_16_04,I27,/data/projectwork/swati_mam/new model data/kadid10k/images/I27_16_04.png,/data/projectwork/swati_mam/kadid10k/images/I27.png,Brighten,NA,4,1.8,val,other,-39.756973,-2.281761
KADID-10k,I27_16_05,I27,/data/projectwork/swati_mam/new model data/kadid10k/images/I27_16_05.png,/data/projectwork/swati_mam/kadid10k/images/I27.png,Brighten,NA,5,1.47,val,other,-41.96436,-9.806861
KADID-10k,I27_23_02,I27,/data/projectwork/swati_mam/new model data/kadid10k/images/I27_23_02.png,/data/projectwork/swati_mam/kadid10k/images/I27.png,Color block,NA,2,2.4,val,other,-2.9052947,-9.36854
KADID-10k,I27_04_01,I27,/data/projectwork/swati_mam/new model data/kadid10k/images/I27_04_01.png,/data/projectwork/swati_mam/kadid10k/images/I27.png,Color diffusion,NA,1,4.1,val,other,0.97680527,-14.589708
KADID-10k,I27_04_02,I27,/data/projectwork/swati_mam/new model data/kadid10k/images/I27_04_02.png,/data/projectwork/swati_mam/kadid10k/images/I27.png,Color diffusion,NA,2,2.27,val,other,-18.004232,21.156797
KADID-10k,I27_04_04,I27,/data/projectwork/swati_mam/new model data/kadid10k/images/I27_04_04.png,/data/projectwork/swati_mam/kadid10k/images/I27.png,Color diffusion,NA,4,1.17,val,other,-40.049206,-2.4469287
KADID-10k,I27_04_05,I27,/data/projectwork/swati_mam/new model data/kadid10k/images/I27_04_05.png,/data/projectwork/swati_mam/kadid10k/images/I27.png,Color diffusion,NA,5,1.27,val,other,-42.315243,-10.111359
KADID-10k,I27_06_01,I27,/data/projectwork/swati_mam/new model data/kadid10k/images/I27_06_01.png,/data/projectwork/swati_mam/kadid10k/images/I27.png,Color quantization,NA,1,4.37,val,other,0.11260483,-12.467277
KADID-10k,I27_06_02,I27,/data/projectwork/swati_mam/new model data/kadid10k/images/I27_06_02.png,/data/projectwork/swati_mam/kadid10k/images/I27.png,Color quantization,NA,2,4.1,val,other,-2.3234885,-8.878779
KADID-10k,I27_06_03,I27,/data/projectwork/swati_mam/new model data/kadid10k/images/I27_06_03.png,/data/projectwork/swati_mam/kadid10k/images/I27.png,Color quantization,NA,3,3.53,val,other,-4.7116666,-0.0075773196
KADID-10k,I27_06_05,I27,/data/projectwork/swati_mam/new model data/kadid10k/images/I27_06_05.png,/data/projectwork/swati_mam/kadid10k/images/I27.png,Color quantization,NA,5,2.17,val,other,-33.313656,18.992283
KADID-10k,I27_07_03,I27,/data/projectwork/swati_mam/new model data/kadid10k/images/I27_07_03.png,/data/projectwork/swati_mam/kadid10k/images/I27.png,Color saturation 1,NA,3,1.67,val,other,-23.711422,21.508635
KADID-10k,I27_07_04,I27,/data/projectwork/swati_mam/new model data/kadid10k/images/I27_07_04.png,/data/projectwork/swati_mam/kadid10k/images/I27.png,Color saturation 1,NA,4,2.0,val,other,-32.10418,20.793575
KADID-10k,I27_05_01,I27,/data/projectwork/swati_mam/new model data/kadid10k/images/I27_05_01.png,/data/projectwork/swati_mam/kadid10k/images/I27.png,Color shift,NA,1,4.0,val,other,-2.2274747,-8.718522
KADID-10k,I27_05_02,I27,/data/projectwork/swati_mam/new model data/kadid10k/images/I27_05_02.png,/data/projectwork/swati_mam/kadid10k/images/I27.png,Color shift,NA,2,1.93,val,other,-20.654243,22.2411
KADID-10k,I27_05_04,I27,/data/projectwork/swati_mam/new model data/kadid10k/images/I27_05_04.png,/data/projectwork/swati_mam/kadid10k/images/I27.png,Color shift,NA,4,1.63,val,other,-32.22947,19.560905
KADID-10k,I27_25_03,I27,/data/projectwork/swati_mam/new model data/kadid10k/images/I27_25_03.png,/data/projectwork/swati_mam/kadid10k/images/I27.png,Contrast change,NA,3,4.03,val,other,2.609529,-16.713335
KADID-10k,I27_25_04,I27,/data/projectwork/swati_mam/new model data/kadid10k/images/I27_25_04.png,/data/projectwork/swati_mam/kadid10k/images/I27.png,Contrast change,NA,4,4.0,val,other,-3.4558043,-6.0230823
KADID-10k,I27_25_05,I27,/data/projectwork/swati_mam/new model data/kadid10k/images/I27_25_05.png,/data/projectwork/swati_mam/kadid10k/images/I27.png,Contrast change,NA,5,3.07,val,other,-10.566571,15.384413
KADID-10k,I27_17_03,I27,/data/projectwork/swati_mam/new model data/kadid10k/images/I27_17_03.png,/data/projectwork/swati_mam/kadid10k/images/I27.png,Darken,NA,3,3.97,val,other,12.852234,-20.789711
KADID-10k,I27_17_04,I27,/data/projectwork/swati_mam/new model data/kadid10k/images/I27_17_04.png,/data/projectwork/swati_mam/kadid10k/images/I27.png,Darken,NA,4,3.8,val,other,18.40165,-17.367746
KADID-10k,I27_15_01,I27,/data/projectwork/swati_mam/new model data/kadid10k/images/I27_15_01.png,/data/projectwork/swati_mam/kadid10k/images/I27.png,Denoise,NA,1,3.77,val,noise,-1.4440812,-10.261136
KADID-10k,I27_15_02,I27,/data/projectwork/swati_mam/new model data/kadid10k/images/I27_15_02.png,/data/projectwork/swati_mam/kadid10k/images/I27.png,Denoise,NA,2,2.4,val,noise,-4.7605834,-0.90992147
KADID-10k,I27_15_04,I27,/data/projectwork/swati_mam/new model data/kadid10k/images/I27_15_04.png,/data/projectwork/swati_mam/kadid10k/images/I27.png,Denoise,NA,4,1.77,val,noise,-11.610895,18.587597
KADID-10k,I27_15_05,I27,/data/projectwork/swati_mam/new model data/kadid10k/images/I27_15_05.png,/data/projectwork/swati_mam/kadid10k/images/I27.png,Denoise,NA,5,1.52,val,noise,-34.082256,16.009659
KADID-10k,I27_01_01,I27,/data/projectwork/swati_mam/new model data/kadid10k/images/I27_01_01.png,/data/projectwork/swati_mam/kadid10k/images/I27.png,Gaussian blur,NA,1,4.53,val,blur,1.6158144,-16.183388
KADID-10k,I27_01_03,I27,/data/projectwork/swati_mam/new model data/kadid10k/images/I27_01_03.png,/data/projectwork/swati_mam/kadid10k/images/I27.png,Gaussian blur,NA,3,2.4,val,blur,-20.644924,22.61022
KADID-10k,I27_01_04,I27,/data/projectwork/swati_mam/new model data/kadid10k/images/I27_01_04.png,/data/projectwork/swati_mam/kadid10k/images/I27.png,Gaussian blur,NA,4,1.67,val,blur,-42.457317,-8.843811
KADID-10k,I27_01_05,I27,/data/projectwork/swati_mam/new model data/kadid10k/images/I27_01_05.png,/data/projectwork/swati_mam/kadid10k/images/I27.png,Gaussian blur,NA,5,1.2,val,blur,-45.894302,-18.648792
KADID-10k,I27_24_02,I27,/data/projectwork/swati_mam/new model data/kadid10k/images/I27_24_02.png,/data/projectwork/swati_mam/kadid10k/images/I27.png,High sharpen,NA,2,2.1,val,HF/sharpen,4.7067347,-18.316357
KADID-10k,I27_24_03,I27,/data/projectwork/swati_mam/new model data/kadid10k/images/I27_24_03.png,/data/projectwork/swati_mam/kadid10k/images/I27.png,High sharpen,NA,3,1.67,val,HF/sharpen,0.4850085,-10.394282
KADID-10k,I27_24_05,I27,/data/projectwork/swati_mam/new model data/kadid10k/images/I27_24_05.png,/data/projectwork/swati_mam/kadid10k/images/I27.png,High sharpen,NA,5,1.13,val,HF/sharpen,-11.483053,14.290025
KADID-10k,I27_13_01,I27,/data/projectwork/swati_mam/new model data/kadid10k/images/I27_13_01.png,/data/projectwork/swati_mam/kadid10k/images/I27.png,Impulse noise,NA,1,3.73,val,noise,2.3345096,-17.002132
KADID-10k,I27_13_04,I27,/data/projectwork/swati_mam/new model data/kadid10k/images/I27_13_04.png,/data/projectwork/swati_mam/kadid10k/images/I27.png,Impulse noise,NA,4,2.3,val,noise,-12.048302,18.52986
KADID-10k,I27_10_03,I27,/data/projectwork/swati_mam/new model data/kadid10k/images/I27_10_03.png,/data/projectwork/swati_mam/kadid10k/images/I27.png,JPEG,NA,3,3.57,val,other,-3.3854077,-5.446411
KADID-10k,I27_10_04,I27,/data/projectwork/swati_mam/new model data/kadid10k/images/I27_10_04.png,/data/projectwork/swati_mam/kadid10k/images/I27.png,JPEG,NA,4,1.67,val,other,-23.375643,22.236675
KADID-10k,I27_10_05,I27,/data/projectwork/swati_mam/new model data/kadid10k/images/I27_10_05.png,/data/projectwork/swati_mam/kadid10k/images/I27.png,JPEG,NA,5,1.47,val,other,-34.693504,15.106094
KADID-10k,I27_09_01,I27,/data/projectwork/swati_mam/new model data/kadid10k/images/I27_09_01.png,/data/projectwork/swati_mam/kadid10k/images/I27.png,JPEG2000,NA,1,4.47,val,other,1.4183823,-15.782794
KADID-10k,I27_09_02,I27,/data/projectwork/swati_mam/new model data/kadid10k/images/I27_09_02.png,/data/projectwork/swati_mam/kadid10k/images/I27.png,JPEG2000,NA,2,4.23,val,other,1.7568115,-16.117758
KADID-10k,I27_09_04,I27,/data/projectwork/swati_mam/new model data/kadid10k/images/I27_09_04.png,/data/projectwork/swati_mam/kadid10k/images/I27.png,JPEG2000,NA,4,2.37,val,other,-10.093842,11.328719
KADID-10k,I27_09_05,I27,/data/projectwork/swati_mam/new model data/kadid10k/images/I27_09_05.png,/data/projectwork/swati_mam/kadid10k/images/I27.png,JPEG2000,NA,5,1.17,val,other,-36.390182,7.615756
KADID-10k,I27_19_04,I27,/data/projectwork/swati_mam/new model data/kadid10k/images/I27_19_04.png,/data/projectwork/swati_mam/kadid10k/images/I27.png,Jitter,NA,4,1.53,val,other,-21.653032,23.228855
KADID-10k,I27_02_04,I27,/data/projectwork/swati_mam/new model data/kadid10k/images/I27_02_04.png,/data/projectwork/swati_mam/kadid10k/images/I27.png,Lens blur,NA,4,1.33,val,blur,-45.19801,-17.278313
KADID-10k,I27_02_05,I27,/data/projectwork/swati_mam/new model data/kadid10k/images/I27_02_05.png,/data/projectwork/swati_mam/kadid10k/images/I27.png,Lens blur,NA,5,1.17,val,blur,-45.934273,-18.437943
KADID-10k,I27_18_01,I27,/data/projectwork/swati_mam/new model data/kadid10k/images/I27_18_01.png,/data/projectwork/swati_mam/kadid10k/images/I27.png,Mean shift,NA,1,3.6,val,other,-11.792761,14.527432
KADID-10k,I27_18_02,I27,/data/projectwork/swati_mam/new model data/kadid10k/images/I27_18_02.png,/data/projectwork/swati_mam/kadid10k/images/I27.png,Mean shift,NA,2,4.03,val,other,-2.7708948,-5.624139
KADID-10k,I27_18_03,I27,/data/projectwork/swati_mam/new model data/kadid10k/images/I27_18_03.png,/data/projectwork/swati_mam/kadid10k/images/I27.png,Mean shift,NA,3,4.57,val,other,1.6158192,-16.183392
KADID-10k,I27_18_05,I27,/data/projectwork/swati_mam/new model data/kadid10k/images/I27_18_05.png,/data/projectwork/swati_mam/kadid10k/images/I27.png,Mean shift,NA,5,4.03,val,other,11.877307,-21.076664
KADID-10k,I27_03_01,I27,/data/projectwork/swati_mam/new model data/kadid10k/images/I27_03_01.png,/data/projectwork/swati_mam/kadid10k/images/I27.png,Motion blur,NA,1,4.4,val,blur,1.6158144,-16.183388
KADID-10k,I27_03_04,I27,/data/projectwork/swati_mam/new model data/kadid10k/images/I27_03_04.png,/data/projectwork/swati_mam/kadid10k/images/I27.png,Motion blur,NA,4,1.5,val,blur,-12.276254,19.340456
KADID-10k,I27_14_01,I27,/data/projectwork/swati_mam/new model data/kadid10k/images/I27_14_01.png,/data/projectwork/swati_mam/kadid10k/images/I27.png,Multiplicative noise,NA,1,3.67,val,noise,6.4769225,-21.6116
KADID-10k,I27_14_02,I27,/data/projectwork/swati_mam/new model data/kadid10k/images/I27_14_02.png,/data/projectwork/swati_mam/kadid10k/images/I27.png,Multiplicative noise,NA,2,2.97,val,noise,-3.2099311,-7.7320566
KADID-10k,I27_14_03,I27,/data/projectwork/swati_mam/new model data/kadid10k/images/I27_14_03.png,/data/projectwork/swati_mam/kadid10k/images/I27.png,Multiplicative noise,NA,3,2.16,val,noise,-10.343908,14.299741
KADID-10k,I27_14_05,I27,/data/projectwork/swati_mam/new model data/kadid10k/images/I27_14_05.png,/data/projectwork/swati_mam/kadid10k/images/I27.png,Multiplicative noise,NA,5,1.63,val,noise,-41.849346,-8.341383
KADID-10k,I27_20_02,I27,/data/projectwork/swati_mam/new model data/kadid10k/images/I27_20_02.png,/data/projectwork/swati_mam/kadid10k/images/I27.png,Non-eccentricity patch,NA,2,2.77,val,other,2.7822313,-17.280643
KADID-10k,I27_20_03,I27,/data/projectwork/swati_mam/new model data/kadid10k/images/I27_20_03.png,/data/projectwork/swati_mam/kadid10k/images/I27.png,Non-eccentricity patch,NA,3,3.47,val,other,1.8107244,-15.767499
KADID-10k,I27_20_04,I27,/data/projectwork/swati_mam/new model data/kadid10k/images/I27_20_04.png,/data/projectwork/swati_mam/kadid10k/images/I27.png,Non-eccentricity patch,NA,4,2.23,val,other,2.8206832,-17.515121
KADID-10k,I27_21_02,I27,/data/projectwork/swati_mam/new model data/kadid10k/images/I27_21_02.png,/data/projectwork/swati_mam/kadid10k/images/I27.png,Pixelate,NA,2,2.13,val,other,-3.5375822,-5.7785296
KADID-10k,I27_21_04,I27,/data/projectwork/swati_mam/new model data/kadid10k/images/I27_21_04.png,/data/projectwork/swati_mam/kadid10k/images/I27.png,Pixelate,NA,4,1.84,val,other,-11.403748,16.963543
KADID-10k,I27_22_02,I27,/data/projectwork/swati_mam/new model data/kadid10k/images/I27_22_02.png,/data/projectwork/swati_mam/kadid10k/images/I27.png,Quantization,NA,2,3.7,val,other,-1.905655,-9.080918
KADID-10k,I27_22_03,I27,/data/projectwork/swati_mam/new model data/kadid10k/images/I27_22_03.png,/data/projectwork/swati_mam/kadid10k/images/I27.png,Quantization,NA,3,3.4,val,other,-3.6863146,-3.7788184
KADID-10k,I27_22_05,I27,/data/projectwork/swati_mam/new model data/kadid10k/images/I27_22_05.png,/data/projectwork/swati_mam/kadid10k/images/I27.png,Quantization,NA,5,1.97,val,other,-12.911155,18.614264
KADID-10k,I27_11_01,I27,/data/projectwork/swati_mam/new model data/kadid10k/images/I27_11_01.png,/data/projectwork/swati_mam/kadid10k/images/I27.png,White noise,NA,1,3.23,val,noise,2.622555,-17.611303
KADID-10k,I27_11_03,I27,/data/projectwork/swati_mam/new model data/kadid10k/images/I27_11_03.png,/data/projectwork/swati_mam/kadid10k/images/I27.png,White noise,NA,3,2.63,val,noise,-5.9445767,-1.0074323
KADID-10k,I27_11_04,I27,/data/projectwork/swati_mam/new model data/kadid10k/images/I27_11_04.png,/data/projectwork/swati_mam/kadid10k/images/I27.png,White noise,NA,4,2.33,val,noise,-17.625828,22.194096
KADID-10k,I27_11_05,I27,/data/projectwork/swati_mam/new model data/kadid10k/images/I27_11_05.png,/data/projectwork/swati_mam/kadid10k/images/I27.png,White noise,NA,5,1.87,val,noise,-35.27691,13.480313
KADID-10k,I27_12_03,I27,/data/projectwork/swati_mam/new model data/kadid10k/images/I27_12_03.png,/data/projectwork/swati_mam/kadid10k/images/I27.png,White noise in color component,NA,3,2.63,val,noise,-9.75005,11.138085
KADID-10k,I28_16_01,I28,/data/projectwork/swati_mam/new model data/kadid10k/images/I28_16_01.png,/data/projectwork/swati_mam/kadid10k/images/I28.png,Brighten,NA,1,4.63,val,other,-1.003654,-7.2623067
KADID-10k,I28_16_02,I28,/data/projectwork/swati_mam/new model data/kadid10k/images/I28_16_02.png,/data/projectwork/swati_mam/kadid10k/images/I28.png,Brighten,NA,2,4.53,val,other,-0.6125428,-7.8701587
KADID-10k,I28_16_05,I28,/data/projectwork/swati_mam/new model data/kadid10k/images/I28_16_05.png,/data/projectwork/swati_mam/kadid10k/images/I28.png,Brighten,NA,5,2.3,val,other,-14.287462,19.928692
KADID-10k,I28_23_02,I28,/data/projectwork/swati_mam/new model data/kadid10k/images/I28_23_02.png,/data/projectwork/swati_mam/kadid10k/images/I28.png,Color block,NA,2,2.03,val,other,0.1291398,-10.922688
KADID-10k,I28_23_04,I28,/data/projectwork/swati_mam/new model data/kadid10k/images/I28_23_04.png,/data/projectwork/swati_mam/kadid10k/images/I28.png,Color block,NA,4,2.27,val,other,-1.1937736,-7.8086224
KADID-10k,I28_23_05,I28,/data/projectwork/swati_mam/new model data/kadid10k/images/I28_23_05.png,/data/projectwork/swati_mam/kadid10k/images/I28.png,Color block,NA,5,2.03,val,other,-2.4277666,-7.941724
KADID-10k,I28_04_01,I28,/data/projectwork/swati_mam/new model data/kadid10k/images/I28_04_01.png,/data/projectwork/swati_mam/kadid10k/images/I28.png,Color diffusion,NA,1,4.17,val,other,3.256457,-17.819523
KADID-10k,I28_04_02,I28,/data/projectwork/swati_mam/new model data/kadid10k/images/I28_04_02.png,/data/projectwork/swati_mam/kadid10k/images/I28.png,Color diffusion,NA,2,2.43,val,other,-19.66277,21.434471
KADID-10k,I28_06_01,I28,/data/projectwork/swati_mam/new model data/kadid10k/images/I28_06_01.png,/data/projectwork/swati_mam/kadid10k/images/I28.png,Color quantization,NA,1,3.73,val,other,-3.4444265,-1.0868849
KADID-10k,I28_06_02,I28,/data/projectwork/swati_mam/new model data/kadid10k/images/I28_06_02.png,/data/projectwork/swati_mam/kadid10k/images/I28.png,Color quantization,NA,2,3.6,val,other,-3.909251,1.4037353
KADID-10k,I28_07_01,I28,/data/projectwork/swati_mam/new model data/kadid10k/images/I28_07_01.png,/data/projectwork/swati_mam/kadid10k/images/I28.png,Color saturation 1,NA,1,2.47,val,other,-0.5388031,-17.20852
KADID-10k,I28_07_02,I28,/data/projectwork/swati_mam/new model data/kadid10k/images/I28_07_02.png,/data/projectwork/swati_mam/kadid10k/images/I28.png,Color saturation 1,NA,2,2.4,val,other,-1.996577,-16.751938
KADID-10k,I28_07_03,I28,/data/projectwork/swati_mam/new model data/kadid10k/images/I28_07_03.png,/data/projectwork/swati_mam/kadid10k/images/I28.png,Color saturation 1,NA,3,1.93,val,other,-2.4276276,-16.461657
KADID-10k,I28_07_04,I28,/data/projectwork/swati_mam/new model data/kadid10k/images/I28_07_04.png,/data/projectwork/swati_mam/kadid10k/images/I28.png,Color saturation 1,NA,4,1.87,val,other,-3.3328526,-15.549578
KADID-10k,I28_07_05,I28,/data/projectwork/swati_mam/new model data/kadid10k/images/I28_07_05.png,/data/projectwork/swati_mam/kadid10k/images/I28.png,Color saturation 1,NA,5,2.0,val,other,-8.918301,0.37182873
KADID-10k,I28_08_01,I28,/data/projectwork/swati_mam/new model data/kadid10k/images/I28_08_01.png,/data/projectwork/swati_mam/kadid10k/images/I28.png,Color saturation 2,NA,1,4.73,val,other,-1.6704861,-6.0824776
KADID-10k,I28_08_03,I28,/data/projectwork/swati_mam/new model data/kadid10k/images/I28_08_03.png,/data/projectwork/swati_mam/kadid10k/images/I28.png,Color saturation 2,NA,3,2.47,val,other,-11.460768,10.686062
KADID-10k,I28_05_02,I28,/data/projectwork/swati_mam/new model data/kadid10k/images/I28_05_02.png,/data/projectwork/swati_mam/kadid10k/images/I28.png,Color shift,NA,2,3.27,val,other,-14.011914,20.044
KADID-10k,I28_05_03,I28,/data/projectwork/swati_mam/new model data/kadid10k/images/I28_05_03.png,/data/projectwork/swati_mam/kadid10k/images/I28.png,Color shift,NA,3,3.43,val,other,-21.795979,22.097559
KADID-10k,I28_25_01,I28,/data/projectwork/swati_mam/new model data/kadid10k/images/I28_25_01.png,/data/projectwork/swati_mam/kadid10k/images/I28.png,Contrast change,NA,1,3.48,val,other,7.7792034,-19.84338
KADID-10k,I28_25_02,I28,/data/projectwork/swati_mam/new model data/kadid10k/images/I28_25_02.png,/data/projectwork/swati_mam/kadid10k/images/I28.png,Contrast change,NA,2,4.13,val,other,4.4147205,-17.53834
KADID-10k,I28_25_03,I28,/data/projectwork/swati_mam/new model data/kadid10k/images/I28_25_03.png,/data/projectwork/swati_mam/kadid10k/images/I28.png,Contrast change,NA,3,4.43,val,other,1.7866954,-13.65864
KADID-10k,I28_25_05,I28,/data/projectwork/swati_mam/new model data/kadid10k/images/I28_25_05.png,/data/projectwork/swati_mam/kadid10k/images/I28.png,Contrast change,NA,5,3.73,val,other,-12.035133,19.111511
KADID-10k,I28_17_01,I28,/data/projectwork/swati_mam/new model data/kadid10k/images/I28_17_01.png,/data/projectwork/swati_mam/kadid10k/images/I28.png,Darken,NA,1,4.77,val,other,-1.9156471,-5.484704
KADID-10k,I28_17_02,I28,/data/projectwork/swati_mam/new model data/kadid10k/images/I28_17_02.png,/data/projectwork/swati_mam/kadid10k/images/I28.png,Darken,NA,2,4.57,val,other,-2.43252,-4.558503
KADID-10k,I28_17_03,I28,/data/projectwork/swati_mam/new model data/kadid10k/images/I28_17_03.png,/data/projectwork/swati_mam/kadid10k/images/I28.png,Darken,NA,3,4.2,val,other,-3.4315202,-2.8129082
KADID-10k,I28_17_05,I28,/data/projectwork/swati_mam/new model data/kadid10k/images/I28_17_05.png,/data/projectwork/swati_mam/kadid10k/images/I28.png,Darken,NA,5,2.0,val,other,-19.390493,21.690409
KADID-10k,I28_15_02,I28,/data/projectwork/swati_mam/new model data/kadid10k/images/I28_15_02.png,/data/projectwork/swati_mam/kadid10k/images/I28.png,Denoise,NA,2,3.13,val,noise,-10.329303,11.899739
KADID-10k,I28_15_03,I28,/data/projectwork/swati_mam/new model data/kadid10k/images/I28_15_03.png,/data/projectwork/swati_mam/kadid10k/images/I28.png,Denoise,NA,3,2.27,val,noise,-12.591718,18.401892
KADID-10k,I28_15_04,I28,/data/projectwork/swati_mam/new model data/kadid10k/images/I28_15_04.png,/data/projectwork/swati_mam/kadid10k/images/I28.png,Denoise,NA,4,1.77,val,noise,-14.829251,20.608301
KADID-10k,I28_15_05,I28,/data/projectwork/swati_mam/new model data/kadid10k/images/I28_15_05.png,/data/projectwork/swati_mam/kadid10k/images/I28.png,Denoise,NA,5,1.57,val,noise,-22.941807,22.29314
KADID-10k,I28_01_01,I28,/data/projectwork/swati_mam/new model data/kadid10k/images/I28_01_01.png,/data/projectwork/swati_mam/kadid10k/images/I28.png,Gaussian blur,NA,1,4.57,val,blur,-1.6704857,-6.082477
KADID-10k,I28_01_03,I28,/data/projectwork/swati_mam/new model data/kadid10k/images/I28_01_03.png,/data/projectwork/swati_mam/kadid10k/images/I28.png,Gaussian blur,NA,3,4.0,val,blur,-34.2843,16.79907
KADID-10k,I28_01_04,I28,/data/projectwork/swati_mam/new model data/kadid10k/images/I28_01_04.png,/data/projectwork/swati_mam/kadid10k/images/I28.png,Gaussian blur,NA,4,2.19,val,blur,-41.626377,-5.8276954
KADID-10k,I28_24_01,I28,/data/projectwork/swati_mam/new model data/kadid10k/images/I28_24_01.png,/data/projectwork/swati_mam/kadid10k/images/I28.png,High sharpen,NA,1,4.2,val,HF/sharpen,42.729332,-2.5529246
KADID-10k,I28_24_02,I28,/data/projectwork/swati_mam/new model data/kadid10k/images/I28_24_02.png,/data/projectwork/swati_mam/kadid10k/images/I28.png,High sharpen,NA,2,3.0,val,HF/sharpen,46.08047,5.5287805
KADID-10k,I28_24_03,I28,/data/projectwork/swati_mam/new model data/kadid10k/images/I28_24_03.png,/data/projectwork/swati_mam/kadid10k/images/I28.png,High sharpen,NA,3,2.87,val,HF/sharpen,46.816067,-0.07928046
KADID-10k,I28_24_04,I28,/data/projectwork/swati_mam/new model data/kadid10k/images/I28_24_04.png,/data/projectwork/swati_mam/kadid10k/images/I28.png,High sharpen,NA,4,2.13,val,HF/sharpen,18.91414,-13.251269
KADID-10k,I28_24_05,I28,/data/projectwork/swati_mam/new model data/kadid10k/images/I28_24_05.png,/data/projectwork/swati_mam/kadid10k/images/I28.png,High sharpen,NA,5,1.6,val,HF/sharpen,2.555734,-14.067458
KADID-10k,I28_13_01,I28,/data/projectwork/swati_mam/new model data/kadid10k/images/I28_13_01.png,/data/projectwork/swati_mam/kadid10k/images/I28.png,Impulse noise,NA,1,3.13,val,noise,-1.2645825,-7.74322
KADID-10k,I28_13_02,I28,/data/projectwork/swati_mam/new model data/kadid10k/images/I28_13_02.png,/data/projectwork/swati_mam/kadid10k/images/I28.png,Impulse noise,NA,2,2.83,val,noise,-0.22504097,-9.829084
KADID-10k,I28_13_03,I28,/data/projectwork/swati_mam/new model data/kadid10k/images/I28_13_03.png,/data/projectwork/swati_mam/kadid10k/images/I28.png,Impulse noise,NA,3,2.6,val,noise,-1.6020168,-7.2917333
KADID-10k,I28_13_05,I28,/data/projectwork/swati_mam/new model data/kadid10k/images/I28_13_05.png,/data/projectwork/swati_mam/kadid10k/images/I28.png,Impulse noise,NA,5,2.17,val,noise,-18.730947,21.413427
KADID-10k,I28_10_02,I28,/data/projectwork/swati_mam/new model data/kadid10k/images/I28_10_02.png,/data/projectwork/swati_mam/kadid10k/images/I28.png,JPEG,NA,2,4.13,val,other,-3.716562,-1.5743023
KADID-10k,I28_10_04,I28,/data/projectwork/swati_mam/new model data/kadid10k/images/I28_10_04.png,/data/projectwork/swati_mam/kadid10k/images/I28.png,JPEG,NA,4,2.03,val,other,-31.997366,20.454535
KADID-10k,I28_10_05,I28,/data/projectwork/swati_mam/new model data/kadid10k/images/I28_10_05.png,/data/projectwork/swati_mam/kadid10k/images/I28.png,JPEG,NA,5,1.3,val,other,-32.360527,19.970709
KADID-10k,I28_09_02,I28,/data/projectwork/swati_mam/new model data/kadid10k/images/I28_09_02.png,/data/projectwork/swati_mam/kadid10k/images/I28.png,JPEG2000,NA,2,4.23,val,other,-3.7031002,-1.2403883
KADID-10k,I28_09_03,I28,/data/projectwork/swati_mam/new model data/kadid10k/images/I28_09_03.png,/data/projectwork/swati_mam/kadid10k/images/I28.png,JPEG2000,NA,3,4.47,val,other,-3.8686602,0.47052622
KADID-10k,I28_09_04,I28,/data/projectwork/swati_mam/new model data/kadid10k/images/I28_09_04.png,/data/projectwork/swati_mam/kadid10k/images/I28.png,JPEG2000,NA,4,3.0,val,other,-21.091564,21.741291
KADID-10k,I28_09_05,I28,/data/projectwork/swati_mam/new model data/kadid10k/images/I28_09_05.png,/data/projectwork/swati_mam/kadid10k/images/I28.png,JPEG2000,NA,5,1.4,val,other,-41.068974,-3.7494104
KADID-10k,I28_19_01,I28,/data/projectwork/swati_mam/new model data/kadid10k/images/I28_19_01.png,/data/projectwork/swati_mam/kadid10k/images/I28.png,Jitter,NA,1,4.5,val,other,-2.9168801,-3.7862499
KADID-10k,I28_19_02,I28,/data/projectwork/swati_mam/new model data/kadid10k/images/I28_19_02.png,/data/projectwork/swati_mam/kadid10k/images/I28.png,Jitter,NA,2,4.43,val,other,-4.145236,-0.21038671
KADID-10k,I28_19_03,I28,/data/projectwork/swati_mam/new model data/kadid10k/images/I28_19_03.png,/data/projectwork/swati_mam/kadid10k/images/I28.png,Jitter,NA,3,3.77,val,other,-10.830486,15.282437
KADID-10k,I28_19_04,I28,/data/projectwork/swati_mam/new model data/kadid10k/images/I28_19_04.png,/data/projectwork/swati_mam/kadid10k/images/I28.png,Jitter,NA,4,2.23,val,other,-22.780476,22.64628
KADID-10k,I28_19_05,I28,/data/projectwork/swati_mam/new model data/kadid10k/images/I28_19_05.png,/data/projectwork/swati_mam/kadid10k/images/I28.png,Jitter,NA,5,1.53,val,other,-34.11291,15.208698
KADID-10k,I28_02_02,I28,/data/projectwork/swati_mam/new model data/kadid10k/images/I28_02_02.png,/data/projectwork/swati_mam/kadid10k/images/I28.png,Lens blur,NA,2,3.2,val,blur,-35.723976,13.093706
KADID-10k,I28_02_03,I28,/data/projectwork/swati_mam/new model data/kadid10k/images/I28_02_03.png,/data/projectwork/swati_mam/kadid10k/images/I28.png,Lens blur,NA,3,1.93,val,blur,-42.355476,-8.623799
KADID-10k,I28_02_04,I28,/data/projectwork/swati_mam/new model data/kadid10k/images/I28_02_04.png,/data/projectwork/swati_mam/kadid10k/images/I28.png,Lens blur,NA,4,1.67,val,blur,-45.582966,-17.708918
KADID-10k,I28_02_05,I28,/data/projectwork/swati_mam/new model data/kadid10k/images/I28_02_05.png,/data/projectwork/swati_mam/kadid10k/images/I28.png,Lens blur,NA,5,1.57,val,blur,-47.446873,-20.478907
KADID-10k,I28_18_02,I28,/data/projectwork/swati_mam/new model data/kadid10k/images/I28_18_02.png,/data/projectwork/swati_mam/kadid10k/images/I28.png,Mean shift,NA,2,4.6,val,other,-0.45450053,-7.5035996
KADID-10k,I28_18_05,I28,/data/projectwork/swati_mam/new model data/kadid10k/images/I28_18_05.png,/data/projectwork/swati_mam/kadid10k/images/I28.png,Mean shift,NA,5,4.23,val,other,-0.4867787,-8.839189
KADID-10k,I28_03_02,I28,/data/projectwork/swati_mam/new model data/kadid10k/images/I28_03_02.png,/data/projectwork/swati_mam/kadid10k/images/I28.png,Motion blur,NA,2,4.43,val,blur,-13.5922985,19.586136
KADID-10k,I28_03_03,I28,/data/projectwork/swati_mam/new model data/kadid10k/images/I28_03_03.png,/data/projectwork/swati_mam/kadid10k/images/I28.png,Motion blur,NA,3,3.9,val,blur,-20.825499,21.730099
KADID-10k,I28_03_05,I28,/data/projectwork/swati_mam/new model data/kadid10k/images/I28_03_05.png,/data/projectwork/swati_mam/kadid10k/images/I28.png,Motion blur,NA,5,2.17,val,blur,-42.046406,-6.2720428
KADID-10k,I28_14_02,I28,/data/projectwork/swati_mam/new model data/kadid10k/images/I28_14_02.png,/data/projectwork/swati_mam/kadid10k/images/I28.png,Multiplicative noise,NA,2,3.97,val,noise,-2.6472285,-3.7752793
KADID-10k,I28_14_04,I28,/data/projectwork/swati_mam/new model data/kadid10k/images/I28_14_04.png,/data/projectwork/swati_mam/kadid10k/images/I28.png,Multiplicative noise,NA,4,2.73,val,noise,-13.929833,19.903973
KADID-10k,I28_20_01,I28,/data/projectwork/swati_mam/new model data/kadid10k/images/I28_20_01.png,/data/projectwork/swati_mam/kadid10k/images/I28.png,Non-eccentricity patch,NA,1,4.23,val,other,-1.015969,-8.429224
KADID-10k,I28_20_02,I28,/data/projectwork/swati_mam/new model data/kadid10k/images/I28_20_02.png,/data/projectwork/swati_mam/kadid10k/images/I28.png,Non-eccentricity patch,NA,2,3.5,val,other,-0.19854662,-10.748507
KADID-10k,I28_20_03,I28,/data/projectwork/swati_mam/new model data/kadid10k/images/I28_20_03.png,/data/projectwork/swati_mam/kadid10k/images/I28.png,Non-eccentricity patch,NA,3,3.37,val,other,-1.8425975,-5.5195584
KADID-10k,I28_20_04,I28,/data/projectwork/swati_mam/new model data/kadid10k/images/I28_20_04.png,/data/projectwork/swati_mam/kadid10k/images/I28.png,Non-eccentricity patch,NA,4,3.13,val,other,0.1806356,-11.334886
KADID-10k,I28_20_05,I28,/data/projectwork/swati_mam/new model data/kadid10k/images/I28_20_05.png,/data/projectwork/swati_mam/kadid10k/images/I28.png,Non-eccentricity patch,NA,5,2.93,val,other,8.400938,-21.394169
KADID-10k,I28_21_01,I28,/data/projectwork/swati_mam/new model data/kadid10k/images/I28_21_01.png,/data/projectwork/swati_mam/kadid10k/images/I28.png,Pixelate,NA,1,4.0,val,other,-3.0792317,-2.722572
KADID-10k,I28_21_04,I28,/data/projectwork/swati_mam/new model data/kadid10k/images/I28_21_04.png,/data/projectwork/swati_mam/kadid10k/images/I28.png,Pixelate,NA,4,3.07,val,other,-11.318352,15.004367
KADID-10k,I28_22_01,I28,/data/projectwork/swati_mam/new model data/kadid10k/images/I28_22_01.png,/data/projectwork/swati_mam/kadid10k/images/I28.png,Quantization,NA,1,4.2,val,other,-1.3049412,-6.88072
KADID-10k,I28_22_02,I28,/data/projectwork/swati_mam/new model data/kadid10k/images/I28_22_02.png,/data/projectwork/swati_mam/kadid10k/images/I28.png,Quantization,NA,2,3.53,val,other,-1.1099768,-6.88054
KADID-10k,I28_22_03,I28,/data/projectwork/swati_mam/new model data/kadid10k/images/I28_22_03.png,/data/projectwork/swati_mam/kadid10k/images/I28.png,Quantization,NA,3,3.67,val,other,-2.366141,-4.1175923
KADID-10k,I28_22_04,I28,/data/projectwork/swati_mam/new model data/kadid10k/images/I28_22_04.png,/data/projectwork/swati_mam/kadid10k/images/I28.png,Quantization,NA,4,2.93,val,other,-3.0382261,-2.357443
KADID-10k,I28_22_05,I28,/data/projectwork/swati_mam/new model data/kadid10k/images/I28_22_05.png,/data/projectwork/swati_mam/kadid10k/images/I28.png,Quantization,NA,5,2.3,val,other,-3.1936388,-0.6219647
KADID-10k,I28_11_01,I28,/data/projectwork/swati_mam/new model data/kadid10k/images/I28_11_01.png,/data/projectwork/swati_mam/kadid10k/images/I28.png,White noise,NA,1,4.1,val,noise,-0.23742302,-10.184003
KADID-10k,I28_11_02,I28,/data/projectwork/swati_mam/new model data/kadid10k/images/I28_11_02.png,/data/projectwork/swati_mam/kadid10k/images/I28.png,White noise,NA,2,3.47,val,noise,-2.974121,-3.1267946
KADID-10k,I28_11_03,I28,/data/projectwork/swati_mam/new model data/kadid10k/images/I28_11_03.png,/data/projectwork/swati_mam/kadid10k/images/I28.png,White noise,NA,3,2.93,val,noise,-3.747267,-1.0103612
KADID-10k,I28_11_04,I28,/data/projectwork/swati_mam/new model data/kadid10k/images/I28_11_04.png,/data/projectwork/swati_mam/kadid10k/images/I28.png,White noise,NA,4,2.7,val,noise,-11.46243,14.702182
KADID-10k,I28_12_01,I28,/data/projectwork/swati_mam/new model data/kadid10k/images/I28_12_01.png,/data/projectwork/swati_mam/kadid10k/images/I28.png,White noise in color component,NA,1,4.47,val,noise,0.20172633,-11.160622
KADID-10k,I28_12_02,I28,/data/projectwork/swati_mam/new model data/kadid10k/images/I28_12_02.png,/data/projectwork/swati_mam/kadid10k/images/I28.png,White noise in color component,NA,2,3.6,val,noise,-0.029817693,-10.522635
KADID-10k,I28_12_05,I28,/data/projectwork/swati_mam/new model data/kadid10k/images/I28_12_05.png,/data/projectwork/swati_mam/kadid10k/images/I28.png,White noise in color component,NA,5,2.5,val,noise,-22.891401,21.755066
KADID-10k,I30_16_01,I30,/data/projectwork/swati_mam/new model data/kadid10k/images/I30_16_01.png,/data/projectwork/swati_mam/kadid10k/images/I30.png,Brighten,NA,1,4.63,val,other,-38.004204,6.453155
KADID-10k,I30_16_02,I30,/data/projectwork/swati_mam/new model data/kadid10k/images/I30_16_02.png,/data/projectwork/swati_mam/kadid10k/images/I30.png,Brighten,NA,2,4.2,val,other,-39.401787,3.3018093
KADID-10k,I30_16_03,I30,/data/projectwork/swati_mam/new model data/kadid10k/images/I30_16_03.png,/data/projectwork/swati_mam/kadid10k/images/I30.png,Brighten,NA,3,3.6,val,other,-41.920876,-5.4853477
KADID-10k,I30_23_01,I30,/data/projectwork/swati_mam/new model data/kadid10k/images/I30_23_01.png,/data/projectwork/swati_mam/kadid10k/images/I30.png,Color block,NA,1,2.33,val,other,-38.56836,7.2170067
KADID-10k,I30_23_02,I30,/data/projectwork/swati_mam/new model data/kadid10k/images/I30_23_02.png,/data/projectwork/swati_mam/kadid10k/images/I30.png,Color block,NA,2,2.13,val,other,-40.78541,0.55337304
KADID-10k,I30_23_03,I30,/data/projectwork/swati_mam/new model data/kadid10k/images/I30_23_03.png,/data/projectwork/swati_mam/kadid10k/images/I30.png,Color block,NA,3,2.27,val,other,-39.08059,3.9614668
KADID-10k,I30_23_04,I30,/data/projectwork/swati_mam/new model data/kadid10k/images/I30_23_04.png,/data/projectwork/swati_mam/kadid10k/images/I30.png,Color block,NA,4,2.13,val,other,-39.123356,6.623172
KADID-10k,I30_06_01,I30,/data/projectwork/swati_mam/new model data/kadid10k/images/I30_06_01.png,/data/projectwork/swati_mam/kadid10k/images/I30.png,Color quantization,NA,1,4.4,val,other,-41.115223,-0.6784025
KADID-10k,I30_06_04,I30,/data/projectwork/swati_mam/new model data/kadid10k/images/I30_06_04.png,/data/projectwork/swati_mam/kadid10k/images/I30.png,Color quantization,NA,4,3.83,val,other,-43.13493,-8.331523
KADID-10k,I30_06_05,I30,/data/projectwork/swati_mam/new model data/kadid10k/images/I30_06_05.png,/data/projectwork/swati_mam/kadid10k/images/I30.png,Color quantization,NA,5,3.13,val,other,-44.627552,-14.93127
KADID-10k,I30_07_04,I30,/data/projectwork/swati_mam/new model data/kadid10k/images/I30_07_04.png,/data/projectwork/swati_mam/kadid10k/images/I30.png,Color saturation 1,NA,4,2.19,val,other,-43.00321,-9.96149
KADID-10k,I30_05_01,I30,/data/projectwork/swati_mam/new model data/kadid10k/images/I30_05_01.png,/data/projectwork/swati_mam/kadid10k/images/I30.png,Color shift,NA,1,4.77,val,other,-38.532978,6.09124
KADID-10k,I30_05_04,I30,/data/projectwork/swati_mam/new model data/kadid10k/images/I30_05_04.png,/data/projectwork/swati_mam/kadid10k/images/I30.png,Color shift,NA,4,2.8,val,other,-43.442547,-9.880031
KADID-10k,I30_05_05,I30,/data/projectwork/swati_mam/new model data/kadid10k/images/I30_05_05.png,/data/projectwork/swati_mam/kadid10k/images/I30.png,Color shift,NA,5,2.5,val,other,-43.42027,-11.389175
KADID-10k,I30_25_01,I30,/data/projectwork/swati_mam/new model data/kadid10k/images/I30_25_01.png,/data/projectwork/swati_mam/kadid10k/images/I30.png,Contrast change,NA,1,3.63,val,other,-43.273254,-10.561328
KADID-10k,I30_25_02,I30,/data/projectwork/swati_mam/new model data/kadid10k/images/I30_25_02.png,/data/projectwork/swati_mam/kadid10k/images/I30.png,Contrast change,NA,2,4.4,val,other,-41.603214,-4.468066
KADID-10k,I30_25_04,I30,/data/projectwork/swati_mam/new model data/kadid10k/images/I30_25_04.png,/data/projectwork/swati_mam/kadid10k/images/I30.png,Contrast change,NA,4,4.4,val,other,-34.233463,14.134232
KADID-10k,I30_25_05,I30,/data/projectwork/swati_mam/new model data/kadid10k/images/I30_25_05.png,/data/projectwork/swati_mam/kadid10k/images/I30.png,Contrast change,NA,5,3.73,val,other,-26.742353,21.293907
KADID-10k,I30_17_01,I30,/data/projectwork/swati_mam/new model data/kadid10k/images/I30_17_01.png,/data/projectwork/swati_mam/kadid10k/images/I30.png,Darken,NA,1,4.73,val,other,-38.206158,7.781561
KADID-10k,I30_17_02,I30,/data/projectwork/swati_mam/new model data/kadid10k/images/I30_17_02.png,/data/projectwork/swati_mam/kadid10k/images/I30.png,Darken,NA,2,4.5,val,other,-37.80469,7.9068375
KADID-10k,I30_17_05,I30,/data/projectwork/swati_mam/new model data/kadid10k/images/I30_17_05.png,/data/projectwork/swati_mam/kadid10k/images/I30.png,Darken,NA,5,2.67,val,other,-45.39502,-17.799334
KADID-10k,I30_15_01,I30,/data/projectwork/swati_mam/new model data/kadid10k/images/I30_15_01.png,/data/projectwork/swati_mam/kadid10k/images/I30.png,Denoise,NA,1,3.87,val,noise,-40.75081,-0.014183658
KADID-10k,I30_15_02,I30,/data/projectwork/swati_mam/new model data/kadid10k/images/I30_15_02.png,/data/projectwork/swati_mam/kadid10k/images/I30.png,Denoise,NA,2,2.6,val,noise,-40.741867,0.7962953
KADID-10k,I30_15_03,I30,/data/projectwork/swati_mam/new model data/kadid10k/images/I30_15_03.png,/data/projectwork/swati_mam/kadid10k/images/I30.png,Denoise,NA,3,2.13,val,noise,-42.178616,-5.234409
KADID-10k,I30_15_04,I30,/data/projectwork/swati_mam/new model data/kadid10k/images/I30_15_04.png,/data/projectwork/swati_mam/kadid10k/images/I30.png,Denoise,NA,4,1.33,val,noise,-43.36087,-9.043528
KADID-10k,I30_15_05,I30,/data/projectwork/swati_mam/new model data/kadid10k/images/I30_15_05.png,/data/projectwork/swati_mam/kadid10k/images/I30.png,Denoise,NA,5,1.3,val,noise,-44.397697,-12.927078
KADID-10k,I30_01_01,I30,/data/projectwork/swati_mam/new model data/kadid10k/images/I30_01_01.png,/data/projectwork/swati_mam/kadid10k/images/I30.png,Gaussian blur,NA,1,4.6,val,blur,-37.87458,6.8544335
KADID-10k,I30_01_02,I30,/data/projectwork/swati_mam/new model data/kadid10k/images/I30_01_02.png,/data/projectwork/swati_mam/kadid10k/images/I30.png,Gaussian blur,NA,2,4.6,val,blur,-40.181892,1.0568165
KADID-10k,I30_01_03,I30,/data/projectwork/swati_mam/new model data/kadid10k/images/I30_01_03.png,/data/projectwork/swati_mam/kadid10k/images/I30.png,Gaussian blur,NA,3,3.93,val,blur,-42.499428,-7.476608
KADID-10k,I30_01_04,I30,/data/projectwork/swati_mam/new model data/kadid10k/images/I30_01_04.png,/data/projectwork/swati_mam/kadid10k/images/I30.png,Gaussian blur,NA,4,2.63,val,blur,-44.27574,-13.907096
KADID-10k,I30_01_05,I30,/data/projectwork/swati_mam/new model data/kadid10k/images/I30_01_05.png,/data/projectwork/swati_mam/kadid10k/images/I30.png,Gaussian blur,NA,5,1.26,val,blur,-45.874027,-17.05281
KADID-10k,I30_24_01,I30,/data/projectwork/swati_mam/new model data/kadid10k/images/I30_24_01.png,/data/projectwork/swati_mam/kadid10k/images/I30.png,High sharpen,NA,1,4.33,val,HF/sharpen,-21.155146,22.85639
KADID-10k,I30_24_03,I30,/data/projectwork/swati_mam/new model data/kadid10k/images/I30_24_03.png,/data/projectwork/swati_mam/kadid10k/images/I30.png,High sharpen,NA,3,3.07,val,HF/sharpen,-4.364989,-2.8012347
KADID-10k,I30_24_04,I30,/data/projectwork/swati_mam/new model data/kadid10k/images/I30_24_04.png,/data/projectwork/swati_mam/kadid10k/images/I30.png,High sharpen,NA,4,2.2,val,HF/sharpen,4.7011127,-18.75966
KADID-10k,I30_13_01,I30,/data/projectwork/swati_mam/new model data/kadid10k/images/I30_13_01.png,/data/projectwork/swati_mam/kadid10k/images/I30.png,Impulse noise,NA,1,3.77,val,noise,-37.69177,7.090435
KADID-10k,I30_13_02,I30,/data/projectwork/swati_mam/new model data/kadid10k/images/I30_13_02.png,/data/projectwork/swati_mam/kadid10k/images/I30.png,Impulse noise,NA,2,2.97,val,noise,-40.906536,0.06492638
KADID-10k,I30_13_04,I30,/data/projectwork/swati_mam/new model data/kadid10k/images/I30_13_04.png,/data/projectwork/swati_mam/kadid10k/images/I30.png,Impulse noise,NA,4,2.63,val,noise,-42.273296,-6.953967
KADID-10k,I30_13_05,I30,/data/projectwork/swati_mam/new model data/kadid10k/images/I30_13_05.png,/data/projectwork/swati_mam/kadid10k/images/I30.png,Impulse noise,NA,5,2.26,val,noise,-43.835335,-12.8067045
KADID-10k,I30_10_01,I30,/data/projectwork/swati_mam/new model data/kadid10k/images/I30_10_01.png,/data/projectwork/swati_mam/kadid10k/images/I30.png,JPEG,NA,1,4.53,val,other,-38.448246,5.361281
KADID-10k,I30_10_03,I30,/data/projectwork/swati_mam/new model data/kadid10k/images/I30_10_03.png,/data/projectwork/swati_mam/kadid10k/images/I30.png,JPEG,NA,3,4.37,val,other,-38.627064,5.2873273
KADID-10k,I30_09_01,I30,/data/projectwork/swati_mam/new model data/kadid10k/images/I30_09_01.png,/data/projectwork/swati_mam/kadid10k/images/I30.png,JPEG2000,NA,1,4.68,val,other,-37.862675,7.5729327
KADID-10k,I30_09_03,I30,/data/projectwork/swati_mam/new model data/kadid10k/images/I30_09_03.png,/data/projectwork/swati_mam/kadid10k/images/I30.png,JPEG2000,NA,3,4.73,val,other,-38.733532,5.7877793
KADID-10k,I30_19_01,I30,/data/projectwork/swati_mam/new model data/kadid10k/images/I30_19_01.png,/data/projectwork/swati_mam/kadid10k/images/I30.png,Jitter,NA,1,4.9,val,other,-38.576595,6.6247787
KADID-10k,I30_19_02,I30,/data/projectwork/swati_mam/new model data/kadid10k/images/I30_19_02.png,/data/projectwork/swati_mam/kadid10k/images/I30.png,Jitter,NA,2,4.6,val,other,-38.798195,5.2079654
KADID-10k,I30_19_04,I30,/data/projectwork/swati_mam/new model data/kadid10k/images/I30_19_04.png,/data/projectwork/swati_mam/kadid10k/images/I30.png,Jitter,NA,4,2.53,val,other,-41.66201,-3.014886
KADID-10k,I30_02_03,I30,/data/projectwork/swati_mam/new model data/kadid10k/images/I30_02_03.png,/data/projectwork/swati_mam/kadid10k/images/I30.png,Lens blur,NA,3,2.2,val,blur,-44.742092,-14.553499
KADID-10k,I30_02_04,I30,/data/projectwork/swati_mam/new model data/kadid10k/images/I30_02_04.png,/data/projectwork/swati_mam/kadid10k/images/I30.png,Lens blur,NA,4,1.77,val,blur,-45.328896,-16.766996
KADID-10k,I30_18_02,I30,/data/projectwork/swati_mam/new model data/kadid10k/images/I30_18_02.png,/data/projectwork/swati_mam/kadid10k/images/I30.png,Mean shift,NA,2,4.53,val,other,-38.054638,5.868298
KADID-10k,I30_18_03,I30,/data/projectwork/swati_mam/new model data/kadid10k/images/I30_18_03.png,/data/projectwork/swati_mam/kadid10k/images/I30.png,Mean shift,NA,3,4.83,val,other,-38.56836,7.217007
KADID-10k,I30_18_05,I30,/data/projectwork/swati_mam/new model data/kadid10k/images/I30_18_05.png,/data/projectwork/swati_mam/kadid10k/images/I30.png,Mean shift,NA,5,4.3,val,other,-43.075188,-8.299241
KADID-10k,I30_03_01,I30,/data/projectwork/swati_mam/new model data/kadid10k/images/I30_03_01.png,/data/projectwork/swati_mam/kadid10k/images/I30.png,Motion blur,NA,1,4.67,val,blur,-38.568363,7.217009
KADID-10k,I30_03_03,I30,/data/projectwork/swati_mam/new model data/kadid10k/images/I30_03_03.png,/data/projectwork/swati_mam/kadid10k/images/I30.png,Motion blur,NA,3,3.7,val,blur,-41.737175,-4.400281
KADID-10k,I30_03_04,I30,/data/projectwork/swati_mam/new model data/kadid10k/images/I30_03_04.png,/data/projectwork/swati_mam/kadid10k/images/I30.png,Motion blur,NA,4,3.0,val,blur,-42.849957,-7.5798783
KADID-10k,I30_14_02,I30,/data/projectwork/swati_mam/new model data/kadid10k/images/I30_14_02.png,/data/projectwork/swati_mam/kadid10k/images/I30.png,Multiplicative noise,NA,2,3.17,val,noise,-39.479298,3.3002226
KADID-10k,I30_20_03,I30,/data/projectwork/swati_mam/new model data/kadid10k/images/I30_20_03.png,/data/projectwork/swati_mam/kadid10k/images/I30.png,Non-eccentricity patch,NA,3,3.8,val,other,-35.35124,12.528952
KADID-10k,I30_20_04,I30,/data/projectwork/swati_mam/new model data/kadid10k/images/I30_20_04.png,/data/projectwork/swati_mam/kadid10k/images/I30.png,Non-eccentricity patch,NA,4,3.81,val,other,-40.2586,0.59636325
KADID-10k,I30_20_05,I30,/data/projectwork/swati_mam/new model data/kadid10k/images/I30_20_05.png,/data/projectwork/swati_mam/kadid10k/images/I30.png,Non-eccentricity patch,NA,5,3.03,val,other,-39.105064,3.5737875
KADID-10k,I30_21_01,I30,/data/projectwork/swati_mam/new model data/kadid10k/images/I30_21_01.png,/data/projectwork/swati_mam/kadid10k/images/I30.png,Pixelate,NA,1,4.27,val,other,-38.22299,6.6921983
KADID-10k,I30_21_02,I30,/data/projectwork/swati_mam/new model data/kadid10k/images/I30_21_02.png,/data/projectwork/swati_mam/kadid10k/images/I30.png,Pixelate,NA,2,3.73,val,other,-40.065174,1.5547489
KADID-10k,I30_21_03,I30,/data/projectwork/swati_mam/new model data/kadid10k/images/I30_21_03.png,/data/projectwork/swati_mam/kadid10k/images/I30.png,Pixelate,NA,3,3.68,val,other,-40.367752,0.5771743
KADID-10k,I30_21_04,I30,/data/projectwork/swati_mam/new model data/kadid10k/images/I30_21_04.png,/data/projectwork/swati_mam/kadid10k/images/I30.png,Pixelate,NA,4,3.73,val,other,-40.82051,-0.26645204
KADID-10k,I30_22_01,I30,/data/projectwork/swati_mam/new model data/kadid10k/images/I30_22_01.png,/data/projectwork/swati_mam/kadid10k/images/I30.png,Quantization,NA,1,4.3,val,other,-37.34736,8.876574
KADID-10k,I30_22_02,I30,/data/projectwork/swati_mam/new model data/kadid10k/images/I30_22_02.png,/data/projectwork/swati_mam/kadid10k/images/I30.png,Quantization,NA,2,3.67,val,other,-37.76467,7.111847
KADID-10k,I30_11_01,I30,/data/projectwork/swati_mam/new model data/kadid10k/images/I30_11_01.png,/data/projectwork/swati_mam/kadid10k/images/I30.png,White noise,NA,1,3.67,val,noise,-38.85105,4.44545
KADID-10k,I30_11_04,I30,/data/projectwork/swati_mam/new model data/kadid10k/images/I30_11_04.png,/data/projectwork/swati_mam/kadid10k/images/I30.png,White noise,NA,4,2.73,val,noise,-44.13868,-13.256214
KADID-10k,I30_11_05,I30,/data/projectwork/swati_mam/new model data/kadid10k/images/I30_11_05.png,/data/projectwork/swati_mam/kadid10k/images/I30.png,White noise,NA,5,2.32,val,noise,-46.258797,-19.347687
KADID-10k,I30_12_01,I30,/data/projectwork/swati_mam/new model data/kadid10k/images/I30_12_01.png,/data/projectwork/swati_mam/kadid10k/images/I30.png,White noise in color component,NA,1,4.43,val,noise,-37.559135,8.676142
KADID-10k,I30_12_03,I30,/data/projectwork/swati_mam/new model data/kadid10k/images/I30_12_03.png,/data/projectwork/swati_mam/kadid10k/images/I30.png,White noise in color component,NA,3,3.03,val,noise,-43.17846,-9.002311
KADID-10k,I35_16_01,I35,/data/projectwork/swati_mam/new model data/kadid10k/images/I35_16_01.png,/data/projectwork/swati_mam/kadid10k/images/I35.png,Brighten,NA,1,4.73,val,other,42.982662,16.072649
KADID-10k,I35_16_04,I35,/data/projectwork/swati_mam/new model data/kadid10k/images/I35_16_04.png,/data/projectwork/swati_mam/kadid10k/images/I35.png,Brighten,NA,4,2.57,val,other,25.608181,-9.16906
KADID-10k,I35_23_01,I35,/data/projectwork/swati_mam/new model data/kadid10k/images/I35_23_01.png,/data/projectwork/swati_mam/kadid10k/images/I35.png,Color block,NA,1,2.6,val,other,44.091995,16.257545
KADID-10k,I35_23_02,I35,/data/projectwork/swati_mam/new model data/kadid10k/images/I35_23_02.png,/data/projectwork/swati_mam/kadid10k/images/I35.png,Color block,NA,2,3.17,val,other,44.97501,17.02299
KADID-10k,I35_23_03,I35,/data/projectwork/swati_mam/new model data/kadid10k/images/I35_23_03.png,/data/projectwork/swati_mam/kadid10k/images/I35.png,Color block,NA,3,2.63,val,other,43.419147,16.321259
KADID-10k,I35_04_04,I35,/data/projectwork/swati_mam/new model data/kadid10k/images/I35_04_04.png,/data/projectwork/swati_mam/kadid10k/images/I35.png,Color diffusion,NA,4,1.97,val,other,-31.517204,20.30328
KADID-10k,I35_04_05,I35,/data/projectwork/swati_mam/new model data/kadid10k/images/I35_04_05.png,/data/projectwork/swati_mam/kadid10k/images/I35.png,Color diffusion,NA,5,1.77,val,other,-36.743687,6.572392
KADID-10k,I35_06_02,I35,/data/projectwork/swati_mam/new model data/kadid10k/images/I35_06_02.png,/data/projectwork/swati_mam/kadid10k/images/I35.png,Color quantization,NA,2,3.93,val,other,38.265095,14.09435
KADID-10k,I35_06_04,I35,/data/projectwork/swati_mam/new model data/kadid10k/images/I35_06_04.png,/data/projectwork/swati_mam/kadid10k/images/I35.png,Color quantization,NA,4,2.97,val,other,26.22385,5.3543906
KADID-10k,I35_06_05,I35,/data/projectwork/swati_mam/new model data/kadid10k/images/I35_06_05.png,/data/projectwork/swati_mam/kadid10k/images/I35.png,Color quantization,NA,5,2.7,val,other,25.423008,-9.158181
KADID-10k,I35_07_03,I35,/data/projectwork/swati_mam/new model data/kadid10k/images/I35_07_03.png,/data/projectwork/swati_mam/kadid10k/images/I35.png,Color saturation 1,NA,3,2.07,val,other,47.06229,18.20838
KADID-10k,I35_08_01,I35,/data/projectwork/swati_mam/new model data/kadid10k/images/I35_08_01.png,/data/projectwork/swati_mam/kadid10k/images/I35.png,Color saturation 2,NA,1,4.5,val,other,44.455933,16.547758
KADID-10k,I35_08_02,I35,/data/projectwork/swati_mam/new model data/kadid10k/images/I35_08_02.png,/data/projectwork/swati_mam/kadid10k/images/I35.png,Color saturation 2,NA,2,3.83,val,other,32.758003,10.066925
KADID-10k,I35_08_03,I35,/data/projectwork/swati_mam/new model data/kadid10k/images/I35_08_03.png,/data/projectwork/swati_mam/kadid10k/images/I35.png,Color saturation 2,NA,3,2.87,val,other,13.601826,-20.351728
KADID-10k,I35_08_04,I35,/data/projectwork/swati_mam/new model data/kadid10k/images/I35_08_04.png,/data/projectwork/swati_mam/kadid10k/images/I35.png,Color saturation 2,NA,4,2.43,val,other,-19.589453,21.99548
KADID-10k,I35_08_05,I35,/data/projectwork/swati_mam/new model data/kadid10k/images/I35_08_05.png,/data/projectwork/swati_mam/kadid10k/images/I35.png,Color saturation 2,NA,5,1.47,val,other,-23.016659,21.926872
KADID-10k,I35_05_01,I35,/data/projectwork/swati_mam/new model data/kadid10k/images/I35_05_01.png,/data/projectwork/swati_mam/kadid10k/images/I35.png,Color shift,NA,1,4.23,val,other,32.70584,10.106143
KADID-10k,I35_05_02,I35,/data/projectwork/swati_mam/new model data/kadid10k/images/I35_05_02.png,/data/projectwork/swati_mam/kadid10k/images/I35.png,Color shift,NA,2,3.4,val,other,22.28818,-14.36221
KADID-10k,I35_05_03,I35,/data/projectwork/swati_mam/new model data/kadid10k/images/I35_05_03.png,/data/projectwork/swati_mam/kadid10k/images/I35.png,Color shift,NA,3,2.3,val,other,3.1692219,-24.063494
KADID-10k,I35_05_05,I35,/data/projectwork/swati_mam/new model data/kadid10k/images/I35_05_05.png,/data/projectwork/swati_mam/kadid10k/images/I35.png,Color shift,NA,5,2.8,val,other,-6.2977843,-14.681775
KADID-10k,I35_25_01,I35,/data/projectwork/swati_mam/new model data/kadid10k/images/I35_25_01.png,/data/projectwork/swati_mam/kadid10k/images/I35.png,Contrast change,NA,1,3.53,val,other,48.211727,18.678734
KADID-10k,I35_25_02,I35,/data/projectwork/swati_mam/new model data/kadid10k/images/I35_25_02.png,/data/projectwork/swati_mam/kadid10k/images/I35.png,Contrast change,NA,2,4.37,val,other,47.9518,18.600983
KADID-10k,I35_25_04,I35,/data/projectwork/swati_mam/new model data/kadid10k/images/I35_25_04.png,/data/projectwork/swati_mam/kadid10k/images/I35.png,Contrast change,NA,4,4.47,val,other,35.938652,12.921844
KADID-10k,I35_17_03,I35,/data/projectwork/swati_mam/new model data/kadid10k/images/I35_17_03.png,/data/projectwork/swati_mam/kadid10k/images/I35.png,Darken,NA,3,4.63,val,other,46.72752,18.025455
KADID-10k,I35_17_04,I35,/data/projectwork/swati_mam/new model data/kadid10k/images/I35_17_04.png,/data/projectwork/swati_mam/kadid10k/images/I35.png,Darken,NA,4,4.13,val,other,47.640957,18.556879
KADID-10k,I35_17_05,I35,/data/projectwork/swati_mam/new model data/kadid10k/images/I35_17_05.png,/data/projectwork/swati_mam/kadid10k/images/I35.png,Darken,NA,5,2.57,val,other,40.80351,15.045588
KADID-10k,I35_15_03,I35,/data/projectwork/swati_mam/new model data/kadid10k/images/I35_15_03.png,/data/projectwork/swati_mam/kadid10k/images/I35.png,Denoise,NA,3,2.53,val,noise,25.229685,-9.542062
KADID-10k,I35_15_04,I35,/data/projectwork/swati_mam/new model data/kadid10k/images/I35_15_04.png,/data/projectwork/swati_mam/kadid10k/images/I35.png,Denoise,NA,4,2.1,val,noise,-4.715119,-19.09427
KADID-10k,I35_15_05,I35,/data/projectwork/swati_mam/new model data/kadid10k/images/I35_15_05.png,/data/projectwork/swati_mam/kadid10k/images/I35.png,Denoise,NA,5,1.63,val,noise,-8.175121,11.191845
KADID-10k,I35_01_02,I35,/data/projectwork/swati_mam/new model data/kadid10k/images/I35_01_02.png,/data/projectwork/swati_mam/kadid10k/images/I35.png,Gaussian blur,NA,2,4.5,val,blur,26.078579,5.2264023
KADID-10k,I35_01_03,I35,/data/projectwork/swati_mam/new model data/kadid10k/images/I35_01_03.png,/data/projectwork/swati_mam/kadid10k/images/I35.png,Gaussian blur,NA,3,3.2,val,blur,-7.511363,7.5315757
KADID-10k,I35_01_04,I35,/data/projectwork/swati_mam/new model data/kadid10k/images/I35_01_04.png,/data/projectwork/swati_mam/kadid10k/images/I35.png,Gaussian blur,NA,4,1.97,val,blur,-41.596058,-2.481271
KADID-10k,I35_01_05,I35,/data/projectwork/swati_mam/new model data/kadid10k/images/I35_01_05.png,/data/projectwork/swati_mam/kadid10k/images/I35.png,Gaussian blur,NA,5,1.33,val,blur,-48.333256,-21.40002
KADID-10k,I35_24_01,I35,/data/projectwork/swati_mam/new model data/kadid10k/images/I35_24_01.png,/data/projectwork/swati_mam/kadid10k/images/I35.png,High sharpen,NA,1,3.63,val,HF/sharpen,50.481506,19.979965
KADID-10k,I35_24_03,I35,/data/projectwork/swati_mam/new model data/kadid10k/images/I35_24_03.png,/data/projectwork/swati_mam/kadid10k/images/I35.png,High sharpen,NA,3,2.17,val,HF/sharpen,50.47485,19.973377
KADID-10k,I35_24_04,I35,/data/projectwork/swati_mam/new model data/kadid10k/images/I35_24_04.png,/data/projectwork/swati_mam/kadid10k/images/I35.png,High sharpen,NA,4,1.67,val,HF/sharpen,50.107613,19.60031
KADID-10k,I35_13_01,I35,/data/projectwork/swati_mam/new model data/kadid10k/images/I35_13_01.png,/data/projectwork/swati_mam/kadid10k/images/I35.png,Impulse noise,NA,1,3.53,val,noise,44.03872,16.691273
KADID-10k,I35_13_02,I35,/data/projectwork/swati_mam/new model data/kadid10k/images/I35_13_02.png,/data/projectwork/swati_mam/kadid10k/images/I35.png,Impulse noise,NA,2,3.03,val,noise,44.17598,16.978899
KADID-10k,I35_10_02,I35,/data/projectwork/swati_mam/new model data/kadid10k/images/I35_10_02.png,/data/projectwork/swati_mam/kadid10k/images/I35.png,JPEG,NA,2,4.43,val,other,40.197918,14.973091
KADID-10k,I35_10_03,I35,/data/projectwork/swati_mam/new model data/kadid10k/images/I35_10_03.png,/data/projectwork/swati_mam/kadid10k/images/I35.png,JPEG,NA,3,4.07,val,other,35.74537,12.728302
KADID-10k,I35_09_01,I35,/data/projectwork/swati_mam/new model data/kadid10k/images/I35_09_01.png,/data/projectwork/swati_mam/kadid10k/images/I35.png,JPEG2000,NA,1,4.77,val,other,43.65279,16.217377
KADID-10k,I35_09_02,I35,/data/projectwork/swati_mam/new model data/kadid10k/images/I35_09_02.png,/data/projectwork/swati_mam/kadid10k/images/I35.png,JPEG2000,NA,2,4.73,val,other,39.550156,14.706034
KADID-10k,I35_09_03,I35,/data/projectwork/swati_mam/new model data/kadid10k/images/I35_09_03.png,/data/projectwork/swati_mam/kadid10k/images/I35.png,JPEG2000,NA,3,4.0,val,other,34.24155,11.55035
KADID-10k,I35_09_04,I35,/data/projectwork/swati_mam/new model data/kadid10k/images/I35_09_04.png,/data/projectwork/swati_mam/kadid10k/images/I35.png,JPEG2000,NA,4,2.53,val,other,14.011305,-20.338047
KADID-10k,I35_19_01,I35,/data/projectwork/swati_mam/new model data/kadid10k/images/I35_19_01.png,/data/projectwork/swati_mam/kadid10k/images/I35.png,Jitter,NA,1,4.67,val,other,40.269806,15.160245
KADID-10k,I35_19_02,I35,/data/projectwork/swati_mam/new model data/kadid10k/images/I35_19_02.png,/data/projectwork/swati_mam/kadid10k/images/I35.png,Jitter,NA,2,4.43,val,other,33.9751,11.352638
KADID-10k,I35_19_04,I35,/data/projectwork/swati_mam/new model data/kadid10k/images/I35_19_04.png,/data/projectwork/swati_mam/kadid10k/images/I35.png,Jitter,NA,4,2.17,val,other,-6.1430464,-14.524119
KADID-10k,I35_19_05,I35,/data/projectwork/swati_mam/new model data/kadid10k/images/I35_19_05.png,/data/projectwork/swati_mam/kadid10k/images/I35.png,Jitter,NA,5,1.53,val,other,-10.976831,20.006464
KADID-10k,I35_02_02,I35,/data/projectwork/swati_mam/new model data/kadid10k/images/I35_02_02.png,/data/projectwork/swati_mam/kadid10k/images/I35.png,Lens blur,NA,2,3.03,val,blur,-11.979862,20.398088
KADID-10k,I35_02_03,I35,/data/projectwork/swati_mam/new model data/kadid10k/images/I35_02_03.png,/data/projectwork/swati_mam/kadid10k/images/I35.png,Lens blur,NA,3,1.9,val,blur,-42.510742,-6.0399776
KADID-10k,I35_02_04,I35,/data/projectwork/swati_mam/new model data/kadid10k/images/I35_02_04.png,/data/projectwork/swati_mam/kadid10k/images/I35.png,Lens blur,NA,4,1.37,val,blur,-46.692543,-19.135464
KADID-10k,I35_02_05,I35,/data/projectwork/swati_mam/new model data/kadid10k/images/I35_02_05.png,/data/projectwork/swati_mam/kadid10k/images/I35.png,Lens blur,NA,5,1.5,val,blur,-47.926323,-20.918385
KADID-10k,I35_18_01,I35,/data/projectwork/swati_mam/new model data/kadid10k/images/I35_18_01.png,/data/projectwork/swati_mam/kadid10k/images/I35.png,Mean shift,NA,1,4.23,val,other,44.90871,16.636806
KADID-10k,I35_18_04,I35,/data/projectwork/swati_mam/new model data/kadid10k/images/I35_18_04.png,/data/projectwork/swati_mam/kadid10k/images/I35.png,Mean shift,NA,4,4.6,val,other,46.10862,17.64646
KADID-10k,I35_18_05,I35,/data/projectwork/swati_mam/new model data/kadid10k/images/I35_18_05.png,/data/projectwork/swati_mam/kadid10k/images/I35.png,Mean shift,NA,5,4.4,val,other,47.43464,18.450848
KADID-10k,I35_03_01,I35,/data/projectwork/swati_mam/new model data/kadid10k/images/I35_03_01.png,/data/projectwork/swati_mam/kadid10k/images/I35.png,Motion blur,NA,1,4.7,val,blur,44.455933,16.547758
KADID-10k,I35_03_02,I35,/data/projectwork/swati_mam/new model data/kadid10k/images/I35_03_02.png,/data/projectwork/swati_mam/kadid10k/images/I35.png,Motion blur,NA,2,4.53,val,blur,25.87846,4.8029337
KADID-10k,I35_03_04,I35,/data/projectwork/swati_mam/new model data/kadid10k/images/I35_03_04.png,/data/projectwork/swati_mam/kadid10k/images/I35.png,Motion blur,NA,4,2.47,val,blur,-9.586822,-5.1082206
KADID-10k,I35_03_05,I35,/data/projectwork/swati_mam/new model data/kadid10k/images/I35_03_05.png,/data/projectwork/swati_mam/kadid10k/images/I35.png,Motion blur,NA,5,1.9,val,blur,-21.845734,24.015446
KADID-10k,I35_14_02,I35,/data/projectwork/swati_mam/new model data/kadid10k/images/I35_14_02.png,/data/projectwork/swati_mam/kadid10k/images/I35.png,Multiplicative noise,NA,2,3.23,val,noise,36.36222,13.188799
KADID-10k,I35_14_03,I35,/data/projectwork/swati_mam/new model data/kadid10k/images/I35_14_03.png,/data/projectwork/swati_mam/kadid10k/images/I35.png,Multiplicative noise,NA,3,2.77,val,noise,26.354544,5.559613
KADID-10k,I35_14_04,I35,/data/projectwork/swati_mam/new model data/kadid10k/images/I35_14_04.png,/data/projectwork/swati_mam/kadid10k/images/I35.png,Multiplicative noise,NA,4,2.6,val,noise,20.533548,-16.232084
KADID-10k,I35_14_05,I35,/data/projectwork/swati_mam/new model data/kadid10k/images/I35_14_05.png,/data/projectwork/swati_mam/kadid10k/images/I35.png,Multiplicative noise,NA,5,2.0,val,noise,-4.970596,-12.07656
KADID-10k,I35_20_02,I35,/data/projectwork/swati_mam/new model data/kadid10k/images/I35_20_02.png,/data/projectwork/swati_mam/kadid10k/images/I35.png,Non-eccentricity patch,NA,2,3.87,val,other,46.112225,17.637669
KADID-10k,I35_20_03,I35,/data/projectwork/swati_mam/new model data/kadid10k/images/I35_20_03.png,/data/projectwork/swati_mam/kadid10k/images/I35.png,Non-eccentricity patch,NA,3,3.81,val,other,46.89205,18.258204
KADID-10k,I35_21_01,I35,/data/projectwork/swati_mam/new model data/kadid10k/images/I35_21_01.png,/data/projectwork/swati_mam/kadid10k/images/I35.png,Pixelate,NA,1,4.37,val,other,40.735268,15.27617
KADID-10k,I35_21_03,I35,/data/projectwork/swati_mam/new model data/kadid10k/images/I35_21_03.png,/data/projectwork/swati_mam/kadid10k/images/I35.png,Pixelate,NA,3,3.43,val,other,32.12137,9.505666
KADID-10k,I35_21_05,I35,/data/projectwork/swati_mam/new model data/kadid10k/images/I35_21_05.png,/data/projectwork/swati_mam/kadid10k/images/I35.png,Pixelate,NA,5,1.55,val,other,13.9377575,-20.583345
KADID-10k,I35_22_01,I35,/data/projectwork/swati_mam/new model data/kadid10k/images/I35_22_01.png,/data/projectwork/swati_mam/kadid10k/images/I35.png,Quantization,NA,1,3.83,val,other,43.351055,16.341822
KADID-10k,I35_22_02,I35,/data/projectwork/swati_mam/new model data/kadid10k/images/I35_22_02.png,/data/projectwork/swati_mam/kadid10k/images/I35.png,Quantization,NA,2,3.93,val,other,41.50548,15.534614
KADID-10k,I35_22_04,I35,/data/projectwork/swati_mam/new model data/kadid10k/images/I35_22_04.png,/data/projectwork/swati_mam/kadid10k/images/I35.png,Quantization,NA,4,3.0,val,other,39.568756,14.6693325
KADID-10k,I35_22_05,I35,/data/projectwork/swati_mam/new model data/kadid10k/images/I35_22_05.png,/data/projectwork/swati_mam/kadid10k/images/I35.png,Quantization,NA,5,2.37,val,other,35.713253,12.891965
KADID-10k,I35_11_01,I35,/data/projectwork/swati_mam/new model data/kadid10k/images/I35_11_01.png,/data/projectwork/swati_mam/kadid10k/images/I35.png,White noise,NA,1,3.8,val,noise,44.46623,17.079008
KADID-10k,I35_11_03,I35,/data/projectwork/swati_mam/new model data/kadid10k/images/I35_11_03.png,/data/projectwork/swati_mam/kadid10k/images/I35.png,White noise,NA,3,3.2,val,noise,35.670918,12.6134615
KADID-10k,I35_11_04,I35,/data/projectwork/swati_mam/new model data/kadid10k/images/I35_11_04.png,/data/projectwork/swati_mam/kadid10k/images/I35.png,White noise,NA,4,2.47,val,noise,25.395252,-9.039621
KADID-10k,I35_11_05,I35,/data/projectwork/swati_mam/new model data/kadid10k/images/I35_11_05.png,/data/projectwork/swati_mam/kadid10k/images/I35.png,White noise,NA,5,2.4,val,noise,-1.5447584,-18.728998
KADID-10k,I35_12_01,I35,/data/projectwork/swati_mam/new model data/kadid10k/images/I35_12_01.png,/data/projectwork/swati_mam/kadid10k/images/I35.png,White noise in color component,NA,1,4.47,val,noise,45.721962,17.536707
KADID-10k,I35_12_02,I35,/data/projectwork/swati_mam/new model data/kadid10k/images/I35_12_02.png,/data/projectwork/swati_mam/kadid10k/images/I35.png,White noise in color component,NA,2,3.63,val,noise,39.81548,14.904988
KADID-10k,I35_12_03,I35,/data/projectwork/swati_mam/new model data/kadid10k/images/I35_12_03.png,/data/projectwork/swati_mam/kadid10k/images/I35.png,White noise in color component,NA,3,2.7,val,noise,33.922718,11.335221
KADID-10k,I35_12_05,I35,/data/projectwork/swati_mam/new model data/kadid10k/images/I35_12_05.png,/data/projectwork/swati_mam/kadid10k/images/I35.png,White noise in color component,NA,5,2.17,val,noise,-2.3483174,-18.51763
KADID-10k,I42_16_02,I42,/data/projectwork/swati_mam/new model data/kadid10k/images/I42_16_02.png,/data/projectwork/swati_mam/kadid10k/images/I42.png,Brighten,NA,2,4.33,val,other,11.817935,-22.486788
KADID-10k,I42_16_04,I42,/data/projectwork/swati_mam/new model data/kadid10k/images/I42_16_04.png,/data/projectwork/swati_mam/kadid10k/images/I42.png,Brighten,NA,4,2.93,val,other,6.956351,-22.572891
KADID-10k,I42_16_05,I42,/data/projectwork/swati_mam/new model data/kadid10k/images/I42_16_05.png,/data/projectwork/swati_mam/kadid10k/images/I42.png,Brighten,NA,5,1.9,val,other,-10.687156,14.832228
KADID-10k,I42_23_01,I42,/data/projectwork/swati_mam/new model data/kadid10k/images/I42_23_01.png,/data/projectwork/swati_mam/kadid10k/images/I42.png,Color block,NA,1,3.1,val,other,-0.59046066,-20.986376
KADID-10k,I42_23_02,I42,/data/projectwork/swati_mam/new model data/kadid10k/images/I42_23_02.png,/data/projectwork/swati_mam/kadid10k/images/I42.png,Color block,NA,2,2.37,val,other,-4.079896,-18.380678
KADID-10k,I42_23_05,I42,/data/projectwork/swati_mam/new model data/kadid10k/images/I42_23_05.png,/data/projectwork/swati_mam/kadid10k/images/I42.png,Color block,NA,5,1.6,val,other,-7.563667,-10.42322
KADID-10k,I42_04_02,I42,/data/projectwork/swati_mam/new model data/kadid10k/images/I42_04_02.png,/data/projectwork/swati_mam/kadid10k/images/I42.png,Color diffusion,NA,2,2.33,val,other,-16.878862,23.080355
KADID-10k,I42_04_03,I42,/data/projectwork/swati_mam/new model data/kadid10k/images/I42_04_03.png,/data/projectwork/swati_mam/kadid10k/images/I42.png,Color diffusion,NA,3,1.37,val,other,-40.14058,-0.68863016
KADID-10k,I42_04_04,I42,/data/projectwork/swati_mam/new model data/kadid10k/images/I42_04_04.png,/data/projectwork/swati_mam/kadid10k/images/I42.png,Color diffusion,NA,4,1.27,val,other,-41.70906,-6.384164
KADID-10k,I42_06_04,I42,/data/projectwork/swati_mam/new model data/kadid10k/images/I42_06_04.png,/data/projectwork/swati_mam/kadid10k/images/I42.png,Color quantization,NA,4,2.77,val,other,1.3338488,-21.994934
KADID-10k,I42_07_05,I42,/data/projectwork/swati_mam/new model data/kadid10k/images/I42_07_05.png,/data/projectwork/swati_mam/kadid10k/images/I42.png,Color saturation 1,NA,5,2.2,val,other,-16.98528,24.294617
KADID-10k,I42_08_01,I42,/data/projectwork/swati_mam/new model data/kadid10k/images/I42_08_01.png,/data/projectwork/swati_mam/kadid10k/images/I42.png,Color saturation 2,NA,1,4.7,val,other,-1.3821424,-20.239952
KADID-10k,I42_08_02,I42,/data/projectwork/swati_mam/new model data/kadid10k/images/I42_08_02.png,/data/projectwork/swati_mam/kadid10k/images/I42.png,Color saturation 2,NA,2,3.17,val,other,-8.572026,5.1709743
KADID-10k,I42_08_05,I42,/data/projectwork/swati_mam/new model data/kadid10k/images/I42_08_05.png,/data/projectwork/swati_mam/kadid10k/images/I42.png,Color saturation 2,NA,5,1.47,val,other,-40.30769,-1.3147038
KADID-10k,I42_25_01,I42,/data/projectwork/swati_mam/new model data/kadid10k/images/I42_25_01.png,/data/projectwork/swati_mam/kadid10k/images/I42.png,Contrast change,NA,1,3.13,val,other,6.3975053,-22.73343
KADID-10k,I42_25_02,I42,/data/projectwork/swati_mam/new model data/kadid10k/images/I42_25_02.png,/data/projectwork/swati_mam/kadid10k/images/I42.png,Contrast change,NA,2,3.87,val,other,5.1228676,-22.842897
KADID-10k,I42_25_05,I42,/data/projectwork/swati_mam/new model data/kadid10k/images/I42_25_05.png,/data/projectwork/swati_mam/kadid10k/images/I42.png,Contrast change,NA,5,3.1,val,other,-5.995796,-16.01513
KADID-10k,I42_17_01,I42,/data/projectwork/swati_mam/new model data/kadid10k/images/I42_17_01.png,/data/projectwork/swati_mam/kadid10k/images/I42.png,Darken,NA,1,4.73,val,other,-3.64162,-18.691936
KADID-10k,I42_17_04,I42,/data/projectwork/swati_mam/new model data/kadid10k/images/I42_17_04.png,/data/projectwork/swati_mam/kadid10k/images/I42.png,Darken,NA,4,3.66,val,other,-8.253393,6.5078793
KADID-10k,I42_17_05,I42,/data/projectwork/swati_mam/new model data/kadid10k/images/I42_17_05.png,/data/projectwork/swati_mam/kadid10k/images/I42.png,Darken,NA,5,1.77,val,other,-23.070724,23.226978
KADID-10k,I42_15_01,I42,/data/projectwork/swati_mam/new model data/kadid10k/images/I42_15_01.png,/data/projectwork/swati_mam/kadid10k/images/I42.png,Denoise,NA,1,4.03,val,noise,-8.528141,-9.151107
KADID-10k,I42_15_03,I42,/data/projectwork/swati_mam/new model data/kadid10k/images/I42_15_03.png,/data/projectwork/swati_mam/kadid10k/images/I42.png,Denoise,NA,3,2.13,val,noise,-9.754761,-6.1490207
KADID-10k,I42_15_05,I42,/data/projectwork/swati_mam/new model data/kadid10k/images/I42_15_05.png,/data/projectwork/swati_mam/kadid10k/images/I42.png,Denoise,NA,5,1.5,val,noise,-11.531068,20.555338
KADID-10k,I42_01_03,I42,/data/projectwork/swati_mam/new model data/kadid10k/images/I42_01_03.png,/data/projectwork/swati_mam/kadid10k/images/I42.png,Gaussian blur,NA,3,3.23,val,blur,-26.027874,21.4355
KADID-10k,I42_01_04,I42,/data/projectwork/swati_mam/new model data/kadid10k/images/I42_01_04.png,/data/projectwork/swati_mam/kadid10k/images/I42.png,Gaussian blur,NA,4,2.07,val,blur,-43.61226,-11.587735
KADID-10k,I42_01_05,I42,/data/projectwork/swati_mam/new model data/kadid10k/images/I42_01_05.png,/data/projectwork/swati_mam/kadid10k/images/I42.png,Gaussian blur,NA,5,1.4,val,blur,-48.320797,-21.128304
KADID-10k,I42_24_01,I42,/data/projectwork/swati_mam/new model data/kadid10k/images/I42_24_01.png,/data/projectwork/swati_mam/kadid10k/images/I42.png,High sharpen,NA,1,3.23,val,HF/sharpen,26.42682,2.6516998
KADID-10k,I42_24_03,I42,/data/projectwork/swati_mam/new model data/kadid10k/images/I42_24_03.png,/data/projectwork/swati_mam/kadid10k/images/I42.png,High sharpen,NA,3,2.3,val,HF/sharpen,28.428371,6.1087685
KADID-10k,I42_10_02,I42,/data/projectwork/swati_mam/new model data/kadid10k/images/I42_10_02.png,/data/projectwork/swati_mam/kadid10k/images/I42.png,JPEG,NA,2,4.33,val,other,-8.169625,-10.043146
KADID-10k,I42_10_03,I42,/data/projectwork/swati_mam/new model data/kadid10k/images/I42_10_03.png,/data/projectwork/swati_mam/kadid10k/images/I42.png,JPEG,NA,3,3.8,val,other,-7.954381,-10.643947
KADID-10k,I42_10_04,I42,/data/projectwork/swati_mam/new model data/kadid10k/images/I42_10_04.png,/data/projectwork/swati_mam/kadid10k/images/I42.png,JPEG,NA,4,2.3,val,other,-12.465441,21.125746
KADID-10k,I42_10_05,I42,/data/projectwork/swati_mam/new model data/kadid10k/images/I42_10_05.png,/data/projectwork/swati_mam/kadid10k/images/I42.png,JPEG,NA,5,1.43,val,other,-27.301628,20.743902
KADID-10k,I42_09_01,I42,/data/projectwork/swati_mam/new model data/kadid10k/images/I42_09_01.png,/data/projectwork/swati_mam/kadid10k/images/I42.png,JPEG2000,NA,1,4.73,val,other,-3.4070618,-18.787573
KADID-10k,I42_19_01,I42,/data/projectwork/swati_mam/new model data/kadid10k/images/I42_19_01.png,/data/projectwork/swati_mam/kadid10k/images/I42.png,Jitter,NA,1,4.37,val,other,5.0764494,-23.310785
KADID-10k,I42_19_02,I42,/data/projectwork/swati_mam/new model data/kadid10k/images/I42_19_02.png,/data/projectwork/swati_mam/kadid10k/images/I42.png,Jitter,NA,2,4.5,val,other,-3.100693,-19.457825
KADID-10k,I42_19_05,I42,/data/projectwork/swati_mam/new model data/kadid10k/images/I42_19_05.png,/data/projectwork/swati_mam/kadid10k/images/I42.png,Jitter,NA,5,1.43,val,other,-6.416443,9.090474
KADID-10k,I42_02_01,I42,/data/projectwork/swati_mam/new model data/kadid10k/images/I42_02_01.png,/data/projectwork/swati_mam/kadid10k/images/I42.png,Lens blur,NA,1,4.07,val,blur,-8.749288,15.2096405
KADID-10k,I42_02_02,I42,/data/projectwork/swati_mam/new model data/kadid10k/images/I42_02_02.png,/data/projectwork/swati_mam/kadid10k/images/I42.png,Lens blur,NA,2,3.13,val,blur,-32.680332,16.913553
KADID-10k,I42_02_03,I42,/data/projectwork/swati_mam/new model data/kadid10k/images/I42_02_03.png,/data/projectwork/swati_mam/kadid10k/images/I42.png,Lens blur,NA,3,1.63,val,blur,-44.8928,-15.5824
KADID-10k,I42_18_01,I42,/data/projectwork/swati_mam/new model data/kadid10k/images/I42_18_01.png,/data/projectwork/swati_mam/kadid10k/images/I42.png,Mean shift,NA,1,4.5,val,other,15.52892,-20.16871
KADID-10k,I42_18_02,I42,/data/projectwork/swati_mam/new model data/kadid10k/images/I42_18_02.png,/data/projectwork/swati_mam/kadid10k/images/I42.png,Mean shift,NA,2,4.7,val,other,10.318677,-22.878891
KADID-10k,I42_18_03,I42,/data/projectwork/swati_mam/new model data/kadid10k/images/I42_18_03.png,/data/projectwork/swati_mam/kadid10k/images/I42.png,Mean shift,NA,3,4.77,val,other,-1.382133,-20.239954
KADID-10k,I42_18_05,I42,/data/projectwork/swati_mam/new model data/kadid10k/images/I42_18_05.png,/data/projectwork/swati_mam/kadid10k/images/I42.png,Mean shift,NA,5,3.93,val,other,-8.402651,0.7535757
KADID-10k,I42_03_01,I42,/data/projectwork/swati_mam/new model data/kadid10k/images/I42_03_01.png,/data/projectwork/swati_mam/kadid10k/images/I42.png,Motion blur,NA,1,4.77,val,blur,-1.382116,-20.2399
KADID-10k,I42_03_04,I42,/data/projectwork/swati_mam/new model data/kadid10k/images/I42_03_04.png,/data/projectwork/swati_mam/kadid10k/images/I42.png,Motion blur,NA,4,2.33,val,blur,-16.64806,23.609726
KADID-10k,I42_14_01,I42,/data/projectwork/swati_mam/new model data/kadid10k/images/I42_14_01.png,/data/projectwork/swati_mam/kadid10k/images/I42.png,Multiplicative noise,NA,1,4.37,val,noise,-2.691127,-19.46783
KADID-10k,I42_14_02,I42,/data/projectwork/swati_mam/new model data/kadid10k/images/I42_14_02.png,/data/projectwork/swati_mam/kadid10k/images/I42.png,Multiplicative noise,NA,2,4.07,val,noise,-5.6534357,-16.470469
KADID-10k,I42_14_03,I42,/data/projectwork/swati_mam/new model data/kadid10k/images/I42_14_03.png,/data/projectwork/swati_mam/kadid10k/images/I42.png,Multiplicative noise,NA,3,3.23,val,noise,-7.987514,-10.523823
KADID-10k,I42_14_04,I42,/data/projectwork/swati_mam/new model data/kadid10k/images/I42_14_04.png,/data/projectwork/swati_mam/kadid10k/images/I42.png,Multiplicative noise,NA,4,2.93,val,noise,-9.0364485,4.7087517
KADID-10k,I42_14_05,I42,/data/projectwork/swati_mam/new model data/kadid10k/images/I42_14_05.png,/data/projectwork/swati_mam/kadid10k/images/I42.png,Multiplicative noise,NA,5,2.33,val,noise,-27.76371,20.727346
KADID-10k,I42_20_03,I42,/data/projectwork/swati_mam/new model data/kadid10k/images/I42_20_03.png,/data/projectwork/swati_mam/kadid10k/images/I42.png,Non-eccentricity patch,NA,3,3.3,val,other,-1.4208678,-20.218061
KADID-10k,I42_21_01,I42,/data/projectwork/swati_mam/new model data/kadid10k/images/I42_21_01.png,/data/projectwork/swati_mam/kadid10k/images/I42.png,Pixelate,NA,1,3.42,val,other,-2.07134,-20.146368
KADID-10k,I42_21_04,I42,/data/projectwork/swati_mam/new model data/kadid10k/images/I42_21_04.png,/data/projectwork/swati_mam/kadid10k/images/I42.png,Pixelate,NA,4,2.67,val,other,-9.366417,-3.5819948
KADID-10k,I42_22_02,I42,/data/projectwork/swati_mam/new model data/kadid10k/images/I42_22_02.png,/data/projectwork/swati_mam/kadid10k/images/I42.png,Quantization,NA,2,4.77,val,other,4.5893226,-23.044285
KADID-10k,I42_11_02,I42,/data/projectwork/swati_mam/new model data/kadid10k/images/I42_11_02.png,/data/projectwork/swati_mam/kadid10k/images/I42.png,White noise,NA,2,3.6,val,noise,-4.255296,-18.048286
KADID-10k,I42_11_04,I42,/data/projectwork/swati_mam/new model data/kadid10k/images/I42_11_04.png,/data/projectwork/swati_mam/kadid10k/images/I42.png,White noise,NA,4,3.0,val,noise,-9.15228,-2.4634109
KADID-10k,I42_11_05,I42,/data/projectwork/swati_mam/new model data/kadid10k/images/I42_11_05.png,/data/projectwork/swati_mam/kadid10k/images/I42.png,White noise,NA,5,2.47,val,noise,-19.340662,24.03926
KADID-10k,I42_12_01,I42,/data/projectwork/swati_mam/new model data/kadid10k/images/I42_12_01.png,/data/projectwork/swati_mam/kadid10k/images/I42.png,White noise in color component,NA,1,4.73,val,noise,0.44347638,-21.416002
KADID-10k,I42_12_02,I42,/data/projectwork/swati_mam/new model data/kadid10k/images/I42_12_02.png,/data/projectwork/swati_mam/kadid10k/images/I42.png,White noise in color component,NA,2,3.83,val,noise,-1.590104,-20.23696
KADID-10k,I45_16_03,I45,/data/projectwork/swati_mam/new model data/kadid10k/images/I45_16_03.png,/data/projectwork/swati_mam/kadid10k/images/I45.png,Brighten,NA,3,3.7,val,other,-8.015236,11.161036
KADID-10k,I45_16_05,I45,/data/projectwork/swati_mam/new model data/kadid10k/images/I45_16_05.png,/data/projectwork/swati_mam/kadid10k/images/I45.png,Brighten,NA,5,1.47,val,other,-32.691944,18.603865
KADID-10k,I45_23_01,I45,/data/projectwork/swati_mam/new model data/kadid10k/images/I45_23_01.png,/data/projectwork/swati_mam/kadid10k/images/I45.png,Color block,NA,1,4.03,val,other,0.44216982,-22.914125
KADID-10k,I45_23_02,I45,/data/projectwork/swati_mam/new model data/kadid10k/images/I45_23_02.png,/data/projectwork/swati_mam/kadid10k/images/I45.png,Color block,NA,2,2.77,val,other,9.151408,-24.233963
KADID-10k,I45_23_03,I45,/data/projectwork/swati_mam/new model data/kadid10k/images/I45_23_03.png,/data/projectwork/swati_mam/kadid10k/images/I45.png,Color block,NA,3,2.4,val,other,-4.0834618,-21.049671
KADID-10k,I45_23_05,I45,/data/projectwork/swati_mam/new model data/kadid10k/images/I45_23_05.png,/data/projectwork/swati_mam/kadid10k/images/I45.png,Color block,NA,5,1.97,val,other,0.63525444,-22.97157
KADID-10k,I45_04_05,I45,/data/projectwork/swati_mam/new model data/kadid10k/images/I45_04_05.png,/data/projectwork/swati_mam/kadid10k/images/I45.png,Color diffusion,NA,5,1.3,val,other,-39.592155,-0.30230156
KADID-10k,I45_06_01,I45,/data/projectwork/swati_mam/new model data/kadid10k/images/I45_06_01.png,/data/projectwork/swati_mam/kadid10k/images/I45.png,Color quantization,NA,1,3.33,val,other,9.7760315,-24.087763
KADID-10k,I45_06_03,I45,/data/projectwork/swati_mam/new model data/kadid10k/images/I45_06_03.png,/data/projectwork/swati_mam/kadid10k/images/I45.png,Color quantization,NA,3,2.5,val,other,1.3726159,-23.1515
KADID-10k,I45_07_02,I45,/data/projectwork/swati_mam/new model data/kadid10k/images/I45_07_02.png,/data/projectwork/swati_mam/kadid10k/images/I45.png,Color saturation 1,NA,2,2.67,val,other,-9.493631,3.0642715
KADID-10k,I45_07_03,I45,/data/projectwork/swati_mam/new model data/kadid10k/images/I45_07_03.png,/data/projectwork/swati_mam/kadid10k/images/I45.png,Color saturation 1,NA,3,2.3,val,other,-7.054496,8.122084
KADID-10k,I45_07_05,I45,/data/projectwork/swati_mam/new model data/kadid10k/images/I45_07_05.png,/data/projectwork/swati_mam/kadid10k/images/I45.png,Color saturation 1,NA,5,1.93,val,other,-14.168284,22.721163
KADID-10k,I45_08_03,I45,/data/projectwork/swati_mam/new model data/kadid10k/images/I45_08_03.png,/data/projectwork/swati_mam/kadid10k/images/I45.png,Color saturation 2,NA,3,2.63,val,other,20.664087,-16.798185
KADID-10k,I45_08_04,I45,/data/projectwork/swati_mam/new model data/kadid10k/images/I45_08_04.png,/data/projectwork/swati_mam/kadid10k/images/I45.png,Color saturation 2,NA,4,1.37,val,other,-9.219874,14.355261
KADID-10k,I45_05_01,I45,/data/projectwork/swati_mam/new model data/kadid10k/images/I45_05_01.png,/data/projectwork/swati_mam/kadid10k/images/I45.png,Color shift,NA,1,3.8,val,other,-9.634115,3.56626
KADID-10k,I45_05_02,I45,/data/projectwork/swati_mam/new model data/kadid10k/images/I45_05_02.png,/data/projectwork/swati_mam/kadid10k/images/I45.png,Color shift,NA,2,2.69,val,other,-6.996911,8.811111
KADID-10k,I45_05_03,I45,/data/projectwork/swati_mam/new model data/kadid10k/images/I45_05_03.png,/data/projectwork/swati_mam/kadid10k/images/I45.png,Color shift,NA,3,1.63,val,other,-9.719953,18.308914
KADID-10k,I45_25_01,I45,/data/projectwork/swati_mam/new model data/kadid10k/images/I45_25_01.png,/data/projectwork/swati_mam/kadid10k/images/I45.png,Contrast change,NA,1,3.4,val,other,14.5127125,-20.782446
KADID-10k,I45_25_02,I45,/data/projectwork/swati_mam/new model data/kadid10k/images/I45_25_02.png,/data/projectwork/swati_mam/kadid10k/images/I45.png,Contrast change,NA,2,3.8,val,other,11.205311,-23.179306
KADID-10k,I45_25_03,I45,/data/projectwork/swati_mam/new model data/kadid10k/images/I45_25_03.png,/data/projectwork/swati_mam/kadid10k/images/I45.png,Contrast change,NA,3,4.27,val,other,9.8360815,-23.995155
KADID-10k,I45_25_04,I45,/data/projectwork/swati_mam/new model data/kadid10k/images/I45_25_04.png,/data/projectwork/swati_mam/kadid10k/images/I45.png,Contrast change,NA,4,4.27,val,other,-4.717801,-20.72828
KADID-10k,I45_17_03,I45,/data/projectwork/swati_mam/new model data/kadid10k/images/I45_17_03.png,/data/projectwork/swati_mam/kadid10k/images/I45.png,Darken,NA,3,4.17,val,other,15.603686,-21.04272
KADID-10k,I45_15_04,I45,/data/projectwork/swati_mam/new model data/kadid10k/images/I45_15_04.png,/data/projectwork/swati_mam/kadid10k/images/I45.png,Denoise,NA,4,1.47,val,noise,-19.745203,24.18574
KADID-10k,I45_15_05,I45,/data/projectwork/swati_mam/new model data/kadid10k/images/I45_15_05.png,/data/projectwork/swati_mam/kadid10k/images/I45.png,Denoise,NA,5,1.3,val,noise,-32.54925,17.303905
KADID-10k,I45_01_03,I45,/data/projectwork/swati_mam/new model data/kadid10k/images/I45_01_03.png,/data/projectwork/swati_mam/kadid10k/images/I45.png,Gaussian blur,NA,3,2.63,val,blur,-40.327965,2.3983831
KADID-10k,I45_01_04,I45,/data/projectwork/swati_mam/new model data/kadid10k/images/I45_01_04.png,/data/projectwork/swati_mam/kadid10k/images/I45.png,Gaussian blur,NA,4,1.45,val,blur,-46.443222,-18.157385
KADID-10k,I45_24_02,I45,/data/projectwork/swati_mam/new model data/kadid10k/images/I45_24_02.png,/data/projectwork/swati_mam/kadid10k/images/I45.png,High sharpen,NA,2,2.53,val,HF/sharpen,39.575645,15.313802
KADID-10k,I45_24_03,I45,/data/projectwork/swati_mam/new model data/kadid10k/images/I45_24_03.png,/data/projectwork/swati_mam/kadid10k/images/I45.png,High sharpen,NA,3,2.1,val,HF/sharpen,36.357075,13.466675
KADID-10k,I45_24_04,I45,/data/projectwork/swati_mam/new model data/kadid10k/images/I45_24_04.png,/data/projectwork/swati_mam/kadid10k/images/I45.png,High sharpen,NA,4,1.53,val,HF/sharpen,20.438387,-15.422984
KADID-10k,I45_24_05,I45,/data/projectwork/swati_mam/new model data/kadid10k/images/I45_24_05.png,/data/projectwork/swati_mam/kadid10k/images/I45.png,High sharpen,NA,5,1.37,val,HF/sharpen,-4.435324,-0.44012848
KADID-10k,I45_13_01,I45,/data/projectwork/swati_mam/new model data/kadid10k/images/I45_13_01.png,/data/projectwork/swati_mam/kadid10k/images/I45.png,Impulse noise,NA,1,3.37,val,noise,5.33039,-24.157862
KADID-10k,I45_13_02,I45,/data/projectwork/swati_mam/new model data/kadid10k/images/I45_13_02.png,/data/projectwork/swati_mam/kadid10k/images/I45.png,Impulse noise,NA,2,2.8,val,noise,3.1235414,-23.384014
KADID-10k,I45_13_04,I45,/data/projectwork/swati_mam/new model data/kadid10k/images/I45_13_04.png,/data/projectwork/swati_mam/kadid10k/images/I45.png,Impulse noise,NA,4,2.37,val,noise,-9.508829,-5.550225
KADID-10k,I45_10_02,I45,/data/projectwork/swati_mam/new model data/kadid10k/images/I45_10_02.png,/data/projectwork/swati_mam/kadid10k/images/I45.png,JPEG,NA,2,4.06,val,other,-5.075802,-19.776932
KADID-10k,I45_10_03,I45,/data/projectwork/swati_mam/new model data/kadid10k/images/I45_10_03.png,/data/projectwork/swati_mam/kadid10k/images/I45.png,JPEG,NA,3,3.58,val,other,-5.189342,-19.504267
KADID-10k,I45_10_04,I45,/data/projectwork/swati_mam/new model data/kadid10k/images/I45_10_04.png,/data/projectwork/swati_mam/kadid10k/images/I45.png,JPEG,NA,4,1.53,val,other,-8.961314,16.96539
KADID-10k,I45_10_05,I45,/data/projectwork/swati_mam/new model data/kadid10k/images/I45_10_05.png,/data/projectwork/swati_mam/kadid10k/images/I45.png,JPEG,NA,5,1.13,val,other,-22.38256,23.79391
KADID-10k,I45_09_01,I45,/data/projectwork/swati_mam/new model data/kadid10k/images/I45_09_01.png,/data/projectwork/swati_mam/kadid10k/images/I45.png,JPEG2000,NA,1,4.5,val,other,2.9511638,-23.658787
KADID-10k,I45_09_05,I45,/data/projectwork/swati_mam/new model data/kadid10k/images/I45_09_05.png,/data/projectwork/swati_mam/kadid10k/images/I45.png,JPEG2000,NA,5,1.13,val,other,-44.712437,-13.689805
KADID-10k,I45_19_05,I45,/data/projectwork/swati_mam/new model data/kadid10k/images/I45_19_05.png,/data/projectwork/swati_mam/kadid10k/images/I45.png,Jitter,NA,5,1.4,val,other,-31.160477,18.190155
KADID-10k,I45_02_03,I45,/data/projectwork/swati_mam/new model data/kadid10k/images/I45_02_03.png,/data/projectwork/swati_mam/kadid10k/images/I45.png,Lens blur,NA,3,1.5,val,blur,-46.239407,-18.86961
KADID-10k,I45_02_05,I45,/data/projectwork/swati_mam/new model data/kadid10k/images/I45_02_05.png,/data/projectwork/swati_mam/kadid10k/images/I45.png,Lens blur,NA,5,1.17,val,blur,-47.063282,-20.991375
KADID-10k,I45_18_02,I45,/data/projectwork/swati_mam/new model data/kadid10k/images/I45_18_02.png,/data/projectwork/swati_mam/kadid10k/images/I45.png,Mean shift,NA,2,4.43,val,other,0.09004341,-22.634956
KADID-10k,I45_18_04,I45,/data/projectwork/swati_mam/new model data/kadid10k/images/I45_18_04.png,/data/projectwork/swati_mam/kadid10k/images/I45.png,Mean shift,NA,4,4.43,val,other,10.715734,-23.953156
KADID-10k,I45_18_05,I45,/data/projectwork/swati_mam/new model data/kadid10k/images/I45_18_05.png,/data/projectwork/swati_mam/kadid10k/images/I45.png,Mean shift,NA,5,4.03,val,other,14.874455,-21.254086
KADID-10k,I45_03_02,I45,/data/projectwork/swati_mam/new model data/kadid10k/images/I45_03_02.png,/data/projectwork/swati_mam/kadid10k/images/I45.png,Motion blur,NA,2,3.8,val,blur,-9.45163,0.005925316
KADID-10k,I45_03_03,I45,/data/projectwork/swati_mam/new model data/kadid10k/images/I45_03_03.png,/data/projectwork/swati_mam/kadid10k/images/I45.png,Motion blur,NA,3,2.53,val,blur,-36.625748,10.348732
KADID-10k,I45_03_04,I45,/data/projectwork/swati_mam/new model data/kadid10k/images/I45_03_04.png,/data/projectwork/swati_mam/kadid10k/images/I45.png,Motion blur,NA,4,1.9,val,blur,-40.259407,4.250339
KADID-10k,I45_03_05,I45,/data/projectwork/swati_mam/new model data/kadid10k/images/I45_03_05.png,/data/projectwork/swati_mam/kadid10k/images/I45.png,Motion blur,NA,5,1.6,val,blur,-45.2731,-15.408632
KADID-10k,I45_14_01,I45,/data/projectwork/swati_mam/new model data/kadid10k/images/I45_14_01.png,/data/projectwork/swati_mam/kadid10k/images/I45.png,Multiplicative noise,NA,1,4.27,val,noise,11.308951,-23.662477
KADID-10k,I45_14_02,I45,/data/projectwork/swati_mam/new model data/kadid10k/images/I45_14_02.png,/data/projectwork/swati_mam/kadid10k/images/I45.png,Multiplicative noise,NA,2,3.23,val,noise,3.8672743,-23.463167
KADID-10k,I45_14_05,I45,/data/projectwork/swati_mam/new model data/kadid10k/images/I45_14_05.png,/data/projectwork/swati_mam/kadid10k/images/I45.png,Multiplicative noise,NA,5,1.73,val,noise,-31.583063,19.091593
KADID-10k,I45_21_01,I45,/data/projectwork/swati_mam/new model data/kadid10k/images/I45_21_01.png,/data/projectwork/swati_mam/kadid10k/images/I45.png,Pixelate,NA,1,3.77,val,other,-9.2558775,-10.426377
KADID-10k,I45_21_03,I45,/data/projectwork/swati_mam/new model data/kadid10k/images/I45_21_03.png,/data/projectwork/swati_mam/kadid10k/images/I45.png,Pixelate,NA,3,2.6,val,other,-9.633913,3.5727377
KADID-10k,I45_21_05,I45,/data/projectwork/swati_mam/new model data/kadid10k/images/I45_21_05.png,/data/projectwork/swati_mam/kadid10k/images/I45.png,Pixelate,NA,5,1.23,val,other,-19.1078,24.588938
KADID-10k,I45_22_02,I45,/data/projectwork/swati_mam/new model data/kadid10k/images/I45_22_02.png,/data/projectwork/swati_mam/kadid10k/images/I45.png,Quantization,NA,2,4.1,val,other,3.3462844,-23.633137
KADID-10k,I45_22_03,I45,/data/projectwork/swati_mam/new model data/kadid10k/images/I45_22_03.png,/data/projectwork/swati_mam/kadid10k/images/I45.png,Quantization,NA,3,3.73,val,other,2.4951587,-23.503525
KADID-10k,I45_22_05,I45,/data/projectwork/swati_mam/new model data/kadid10k/images/I45_22_05.png,/data/projectwork/swati_mam/kadid10k/images/I45.png,Quantization,NA,5,2.47,val,other,-8.936994,-10.102336
KADID-10k,I45_11_01,I45,/data/projectwork/swati_mam/new model data/kadid10k/images/I45_11_01.png,/data/projectwork/swati_mam/kadid10k/images/I45.png,White noise,NA,1,3.97,val,noise,10.380301,-24.03348
KADID-10k,I45_11_03,I45,/data/projectwork/swati_mam/new model data/kadid10k/images/I45_11_03.png,/data/projectwork/swati_mam/kadid10k/images/I45.png,White noise,NA,3,2.67,val,noise,-6.7581487,-15.619139
KADID-10k,I45_11_05,I45,/data/projectwork/swati_mam/new model data/kadid10k/images/I45_11_05.png,/data/projectwork/swati_mam/kadid10k/images/I45.png,White noise,NA,5,2.33,val,noise,-20.704576,23.986582
KADID-10k,I45_12_04,I45,/data/projectwork/swati_mam/new model data/kadid10k/images/I45_12_04.png,/data/projectwork/swati_mam/kadid10k/images/I45.png,White noise in color component,NA,4,2.27,val,noise,-8.449679,14.743333
KADID-10k,I45_12_05,I45,/data/projectwork/swati_mam/new model data/kadid10k/images/I45_12_05.png,/data/projectwork/swati_mam/kadid10k/images/I45.png,White noise in color component,NA,5,2.23,val,noise,-17.67881,23.438862
KADID-10k,I46_16_05,I46,/data/projectwork/swati_mam/new model data/kadid10k/images/I46_16_05.png,/data/projectwork/swati_mam/kadid10k/images/I46.png,Brighten,NA,5,1.67,val,other,-3.908794,1.1597893
KADID-10k,I46_23_02,I46,/data/projectwork/swati_mam/new model data/kadid10k/images/I46_23_02.png,/data/projectwork/swati_mam/kadid10k/images/I46.png,Color block,NA,2,2.57,val,other,25.639242,-0.84810716
KADID-10k,I46_04_02,I46,/data/projectwork/swati_mam/new model data/kadid10k/images/I46_04_02.png,/data/projectwork/swati_mam/kadid10k/images/I46.png,Color diffusion,NA,2,2.47,val,other,0.5741801,-18.035374
KADID-10k,I46_04_03,I46,/data/projectwork/swati_mam/new model data/kadid10k/images/I46_04_03.png,/data/projectwork/swati_mam/kadid10k/images/I46.png,Color diffusion,NA,3,1.73,val,other,-14.469405,20.5195
KADID-10k,I46_04_04,I46,/data/projectwork/swati_mam/new model data/kadid10k/images/I46_04_04.png,/data/projectwork/swati_mam/kadid10k/images/I46.png,Color diffusion,NA,4,1.45,val,other,-22.24415,22.121174
KADID-10k,I46_04_05,I46,/data/projectwork/swati_mam/new model data/kadid10k/images/I46_04_05.png,/data/projectwork/swati_mam/kadid10k/images/I46.png,Color diffusion,NA,5,1.5,val,other,-36.670876,5.470988
KADID-10k,I46_06_03,I46,/data/projectwork/swati_mam/new model data/kadid10k/images/I46_06_03.png,/data/projectwork/swati_mam/kadid10k/images/I46.png,Color quantization,NA,3,3.67,val,other,24.80529,-5.4595594
KADID-10k,I46_06_04,I46,/data/projectwork/swati_mam/new model data/kadid10k/images/I46_06_04.png,/data/projectwork/swati_mam/kadid10k/images/I46.png,Color quantization,NA,4,3.1,val,other,11.765396,-21.624151
KADID-10k,I46_07_04,I46,/data/projectwork/swati_mam/new model data/kadid10k/images/I46_07_04.png,/data/projectwork/swati_mam/kadid10k/images/I46.png,Color saturation 1,NA,4,1.7,val,other,8.868564,-22.517626
KADID-10k,I46_08_01,I46,/data/projectwork/swati_mam/new model data/kadid10k/images/I46_08_01.png,/data/projectwork/swati_mam/kadid10k/images/I46.png,Color saturation 2,NA,1,4.6,val,other,26.319172,0.71980023
KADID-10k,I46_08_02,I46,/data/projectwork/swati_mam/new model data/kadid10k/images/I46_08_02.png,/data/projectwork/swati_mam/kadid10k/images/I46.png,Color saturation 2,NA,2,3.33,val,other,8.97558,-22.366892
KADID-10k,I46_08_04,I46,/data/projectwork/swati_mam/new model data/kadid10k/images/I46_08_04.png,/data/projectwork/swati_mam/kadid10k/images/I46.png,Color saturation 2,NA,4,1.37,val,other,-31.987782,20.394085
KADID-10k,I46_08_05,I46,/data/projectwork/swati_mam/new model data/kadid10k/images/I46_08_05.png,/data/projectwork/swati_mam/kadid10k/images/I46.png,Color saturation 2,NA,5,1.3,val,other,-35.39759,13.891906
KADID-10k,I46_05_01,I46,/data/projectwork/swati_mam/new model data/kadid10k/images/I46_05_01.png,/data/projectwork/swati_mam/kadid10k/images/I46.png,Color shift,NA,1,4.53,val,other,24.47936,-6.173949
KADID-10k,I46_05_02,I46,/data/projectwork/swati_mam/new model data/kadid10k/images/I46_05_02.png,/data/projectwork/swati_mam/kadid10k/images/I46.png,Color shift,NA,2,2.8,val,other,10.733889,-22.137135
KADID-10k,I46_05_03,I46,/data/projectwork/swati_mam/new model data/kadid10k/images/I46_05_03.png,/data/projectwork/swati_mam/kadid10k/images/I46.png,Color shift,NA,3,2.37,val,other,0.17052227,-18.14212
KADID-10k,I46_05_05,I46,/data/projectwork/swati_mam/new model data/kadid10k/images/I46_05_05.png,/data/projectwork/swati_mam/kadid10k/images/I46.png,Color shift,NA,5,2.67,val,other,-5.419724,-9.916526
KADID-10k,I46_25_01,I46,/data/projectwork/swati_mam/new model data/kadid10k/images/I46_25_01.png,/data/projectwork/swati_mam/kadid10k/images/I46.png,Contrast change,NA,1,3.53,val,other,33.97337,13.528991
KADID-10k,I46_25_05,I46,/data/projectwork/swati_mam/new model data/kadid10k/images/I46_25_05.png,/data/projectwork/swati_mam/kadid10k/images/I46.png,Contrast change,NA,5,3.47,val,other,14.1003895,-21.48715
KADID-10k,I46_17_01,I46,/data/projectwork/swati_mam/new model data/kadid10k/images/I46_17_01.png,/data/projectwork/swati_mam/kadid10k/images/I46.png,Darken,NA,1,4.67,val,other,25.76606,1.1578691
KADID-10k,I46_17_02,I46,/data/projectwork/swati_mam/new model data/kadid10k/images/I46_17_02.png,/data/projectwork/swati_mam/kadid10k/images/I46.png,Darken,NA,2,4.63,val,other,25.635187,0.8772535
KADID-10k,I46_17_03,I46,/data/projectwork/swati_mam/new model data/kadid10k/images/I46_17_03.png,/data/projectwork/swati_mam/kadid10k/images/I46.png,Darken,NA,3,4.27,val,other,25.574839,0.9783278
KADID-10k,I46_15_02,I46,/data/projectwork/swati_mam/new model data/kadid10k/images/I46_15_02.png,/data/projectwork/swati_mam/kadid10k/images/I46.png,Denoise,NA,2,3.3,val,noise,5.578185,-23.047077
KADID-10k,I46_15_04,I46,/data/projectwork/swati_mam/new model data/kadid10k/images/I46_15_04.png,/data/projectwork/swati_mam/kadid10k/images/I46.png,Denoise,NA,4,1.72,val,noise,-7.528554,-10.222823
KADID-10k,I46_01_01,I46,/data/projectwork/swati_mam/new model data/kadid10k/images/I46_01_01.png,/data/projectwork/swati_mam/kadid10k/images/I46.png,Gaussian blur,NA,1,4.65,val,blur,26.319172,0.71980023
KADID-10k,I46_01_02,I46,/data/projectwork/swati_mam/new model data/kadid10k/images/I46_01_02.png,/data/projectwork/swati_mam/kadid10k/images/I46.png,Gaussian blur,NA,2,4.33,val,blur,13.554821,-21.376453
KADID-10k,I46_24_01,I46,/data/projectwork/swati_mam/new model data/kadid10k/images/I46_24_01.png,/data/projectwork/swati_mam/kadid10k/images/I46.png,High sharpen,NA,1,3.1,val,HF/sharpen,49.478928,19.014812
KADID-10k,I46_24_02,I46,/data/projectwork/swati_mam/new model data/kadid10k/images/I46_24_02.png,/data/projectwork/swati_mam/kadid10k/images/I46.png,High sharpen,NA,2,2.33,val,HF/sharpen,49.715958,19.151194
KADID-10k,I46_24_03,I46,/data/projectwork/swati_mam/new model data/kadid10k/images/I46_24_03.png,/data/projectwork/swati_mam/kadid10k/images/I46.png,High sharpen,NA,3,1.9,val,HF/sharpen,49.352207,18.773209
KADID-10k,I46_13_02,I46,/data/projectwork/swati_mam/new model data/kadid10k/images/I46_13_02.png,/data/projectwork/swati_mam/kadid10k/images/I46.png,Impulse noise,NA,2,3.6,val,noise,26.156809,-0.28271294
KADID-10k,I46_13_03,I46,/data/projectwork/swati_mam/new model data/kadid10k/images/I46_13_03.png,/data/projectwork/swati_mam/kadid10k/images/I46.png,Impulse noise,NA,3,3.37,val,noise,22.328394,-11.298161
KADID-10k,I46_13_04,I46,/data/projectwork/swati_mam/new model data/kadid10k/images/I46_13_04.png,/data/projectwork/swati_mam/kadid10k/images/I46.png,Impulse noise,NA,4,2.73,val,noise,18.8423,-17.217312
KADID-10k,I46_13_05,I46,/data/projectwork/swati_mam/new model data/kadid10k/images/I46_13_05.png,/data/projectwork/swati_mam/kadid10k/images/I46.png,Impulse noise,NA,5,2.3,val,noise,0.21387634,-18.105547
KADID-10k,I46_10_01,I46,/data/projectwork/swati_mam/new model data/kadid10k/images/I46_10_01.png,/data/projectwork/swati_mam/kadid10k/images/I46.png,JPEG,NA,1,4.67,val,other,22.400848,-11.511397
KADID-10k,I46_10_02,I46,/data/projectwork/swati_mam/new model data/kadid10k/images/I46_10_02.png,/data/projectwork/swati_mam/kadid10k/images/I46.png,JPEG,NA,2,4.43,val,other,21.563221,-13.51225
KADID-10k,I46_10_03,I46,/data/projectwork/swati_mam/new model data/kadid10k/images/I46_10_03.png,/data/projectwork/swati_mam/kadid10k/images/I46.png,JPEG,NA,3,4.13,val,other,19.448372,-16.873138
KADID-10k,I46_10_04,I46,/data/projectwork/swati_mam/new model data/kadid10k/images/I46_10_04.png,/data/projectwork/swati_mam/kadid10k/images/I46.png,JPEG,NA,4,2.03,val,other,-7.737183,-1.7707027
KADID-10k,I46_09_02,I46,/data/projectwork/swati_mam/new model data/kadid10k/images/I46_09_02.png,/data/projectwork/swati_mam/kadid10k/images/I46.png,JPEG2000,NA,2,4.1,val,other,16.937786,-18.900997
KADID-10k,I46_09_04,I46,/data/projectwork/swati_mam/new model data/kadid10k/images/I46_09_04.png,/data/projectwork/swati_mam/kadid10k/images/I46.png,JPEG2000,NA,4,1.97,val,other,-9.232358,15.76813
KADID-10k,I46_09_05,I46,/data/projectwork/swati_mam/new model data/kadid10k/images/I46_09_05.png,/data/projectwork/swati_mam/kadid10k/images/I46.png,JPEG2000,NA,5,1.17,val,other,-43.474823,-10.266365
KADID-10k,I46_19_01,I46,/data/projectwork/swati_mam/new model data/kadid10k/images/I46_19_01.png,/data/projectwork/swati_mam/kadid10k/images/I46.png,Jitter,NA,1,4.53,val,other,25.299212,0.22360672
KADID-10k,I46_19_03,I46,/data/projectwork/swati_mam/new model data/kadid10k/images/I46_19_03.png,/data/projectwork/swati_mam/kadid10k/images/I46.png,Jitter,NA,3,3.33,val,other,16.833616,-19.464615
KADID-10k,I46_18_03,I46,/data/projectwork/swati_mam/new model data/kadid10k/images/I46_18_03.png,/data/projectwork/swati_mam/kadid10k/images/I46.png,Mean shift,NA,3,4.73,val,other,25.91644,0.7552778
KADID-10k,I46_18_04,I46,/data/projectwork/swati_mam/new model data/kadid10k/images/I46_18_04.png,/data/projectwork/swati_mam/kadid10k/images/I46.png,Mean shift,NA,4,4.67,val,other,25.925943,-0.8261838
KADID-10k,I46_18_05,I46,/data/projectwork/swati_mam/new model data/kadid10k/images/I46_18_05.png,/data/projectwork/swati_mam/kadid10k/images/I46.png,Mean shift,NA,5,3.97,val,other,26.648882,0.3317565
KADID-10k,I46_03_01,I46,/data/projectwork/swati_mam/new model data/kadid10k/images/I46_03_01.png,/data/projectwork/swati_mam/kadid10k/images/I46.png,Motion blur,NA,1,4.67,val,blur,26.319172,0.71980023
KADID-10k,I46_03_02,I46,/data/projectwork/swati_mam/new model data/kadid10k/images/I46_03_02.png,/data/projectwork/swati_mam/kadid10k/images/I46.png,Motion blur,NA,2,4.1,val,blur,6.5901823,-22.781746
KADID-10k,I46_03_04,I46,/data/projectwork/swati_mam/new model data/kadid10k/images/I46_03_04.png,/data/projectwork/swati_mam/kadid10k/images/I46.png,Motion blur,NA,4,2.0,val,blur,-22.029366,23.491299
KADID-10k,I46_14_04,I46,/data/projectwork/swati_mam/new model data/kadid10k/images/I46_14_04.png,/data/projectwork/swati_mam/kadid10k/images/I46.png,Multiplicative noise,NA,4,2.5,val,noise,7.914935,-22.663637
KADID-10k,I46_14_05,I46,/data/projectwork/swati_mam/new model data/kadid10k/images/I46_14_05.png,/data/projectwork/swati_mam/kadid10k/images/I46.png,Multiplicative noise,NA,5,1.87,val,noise,-9.450435,13.301954
KADID-10k,I46_20_02,I46,/data/projectwork/swati_mam/new model data/kadid10k/images/I46_20_02.png,/data/projectwork/swati_mam/kadid10k/images/I46.png,Non-eccentricity patch,NA,2,4.5,val,other,25.979284,-0.17261459
KADID-10k,I46_20_04,I46,/data/projectwork/swati_mam/new model data/kadid10k/images/I46_20_04.png,/data/projectwork/swati_mam/kadid10k/images/I46.png,Non-eccentricity patch,NA,4,4.23,val,other,26.517822,1.7935462
KADID-10k,I46_20_05,I46,/data/projectwork/swati_mam/new model data/kadid10k/images/I46_20_05.png,/data/projectwork/swati_mam/kadid10k/images/I46.png,Non-eccentricity patch,NA,5,4.37,val,other,24.505161,-7.3646584
KADID-10k,I46_21_03,I46,/data/projectwork/swati_mam/new model data/kadid10k/images/I46_21_03.png,/data/projectwork/swati_mam/kadid10k/images/I46.png,Pixelate,NA,3,2.43,val,other,19.461014,-16.853455
KADID-10k,I46_21_05,I46,/data/projectwork/swati_mam/new model data/kadid10k/images/I46_21_05.png,/data/projectwork/swati_mam/kadid10k/images/I46.png,Pixelate,NA,5,1.6,val,other,1.4459572,-19.181286
KADID-10k,I46_22_01,I46,/data/projectwork/swati_mam/new model data/kadid10k/images/I46_22_01.png,/data/projectwork/swati_mam/kadid10k/images/I46.png,Quantization,NA,1,4.57,val,other,26.238243,1.1826618
KADID-10k,I46_22_02,I46,/data/projectwork/swati_mam/new model data/kadid10k/images/I46_22_02.png,/data/projectwork/swati_mam/kadid10k/images/I46.png,Quantization,NA,2,4.67,val,other,26.698536,2.6766543
KADID-10k,I46_22_03,I46,/data/projectwork/swati_mam/new model data/kadid10k/images/I46_22_03.png,/data/projectwork/swati_mam/kadid10k/images/I46.png,Quantization,NA,3,4.43,val,other,26.256626,1.7596606
KADID-10k,I46_22_04,I46,/data/projectwork/swati_mam/new model data/kadid10k/images/I46_22_04.png,/data/projectwork/swati_mam/kadid10k/images/I46.png,Quantization,NA,4,4.5,val,other,25.75924,-1.318477
KADID-10k,I46_11_01,I46,/data/projectwork/swati_mam/new model data/kadid10k/images/I46_11_01.png,/data/projectwork/swati_mam/kadid10k/images/I46.png,White noise,NA,1,4.23,val,noise,25.626677,-0.17141706
KADID-10k,I46_11_04,I46,/data/projectwork/swati_mam/new model data/kadid10k/images/I46_11_04.png,/data/projectwork/swati_mam/kadid10k/images/I46.png,White noise,NA,4,3.03,val,noise,18.161121,-17.836222
KADID-10k,I46_11_05,I46,/data/projectwork/swati_mam/new model data/kadid10k/images/I46_11_05.png,/data/projectwork/swati_mam/kadid10k/images/I46.png,White noise,NA,5,2.3,val,noise,-5.2154927,-10.340528
KADID-10k,I46_12_03,I46,/data/projectwork/swati_mam/new model data/kadid10k/images/I46_12_03.png,/data/projectwork/swati_mam/kadid10k/images/I46.png,White noise in color component,NA,3,3.7,val,noise,20.913683,-14.440953
KADID-10k,I46_12_04,I46,/data/projectwork/swati_mam/new model data/kadid10k/images/I46_12_04.png,/data/projectwork/swati_mam/kadid10k/images/I46.png,White noise in color component,NA,4,3.13,val,noise,13.417107,-21.541725
KADID-10k,I46_12_05,I46,/data/projectwork/swati_mam/new model data/kadid10k/images/I46_12_05.png,/data/projectwork/swati_mam/kadid10k/images/I46.png,White noise in color component,NA,5,2.77,val,noise,-5.0026474,-10.657929
KADID-10k,I65_16_01,I65,/data/projectwork/swati_mam/new model data/kadid10k/images/I65_16_01.png,/data/projectwork/swati_mam/kadid10k/images/I65.png,Brighten,NA,1,4.67,val,other,-7.588435,5.6046004
KADID-10k,I65_16_02,I65,/data/projectwork/swati_mam/new model data/kadid10k/images/I65_16_02.png,/data/projectwork/swati_mam/kadid10k/images/I65.png,Brighten,NA,2,4.33,val,other,-8.298126,9.165253
KADID-10k,I65_16_05,I65,/data/projectwork/swati_mam/new model data/kadid10k/images/I65_16_05.png,/data/projectwork/swati_mam/kadid10k/images/I65.png,Brighten,NA,5,1.71,val,other,-16.386393,22.556639
KADID-10k,I65_23_01,I65,/data/projectwork/swati_mam/new model data/kadid10k/images/I65_23_01.png,/data/projectwork/swati_mam/kadid10k/images/I65.png,Color block,NA,1,2.97,val,other,-8.195805,3.6507096
KADID-10k,I65_23_02,I65,/data/projectwork/swati_mam/new model data/kadid10k/images/I65_23_02.png,/data/projectwork/swati_mam/kadid10k/images/I65.png,Color block,NA,2,3.47,val,other,-7.7005105,6.162416
KADID-10k,I65_23_03,I65,/data/projectwork/swati_mam/new model data/kadid10k/images/I65_23_03.png,/data/projectwork/swati_mam/kadid10k/images/I65.png,Color block,NA,3,3.03,val,other,-8.18242,10.119298
KADID-10k,I65_23_05,I65,/data/projectwork/swati_mam/new model data/kadid10k/images/I65_23_05.png,/data/projectwork/swati_mam/kadid10k/images/I65.png,Color block,NA,5,1.9,val,other,-7.570206,5.00476
KADID-10k,I65_04_01,I65,/data/projectwork/swati_mam/new model data/kadid10k/images/I65_04_01.png,/data/projectwork/swati_mam/kadid10k/images/I65.png,Color diffusion,NA,1,4.7,val,other,-7.932015,3.015243
KADID-10k,I65_04_04,I65,/data/projectwork/swati_mam/new model data/kadid10k/images/I65_04_04.png,/data/projectwork/swati_mam/kadid10k/images/I65.png,Color diffusion,NA,4,2.5,val,other,-40.738956,-2.8185585
KADID-10k,I65_06_04,I65,/data/projectwork/swati_mam/new model data/kadid10k/images/I65_06_04.png,/data/projectwork/swati_mam/kadid10k/images/I65.png,Color quantization,NA,4,3.0,val,other,-8.331949,2.266215
KADID-10k,I65_07_03,I65,/data/projectwork/swati_mam/new model data/kadid10k/images/I65_07_03.png,/data/projectwork/swati_mam/kadid10k/images/I65.png,Color saturation 1,NA,3,2.33,val,other,-10.613036,18.797037
KADID-10k,I65_07_04,I65,/data/projectwork/swati_mam/new model data/kadid10k/images/I65_07_04.png,/data/projectwork/swati_mam/kadid10k/images/I65.png,Color saturation 1,NA,4,2.6,val,other,-11.205161,19.638704
KADID-10k,I65_08_02,I65,/data/projectwork/swati_mam/new model data/kadid10k/images/I65_08_02.png,/data/projectwork/swati_mam/kadid10k/images/I65.png,Color saturation 2,NA,2,3.6,val,other,-8.367012,8.134243
KADID-10k,I65_08_03,I65,/data/projectwork/swati_mam/new model data/kadid10k/images/I65_08_03.png,/data/projectwork/swati_mam/kadid10k/images/I65.png,Color saturation 2,NA,3,2.93,val,other,-10.055554,16.005848
KADID-10k,I65_08_05,I65,/data/projectwork/swati_mam/new model data/kadid10k/images/I65_08_05.png,/data/projectwork/swati_mam/kadid10k/images/I65.png,Color saturation 2,NA,5,1.63,val,other,-36.392307,7.5319204
KADID-10k,I65_05_01,I65,/data/projectwork/swati_mam/new model data/kadid10k/images/I65_05_01.png,/data/projectwork/swati_mam/kadid10k/images/I65.png,Color shift,NA,1,3.77,val,other,-7.8006697,9.320198
KADID-10k,I65_05_04,I65,/data/projectwork/swati_mam/new model data/kadid10k/images/I65_05_04.png,/data/projectwork/swati_mam/kadid10k/images/I65.png,Color shift,NA,4,1.97,val,other,-10.624347,19.301651
KADID-10k,I65_05_05,I65,/data/projectwork/swati_mam/new model data/kadid10k/images/I65_05_05.png,/data/projectwork/swati_mam/kadid10k/images/I65.png,Color shift,NA,5,1.73,val,other,-17.156391,23.549807
KADID-10k,I65_25_02,I65,/data/projectwork/swati_mam/new model data/kadid10k/images/I65_25_02.png,/data/projectwork/swati_mam/kadid10k/images/I65.png,Contrast change,NA,2,4.07,val,other,-8.51601,7.9194
KADID-10k,I65_17_01,I65,/data/projectwork/swati_mam/new model data/kadid10k/images/I65_17_01.png,/data/projectwork/swati_mam/kadid10k/images/I65.png,Darken,NA,1,4.63,val,other,-7.9448395,3.332397
KADID-10k,I65_17_02,I65,/data/projectwork/swati_mam/new model data/kadid10k/images/I65_17_02.png,/data/projectwork/swati_mam/kadid10k/images/I65.png,Darken,NA,2,4.47,val,other,-7.9983144,2.7724607
KADID-10k,I65_17_04,I65,/data/projectwork/swati_mam/new model data/kadid10k/images/I65_17_04.png,/data/projectwork/swati_mam/kadid10k/images/I65.png,Darken,NA,4,3.6,val,other,-8.240075,10.08519
KADID-10k,I65_15_03,I65,/data/projectwork/swati_mam/new model data/kadid10k/images/I65_15_03.png,/data/projectwork/swati_mam/kadid10k/images/I65.png,Denoise,NA,3,2.1,val,noise,-21.589619,24.127485
KADID-10k,I65_15_05,I65,/data/projectwork/swati_mam/new model data/kadid10k/images/I65_15_05.png,/data/projectwork/swati_mam/kadid10k/images/I65.png,Denoise,NA,5,1.47,val,noise,-33.357037,15.324785
KADID-10k,I65_01_01,I65,/data/projectwork/swati_mam/new model data/kadid10k/images/I65_01_01.png,/data/projectwork/swati_mam/kadid10k/images/I65.png,Gaussian blur,NA,1,4.77,val,blur,-7.743263,4.02676
KADID-10k,I65_01_04,I65,/data/projectwork/swati_mam/new model data/kadid10k/images/I65_01_04.png,/data/projectwork/swati_mam/kadid10k/images/I65.png,Gaussian blur,NA,4,1.9,val,blur,-45.807716,-16.46578
KADID-10k,I65_01_05,I65,/data/projectwork/swati_mam/new model data/kadid10k/images/I65_01_05.png,/data/projectwork/swati_mam/kadid10k/images/I65.png,Gaussian blur,NA,5,1.33,val,blur,-47.163292,-21.267942
KADID-10k,I65_24_01,I65,/data/projectwork/swati_mam/new model data/kadid10k/images/I65_24_01.png,/data/projectwork/swati_mam/kadid10k/images/I65.png,High sharpen,NA,1,3.67,val,HF/sharpen,24.499022,-7.7242637
KADID-10k,I65_24_03,I65,/data/projectwork/swati_mam/new model data/kadid10k/images/I65_24_03.png,/data/projectwork/swati_mam/kadid10k/images/I65.png,High sharpen,NA,3,2.07,val,HF/sharpen,45.66027,6.8622103
KADID-10k,I65_24_04,I65,/data/projectwork/swati_mam/new model data/kadid10k/images/I65_24_04.png,/data/projectwork/swati_mam/kadid10k/images/I65.png,High sharpen,NA,4,2.0,val,HF/sharpen,47.07661,7.10609
KADID-10k,I65_13_04,I65,/data/projectwork/swati_mam/new model data/kadid10k/images/I65_13_04.png,/data/projectwork/swati_mam/kadid10k/images/I65.png,Impulse noise,NA,4,1.83,val,noise,-10.033701,17.221394
KADID-10k,I65_10_03,I65,/data/projectwork/swati_mam/new model data/kadid10k/images/I65_10_03.png,/data/projectwork/swati_mam/kadid10k/images/I65.png,JPEG,NA,3,3.77,val,other,-7.8725004,8.289006
KADID-10k,I65_10_04,I65,/data/projectwork/swati_mam/new model data/kadid10k/images/I65_10_04.png,/data/projectwork/swati_mam/kadid10k/images/I65.png,JPEG,NA,4,1.53,val,other,-8.344765,13.664063
KADID-10k,I65_09_04,I65,/data/projectwork/swati_mam/new model data/kadid10k/images/I65_09_04.png,/data/projectwork/swati_mam/kadid10k/images/I65.png,JPEG2000,NA,4,1.9,val,other,-31.769691,17.947376
KADID-10k,I65_09_05,I65,/data/projectwork/swati_mam/new model data/kadid10k/images/I65_09_05.png,/data/projectwork/swati_mam/kadid10k/images/I65.png,JPEG2000,NA,5,1.3,val,other,-43.953472,-12.376443
KADID-10k,I65_19_01,I65,/data/projectwork/swati_mam/new model data/kadid10k/images/I65_19_01.png,/data/projectwork/swati_mam/kadid10k/images/I65.png,Jitter,NA,1,4.57,val,other,-7.839931,10.349869
KADID-10k,I65_19_04,I65,/data/projectwork/swati_mam/new model data/kadid10k/images/I65_19_04.png,/data/projectwork/swati_mam/kadid10k/images/I65.png,Jitter,NA,4,1.6,val,other,-15.144553,22.97703
KADID-10k,I65_19_05,I65,/data/projectwork/swati_mam/new model data/kadid10k/images/I65_19_05.png,/data/projectwork/swati_mam/kadid10k/images/I65.png,Jitter,NA,5,1.27,val,other,-17.982098,24.446657
KADID-10k,I65_02_01,I65,/data/projectwork/swati_mam/new model data/kadid10k/images/I65_02_01.png,/data/projectwork/swati_mam/kadid10k/images/I65.png,Lens blur,NA,1,3.53,val,blur,-25.574657,22.175476
KADID-10k,I65_02_04,I65,/data/projectwork/swati_mam/new model data/kadid10k/images/I65_02_04.png,/data/projectwork/swati_mam/kadid10k/images/I65.png,Lens blur,NA,4,1.4,val,blur,-46.84179,-20.234438
KADID-10k,I65_02_05,I65,/data/projectwork/swati_mam/new model data/kadid10k/images/I65_02_05.png,/data/projectwork/swati_mam/kadid10k/images/I65.png,Lens blur,NA,5,1.13,val,blur,-47.23555,-20.920979
KADID-10k,I65_18_01,I65,/data/projectwork/swati_mam/new model data/kadid10k/images/I65_18_01.png,/data/projectwork/swati_mam/kadid10k/images/I65.png,Mean shift,NA,1,4.33,val,other,-8.456343,8.774267
KADID-10k,I65_18_03,I65,/data/projectwork/swati_mam/new model data/kadid10k/images/I65_18_03.png,/data/projectwork/swati_mam/kadid10k/images/I65.png,Mean shift,NA,3,4.5,val,other,-7.743263,4.02676
KADID-10k,I65_18_05,I65,/data/projectwork/swati_mam/new model data/kadid10k/images/I65_18_05.png,/data/projectwork/swati_mam/kadid10k/images/I65.png,Mean shift,NA,5,3.97,val,other,-8.049871,4.3830223
KADID-10k,I65_03_01,I65,/data/projectwork/swati_mam/new model data/kadid10k/images/I65_03_01.png,/data/projectwork/swati_mam/kadid10k/images/I65.png,Motion blur,NA,1,4.7,val,blur,-7.7432623,4.02676
KADID-10k,I65_03_05,I65,/data/projectwork/swati_mam/new model data/kadid10k/images/I65_03_05.png,/data/projectwork/swati_mam/kadid10k/images/I65.png,Motion blur,NA,5,1.5,val,blur,-41.45059,-1.6442081
KADID-10k,I65_14_02,I65,/data/projectwork/swati_mam/new model data/kadid10k/images/I65_14_02.png,/data/projectwork/swati_mam/kadid10k/images/I65.png,Multiplicative noise,NA,2,3.07,val,noise,-9.135214,-6.8854384
KADID-10k,I65_20_01,I65,/data/projectwork/swati_mam/new model data/kadid10k/images/I65_20_01.png,/data/projectwork/swati_mam/kadid10k/images/I65.png,Non-eccentricity patch,NA,1,4.6,val,other,-7.6607885,4.842138
KADID-10k,I65_20_03,I65,/data/projectwork/swati_mam/new model data/kadid10k/images/I65_20_03.png,/data/projectwork/swati_mam/kadid10k/images/I65.png,Non-eccentricity patch,NA,3,4.2,val,other,-9.002179,-7.037352
KADID-10k,I65_20_04,I65,/data/projectwork/swati_mam/new model data/kadid10k/images/I65_20_04.png,/data/projectwork/swati_mam/kadid10k/images/I65.png,Non-eccentricity patch,NA,4,4.3,val,other,-6.878426,-10.166829
KADID-10k,I65_21_01,I65,/data/projectwork/swati_mam/new model data/kadid10k/images/I65_21_01.png,/data/projectwork/swati_mam/kadid10k/images/I65.png,Pixelate,NA,1,3.9,val,other,-8.530006,13.533144
KADID-10k,I65_21_04,I65,/data/projectwork/swati_mam/new model data/kadid10k/images/I65_21_04.png,/data/projectwork/swati_mam/kadid10k/images/I65.png,Pixelate,NA,4,2.33,val,other,-10.602363,18.995924
KADID-10k,I65_22_01,I65,/data/projectwork/swati_mam/new model data/kadid10k/images/I65_22_01.png,/data/projectwork/swati_mam/kadid10k/images/I65.png,Quantization,NA,1,4.5,val,other,-8.48266,-3.0858462
KADID-10k,I65_22_02,I65,/data/projectwork/swati_mam/new model data/kadid10k/images/I65_22_02.png,/data/projectwork/swati_mam/kadid10k/images/I65.png,Quantization,NA,2,3.53,val,other,-8.369268,-2.428474
KADID-10k,I65_22_03,I65,/data/projectwork/swati_mam/new model data/kadid10k/images/I65_22_03.png,/data/projectwork/swati_mam/kadid10k/images/I65.png,Quantization,NA,3,3.2,val,other,-7.852528,2.3462842
KADID-10k,I65_22_04,I65,/data/projectwork/swati_mam/new model data/kadid10k/images/I65_22_04.png,/data/projectwork/swati_mam/kadid10k/images/I65.png,Quantization,NA,4,2.83,val,other,-7.5695796,3.6142013
KADID-10k,I65_22_05,I65,/data/projectwork/swati_mam/new model data/kadid10k/images/I65_22_05.png,/data/projectwork/swati_mam/kadid10k/images/I65.png,Quantization,NA,5,2.17,val,other,-8.246116,-2.7156653
KADID-10k,I65_11_02,I65,/data/projectwork/swati_mam/new model data/kadid10k/images/I65_11_02.png,/data/projectwork/swati_mam/kadid10k/images/I65.png,White noise,NA,2,3.17,val,noise,-9.234968,-6.512203
KADID-10k,I65_11_03,I65,/data/projectwork/swati_mam/new model data/kadid10k/images/I65_11_03.png,/data/projectwork/swati_mam/kadid10k/images/I65.png,White noise,NA,3,2.73,val,noise,-8.540317,14.446437
KADID-10k,I65_11_04,I65,/data/projectwork/swati_mam/new model data/kadid10k/images/I65_11_04.png,/data/projectwork/swati_mam/kadid10k/images/I65.png,White noise,NA,4,2.33,val,noise,-16.108568,23.199554
KADID-10k,I65_12_02,I65,/data/projectwork/swati_mam/new model data/kadid10k/images/I65_12_02.png,/data/projectwork/swati_mam/kadid10k/images/I65.png,White noise in color component,NA,2,3.47,val,noise,-9.131121,-6.3281155
KADID-10k,I65_12_05,I65,/data/projectwork/swati_mam/new model data/kadid10k/images/I65_12_05.png,/data/projectwork/swati_mam/kadid10k/images/I65.png,White noise in color component,NA,5,1.9,val,noise,-37.414623,6.2622957
KADID-10k,I74_16_01,I74,/data/projectwork/swati_mam/new model data/kadid10k/images/I74_16_01.png,/data/projectwork/swati_mam/kadid10k/images/I74.png,Brighten,NA,1,4.3,val,other,34.123714,15.513959
KADID-10k,I74_16_04,I74,/data/projectwork/swati_mam/new model data/kadid10k/images/I74_16_04.png,/data/projectwork/swati_mam/kadid10k/images/I74.png,Brighten,NA,4,2.6,val,other,7.816677,-24.660557
KADID-10k,I74_23_02,I74,/data/projectwork/swati_mam/new model data/kadid10k/images/I74_23_02.png,/data/projectwork/swati_mam/kadid10k/images/I74.png,Color block,NA,2,2.3,val,other,33.062534,14.789821
KADID-10k,I74_23_03,I74,/data/projectwork/swati_mam/new model data/kadid10k/images/I74_23_03.png,/data/projectwork/swati_mam/kadid10k/images/I74.png,Color block,NA,3,2.23,val,other,43.22793,20.085485
KADID-10k,I74_23_05,I74,/data/projectwork/swati_mam/new model data/kadid10k/images/I74_23_05.png,/data/projectwork/swati_mam/kadid10k/images/I74.png,Color block,NA,5,2.03,val,other,33.709896,14.796124
KADID-10k,I74_04_03,I74,/data/projectwork/swati_mam/new model data/kadid10k/images/I74_04_03.png,/data/projectwork/swati_mam/kadid10k/images/I74.png,Color diffusion,NA,3,2.47,val,other,30.501684,11.65478
KADID-10k,I74_04_04,I74,/data/projectwork/swati_mam/new model data/kadid10k/images/I74_04_04.png,/data/projectwork/swati_mam/kadid10k/images/I74.png,Color diffusion,NA,4,2.13,val,other,28.97625,9.8167515
KADID-10k,I74_06_03,I74,/data/projectwork/swati_mam/new model data/kadid10k/images/I74_06_03.png,/data/projectwork/swati_mam/kadid10k/images/I74.png,Color quantization,NA,3,4.1,val,other,41.16524,19.199032
KADID-10k,I74_06_05,I74,/data/projectwork/swati_mam/new model data/kadid10k/images/I74_06_05.png,/data/projectwork/swati_mam/kadid10k/images/I74.png,Color quantization,NA,5,2.77,val,other,44.77702,20.41535
KADID-10k,I74_07_02,I74,/data/projectwork/swati_mam/new model data/kadid10k/images/I74_07_02.png,/data/projectwork/swati_mam/kadid10k/images/I74.png,Color saturation 1,NA,2,2.33,val,other,31.103045,12.415316
KADID-10k,I74_08_02,I74,/data/projectwork/swati_mam/new model data/kadid10k/images/I74_08_02.png,/data/projectwork/swati_mam/kadid10k/images/I74.png,Color saturation 2,NA,2,3.0,val,other,36.18235,16.718775
KADID-10k,I74_05_03,I74,/data/projectwork/swati_mam/new model data/kadid10k/images/I74_05_03.png,/data/projectwork/swati_mam/kadid10k/images/I74.png,Color shift,NA,3,1.8,val,other,6.7577615,-24.80229
KADID-10k,I74_05_05,I74,/data/projectwork/swati_mam/new model data/kadid10k/images/I74_05_05.png,/data/projectwork/swati_mam/kadid10k/images/I74.png,Color shift,NA,5,1.3,val,other,-8.44821,-13.896054
KADID-10k,I74_25_01,I74,/data/projectwork/swati_mam/new model data/kadid10k/images/I74_25_01.png,/data/projectwork/swati_mam/kadid10k/images/I74.png,Contrast change,NA,1,3.5,val,other,44.220463,20.509285
KADID-10k,I74_25_02,I74,/data/projectwork/swati_mam/new model data/kadid10k/images/I74_25_02.png,/data/projectwork/swati_mam/kadid10k/images/I74.png,Contrast change,NA,2,3.87,val,other,44.102814,20.418894
KADID-10k,I74_25_04,I74,/data/projectwork/swati_mam/new model data/kadid10k/images/I74_25_04.png,/data/projectwork/swati_mam/kadid10k/images/I74.png,Contrast change,NA,4,3.9,val,other,29.824467,11.012753
KADID-10k,I74_25_05,I74,/data/projectwork/swati_mam/new model data/kadid10k/images/I74_25_05.png,/data/projectwork/swati_mam/kadid10k/images/I74.png,Contrast change,NA,5,3.03,val,other,20.591156,-7.2014074
KADID-10k,I74_17_01,I74,/data/projectwork/swati_mam/new model data/kadid10k/images/I74_17_01.png,/data/projectwork/swati_mam/kadid10k/images/I74.png,Darken,NA,1,4.8,val,other,38.21449,18.151817
KADID-10k,I74_17_05,I74,/data/projectwork/swati_mam/new model data/kadid10k/images/I74_17_05.png,/data/projectwork/swati_mam/kadid10k/images/I74.png,Darken,NA,5,2.67,val,other,30.941818,11.211487
KADID-10k,I74_15_01,I74,/data/projectwork/swati_mam/new model data/kadid10k/images/I74_15_01.png,/data/projectwork/swati_mam/kadid10k/images/I74.png,Denoise,NA,1,4.07,val,noise,29.317087,10.403863
KADID-10k,I74_15_04,I74,/data/projectwork/swati_mam/new model data/kadid10k/images/I74_15_04.png,/data/projectwork/swati_mam/kadid10k/images/I74.png,Denoise,NA,4,1.93,val,noise,-3.075715,-22.710928
KADID-10k,I74_01_03,I74,/data/projectwork/swati_mam/new model data/kadid10k/images/I74_01_03.png,/data/projectwork/swati_mam/kadid10k/images/I74.png,Gaussian blur,NA,3,3.0,val,blur,-1.4178702,-23.346884
KADID-10k,I74_01_04,I74,/data/projectwork/swati_mam/new model data/kadid10k/images/I74_01_04.png,/data/projectwork/swati_mam/kadid10k/images/I74.png,Gaussian blur,NA,4,2.1,val,blur,-30.441236,17.256775
KADID-10k,I74_01_05,I74,/data/projectwork/swati_mam/new model data/kadid10k/images/I74_01_05.png,/data/projectwork/swati_mam/kadid10k/images/I74.png,Gaussian blur,NA,5,1.4,val,blur,-46.06756,-16.621496
KADID-10k,I74_13_01,I74,/data/projectwork/swati_mam/new model data/kadid10k/images/I74_13_01.png,/data/projectwork/swati_mam/kadid10k/images/I74.png,Impulse noise,NA,1,4.2,val,noise,36.15421,17.053638
KADID-10k,I74_13_03,I74,/data/projectwork/swati_mam/new model data/kadid10k/images/I74_13_03.png,/data/projectwork/swati_mam/kadid10k/images/I74.png,Impulse noise,NA,3,3.0,val,noise,28.711895,9.648739
KADID-10k,I74_13_05,I74,/data/projectwork/swati_mam/new model data/kadid10k/images/I74_13_05.png,/data/projectwork/swati_mam/kadid10k/images/I74.png,Impulse noise,NA,5,2.13,val,noise,11.88283,-24.109514
KADID-10k,I74_10_01,I74,/data/projectwork/swati_mam/new model data/kadid10k/images/I74_10_01.png,/data/projectwork/swati_mam/kadid10k/images/I74.png,JPEG,NA,1,4.37,val,other,31.805529,13.00282
KADID-10k,I74_10_03,I74,/data/projectwork/swati_mam/new model data/kadid10k/images/I74_10_03.png,/data/projectwork/swati_mam/kadid10k/images/I74.png,JPEG,NA,3,4.13,val,other,27.791527,8.999444
KADID-10k,I74_10_04,I74,/data/projectwork/swati_mam/new model data/kadid10k/images/I74_10_04.png,/data/projectwork/swati_mam/kadid10k/images/I74.png,JPEG,NA,4,2.9,val,other,4.374905,-24.944347
KADID-10k,I74_09_02,I74,/data/projectwork/swati_mam/new model data/kadid10k/images/I74_09_02.png,/data/projectwork/swati_mam/kadid10k/images/I74.png,JPEG2000,NA,2,4.57,val,other,29.465992,10.7433405
KADID-10k,I74_19_01,I74,/data/projectwork/swati_mam/new model data/kadid10k/images/I74_19_01.png,/data/projectwork/swati_mam/kadid10k/images/I74.png,Jitter,NA,1,4.33,val,other,33.920307,15.346688
KADID-10k,I74_19_02,I74,/data/projectwork/swati_mam/new model data/kadid10k/images/I74_19_02.png,/data/projectwork/swati_mam/kadid10k/images/I74.png,Jitter,NA,2,4.1,val,other,27.57732,8.89899
KADID-10k,I74_19_03,I74,/data/projectwork/swati_mam/new model data/kadid10k/images/I74_19_03.png,/data/projectwork/swati_mam/kadid10k/images/I74.png,Jitter,NA,3,2.73,val,other,14.872,-22.705372
KADID-10k,I74_19_05,I74,/data/projectwork/swati_mam/new model data/kadid10k/images/I74_19_05.png,/data/projectwork/swati_mam/kadid10k/images/I74.png,Jitter,NA,5,1.53,val,other,-6.6832414,13.711066
KADID-10k,I74_02_01,I74,/data/projectwork/swati_mam/new model data/kadid10k/images/I74_02_01.png,/data/projectwork/swati_mam/kadid10k/images/I74.png,Lens blur,NA,1,4.1,val,blur,20.622843,-7.4372325
KADID-10k,I74_02_04,I74,/data/projectwork/swati_mam/new model data/kadid10k/images/I74_02_04.png,/data/projectwork/swati_mam/kadid10k/images/I74.png,Lens blur,NA,4,1.37,val,blur,-42.857544,-5.970044
KADID-10k,I74_18_01,I74,/data/projectwork/swati_mam/new model data/kadid10k/images/I74_18_01.png,/data/projectwork/swati_mam/kadid10k/images/I74.png,Mean shift,NA,1,4.2,val,other,37.407627,17.901688
KADID-10k,I74_18_05,I74,/data/projectwork/swati_mam/new model data/kadid10k/images/I74_18_05.png,/data/projectwork/swati_mam/kadid10k/images/I74.png,Mean shift,NA,5,3.87,val,other,38.66725,18.32993
KADID-10k,I74_03_02,I74,/data/projectwork/swati_mam/new model data/kadid10k/images/I74_03_02.png,/data/projectwork/swati_mam/kadid10k/images/I74.png,Motion blur,NA,2,4.33,val,blur,29.428328,10.1465645
KADID-10k,I74_03_03,I74,/data/projectwork/swati_mam/new model data/kadid10k/images/I74_03_03.png,/data/projectwork/swati_mam/kadid10k/images/I74.png,Motion blur,NA,3,3.0,val,blur,4.0977097,-24.848238
KADID-10k,I74_14_01,I74,/data/projectwork/swati_mam/new model data/kadid10k/images/I74_14_01.png,/data/projectwork/swati_mam/kadid10k/images/I74.png,Multiplicative noise,NA,1,4.67,val,noise,36.472393,17.138489
KADID-10k,I74_14_02,I74,/data/projectwork/swati_mam/new model data/kadid10k/images/I74_14_02.png,/data/projectwork/swati_mam/kadid10k/images/I74.png,Multiplicative noise,NA,2,4.3,val,noise,34.939747,16.09727
KADID-10k,I74_14_03,I74,/data/projectwork/swati_mam/new model data/kadid10k/images/I74_14_03.png,/data/projectwork/swati_mam/kadid10k/images/I74.png,Multiplicative noise,NA,3,3.73,val,noise,29.84079,11.113376
KADID-10k,I74_14_04,I74,/data/projectwork/swati_mam/new model data/kadid10k/images/I74_14_04.png,/data/projectwork/swati_mam/kadid10k/images/I74.png,Multiplicative noise,NA,4,3.0,val,noise,23.256289,-1.2991791
KADID-10k,I74_20_01,I74,/data/projectwork/swati_mam/new model data/kadid10k/images/I74_20_01.png,/data/projectwork/swati_mam/kadid10k/images/I74.png,Non-eccentricity patch,NA,1,4.3,val,other,32.147686,13.689009
KADID-10k,I74_20_02,I74,/data/projectwork/swati_mam/new model data/kadid10k/images/I74_20_02.png,/data/projectwork/swati_mam/kadid10k/images/I74.png,Non-eccentricity patch,NA,2,3.67,val,other,30.953815,12.454187
KADID-10k,I74_20_04,I74,/data/projectwork/swati_mam/new model data/kadid10k/images/I74_20_04.png,/data/projectwork/swati_mam/kadid10k/images/I74.png,Non-eccentricity patch,NA,4,3.1,val,other,32.04745,13.608499
KADID-10k,I74_21_01,I74,/data/projectwork/swati_mam/new model data/kadid10k/images/I74_21_01.png,/data/projectwork/swati_mam/kadid10k/images/I74.png,Pixelate,NA,1,3.93,val,other,31.320665,13.055134
KADID-10k,I74_21_02,I74,/data/projectwork/swati_mam/new model data/kadid10k/images/I74_21_02.png,/data/projectwork/swati_mam/kadid10k/images/I74.png,Pixelate,NA,2,3.23,val,other,28.356712,9.582183
KADID-10k,I74_21_03,I74,/data/projectwork/swati_mam/new model data/kadid10k/images/I74_21_03.png,/data/projectwork/swati_mam/kadid10k/images/I74.png,Pixelate,NA,3,2.27,val,other,20.634886,-7.697343
KADID-10k,I74_21_04,I74,/data/projectwork/swati_mam/new model data/kadid10k/images/I74_21_04.png,/data/projectwork/swati_mam/kadid10k/images/I74.png,Pixelate,NA,4,2.43,val,other,15.568553,-22.19487
KADID-10k,I74_21_05,I74,/data/projectwork/swati_mam/new model data/kadid10k/images/I74_21_05.png,/data/projectwork/swati_mam/kadid10k/images/I74.png,Pixelate,NA,5,1.47,val,other,14.442728,-22.979351
KADID-10k,I74_22_01,I74,/data/projectwork/swati_mam/new model data/kadid10k/images/I74_22_01.png,/data/projectwork/swati_mam/kadid10k/images/I74.png,Quantization,NA,1,4.43,val,other,36.219574,16.860039
KADID-10k,I74_22_02,I74,/data/projectwork/swati_mam/new model data/kadid10k/images/I74_22_02.png,/data/projectwork/swati_mam/kadid10k/images/I74.png,Quantization,NA,2,4.5,val,other,35.743164,16.58513
KADID-10k,I74_22_05,I74,/data/projectwork/swati_mam/new model data/kadid10k/images/I74_22_05.png,/data/projectwork/swati_mam/kadid10k/images/I74.png,Quantization,NA,5,3.67,val,other,31.296783,12.702247
KADID-10k,I74_11_01,I74,/data/projectwork/swati_mam/new model data/kadid10k/images/I74_11_01.png,/data/projectwork/swati_mam/kadid10k/images/I74.png,White noise,NA,1,4.4,val,noise,34.968254,16.056896
KADID-10k,I74_11_03,I74,/data/projectwork/swati_mam/new model data/kadid10k/images/I74_11_03.png,/data/projectwork/swati_mam/kadid10k/images/I74.png,White noise,NA,3,3.73,val,noise,28.025774,9.233235
KADID-10k,I74_11_05,I74,/data/projectwork/swati_mam/new model data/kadid10k/images/I74_11_05.png,/data/projectwork/swati_mam/kadid10k/images/I74.png,White noise,NA,5,3.23,val,noise,-2.0614126,-22.796095
KADID-10k,I74_12_01,I74,/data/projectwork/swati_mam/new model data/kadid10k/images/I74_12_01.png,/data/projectwork/swati_mam/kadid10k/images/I74.png,White noise in color component,NA,1,4.37,val,noise,36.387585,16.966516
KADID-10k,I74_12_03,I74,/data/projectwork/swati_mam/new model data/kadid10k/images/I74_12_03.png,/data/projectwork/swati_mam/kadid10k/images/I74.png,White noise in color component,NA,3,4.0,val,noise,23.389166,-1.0139925
KADID-10k,I74_12_05,I74,/data/projectwork/swati_mam/new model data/kadid10k/images/I74_12_05.png,/data/projectwork/swati_mam/kadid10k/images/I74.png,White noise in color component,NA,5,3.19,val,noise,-7.838693,-14.086299
KADID-10k,I77_16_02,I77,/data/projectwork/swati_mam/new model data/kadid10k/images/I77_16_02.png,/data/projectwork/swati_mam/kadid10k/images/I77.png,Brighten,NA,2,4.13,val,other,21.481054,-15.856582
KADID-10k,I77_16_03,I77,/data/projectwork/swati_mam/new model data/kadid10k/images/I77_16_03.png,/data/projectwork/swati_mam/kadid10k/images/I77.png,Brighten,NA,3,3.77,val,other,7.9561434,-23.75277
KADID-10k,I77_23_04,I77,/data/projectwork/swati_mam/new model data/kadid10k/images/I77_23_04.png,/data/projectwork/swati_mam/kadid10k/images/I77.png,Color block,NA,4,2.17,val,other,23.859001,-1.897153
KADID-10k,I77_23_05,I77,/data/projectwork/swati_mam/new model data/kadid10k/images/I77_23_05.png,/data/projectwork/swati_mam/kadid10k/images/I77.png,Color block,NA,5,2.27,val,other,16.669832,-20.57643
KADID-10k,I77_04_02,I77,/data/projectwork/swati_mam/new model data/kadid10k/images/I77_04_02.png,/data/projectwork/swati_mam/kadid10k/images/I77.png,Color diffusion,NA,2,1.93,val,other,-34.381744,14.631971
KADID-10k,I77_04_03,I77,/data/projectwork/swati_mam/new model data/kadid10k/images/I77_04_03.png,/data/projectwork/swati_mam/kadid10k/images/I77.png,Color diffusion,NA,3,1.43,val,other,-44.123005,-13.708113
KADID-10k,I77_04_04,I77,/data/projectwork/swati_mam/new model data/kadid10k/images/I77_04_04.png,/data/projectwork/swati_mam/kadid10k/images/I77.png,Color diffusion,NA,4,1.33,val,other,-45.125202,-16.90572
KADID-10k,I77_06_01,I77,/data/projectwork/swati_mam/new model data/kadid10k/images/I77_06_01.png,/data/projectwork/swati_mam/kadid10k/images/I77.png,Color quantization,NA,1,4.37,val,other,21.69009,-15.244843
KADID-10k,I77_06_04,I77,/data/projectwork/swati_mam/new model data/kadid10k/images/I77_06_04.png,/data/projectwork/swati_mam/kadid10k/images/I77.png,Color quantization,NA,4,3.27,val,other,-1.8517185,-20.985323
KADID-10k,I77_06_05,I77,/data/projectwork/swati_mam/new model data/kadid10k/images/I77_06_05.png,/data/projectwork/swati_mam/kadid10k/images/I77.png,Color quantization,NA,5,2.73,val,other,-4.695309,-18.145271
KADID-10k,I77_07_01,I77,/data/projectwork/swati_mam/new model data/kadid10k/images/I77_07_01.png,/data/projectwork/swati_mam/kadid10k/images/I77.png,Color saturation 1,NA,1,2.37,val,other,11.539542,-24.070002
KADID-10k,I77_07_02,I77,/data/projectwork/swati_mam/new model data/kadid10k/images/I77_07_02.png,/data/projectwork/swati_mam/kadid10k/images/I77.png,Color saturation 1,NA,2,2.3,val,other,-8.914983,-5.7777176
KADID-10k,I77_07_04,I77,/data/projectwork/swati_mam/new model data/kadid10k/images/I77_07_04.png,/data/projectwork/swati_mam/kadid10k/images/I77.png,Color saturation 1,NA,4,2.23,val,other,-10.908303,19.031881
KADID-10k,I77_07_05,I77,/data/projectwork/swati_mam/new model data/kadid10k/images/I77_07_05.png,/data/projectwork/swati_mam/kadid10k/images/I77.png,Color saturation 1,NA,5,1.77,val,other,-18.996937,24.21771
KADID-10k,I77_05_02,I77,/data/projectwork/swati_mam/new model data/kadid10k/images/I77_05_02.png,/data/projectwork/swati_mam/kadid10k/images/I77.png,Color shift,NA,2,2.57,val,other,2.4746683,-23.078707
KADID-10k,I77_05_04,I77,/data/projectwork/swati_mam/new model data/kadid10k/images/I77_05_04.png,/data/projectwork/swati_mam/kadid10k/images/I77.png,Color shift,NA,4,2.3,val,other,-2.8474493,-21.309069
KADID-10k,I77_05_05,I77,/data/projectwork/swati_mam/new model data/kadid10k/images/I77_05_05.png,/data/projectwork/swati_mam/kadid10k/images/I77.png,Color shift,NA,5,2.33,val,other,-6.8755445,-15.288114
KADID-10k,I77_25_01,I77,/data/projectwork/swati_mam/new model data/kadid10k/images/I77_25_01.png,/data/projectwork/swati_mam/kadid10k/images/I77.png,Contrast change,NA,1,3.83,val,other,-8.574728,-4.44125
KADID-10k,I77_25_02,I77,/data/projectwork/swati_mam/new model data/kadid10k/images/I77_25_02.png,/data/projectwork/swati_mam/kadid10k/images/I77.png,Contrast change,NA,2,3.87,val,other,-1.3263551,-21.254118
KADID-10k,I77_25_03,I77,/data/projectwork/swati_mam/new model data/kadid10k/images/I77_25_03.png,/data/projectwork/swati_mam/kadid10k/images/I77.png,Contrast change,NA,3,4.4,val,other,15.929007,-20.651747
KADID-10k,I77_25_04,I77,/data/projectwork/swati_mam/new model data/kadid10k/images/I77_25_04.png,/data/projectwork/swati_mam/kadid10k/images/I77.png,Contrast change,NA,4,4.17,val,other,27.501371,8.1443405
KADID-10k,I77_25_05,I77,/data/projectwork/swati_mam/new model data/kadid10k/images/I77_25_05.png,/data/projectwork/swati_mam/kadid10k/images/I77.png,Contrast change,NA,5,3.7,val,other,29.93707,8.899486
KADID-10k,I77_17_01,I77,/data/projectwork/swati_mam/new model data/kadid10k/images/I77_17_01.png,/data/projectwork/swati_mam/kadid10k/images/I77.png,Darken,NA,1,4.5,val,other,22.537443,-5.9017076
KADID-10k,I77_17_04,I77,/data/projectwork/swati_mam/new model data/kadid10k/images/I77_17_04.png,/data/projectwork/swati_mam/kadid10k/images/I77.png,Darken,NA,4,3.77,val,other,18.478968,-18.559158
KADID-10k,I77_15_05,I77,/data/projectwork/swati_mam/new model data/kadid10k/images/I77_15_05.png,/data/projectwork/swati_mam/kadid10k/images/I77.png,Denoise,NA,5,1.73,val,noise,-7.7964334,-15.665794
KADID-10k,I77_01_02,I77,/data/projectwork/swati_mam/new model data/kadid10k/images/I77_01_02.png,/data/projectwork/swati_mam/kadid10k/images/I77.png,Gaussian blur,NA,2,4.6,val,blur,21.359673,-8.546238
KADID-10k,I77_01_03,I77,/data/projectwork/swati_mam/new model data/kadid10k/images/I77_01_03.png,/data/projectwork/swati_mam/kadid10k/images/I77.png,Gaussian blur,NA,3,2.87,val,blur,-8.99773,-10.653891
KADID-10k,I77_01_05,I77,/data/projectwork/swati_mam/new model data/kadid10k/images/I77_01_05.png,/data/projectwork/swati_mam/kadid10k/images/I77.png,Gaussian blur,NA,5,1.43,val,blur,-46.772408,-18.38346
KADID-10k,I77_24_01,I77,/data/projectwork/swati_mam/new model data/kadid10k/images/I77_24_01.png,/data/projectwork/swati_mam/kadid10k/images/I77.png,High sharpen,NA,1,4.03,val,HF/sharpen,34.391766,13.665762
KADID-10k,I77_24_03,I77,/data/projectwork/swati_mam/new model data/kadid10k/images/I77_24_03.png,/data/projectwork/swati_mam/kadid10k/images/I77.png,High sharpen,NA,3,2.17,val,HF/sharpen,45.970375,6.433076
KADID-10k,I77_24_05,I77,/data/projectwork/swati_mam/new model data/kadid10k/images/I77_24_05.png,/data/projectwork/swati_mam/kadid10k/images/I77.png,High sharpen,NA,5,1.27,val,HF/sharpen,-2.410947,-0.46518758
KADID-10k,I77_13_01,I77,/data/projectwork/swati_mam/new model data/kadid10k/images/I77_13_01.png,/data/projectwork/swati_mam/kadid10k/images/I77.png,Impulse noise,NA,1,3.6,val,noise,22.33157,-6.455704
KADID-10k,I77_13_04,I77,/data/projectwork/swati_mam/new model data/kadid10k/images/I77_13_04.png,/data/projectwork/swati_mam/kadid10k/images/I77.png,Impulse noise,NA,4,2.3,val,noise,11.143451,-23.244724
KADID-10k,I77_13_05,I77,/data/projectwork/swati_mam/new model data/kadid10k/images/I77_13_05.png,/data/projectwork/swati_mam/kadid10k/images/I77.png,Impulse noise,NA,5,2.07,val,noise,-8.378195,-9.359528
KADID-10k,I77_10_01,I77,/data/projectwork/swati_mam/new model data/kadid10k/images/I77_10_01.png,/data/projectwork/swati_mam/kadid10k/images/I77.png,JPEG,NA,1,4.47,val,other,22.134487,-7.6697702
KADID-10k,I77_10_02,I77,/data/projectwork/swati_mam/new model data/kadid10k/images/I77_10_02.png,/data/projectwork/swati_mam/kadid10k/images/I77.png,JPEG,NA,2,4.37,val,other,21.797016,-7.767682
KADID-10k,I77_10_03,I77,/data/projectwork/swati_mam/new model data/kadid10k/images/I77_10_03.png,/data/projectwork/swati_mam/kadid10k/images/I77.png,JPEG,NA,3,4.3,val,other,21.711527,-15.488817
KADID-10k,I77_10_05,I77,/data/projectwork/swati_mam/new model data/kadid10k/images/I77_10_05.png,/data/projectwork/swati_mam/kadid10k/images/I77.png,JPEG,NA,5,1.39,val,other,-6.870247,12.619698
KADID-10k,I77_09_01,I77,/data/projectwork/swati_mam/new model data/kadid10k/images/I77_09_01.png,/data/projectwork/swati_mam/kadid10k/images/I77.png,JPEG2000,NA,1,4.83,val,other,21.774853,-8.571489
KADID-10k,I77_09_03,I77,/data/projectwork/swati_mam/new model data/kadid10k/images/I77_09_03.png,/data/projectwork/swati_mam/kadid10k/images/I77.png,JPEG2000,NA,3,3.83,val,other,16.948858,-20.509668
KADID-10k,I77_09_04,I77,/data/projectwork/swati_mam/new model data/kadid10k/images/I77_09_04.png,/data/projectwork/swati_mam/kadid10k/images/I77.png,JPEG2000,NA,4,2.27,val,other,-7.5978622,-16.109337
KADID-10k,I77_09_05,I77,/data/projectwork/swati_mam/new model data/kadid10k/images/I77_09_05.png,/data/projectwork/swati_mam/kadid10k/images/I77.png,JPEG2000,NA,5,1.39,val,other,-43.09732,-7.174653
KADID-10k,I77_19_01,I77,/data/projectwork/swati_mam/new model data/kadid10k/images/I77_19_01.png,/data/projectwork/swati_mam/kadid10k/images/I77.png,Jitter,NA,1,4.1,val,other,22.116774,-5.8683453
KADID-10k,I77_19_02,I77,/data/projectwork/swati_mam/new model data/kadid10k/images/I77_19_02.png,/data/projectwork/swati_mam/kadid10k/images/I77.png,Jitter,NA,2,4.1,val,other,21.118822,-9.087494
KADID-10k,I77_19_04,I77,/data/projectwork/swati_mam/new model data/kadid10k/images/I77_19_04.png,/data/projectwork/swati_mam/kadid10k/images/I77.png,Jitter,NA,4,2.23,val,other,11.089395,-24.741781
KADID-10k,I77_02_01,I77,/data/projectwork/swati_mam/new model data/kadid10k/images/I77_02_01.png,/data/projectwork/swati_mam/kadid10k/images/I77.png,Lens blur,NA,1,3.81,val,blur,20.225578,-18.084839
KADID-10k,I77_02_02,I77,/data/projectwork/swati_mam/new model data/kadid10k/images/I77_02_02.png,/data/projectwork/swati_mam/kadid10k/images/I77.png,Lens blur,NA,2,2.8,val,blur,-7.146892,7.742934
KADID-10k,I77_02_04,I77,/data/projectwork/swati_mam/new model data/kadid10k/images/I77_02_04.png,/data/projectwork/swati_mam/kadid10k/images/I77.png,Lens blur,NA,4,1.47,val,blur,-43.98772,-11.383793
KADID-10k,I77_02_05,I77,/data/projectwork/swati_mam/new model data/kadid10k/images/I77_02_05.png,/data/projectwork/swati_mam/kadid10k/images/I77.png,Lens blur,NA,5,1.47,val,blur,-46.390457,-17.214563
KADID-10k,I77_18_01,I77,/data/projectwork/swati_mam/new model data/kadid10k/images/I77_18_01.png,/data/projectwork/swati_mam/kadid10k/images/I77.png,Mean shift,NA,1,4.4,val,other,19.33973,-18.155008
KADID-10k,I77_18_02,I77,/data/projectwork/swati_mam/new model data/kadid10k/images/I77_18_02.png,/data/projectwork/swati_mam/kadid10k/images/I77.png,Mean shift,NA,2,4.7,val,other,21.907267,-8.948535
KADID-10k,I77_18_04,I77,/data/projectwork/swati_mam/new model data/kadid10k/images/I77_18_04.png,/data/projectwork/swati_mam/kadid10k/images/I77.png,Mean shift,NA,4,4.37,val,other,10.475276,-23.545118
KADID-10k,I77_18_05,I77,/data/projectwork/swati_mam/new model data/kadid10k/images/I77_18_05.png,/data/projectwork/swati_mam/kadid10k/images/I77.png,Mean shift,NA,5,4.13,val,other,-4.69953,-18.080872
KADID-10k,I77_03_01,I77,/data/projectwork/swati_mam/new model data/kadid10k/images/I77_03_01.png,/data/projectwork/swati_mam/kadid10k/images/I77.png,Motion blur,NA,1,4.65,val,blur,22.408855,-6.4085517
KADID-10k,I77_03_02,I77,/data/projectwork/swati_mam/new model data/kadid10k/images/I77_03_02.png,/data/projectwork/swati_mam/kadid10k/images/I77.png,Motion blur,NA,2,4.07,val,blur,21.753632,-6.3196044
KADID-10k,I77_03_04,I77,/data/projectwork/swati_mam/new model data/kadid10k/images/I77_03_04.png,/data/projectwork/swati_mam/kadid10k/images/I77.png,Motion blur,NA,4,2.07,val,blur,-8.34949,15.924429
KADID-10k,I77_14_01,I77,/data/projectwork/swati_mam/new model data/kadid10k/images/I77_14_01.png,/data/projectwork/swati_mam/kadid10k/images/I77.png,Multiplicative noise,NA,1,4.57,val,noise,22.464903,-5.934824
KADID-10k,I77_14_03,I77,/data/projectwork/swati_mam/new model data/kadid10k/images/I77_14_03.png,/data/projectwork/swati_mam/kadid10k/images/I77.png,Multiplicative noise,NA,3,3.63,val,noise,17.5863,-19.875816
KADID-10k,I77_14_04,I77,/data/projectwork/swati_mam/new model data/kadid10k/images/I77_14_04.png,/data/projectwork/swati_mam/kadid10k/images/I77.png,Multiplicative noise,NA,4,3.0,val,noise,6.0959115,-23.99383
KADID-10k,I77_20_02,I77,/data/projectwork/swati_mam/new model data/kadid10k/images/I77_20_02.png,/data/projectwork/swati_mam/kadid10k/images/I77.png,Non-eccentricity patch,NA,2,4.17,val,other,21.792355,-8.963609
KADID-10k,I77_20_03,I77,/data/projectwork/swati_mam/new model data/kadid10k/images/I77_20_03.png,/data/projectwork/swati_mam/kadid10k/images/I77.png,Non-eccentricity patch,NA,3,4.17,val,other,21.67254,-15.433438
KADID-10k,I77_20_04,I77,/data/projectwork/swati_mam/new model data/kadid10k/images/I77_20_04.png,/data/projectwork/swati_mam/kadid10k/images/I77.png,Non-eccentricity patch,NA,4,4.03,val,other,22.563284,-5.1891503
KADID-10k,I77_21_01,I77,/data/projectwork/swati_mam/new model data/kadid10k/images/I77_21_01.png,/data/projectwork/swati_mam/kadid10k/images/I77.png,Pixelate,NA,1,3.93,val,other,22.326324,-7.156707
KADID-10k,I77_21_02,I77,/data/projectwork/swati_mam/new model data/kadid10k/images/I77_21_02.png,/data/projectwork/swati_mam/kadid10k/images/I77.png,Pixelate,NA,2,3.0,val,other,22.04202,-8.540148
KADID-10k,I77_21_04,I77,/data/projectwork/swati_mam/new model data/kadid10k/images/I77_21_04.png,/data/projectwork/swati_mam/kadid10k/images/I77.png,Pixelate,NA,4,2.7,val,other,21.114985,-9.942096
KADID-10k,I77_21_05,I77,/data/projectwork/swati_mam/new model data/kadid10k/images/I77_21_05.png,/data/projectwork/swati_mam/kadid10k/images/I77.png,Pixelate,NA,5,1.77,val,other,2.1723108,-22.594538
KADID-10k,I77_22_01,I77,/data/projectwork/swati_mam/new model data/kadid10k/images/I77_22_01.png,/data/projectwork/swati_mam/kadid10k/images/I77.png,Quantization,NA,1,4.6,val,other,22.321995,-7.196181
KADID-10k,I77_22_03,I77,/data/projectwork/swati_mam/new model data/kadid10k/images/I77_22_03.png,/data/projectwork/swati_mam/kadid10k/images/I77.png,Quantization,NA,3,4.27,val,other,21.710358,-9.553055
KADID-10k,I77_22_05,I77,/data/projectwork/swati_mam/new model data/kadid10k/images/I77_22_05.png,/data/projectwork/swati_mam/kadid10k/images/I77.png,Quantization,NA,5,3.67,val,other,17.180874,-19.822062
KADID-10k,I77_12_01,I77,/data/projectwork/swati_mam/new model data/kadid10k/images/I77_12_01.png,/data/projectwork/swati_mam/kadid10k/images/I77.png,White noise in color component,NA,1,4.53,val,noise,22.528103,-6.447738
KADID-10k,I77_12_05,I77,/data/projectwork/swati_mam/new model data/kadid10k/images/I77_12_05.png,/data/projectwork/swati_mam/kadid10k/images/I77.png,White noise in color component,NA,5,2.4,val,noise,-8.997698,1.8439881
KADID-10k,I81_16_04,I81,/data/projectwork/swati_mam/new model data/kadid10k/images/I81_16_04.png,/data/projectwork/swati_mam/kadid10k/images/I81.png,Brighten,NA,4,2.67,val,other,-39.77669,2.4556904
KADID-10k,I81_23_01,I81,/data/projectwork/swati_mam/new model data/kadid10k/images/I81_23_01.png,/data/projectwork/swati_mam/kadid10k/images/I81.png,Color block,NA,1,2.83,val,other,-30.622238,17.704678
KADID-10k,I81_23_02,I81,/data/projectwork/swati_mam/new model data/kadid10k/images/I81_23_02.png,/data/projectwork/swati_mam/kadid10k/images/I81.png,Color block,NA,2,1.9,val,other,-31.802479,16.346207
KADID-10k,I81_23_05,I81,/data/projectwork/swati_mam/new model data/kadid10k/images/I81_23_05.png,/data/projectwork/swati_mam/kadid10k/images/I81.png,Color block,NA,5,2.13,val,other,-30.252182,18.471066
KADID-10k,I81_04_05,I81,/data/projectwork/swati_mam/new model data/kadid10k/images/I81_04_05.png,/data/projectwork/swati_mam/kadid10k/images/I81.png,Color diffusion,NA,5,1.23,val,other,-46.86789,-19.941826
KADID-10k,I81_06_03,I81,/data/projectwork/swati_mam/new model data/kadid10k/images/I81_06_03.png,/data/projectwork/swati_mam/kadid10k/images/I81.png,Color quantization,NA,3,2.9,val,other,-28.05555,20.9108
KADID-10k,I81_06_05,I81,/data/projectwork/swati_mam/new model data/kadid10k/images/I81_06_05.png,/data/projectwork/swati_mam/kadid10k/images/I81.png,Color quantization,NA,5,1.93,val,other,-34.04078,14.825497
KADID-10k,I81_07_01,I81,/data/projectwork/swati_mam/new model data/kadid10k/images/I81_07_01.png,/data/projectwork/swati_mam/kadid10k/images/I81.png,Color saturation 1,NA,1,2.53,val,other,-32.211193,15.905737
KADID-10k,I81_07_05,I81,/data/projectwork/swati_mam/new model data/kadid10k/images/I81_07_05.png,/data/projectwork/swati_mam/kadid10k/images/I81.png,Color saturation 1,NA,5,2.1,val,other,-32.77784,14.879277
KADID-10k,I81_08_02,I81,/data/projectwork/swati_mam/new model data/kadid10k/images/I81_08_02.png,/data/projectwork/swati_mam/kadid10k/images/I81.png,Color saturation 2,NA,2,3.17,val,other,-31.528048,17.222658
KADID-10k,I81_08_03,I81,/data/projectwork/swati_mam/new model data/kadid10k/images/I81_08_03.png,/data/projectwork/swati_mam/kadid10k/images/I81.png,Color saturation 2,NA,3,2.73,val,other,-31.181871,18.096142
KADID-10k,I81_05_02,I81,/data/projectwork/swati_mam/new model data/kadid10k/images/I81_05_02.png,/data/projectwork/swati_mam/kadid10k/images/I81.png,Color shift,NA,2,2.47,val,other,-40.03512,5.9157248
KADID-10k,I81_17_03,I81,/data/projectwork/swati_mam/new model data/kadid10k/images/I81_17_03.png,/data/projectwork/swati_mam/kadid10k/images/I81.png,Darken,NA,3,4.37,val,other,-30.669333,17.583628
KADID-10k,I81_17_04,I81,/data/projectwork/swati_mam/new model data/kadid10k/images/I81_17_04.png,/data/projectwork/swati_mam/kadid10k/images/I81.png,Darken,NA,4,3.73,val,other,-32.79574,15.178938
KADID-10k,I81_17_05,I81,/data/projectwork/swati_mam/new model data/kadid10k/images/I81_17_05.png,/data/projectwork/swati_mam/kadid10k/images/I81.png,Darken,NA,5,2.33,val,other,-41.756664,-1.3181839
KADID-10k,I81_15_04,I81,/data/projectwork/swati_mam/new model data/kadid10k/images/I81_15_04.png,/data/projectwork/swati_mam/kadid10k/images/I81.png,Denoise,NA,4,1.45,val,noise,-35.668774,12.037466
KADID-10k,I81_15_05,I81,/data/projectwork/swati_mam/new model data/kadid10k/images/I81_15_05.png,/data/projectwork/swati_mam/kadid10k/images/I81.png,Denoise,NA,5,1.23,val,noise,-39.76741,4.324707
KADID-10k,I81_01_01,I81,/data/projectwork/swati_mam/new model data/kadid10k/images/I81_01_01.png,/data/projectwork/swati_mam/kadid10k/images/I81.png,Gaussian blur,NA,1,4.67,val,blur,-30.20634,18.078733
KADID-10k,I81_01_03,I81,/data/projectwork/swati_mam/new model data/kadid10k/images/I81_01_03.png,/data/projectwork/swati_mam/kadid10k/images/I81.png,Gaussian blur,NA,3,2.9,val,blur,-43.487385,-8.405752
KADID-10k,I81_01_05,I81,/data/projectwork/swati_mam/new model data/kadid10k/images/I81_01_05.png,/data/projectwork/swati_mam/kadid10k/images/I81.png,Gaussian blur,NA,5,1.2,val,blur,-48.251705,-21.981667
KADID-10k,I81_24_02,I81,/data/projectwork/swati_mam/new model data/kadid10k/images/I81_24_02.png,/data/projectwork/swati_mam/kadid10k/images/I81.png,High sharpen,NA,2,2.73,val,HF/sharpen,-2.9058473,-22.952414
KADID-10k,I81_24_03,I81,/data/projectwork/swati_mam/new model data/kadid10k/images/I81_24_03.png,/data/projectwork/swati_mam/kadid10k/images/I81.png,High sharpen,NA,3,2.23,val,HF/sharpen,4.422724,-25.490364
KADID-10k,I81_24_04,I81,/data/projectwork/swati_mam/new model data/kadid10k/images/I81_24_04.png,/data/projectwork/swati_mam/kadid10k/images/I81.png,High sharpen,NA,4,1.67,val,HF/sharpen,12.949334,-22.940142
KADID-10k,I81_13_01,I81,/data/projectwork/swati_mam/new model data/kadid10k/images/I81_13_01.png,/data/projectwork/swati_mam/kadid10k/images/I81.png,Impulse noise,NA,1,2.8,val,noise,-27.612047,21.58989
KADID-10k,I81_10_05,I81,/data/projectwork/swati_mam/new model data/kadid10k/images/I81_10_05.png,/data/projectwork/swati_mam/kadid10k/images/I81.png,JPEG,NA,5,1.23,val,other,-44.229797,-12.463929
KADID-10k,I81_09_02,I81,/data/projectwork/swati_mam/new model data/kadid10k/images/I81_09_02.png,/data/projectwork/swati_mam/kadid10k/images/I81.png,JPEG2000,NA,2,4.71,val,other,-31.523859,16.622675
KADID-10k,I81_09_04,I81,/data/projectwork/swati_mam/new model data/kadid10k/images/I81_09_04.png,/data/projectwork/swati_mam/kadid10k/images/I81.png,JPEG2000,NA,4,2.47,val,other,-42.01108,-3.8290875
KADID-10k,I81_09_05,I81,/data/projectwork/swati_mam/new model data/kadid10k/images/I81_09_05.png,/data/projectwork/swati_mam/kadid10k/images/I81.png,JPEG2000,NA,5,1.33,val,other,-45.8848,-17.476162
KADID-10k,I81_19_01,I81,/data/projectwork/swati_mam/new model data/kadid10k/images/I81_19_01.png,/data/projectwork/swati_mam/kadid10k/images/I81.png,Jitter,NA,1,4.5,val,other,-31.235304,16.853964
KADID-10k,I81_19_04,I81,/data/projectwork/swati_mam/new model data/kadid10k/images/I81_19_04.png,/data/projectwork/swati_mam/kadid10k/images/I81.png,Jitter,NA,4,1.6,val,other,-40.113636,6.0066347
KADID-10k,I81_19_05,I81,/data/projectwork/swati_mam/new model data/kadid10k/images/I81_19_05.png,/data/projectwork/swati_mam/kadid10k/images/I81.png,Jitter,NA,5,1.17,val,other,-33.33224,14.870004
KADID-10k,I81_02_01,I81,/data/projectwork/swati_mam/new model data/kadid10k/images/I81_02_01.png,/data/projectwork/swati_mam/kadid10k/images/I81.png,Lens blur,NA,1,3.87,val,blur,-40.9111,1.411744
KADID-10k,I81_02_03,I81,/data/projectwork/swati_mam/new model data/kadid10k/images/I81_02_03.png,/data/projectwork/swati_mam/kadid10k/images/I81.png,Lens blur,NA,3,1.8,val,blur,-46.85903,-18.848755
KADID-10k,I81_02_04,I81,/data/projectwork/swati_mam/new model data/kadid10k/images/I81_02_04.png,/data/projectwork/swati_mam/kadid10k/images/I81.png,Lens blur,NA,4,1.33,val,blur,-48.029827,-20.599611
KADID-10k,I81_18_01,I81,/data/projectwork/swati_mam/new model data/kadid10k/images/I81_18_01.png,/data/projectwork/swati_mam/kadid10k/images/I81.png,Mean shift,NA,1,4.27,val,other,-25.871038,22.668766
KADID-10k,I81_18_02,I81,/data/projectwork/swati_mam/new model data/kadid10k/images/I81_18_02.png,/data/projectwork/swati_mam/kadid10k/images/I81.png,Mean shift,NA,2,4.63,val,other,-27.71975,21.45574
KADID-10k,I81_18_04,I81,/data/projectwork/swati_mam/new model data/kadid10k/images/I81_18_04.png,/data/projectwork/swati_mam/kadid10k/images/I81.png,Mean shift,NA,4,4.58,val,other,-28.68937,20.091648
KADID-10k,I81_03_01,I81,/data/projectwork/swati_mam/new model data/kadid10k/images/I81_03_01.png,/data/projectwork/swati_mam/kadid10k/images/I81.png,Motion blur,NA,1,4.8,val,blur,-30.20634,18.078733
KADID-10k,I81_03_03,I81,/data/projectwork/swati_mam/new model data/kadid10k/images/I81_03_03.png,/data/projectwork/swati_mam/kadid10k/images/I81.png,Motion blur,NA,3,2.6,val,blur,-42.204166,-4.394428
KADID-10k,I81_03_04,I81,/data/projectwork/swati_mam/new model data/kadid10k/images/I81_03_04.png,/data/projectwork/swati_mam/kadid10k/images/I81.png,Motion blur,NA,4,2.17,val,blur,-43.78705,-10.896441
KADID-10k,I81_03_05,I81,/data/projectwork/swati_mam/new model data/kadid10k/images/I81_03_05.png,/data/projectwork/swati_mam/kadid10k/images/I81.png,Motion blur,NA,5,1.53,val,blur,-45.07836,-14.858841
KADID-10k,I81_14_02,I81,/data/projectwork/swati_mam/new model data/kadid10k/images/I81_14_02.png,/data/projectwork/swati_mam/kadid10k/images/I81.png,Multiplicative noise,NA,2,3.03,val,noise,-17.290024,24.154543
KADID-10k,I81_14_03,I81,/data/projectwork/swati_mam/new model data/kadid10k/images/I81_14_03.png,/data/projectwork/swati_mam/kadid10k/images/I81.png,Multiplicative noise,NA,3,2.7,val,noise,-29.166853,20.162077
KADID-10k,I81_14_04,I81,/data/projectwork/swati_mam/new model data/kadid10k/images/I81_14_04.png,/data/projectwork/swati_mam/kadid10k/images/I81.png,Multiplicative noise,NA,4,2.2,val,noise,-36.791748,9.776637
KADID-10k,I81_14_05,I81,/data/projectwork/swati_mam/new model data/kadid10k/images/I81_14_05.png,/data/projectwork/swati_mam/kadid10k/images/I81.png,Multiplicative noise,NA,5,1.67,val,noise,-42.416115,-7.9895144
KADID-10k,I81_20_02,I81,/data/projectwork/swati_mam/new model data/kadid10k/images/I81_20_02.png,/data/projectwork/swati_mam/kadid10k/images/I81.png,Non-eccentricity patch,NA,2,2.37,val,other,-26.955954,22.149036
KADID-10k,I81_20_03,I81,/data/projectwork/swati_mam/new model data/kadid10k/images/I81_20_03.png,/data/projectwork/swati_mam/kadid10k/images/I81.png,Non-eccentricity patch,NA,3,4.07,val,other,-26.303263,22.801256
KADID-10k,I81_21_04,I81,/data/projectwork/swati_mam/new model data/kadid10k/images/I81_21_04.png,/data/projectwork/swati_mam/kadid10k/images/I81.png,Pixelate,NA,4,2.0,val,other,-29.963638,18.650482
KADID-10k,I81_22_02,I81,/data/projectwork/swati_mam/new model data/kadid10k/images/I81_22_02.png,/data/projectwork/swati_mam/kadid10k/images/I81.png,Quantization,NA,2,3.9,val,other,-26.705097,22.443707
KADID-10k,I81_22_03,I81,/data/projectwork/swati_mam/new model data/kadid10k/images/I81_22_03.png,/data/projectwork/swati_mam/kadid10k/images/I81.png,Quantization,NA,3,3.37,val,other,-25.93719,22.714691
KADID-10k,I81_11_01,I81,/data/projectwork/swati_mam/new model data/kadid10k/images/I81_11_01.png,/data/projectwork/swati_mam/kadid10k/images/I81.png,White noise,NA,1,3.33,val,noise,-16.373837,24.117523
KADID-10k,I81_11_02,I81,/data/projectwork/swati_mam/new model data/kadid10k/images/I81_11_02.png,/data/projectwork/swati_mam/kadid10k/images/I81.png,White noise,NA,2,2.4,val,noise,-26.462078,21.835852
KADID-10k,I81_11_03,I81,/data/projectwork/swati_mam/new model data/kadid10k/images/I81_11_03.png,/data/projectwork/swati_mam/kadid10k/images/I81.png,White noise,NA,3,2.73,val,noise,-28.173246,20.87616
KADID-10k,I81_12_03,I81,/data/projectwork/swati_mam/new model data/kadid10k/images/I81_12_03.png,/data/projectwork/swati_mam/kadid10k/images/I81.png,White noise in color component,NA,3,2.67,val,noise,-33.63071,14.958071
TID2013,i05_01_2,I05,/data/projectwork/swati_mam/new model data/tid2013/tid2013/distorted_images/i05_01_2.bmp,/data/projectwork/swati_mam/new model data/tid2013/tid2013/reference_images/I05.BMP,type_01,NA,2,5.5,val,noise,27.797491,1.5422826
TID2013,i05_01_3,I05,/data/projectwork/swati_mam/new model data/tid2013/tid2013/distorted_images/i05_01_3.bmp,/data/projectwork/swati_mam/new model data/tid2013/tid2013/reference_images/I05.BMP,type_01,NA,3,4.84615,val,noise,20.909033,-13.701728
TID2013,i05_01_4,I05,/data/projectwork/swati_mam/new model data/tid2013/tid2013/distorted_images/i05_01_4.bmp,/data/projectwork/swati_mam/new model data/tid2013/tid2013/reference_images/I05.BMP,type_01,NA,4,4.05128,val,noise,15.900119,-19.402225
TID2013,i05_01_5,I05,/data/projectwork/swati_mam/new model data/tid2013/tid2013/distorted_images/i05_01_5.bmp,/data/projectwork/swati_mam/new model data/tid2013/tid2013/reference_images/I05.BMP,type_01,NA,5,3.5609800000000003,val,noise,-6.3746405,2.385377
TID2013,i05_02_1,I05,/data/projectwork/swati_mam/new model data/tid2013/tid2013/distorted_images/i05_02_1.bmp,/data/projectwork/swati_mam/new model data/tid2013/tid2013/reference_images/I05.BMP,type_02,NA,1,5.829269999999999,val,noise,29.367796,5.6189523
TID2013,i05_02_2,I05,/data/projectwork/swati_mam/new model data/tid2013/tid2013/distorted_images/i05_02_2.bmp,/data/projectwork/swati_mam/new model data/tid2013/tid2013/reference_images/I05.BMP,type_02,NA,2,5.682930000000001,val,noise,27.81909,1.2259849
TID2013,i05_02_3,I05,/data/projectwork/swati_mam/new model data/tid2013/tid2013/distorted_images/i05_02_3.bmp,/data/projectwork/swati_mam/new model data/tid2013/tid2013/reference_images/I05.BMP,type_02,NA,3,5.325,val,noise,25.109304,-6.557756
TID2013,i05_02_5,I05,/data/projectwork/swati_mam/new model data/tid2013/tid2013/distorted_images/i05_02_5.bmp,/data/projectwork/swati_mam/new model data/tid2013/tid2013/reference_images/I05.BMP,type_02,NA,5,4.25641,val,noise,-6.316921,-3.4859593
TID2013,i05_03_1,I05,/data/projectwork/swati_mam/new model data/tid2013/tid2013/distorted_images/i05_03_1.bmp,/data/projectwork/swati_mam/new model data/tid2013/tid2013/reference_images/I05.BMP,type_03,NA,1,5.09756,val,noise,27.739286,0.37712258
TID2013,i05_03_2,I05,/data/projectwork/swati_mam/new model data/tid2013/tid2013/distorted_images/i05_03_2.bmp,/data/projectwork/swati_mam/new model data/tid2013/tid2013/reference_images/I05.BMP,type_03,NA,2,4.4878,val,noise,25.12259,-6.890191
TID2013,i05_03_5,I05,/data/projectwork/swati_mam/new model data/tid2013/tid2013/distorted_images/i05_03_5.bmp,/data/projectwork/swati_mam/new model data/tid2013/tid2013/reference_images/I05.BMP,type_03,NA,5,2.375,val,noise,1.622939,-17.802048
TID2013,i05_04_5,I05,/data/projectwork/swati_mam/new model data/tid2013/tid2013/distorted_images/i05_04_5.bmp,/data/projectwork/swati_mam/new model data/tid2013/tid2013/reference_images/I05.BMP,type_04,NA,5,4.4,val,noise,-6.5186715,-2.1128066
TID2013,i05_05_4,I05,/data/projectwork/swati_mam/new model data/tid2013/tid2013/distorted_images/i05_05_4.bmp,/data/projectwork/swati_mam/new model data/tid2013/tid2013/reference_images/I05.BMP,type_05,NA,4,3.81579,val,HF/sharpen,-10.073265,13.422171
TID2013,i05_05_5,I05,/data/projectwork/swati_mam/new model data/tid2013/tid2013/distorted_images/i05_05_5.bmp,/data/projectwork/swati_mam/new model data/tid2013/tid2013/reference_images/I05.BMP,type_05,NA,5,2.92308,val,HF/sharpen,-42.382824,-8.3570595
TID2013,i05_06_1,I05,/data/projectwork/swati_mam/new model data/tid2013/tid2013/distorted_images/i05_06_1.bmp,/data/projectwork/swati_mam/new model data/tid2013/tid2013/reference_images/I05.BMP,type_06,NA,1,4.375,val,noise,28.96762,4.9703956
TID2013,i05_06_2,I05,/data/projectwork/swati_mam/new model data/tid2013/tid2013/distorted_images/i05_06_2.bmp,/data/projectwork/swati_mam/new model data/tid2013/tid2013/reference_images/I05.BMP,type_06,NA,2,3.92308,val,noise,27.79231,1.0735264
TID2013,i05_06_3,I05,/data/projectwork/swati_mam/new model data/tid2013/tid2013/distorted_images/i05_06_3.bmp,/data/projectwork/swati_mam/new model data/tid2013/tid2013/reference_images/I05.BMP,type_06,NA,3,3.5,val,noise,17.956793,-17.07891
TID2013,i05_07_1,I05,/data/projectwork/swati_mam/new model data/tid2013/tid2013/distorted_images/i05_07_1.bmp,/data/projectwork/swati_mam/new model data/tid2013/tid2013/reference_images/I05.BMP,type_07,NA,1,5.275,val,noise,28.035753,2.1362405
TID2013,i05_07_2,I05,/data/projectwork/swati_mam/new model data/tid2013/tid2013/distorted_images/i05_07_2.bmp,/data/projectwork/swati_mam/new model data/tid2013/tid2013/reference_images/I05.BMP,type_07,NA,2,5.26829,val,noise,25.771439,-3.6861167
TID2013,i05_07_3,I05,/data/projectwork/swati_mam/new model data/tid2013/tid2013/distorted_images/i05_07_3.bmp,/data/projectwork/swati_mam/new model data/tid2013/tid2013/reference_images/I05.BMP,type_07,NA,3,4.53846,val,noise,20.002539,-14.889246
TID2013,i05_08_1,I05,/data/projectwork/swati_mam/new model data/tid2013/tid2013/distorted_images/i05_08_1.bmp,/data/projectwork/swati_mam/new model data/tid2013/tid2013/reference_images/I05.BMP,type_08,NA,1,5.4,val,blur,19.027548,-16.451694
TID2013,i05_08_2,I05,/data/projectwork/swati_mam/new model data/tid2013/tid2013/distorted_images/i05_08_2.bmp,/data/projectwork/swati_mam/new model data/tid2013/tid2013/reference_images/I05.BMP,type_08,NA,2,4.66667,val,blur,0.56166506,-18.045525
TID2013,i05_08_3,I05,/data/projectwork/swati_mam/new model data/tid2013/tid2013/distorted_images/i05_08_3.bmp,/data/projectwork/swati_mam/new model data/tid2013/tid2013/reference_images/I05.BMP,type_08,NA,3,3.65854,val,blur,-16.604366,22.521276
TID2013,i05_08_4,I05,/data/projectwork/swati_mam/new model data/tid2013/tid2013/distorted_images/i05_08_4.bmp,/data/projectwork/swati_mam/new model data/tid2013/tid2013/reference_images/I05.BMP,type_08,NA,4,2.7804900000000004,val,blur,-40.72128,-1.0495132
TID2013,i05_08_5,I05,/data/projectwork/swati_mam/new model data/tid2013/tid2013/distorted_images/i05_08_5.bmp,/data/projectwork/swati_mam/new model data/tid2013/tid2013/reference_images/I05.BMP,type_08,NA,5,1.25,val,blur,-45.124252,-16.28345
TID2013,i05_09_1,I05,/data/projectwork/swati_mam/new model data/tid2013/tid2013/distorted_images/i05_09_1.bmp,/data/projectwork/swati_mam/new model data/tid2013/tid2013/reference_images/I05.BMP,type_09,NA,1,5.825,val,other,27.842102,1.2795452
TID2013,i05_09_2,I05,/data/projectwork/swati_mam/new model data/tid2013/tid2013/distorted_images/i05_09_2.bmp,/data/projectwork/swati_mam/new model data/tid2013/tid2013/reference_images/I05.BMP,type_09,NA,2,5.825,val,other,26.652584,-1.6126618
TID2013,i05_09_3,I05,/data/projectwork/swati_mam/new model data/tid2013/tid2013/distorted_images/i05_09_3.bmp,/data/projectwork/swati_mam/new model data/tid2013/tid2013/reference_images/I05.BMP,type_09,NA,3,5.325,val,other,23.39421,-9.890908
TID2013,i05_09_4,I05,/data/projectwork/swati_mam/new model data/tid2013/tid2013/distorted_images/i05_09_4.bmp,/data/projectwork/swati_mam/new model data/tid2013/tid2013/reference_images/I05.BMP,type_09,NA,4,3.5,val,other,-8.244937,-4.942009
TID2013,i05_09_5,I05,/data/projectwork/swati_mam/new model data/tid2013/tid2013/distorted_images/i05_09_5.bmp,/data/projectwork/swati_mam/new model data/tid2013/tid2013/reference_images/I05.BMP,type_09,NA,5,1.36585,val,other,-39.90365,0.37778538
TID2013,i05_10_3,I05,/data/projectwork/swati_mam/new model data/tid2013/tid2013/distorted_images/i05_10_3.bmp,/data/projectwork/swati_mam/new model data/tid2013/tid2013/reference_images/I05.BMP,type_10,NA,3,4.707319999999999,val,other,19.004145,-16.064606
TID2013,i05_10_4,I05,/data/projectwork/swati_mam/new model data/tid2013/tid2013/distorted_images/i05_10_4.bmp,/data/projectwork/swati_mam/new model data/tid2013/tid2013/reference_images/I05.BMP,type_10,NA,4,3.43902,val,other,-6.3248305,-2.317514
TID2013,i05_10_5,I05,/data/projectwork/swati_mam/new model data/tid2013/tid2013/distorted_images/i05_10_5.bmp,/data/projectwork/swati_mam/new model data/tid2013/tid2013/reference_images/I05.BMP,type_10,NA,5,1.87805,val,other,-30.941633,19.69597
TID2013,I05_11_1,I05,/data/projectwork/swati_mam/new model data/tid2013/tid2013/distorted_images/I05_11_1.bmp,/data/projectwork/swati_mam/new model data/tid2013/tid2013/reference_images/I05.BMP,type_11,NA,1,5.7561,val,other,28.681435,4.3403773
TID2013,i05_11_5,I05,/data/projectwork/swati_mam/new model data/tid2013/tid2013/distorted_images/i05_11_5.bmp,/data/projectwork/swati_mam/new model data/tid2013/tid2013/reference_images/I05.BMP,type_11,NA,5,2.25,val,other,-20.67721,22.952316
TID2013,i05_12_2,I05,/data/projectwork/swati_mam/new model data/tid2013/tid2013/distorted_images/i05_12_2.bmp,/data/projectwork/swati_mam/new model data/tid2013/tid2013/reference_images/I05.BMP,type_12,NA,2,5.775,val,other,29.643408,6.563517
TID2013,i05_12_4,I05,/data/projectwork/swati_mam/new model data/tid2013/tid2013/distorted_images/i05_12_4.bmp,/data/projectwork/swati_mam/new model data/tid2013/tid2013/reference_images/I05.BMP,type_12,NA,4,3.8,val,other,18.666828,-15.8553295
TID2013,i05_13_3,I05,/data/projectwork/swati_mam/new model data/tid2013/tid2013/distorted_images/i05_13_3.bmp,/data/projectwork/swati_mam/new model data/tid2013/tid2013/reference_images/I05.BMP,type_13,NA,3,3.475,val,other,21.825449,-12.309864
TID2013,i05_13_4,I05,/data/projectwork/swati_mam/new model data/tid2013/tid2013/distorted_images/i05_13_4.bmp,/data/projectwork/swati_mam/new model data/tid2013/tid2013/reference_images/I05.BMP,type_13,NA,4,2.97561,val,other,18.657503,-16.493263
TID2013,i05_13_5,I05,/data/projectwork/swati_mam/new model data/tid2013/tid2013/distorted_images/i05_13_5.bmp,/data/projectwork/swati_mam/new model data/tid2013/tid2013/reference_images/I05.BMP,type_13,NA,5,1.97368,val,other,23.02263,-10.604482
TID2013,i05_14_1,I05,/data/projectwork/swati_mam/new model data/tid2013/tid2013/distorted_images/i05_14_1.bmp,/data/projectwork/swati_mam/new model data/tid2013/tid2013/reference_images/I05.BMP,type_14,NA,1,5.926830000000001,val,other,29.115269,5.8166866
TID2013,i05_14_2,I05,/data/projectwork/swati_mam/new model data/tid2013/tid2013/distorted_images/i05_14_2.bmp,/data/projectwork/swati_mam/new model data/tid2013/tid2013/reference_images/I05.BMP,type_14,NA,2,5.53659,val,other,30.026485,6.8499656
TID2013,i05_14_3,I05,/data/projectwork/swati_mam/new model data/tid2013/tid2013/distorted_images/i05_14_3.bmp,/data/projectwork/swati_mam/new model data/tid2013/tid2013/reference_images/I05.BMP,type_14,NA,3,5.60976,val,other,26.11243,-2.5634053
TID2013,i05_14_4,I05,/data/projectwork/swati_mam/new model data/tid2013/tid2013/distorted_images/i05_14_4.bmp,/data/projectwork/swati_mam/new model data/tid2013/tid2013/reference_images/I05.BMP,type_14,NA,4,5.225,val,other,25.181025,-4.894407
TID2013,i05_15_3,I05,/data/projectwork/swati_mam/new model data/tid2013/tid2013/distorted_images/i05_15_3.bmp,/data/projectwork/swati_mam/new model data/tid2013/tid2013/reference_images/I05.BMP,type_15,NA,3,3.31707,val,other,29.938196,7.617259
TID2013,i05_15_4,I05,/data/projectwork/swati_mam/new model data/tid2013/tid2013/distorted_images/i05_15_4.bmp,/data/projectwork/swati_mam/new model data/tid2013/tid2013/reference_images/I05.BMP,type_15,NA,4,3.9,val,other,33.153675,13.293782
TID2013,i05_15_5,I05,/data/projectwork/swati_mam/new model data/tid2013/tid2013/distorted_images/i05_15_5.bmp,/data/projectwork/swati_mam/new model data/tid2013/tid2013/reference_images/I05.BMP,type_15,NA,5,3.84615,val,other,29.644648,6.5992184
TID2013,i05_16_1,I05,/data/projectwork/swati_mam/new model data/tid2013/tid2013/distorted_images/i05_16_1.bmp,/data/projectwork/swati_mam/new model data/tid2013/tid2013/reference_images/I05.BMP,type_16,NA,1,6.15,val,other,25.344069,-6.4539356
TID2013,i05_16_2,I05,/data/projectwork/swati_mam/new model data/tid2013/tid2013/distorted_images/i05_16_2.bmp,/data/projectwork/swati_mam/new model data/tid2013/tid2013/reference_images/I05.BMP,type_16,NA,2,5.95,val,other,35.062252,14.598311
TID2013,i05_16_4,I05,/data/projectwork/swati_mam/new model data/tid2013/tid2013/distorted_images/i05_16_4.bmp,/data/projectwork/swati_mam/new model data/tid2013/tid2013/reference_images/I05.BMP,type_16,NA,4,5.09756,val,other,35.237843,14.770317
TID2013,i05_17_2,I05,/data/projectwork/swati_mam/new model data/tid2013/tid2013/distorted_images/i05_17_2.bmp,/data/projectwork/swati_mam/new model data/tid2013/tid2013/reference_images/I05.BMP,type_17,NA,2,6.829269999999999,val,other,26.329872,-3.6872876
TID2013,i05_17_4,I05,/data/projectwork/swati_mam/new model data/tid2013/tid2013/distorted_images/i05_17_4.bmp,/data/projectwork/swati_mam/new model data/tid2013/tid2013/reference_images/I05.BMP,type_17,NA,4,6.560980000000001,val,other,26.301674,-5.844173
TID2013,i05_18_2,I05,/data/projectwork/swati_mam/new model data/tid2013/tid2013/distorted_images/i05_18_2.bmp,/data/projectwork/swati_mam/new model data/tid2013/tid2013/reference_images/I05.BMP,type_18,NA,2,4.2051300000000005,val,other,29.920485,7.0708117
TID2013,i05_18_3,I05,/data/projectwork/swati_mam/new model data/tid2013/tid2013/distorted_images/i05_18_3.bmp,/data/projectwork/swati_mam/new model data/tid2013/tid2013/reference_images/I05.BMP,type_18,NA,3,3.74359,val,other,29.809801,7.092771
TID2013,i05_18_4,I05,/data/projectwork/swati_mam/new model data/tid2013/tid2013/distorted_images/i05_18_4.bmp,/data/projectwork/swati_mam/new model data/tid2013/tid2013/reference_images/I05.BMP,type_18,NA,4,3.53846,val,other,29.08804,6.043333
TID2013,i05_19_3,I05,/data/projectwork/swati_mam/new model data/tid2013/tid2013/distorted_images/i05_19_3.bmp,/data/projectwork/swati_mam/new model data/tid2013/tid2013/reference_images/I05.BMP,type_19,NA,3,4.225,val,noise,21.108133,-13.454339
TID2013,i05_19_4,I05,/data/projectwork/swati_mam/new model data/tid2013/tid2013/distorted_images/i05_19_4.bmp,/data/projectwork/swati_mam/new model data/tid2013/tid2013/reference_images/I05.BMP,type_19,NA,4,3.65,val,noise,7.955959,-22.78796
TID2013,i05_20_2,I05,/data/projectwork/swati_mam/new model data/tid2013/tid2013/distorted_images/i05_20_2.bmp,/data/projectwork/swati_mam/new model data/tid2013/tid2013/reference_images/I05.BMP,type_20,NA,2,5.560980000000001,val,noise,29.427149,5.8133802
TID2013,i05_20_5,I05,/data/projectwork/swati_mam/new model data/tid2013/tid2013/distorted_images/i05_20_5.bmp,/data/projectwork/swati_mam/new model data/tid2013/tid2013/reference_images/I05.BMP,type_20,NA,5,3.28205,val,noise,12.811842,-21.687622
TID2013,i05_21_1,I05,/data/projectwork/swati_mam/new model data/tid2013/tid2013/distorted_images/i05_21_1.bmp,/data/projectwork/swati_mam/new model data/tid2013/tid2013/reference_images/I05.BMP,type_21,NA,1,5.6,val,other,28.956669,5.2641277
TID2013,i05_21_3,I05,/data/projectwork/swati_mam/new model data/tid2013/tid2013/distorted_images/i05_21_3.bmp,/data/projectwork/swati_mam/new model data/tid2013/tid2013/reference_images/I05.BMP,type_21,NA,3,4.36585,val,other,25.63684,-4.096965
TID2013,i05_21_4,I05,/data/projectwork/swati_mam/new model data/tid2013/tid2013/distorted_images/i05_21_4.bmp,/data/projectwork/swati_mam/new model data/tid2013/tid2013/reference_images/I05.BMP,type_21,NA,4,3.35,val,other,19.449854,-15.771082
TID2013,i05_22_1,I05,/data/projectwork/swati_mam/new model data/tid2013/tid2013/distorted_images/i05_22_1.bmp,/data/projectwork/swati_mam/new model data/tid2013/tid2013/reference_images/I05.BMP,type_22,NA,1,5.275,val,other,28.786224,4.737731
TID2013,i05_22_4,I05,/data/projectwork/swati_mam/new model data/tid2013/tid2013/distorted_images/i05_22_4.bmp,/data/projectwork/swati_mam/new model data/tid2013/tid2013/reference_images/I05.BMP,type_22,NA,4,4.1,val,other,23.47263,-9.182849
TID2013,i05_22_5,I05,/data/projectwork/swati_mam/new model data/tid2013/tid2013/distorted_images/i05_22_5.bmp,/data/projectwork/swati_mam/new model data/tid2013/tid2013/reference_images/I05.BMP,type_22,NA,5,3.17073,val,other,23.959799,-7.302143
TID2013,i05_23_2,I05,/data/projectwork/swati_mam/new model data/tid2013/tid2013/distorted_images/i05_23_2.bmp,/data/projectwork/swati_mam/new model data/tid2013/tid2013/reference_images/I05.BMP,type_23,NA,2,5.575,val,blur,22.927011,-10.614958
TID2013,i05_23_3,I05,/data/projectwork/swati_mam/new model data/tid2013/tid2013/distorted_images/i05_23_3.bmp,/data/projectwork/swati_mam/new model data/tid2013/tid2013/reference_images/I05.BMP,type_23,NA,3,5.63415,val,blur,19.011711,-16.575909
TID2013,i05_23_5,I05,/data/projectwork/swati_mam/new model data/tid2013/tid2013/distorted_images/i05_23_5.bmp,/data/projectwork/swati_mam/new model data/tid2013/tid2013/reference_images/I05.BMP,type_23,NA,5,5.439019999999999,val,blur,0.059218563,-17.690933
TID2013,i05_24_1,I05,/data/projectwork/swati_mam/new model data/tid2013/tid2013/distorted_images/i05_24_1.bmp,/data/projectwork/swati_mam/new model data/tid2013/tid2013/reference_images/I05.BMP,type_24,NA,1,5.525,val,other,29.336987,5.4821467
TID2013,i05_24_3,I05,/data/projectwork/swati_mam/new model data/tid2013/tid2013/distorted_images/i05_24_3.bmp,/data/projectwork/swati_mam/new model data/tid2013/tid2013/reference_images/I05.BMP,type_24,NA,3,5.2,val,other,26.014534,-2.9904828
TID2013,i05_24_5,I05,/data/projectwork/swati_mam/new model data/tid2013/tid2013/distorted_images/i05_24_5.bmp,/data/projectwork/swati_mam/new model data/tid2013/tid2013/reference_images/I05.BMP,type_24,NA,5,2.60976,val,other,-9.613842,15.798384
TID2013,I24_01_1,I24,/data/projectwork/swati_mam/new model data/tid2013/tid2013/distorted_images/I24_01_1.bmp,/data/projectwork/swati_mam/new model data/tid2013/tid2013/reference_images/I24.BMP,type_01,NA,1,5.88571,val,noise,-7.247409,-19.545755
TID2013,i24_01_2,I24,/data/projectwork/swati_mam/new model data/tid2013/tid2013/distorted_images/i24_01_2.bmp,/data/projectwork/swati_mam/new model data/tid2013/tid2013/reference_images/I24.BMP,type_01,NA,2,5.05556,val,noise,-9.856279,-12.750984
TID2013,i24_01_3,I24,/data/projectwork/swati_mam/new model data/tid2013/tid2013/distorted_images/i24_01_3.bmp,/data/projectwork/swati_mam/new model data/tid2013/tid2013/reference_images/I24.BMP,type_01,NA,3,4.72222,val,noise,-5.95017,8.213053
TID2013,i24_01_5,I24,/data/projectwork/swati_mam/new model data/tid2013/tid2013/distorted_images/i24_01_5.bmp,/data/projectwork/swati_mam/new model data/tid2013/tid2013/reference_images/I24.BMP,type_01,NA,5,3.58333,val,noise,-36.79526,10.130249
TID2013,i24_02_2,I24,/data/projectwork/swati_mam/new model data/tid2013/tid2013/distorted_images/i24_02_2.bmp,/data/projectwork/swati_mam/new model data/tid2013/tid2013/reference_images/I24.BMP,type_02,NA,2,5.91176,val,noise,-9.586207,-13.413308
TID2013,i24_02_4,I24,/data/projectwork/swati_mam/new model data/tid2013/tid2013/distorted_images/i24_02_4.bmp,/data/projectwork/swati_mam/new model data/tid2013/tid2013/reference_images/I24.BMP,type_02,NA,4,5.08571,val,noise,-18.165188,24.504656
TID2013,i24_03_3,I24,/data/projectwork/swati_mam/new model data/tid2013/tid2013/distorted_images/i24_03_3.bmp,/data/projectwork/swati_mam/new model data/tid2013/tid2013/reference_images/I24.BMP,type_03,NA,3,3.82857,val,noise,-15.364771,23.360998
TID2013,i24_03_4,I24,/data/projectwork/swati_mam/new model data/tid2013/tid2013/distorted_images/i24_03_4.bmp,/data/projectwork/swati_mam/new model data/tid2013/tid2013/reference_images/I24.BMP,type_03,NA,4,3.28571,val,noise,-26.207174,21.951834
TID2013,i24_03_5,I24,/data/projectwork/swati_mam/new model data/tid2013/tid2013/distorted_images/i24_03_5.bmp,/data/projectwork/swati_mam/new model data/tid2013/tid2013/reference_images/I24.BMP,type_03,NA,5,2.69444,val,noise,-31.994267,17.320335
TID2013,i24_04_1,I24,/data/projectwork/swati_mam/new model data/tid2013/tid2013/distorted_images/i24_04_1.bmp,/data/projectwork/swati_mam/new model data/tid2013/tid2013/reference_images/I24.BMP,type_04,NA,1,5.85714,val,noise,-8.038364,-17.395334
TID2013,i24_04_2,I24,/data/projectwork/swati_mam/new model data/tid2013/tid2013/distorted_images/i24_04_2.bmp,/data/projectwork/swati_mam/new model data/tid2013/tid2013/reference_images/I24.BMP,type_04,NA,2,5.83333,val,noise,-7.432626,-18.76986
TID2013,i24_04_5,I24,/data/projectwork/swati_mam/new model data/tid2013/tid2013/distorted_images/i24_04_5.bmp,/data/projectwork/swati_mam/new model data/tid2013/tid2013/reference_images/I24.BMP,type_04,NA,5,4.57143,val,noise,-7.8182225,15.24071
TID2013,i24_05_1,I24,/data/projectwork/swati_mam/new model data/tid2013/tid2013/distorted_images/i24_05_1.bmp,/data/projectwork/swati_mam/new model data/tid2013/tid2013/reference_images/I24.BMP,type_05,NA,1,5.80556,val,HF/sharpen,-7.22845,-19.482574
TID2013,i24_05_2,I24,/data/projectwork/swati_mam/new model data/tid2013/tid2013/distorted_images/i24_05_2.bmp,/data/projectwork/swati_mam/new model data/tid2013/tid2013/reference_images/I24.BMP,type_05,NA,2,5.33333,val,HF/sharpen,-9.727557,-12.830289
TID2013,i24_05_3,I24,/data/projectwork/swati_mam/new model data/tid2013/tid2013/distorted_images/i24_05_3.bmp,/data/projectwork/swati_mam/new model data/tid2013/tid2013/reference_images/I24.BMP,type_05,NA,3,5.13889,val,HF/sharpen,-15.089055,23.502768
TID2013,i24_05_5,I24,/data/projectwork/swati_mam/new model data/tid2013/tid2013/distorted_images/i24_05_5.bmp,/data/projectwork/swati_mam/new model data/tid2013/tid2013/reference_images/I24.BMP,type_05,NA,5,3.25,val,HF/sharpen,-47.583603,-21.704556
TID2013,i24_06_1,I24,/data/projectwork/swati_mam/new model data/tid2013/tid2013/distorted_images/i24_06_1.bmp,/data/projectwork/swati_mam/new model data/tid2013/tid2013/reference_images/I24.BMP,type_06,NA,1,4.64706,val,noise,-9.040264,-14.88106
TID2013,i24_06_3,I24,/data/projectwork/swati_mam/new model data/tid2013/tid2013/distorted_images/i24_06_3.bmp,/data/projectwork/swati_mam/new model data/tid2013/tid2013/reference_images/I24.BMP,type_06,NA,3,3.97143,val,noise,-6.837642,-20.208645
TID2013,i24_06_5,I24,/data/projectwork/swati_mam/new model data/tid2013/tid2013/distorted_images/i24_06_5.bmp,/data/projectwork/swati_mam/new model data/tid2013/tid2013/reference_images/I24.BMP,type_06,NA,5,3.28571,val,noise,-18.305576,24.445356
TID2013,i24_07_1,I24,/data/projectwork/swati_mam/new model data/tid2013/tid2013/distorted_images/i24_07_1.bmp,/data/projectwork/swati_mam/new model data/tid2013/tid2013/reference_images/I24.BMP,type_07,NA,1,5.52778,val,noise,-8.905156,-15.051677
TID2013,i24_08_1,I24,/data/projectwork/swati_mam/new model data/tid2013/tid2013/distorted_images/i24_08_1.bmp,/data/projectwork/swati_mam/new model data/tid2013/tid2013/reference_images/I24.BMP,type_08,NA,1,5.94444,val,blur,-7.2489424,12.813144
TID2013,i24_08_2,I24,/data/projectwork/swati_mam/new model data/tid2013/tid2013/distorted_images/i24_08_2.bmp,/data/projectwork/swati_mam/new model data/tid2013/tid2013/reference_images/I24.BMP,type_08,NA,2,4.971430000000001,val,blur,-16.218,23.994286
TID2013,i24_08_3,I24,/data/projectwork/swati_mam/new model data/tid2013/tid2013/distorted_images/i24_08_3.bmp,/data/projectwork/swati_mam/new model data/tid2013/tid2013/reference_images/I24.BMP,type_08,NA,3,4.05714,val,blur,-36.56172,10.531743
TID2013,i24_08_4,I24,/data/projectwork/swati_mam/new model data/tid2013/tid2013/distorted_images/i24_08_4.bmp,/data/projectwork/swati_mam/new model data/tid2013/tid2013/reference_images/I24.BMP,type_08,NA,4,3.17647,val,blur,-45.58225,-15.98256
TID2013,i24_09_1,I24,/data/projectwork/swati_mam/new model data/tid2013/tid2013/distorted_images/i24_09_1.bmp,/data/projectwork/swati_mam/new model data/tid2013/tid2013/reference_images/I24.BMP,type_09,NA,1,6.0,val,other,-7.1162133,12.379155
TID2013,i24_09_2,I24,/data/projectwork/swati_mam/new model data/tid2013/tid2013/distorted_images/i24_09_2.bmp,/data/projectwork/swati_mam/new model data/tid2013/tid2013/reference_images/I24.BMP,type_09,NA,2,5.29412,val,other,-8.704621,17.04515
TID2013,i24_09_3,I24,/data/projectwork/swati_mam/new model data/tid2013/tid2013/distorted_images/i24_09_3.bmp,/data/projectwork/swati_mam/new model data/tid2013/tid2013/reference_images/I24.BMP,type_09,NA,3,4.52778,val,other,-26.659866,22.210535
TID2013,i24_09_4,I24,/data/projectwork/swati_mam/new model data/tid2013/tid2013/distorted_images/i24_09_4.bmp,/data/projectwork/swati_mam/new model data/tid2013/tid2013/reference_images/I24.BMP,type_09,NA,4,3.38889,val,other,-42.8852,-6.682193
TID2013,i24_10_2,I24,/data/projectwork/swati_mam/new model data/tid2013/tid2013/distorted_images/i24_10_2.bmp,/data/projectwork/swati_mam/new model data/tid2013/tid2013/reference_images/I24.BMP,type_10,NA,2,5.82857,val,other,-10.451305,-8.834699
TID2013,I24_11_1,I24,/data/projectwork/swati_mam/new model data/tid2013/tid2013/distorted_images/I24_11_1.bmp,/data/projectwork/swati_mam/new model data/tid2013/tid2013/reference_images/I24.BMP,type_11,NA,1,5.4,val,other,-6.155728,8.268285
TID2013,i24_11_5,I24,/data/projectwork/swati_mam/new model data/tid2013/tid2013/distorted_images/i24_11_5.bmp,/data/projectwork/swati_mam/new model data/tid2013/tid2013/reference_images/I24.BMP,type_11,NA,5,0.91667,val,other,-47.969723,-21.503698
TID2013,i24_12_1,I24,/data/projectwork/swati_mam/new model data/tid2013/tid2013/distorted_images/i24_12_1.bmp,/data/projectwork/swati_mam/new model data/tid2013/tid2013/reference_images/I24.BMP,type_12,NA,1,5.68571,val,other,-9.795954,-11.82749
TID2013,i24_12_2,I24,/data/projectwork/swati_mam/new model data/tid2013/tid2013/distorted_images/i24_12_2.bmp,/data/projectwork/swati_mam/new model data/tid2013/tid2013/reference_images/I24.BMP,type_12,NA,2,6.08571,val,other,-8.629729,-15.967003
TID2013,i24_12_3,I24,/data/projectwork/swati_mam/new model data/tid2013/tid2013/distorted_images/i24_12_3.bmp,/data/projectwork/swati_mam/new model data/tid2013/tid2013/reference_images/I24.BMP,type_12,NA,3,5.48485,val,other,-10.1691065,-10.716102
TID2013,i24_12_4,I24,/data/projectwork/swati_mam/new model data/tid2013/tid2013/distorted_images/i24_12_4.bmp,/data/projectwork/swati_mam/new model data/tid2013/tid2013/reference_images/I24.BMP,type_12,NA,4,3.5,val,other,-6.8844857,12.635453
TID2013,i24_12_5,I24,/data/projectwork/swati_mam/new model data/tid2013/tid2013/distorted_images/i24_12_5.bmp,/data/projectwork/swati_mam/new model data/tid2013/tid2013/reference_images/I24.BMP,type_12,NA,5,2.58333,val,other,-10.407256,19.755896
TID2013,i24_13_5,I24,/data/projectwork/swati_mam/new model data/tid2013/tid2013/distorted_images/i24_13_5.bmp,/data/projectwork/swati_mam/new model data/tid2013/tid2013/reference_images/I24.BMP,type_13,NA,5,2.5,val,other,-6.838854,-20.790943
TID2013,i24_14_4,I24,/data/projectwork/swati_mam/new model data/tid2013/tid2013/distorted_images/i24_14_4.bmp,/data/projectwork/swati_mam/new model data/tid2013/tid2013/reference_images/I24.BMP,type_14,NA,4,5.13889,val,other,-10.442552,-9.584846
TID2013,i24_15_1,I24,/data/projectwork/swati_mam/new model data/tid2013/tid2013/distorted_images/i24_15_1.bmp,/data/projectwork/swati_mam/new model data/tid2013/tid2013/reference_images/I24.BMP,type_15,NA,1,4.02778,val,other,-9.986902,-11.926668
TID2013,i24_15_2,I24,/data/projectwork/swati_mam/new model data/tid2013/tid2013/distorted_images/i24_15_2.bmp,/data/projectwork/swati_mam/new model data/tid2013/tid2013/reference_images/I24.BMP,type_15,NA,2,4.4,val,other,-9.666571,-12.328076
TID2013,i24_15_3,I24,/data/projectwork/swati_mam/new model data/tid2013/tid2013/distorted_images/i24_15_3.bmp,/data/projectwork/swati_mam/new model data/tid2013/tid2013/reference_images/I24.BMP,type_15,NA,3,3.88571,val,other,-8.583236,-15.967104
TID2013,i24_15_5,I24,/data/projectwork/swati_mam/new model data/tid2013/tid2013/distorted_images/i24_15_5.bmp,/data/projectwork/swati_mam/new model data/tid2013/tid2013/reference_images/I24.BMP,type_15,NA,5,3.38889,val,other,-9.2894945,-14.069425
TID2013,i24_16_3,I24,/data/projectwork/swati_mam/new model data/tid2013/tid2013/distorted_images/i24_16_3.bmp,/data/projectwork/swati_mam/new model data/tid2013/tid2013/reference_images/I24.BMP,type_16,NA,3,5.45714,val,other,-10.315378,-10.436197
TID2013,i24_17_1,I24,/data/projectwork/swati_mam/new model data/tid2013/tid2013/distorted_images/i24_17_1.bmp,/data/projectwork/swati_mam/new model data/tid2013/tid2013/reference_images/I24.BMP,type_17,NA,1,5.75,val,other,-9.780116,2.3726518
TID2013,i24_17_2,I24,/data/projectwork/swati_mam/new model data/tid2013/tid2013/distorted_images/i24_17_2.bmp,/data/projectwork/swati_mam/new model data/tid2013/tid2013/reference_images/I24.BMP,type_17,NA,2,6.47222,val,other,10.664561,-24.450077
TID2013,i24_17_4,I24,/data/projectwork/swati_mam/new model data/tid2013/tid2013/distorted_images/i24_17_4.bmp,/data/projectwork/swati_mam/new model data/tid2013/tid2013/reference_images/I24.BMP,type_17,NA,4,6.72222,val,other,22.053621,-15.706303
TID2013,i24_18_4,I24,/data/projectwork/swati_mam/new model data/tid2013/tid2013/distorted_images/i24_18_4.bmp,/data/projectwork/swati_mam/new model data/tid2013/tid2013/reference_images/I24.BMP,type_18,NA,4,4.11429,val,other,-7.5495925,14.764857
TID2013,i24_19_1,I24,/data/projectwork/swati_mam/new model data/tid2013/tid2013/distorted_images/i24_19_1.bmp,/data/projectwork/swati_mam/new model data/tid2013/tid2013/reference_images/I24.BMP,type_19,NA,1,5.57143,val,noise,-7.803206,-18.06933
TID2013,i24_19_5,I24,/data/projectwork/swati_mam/new model data/tid2013/tid2013/distorted_images/i24_19_5.bmp,/data/projectwork/swati_mam/new model data/tid2013/tid2013/reference_images/I24.BMP,type_19,NA,5,3.85714,val,noise,-32.639572,16.123037
TID2013,i24_20_1,I24,/data/projectwork/swati_mam/new model data/tid2013/tid2013/distorted_images/i24_20_1.bmp,/data/projectwork/swati_mam/new model data/tid2013/tid2013/reference_images/I24.BMP,type_20,NA,1,6.14286,val,noise,-7.455822,-18.751041
TID2013,i24_20_2,I24,/data/projectwork/swati_mam/new model data/tid2013/tid2013/distorted_images/i24_20_2.bmp,/data/projectwork/swati_mam/new model data/tid2013/tid2013/reference_images/I24.BMP,type_20,NA,2,5.61111,val,noise,-6.858121,-19.63245
TID2013,i24_20_3,I24,/data/projectwork/swati_mam/new model data/tid2013/tid2013/distorted_images/i24_20_3.bmp,/data/projectwork/swati_mam/new model data/tid2013/tid2013/reference_images/I24.BMP,type_20,NA,3,5.17143,val,noise,-8.891007,-15.299115
TID2013,i24_21_1,I24,/data/projectwork/swati_mam/new model data/tid2013/tid2013/distorted_images/i24_21_1.bmp,/data/projectwork/swati_mam/new model data/tid2013/tid2013/reference_images/I24.BMP,type_21,NA,1,5.77778,val,other,-7.0600605,-19.356262
TID2013,i24_21_3,I24,/data/projectwork/swati_mam/new model data/tid2013/tid2013/distorted_images/i24_21_3.bmp,/data/projectwork/swati_mam/new model data/tid2013/tid2013/reference_images/I24.BMP,type_21,NA,3,4.14286,val,other,-6.1441374,8.704265
TID2013,i24_21_4,I24,/data/projectwork/swati_mam/new model data/tid2013/tid2013/distorted_images/i24_21_4.bmp,/data/projectwork/swati_mam/new model data/tid2013/tid2013/reference_images/I24.BMP,type_21,NA,4,3.36111,val,other,-9.123965,17.840239
TID2013,i24_22_2,I24,/data/projectwork/swati_mam/new model data/tid2013/tid2013/distorted_images/i24_22_2.bmp,/data/projectwork/swati_mam/new model data/tid2013/tid2013/reference_images/I24.BMP,type_22,NA,2,5.02941,val,other,-7.158375,-19.725653
TID2013,i24_22_3,I24,/data/projectwork/swati_mam/new model data/tid2013/tid2013/distorted_images/i24_22_3.bmp,/data/projectwork/swati_mam/new model data/tid2013/tid2013/reference_images/I24.BMP,type_22,NA,3,4.61765,val,other,-8.616039,-16.46929
TID2013,i24_22_4,I24,/data/projectwork/swati_mam/new model data/tid2013/tid2013/distorted_images/i24_22_4.bmp,/data/projectwork/swati_mam/new model data/tid2013/tid2013/reference_images/I24.BMP,type_22,NA,4,3.33333,val,other,-10.671051,-10.351836
TID2013,i24_23_1,I24,/data/projectwork/swati_mam/new model data/tid2013/tid2013/distorted_images/i24_23_1.bmp,/data/projectwork/swati_mam/new model data/tid2013/tid2013/reference_images/I24.BMP,type_23,NA,1,5.8,val,blur,-9.619403,2.4440627
TID2013,i24_23_2,I24,/data/projectwork/swati_mam/new model data/tid2013/tid2013/distorted_images/i24_23_2.bmp,/data/projectwork/swati_mam/new model data/tid2013/tid2013/reference_images/I24.BMP,type_23,NA,2,6.02778,val,blur,-6.6205916,9.923312
TID2013,i24_23_4,I24,/data/projectwork/swati_mam/new model data/tid2013/tid2013/distorted_images/i24_23_4.bmp,/data/projectwork/swati_mam/new model data/tid2013/tid2013/reference_images/I24.BMP,type_23,NA,4,5.08824,val,blur,-15.757755,23.733423
TID2013,i24_23_5,I24,/data/projectwork/swati_mam/new model data/tid2013/tid2013/distorted_images/i24_23_5.bmp,/data/projectwork/swati_mam/new model data/tid2013/tid2013/reference_images/I24.BMP,type_23,NA,5,2.29412,val,blur,-47.686172,-20.345604
TID2013,i24_24_2,I24,/data/projectwork/swati_mam/new model data/tid2013/tid2013/distorted_images/i24_24_2.bmp,/data/projectwork/swati_mam/new model data/tid2013/tid2013/reference_images/I24.BMP,type_24,NA,2,5.34286,val,other,-9.87501,2.707328
TID2013,i24_24_3,I24,/data/projectwork/swati_mam/new model data/tid2013/tid2013/distorted_images/i24_24_3.bmp,/data/projectwork/swati_mam/new model data/tid2013/tid2013/reference_images/I24.BMP,type_24,NA,3,4.34286,val,other,-6.2131186,9.317218
TID2013,i24_24_4,I24,/data/projectwork/swati_mam/new model data/tid2013/tid2013/distorted_images/i24_24_4.bmp,/data/projectwork/swati_mam/new model data/tid2013/tid2013/reference_images/I24.BMP,type_24,NA,4,2.74286,val,other,-40.21847,5.4741426
TID2013,i24_24_5,I24,/data/projectwork/swati_mam/new model data/tid2013/tid2013/distorted_images/i24_24_5.bmp,/data/projectwork/swati_mam/new model data/tid2013/tid2013/reference_images/I24.BMP,type_24,NA,5,0.41667,val,other,-47.55419,-21.629208
TID2013,I25_01_1,I25,/data/projectwork/swati_mam/new model data/tid2013/tid2013/distorted_images/I25_01_1.bmp,/data/projectwork/swati_mam/new model data/tid2013/tid2013/reference_images/i25.bmp,type_01,NA,1,5.14286,val,noise,46.3687,2.141074
TID2013,i25_01_2,I25,/data/projectwork/swati_mam/new model data/tid2013/tid2013/distorted_images/i25_01_2.bmp,/data/projectwork/swati_mam/new model data/tid2013/tid2013/reference_images/i25.bmp,type_01,NA,2,4.67647,val,noise,45.015903,0.35141417
TID2013,i25_01_4,I25,/data/projectwork/swati_mam/new model data/tid2013/tid2013/distorted_images/i25_01_4.bmp,/data/projectwork/swati_mam/new model data/tid2013/tid2013/reference_images/i25.bmp,type_01,NA,4,3.88571,val,noise,40.364655,-2.0859962
TID2013,i25_03_3,I25,/data/projectwork/swati_mam/new model data/tid2013/tid2013/distorted_images/i25_03_3.bmp,/data/projectwork/swati_mam/new model data/tid2013/tid2013/reference_images/i25.bmp,type_03,NA,3,3.25,val,noise,43.095993,-0.9798046
TID2013,i25_03_4,I25,/data/projectwork/swati_mam/new model data/tid2013/tid2013/distorted_images/i25_03_4.bmp,/data/projectwork/swati_mam/new model data/tid2013/tid2013/reference_images/i25.bmp,type_03,NA,4,2.9142900000000003,val,noise,39.78899,-2.2079508
TID2013,i25_04_1,I25,/data/projectwork/swati_mam/new model data/tid2013/tid2013/distorted_images/i25_04_1.bmp,/data/projectwork/swati_mam/new model data/tid2013/tid2013/reference_images/i25.bmp,type_04,NA,1,6.39394,val,noise,45.5543,1.0711601
TID2013,i25_04_2,I25,/data/projectwork/swati_mam/new model data/tid2013/tid2013/distorted_images/i25_04_2.bmp,/data/projectwork/swati_mam/new model data/tid2013/tid2013/reference_images/i25.bmp,type_04,NA,2,6.16667,val,noise,44.047318,-0.68039936
TID2013,i25_04_5,I25,/data/projectwork/swati_mam/new model data/tid2013/tid2013/distorted_images/i25_04_5.bmp,/data/projectwork/swati_mam/new model data/tid2013/tid2013/reference_images/i25.bmp,type_04,NA,5,5.23529,val,noise,16.902874,-14.781305
TID2013,i25_05_2,I25,/data/projectwork/swati_mam/new model data/tid2013/tid2013/distorted_images/i25_05_2.bmp,/data/projectwork/swati_mam/new model data/tid2013/tid2013/reference_images/i25.bmp,type_05,NA,2,5.25714,val,HF/sharpen,44.587654,0.21656424
TID2013,i25_05_3,I25,/data/projectwork/swati_mam/new model data/tid2013/tid2013/distorted_images/i25_05_3.bmp,/data/projectwork/swati_mam/new model data/tid2013/tid2013/reference_images/i25.bmp,type_05,NA,3,4.61111,val,HF/sharpen,40.645947,-1.9237889
TID2013,i25_05_4,I25,/data/projectwork/swati_mam/new model data/tid2013/tid2013/distorted_images/i25_05_4.bmp,/data/projectwork/swati_mam/new model data/tid2013/tid2013/reference_images/i25.bmp,type_05,NA,4,3.85714,val,HF/sharpen,17.339144,-14.585551
TID2013,i25_05_5,I25,/data/projectwork/swati_mam/new model data/tid2013/tid2013/distorted_images/i25_05_5.bmp,/data/projectwork/swati_mam/new model data/tid2013/tid2013/reference_images/i25.bmp,type_05,NA,5,2.75,val,HF/sharpen,-11.273638,11.168011
TID2013,i25_06_3,I25,/data/projectwork/swati_mam/new model data/tid2013/tid2013/distorted_images/i25_06_3.bmp,/data/projectwork/swati_mam/new model data/tid2013/tid2013/reference_images/i25.bmp,type_06,NA,3,3.705880000000001,val,noise,41.31511,-1.8590454
TID2013,i25_06_4,I25,/data/projectwork/swati_mam/new model data/tid2013/tid2013/distorted_images/i25_06_4.bmp,/data/projectwork/swati_mam/new model data/tid2013/tid2013/reference_images/i25.bmp,type_06,NA,4,3.47222,val,noise,29.809198,-4.49325
TID2013,i25_06_5,I25,/data/projectwork/swati_mam/new model data/tid2013/tid2013/distorted_images/i25_06_5.bmp,/data/projectwork/swati_mam/new model data/tid2013/tid2013/reference_images/i25.bmp,type_06,NA,5,3.02778,val,noise,7.600092,-19.758242
TID2013,i25_07_3,I25,/data/projectwork/swati_mam/new model data/tid2013/tid2013/distorted_images/i25_07_3.bmp,/data/projectwork/swati_mam/new model data/tid2013/tid2013/reference_images/i25.bmp,type_07,NA,3,3.0303,val,noise,46.219505,2.3276906
TID2013,i25_07_5,I25,/data/projectwork/swati_mam/new model data/tid2013/tid2013/distorted_images/i25_07_5.bmp,/data/projectwork/swati_mam/new model data/tid2013/tid2013/reference_images/i25.bmp,type_07,NA,5,2.74286,val,noise,43.59149,-0.748467
TID2013,i25_08_2,I25,/data/projectwork/swati_mam/new model data/tid2013/tid2013/distorted_images/i25_08_2.bmp,/data/projectwork/swati_mam/new model data/tid2013/tid2013/reference_images/i25.bmp,type_08,NA,2,5.05556,val,blur,48.81522,6.83548
TID2013,i25_08_4,I25,/data/projectwork/swati_mam/new model data/tid2013/tid2013/distorted_images/i25_08_4.bmp,/data/projectwork/swati_mam/new model data/tid2013/tid2013/reference_images/i25.bmp,type_08,NA,4,3.17647,val,blur,-24.779993,21.473415
TID2013,i25_09_2,I25,/data/projectwork/swati_mam/new model data/tid2013/tid2013/distorted_images/i25_09_2.bmp,/data/projectwork/swati_mam/new model data/tid2013/tid2013/reference_images/i25.bmp,type_09,NA,2,5.2,val,other,46.81986,2.0869915
TID2013,i25_09_3,I25,/data/projectwork/swati_mam/new model data/tid2013/tid2013/distorted_images/i25_09_3.bmp,/data/projectwork/swati_mam/new model data/tid2013/tid2013/reference_images/i25.bmp,type_09,NA,3,4.22857,val,other,45.61855,0.29460487
TID2013,i25_09_4,I25,/data/projectwork/swati_mam/new model data/tid2013/tid2013/distorted_images/i25_09_4.bmp,/data/projectwork/swati_mam/new model data/tid2013/tid2013/reference_images/i25.bmp,type_09,NA,4,3.11765,val,other,40.72857,-2.112739
TID2013,i25_09_5,I25,/data/projectwork/swati_mam/new model data/tid2013/tid2013/distorted_images/i25_09_5.bmp,/data/projectwork/swati_mam/new model data/tid2013/tid2013/reference_images/i25.bmp,type_09,NA,5,1.33333,val,other,18.923067,-13.862768
TID2013,i25_10_1,I25,/data/projectwork/swati_mam/new model data/tid2013/tid2013/distorted_images/i25_10_1.bmp,/data/projectwork/swati_mam/new model data/tid2013/tid2013/reference_images/i25.bmp,type_10,NA,1,5.85714,val,other,46.883408,1.4483315
TID2013,i25_10_2,I25,/data/projectwork/swati_mam/new model data/tid2013/tid2013/distorted_images/i25_10_2.bmp,/data/projectwork/swati_mam/new model data/tid2013/tid2013/reference_images/i25.bmp,type_10,NA,2,5.57143,val,other,45.064293,-0.43195242
TID2013,i25_10_4,I25,/data/projectwork/swati_mam/new model data/tid2013/tid2013/distorted_images/i25_10_4.bmp,/data/projectwork/swati_mam/new model data/tid2013/tid2013/reference_images/i25.bmp,type_10,NA,4,2.14706,val,other,29.841803,-4.368842
TID2013,i25_10_5,I25,/data/projectwork/swati_mam/new model data/tid2013/tid2013/distorted_images/i25_10_5.bmp,/data/projectwork/swati_mam/new model data/tid2013/tid2013/reference_images/i25.bmp,type_10,NA,5,1.47222,val,other,47.619926,6.5772953
TID2013,i25_11_2,I25,/data/projectwork/swati_mam/new model data/tid2013/tid2013/distorted_images/i25_11_2.bmp,/data/projectwork/swati_mam/new model data/tid2013/tid2013/reference_images/i25.bmp,type_11,NA,2,5.86111,val,other,46.143723,1.7042878
TID2013,i25_11_3,I25,/data/projectwork/swati_mam/new model data/tid2013/tid2013/distorted_images/i25_11_3.bmp,/data/projectwork/swati_mam/new model data/tid2013/tid2013/reference_images/i25.bmp,type_11,NA,3,5.36111,val,other,46.121426,0.790942
TID2013,i25_11_4,I25,/data/projectwork/swati_mam/new model data/tid2013/tid2013/distorted_images/i25_11_4.bmp,/data/projectwork/swati_mam/new model data/tid2013/tid2013/reference_images/i25.bmp,type_11,NA,4,4.97222,val,other,40.421078,-1.984717
TID2013,i25_11_5,I25,/data/projectwork/swati_mam/new model data/tid2013/tid2013/distorted_images/i25_11_5.bmp,/data/projectwork/swati_mam/new model data/tid2013/tid2013/reference_images/i25.bmp,type_11,NA,5,4.6,val,other,40.66791,-2.2077825
TID2013,i25_12_1,I25,/data/projectwork/swati_mam/new model data/tid2013/tid2013/distorted_images/i25_12_1.bmp,/data/projectwork/swati_mam/new model data/tid2013/tid2013/reference_images/i25.bmp,type_12,NA,1,6.02778,val,other,47.63357,4.4583
TID2013,i25_12_2,I25,/data/projectwork/swati_mam/new model data/tid2013/tid2013/distorted_images/i25_12_2.bmp,/data/projectwork/swati_mam/new model data/tid2013/tid2013/reference_images/i25.bmp,type_12,NA,2,5.8,val,other,47.886757,4.9763403
TID2013,i25_12_3,I25,/data/projectwork/swati_mam/new model data/tid2013/tid2013/distorted_images/i25_12_3.bmp,/data/projectwork/swati_mam/new model data/tid2013/tid2013/reference_images/i25.bmp,type_12,NA,3,4.83333,val,other,47.06628,2.2782042
TID2013,i25_12_5,I25,/data/projectwork/swati_mam/new model data/tid2013/tid2013/distorted_images/i25_12_5.bmp,/data/projectwork/swati_mam/new model data/tid2013/tid2013/reference_images/i25.bmp,type_12,NA,5,4.66667,val,other,47.361275,3.982047
TID2013,I25_13_1,I25,/data/projectwork/swati_mam/new model data/tid2013/tid2013/distorted_images/I25_13_1.bmp,/data/projectwork/swati_mam/new model data/tid2013/tid2013/reference_images/i25.bmp,type_13,NA,1,4.82857,val,other,45.264565,1.0194144
TID2013,i25_13_2,I25,/data/projectwork/swati_mam/new model data/tid2013/tid2013/distorted_images/i25_13_2.bmp,/data/projectwork/swati_mam/new model data/tid2013/tid2013/reference_images/i25.bmp,type_13,NA,2,5.71429,val,other,45.24539,-0.04504596
TID2013,i25_13_3,I25,/data/projectwork/swati_mam/new model data/tid2013/tid2013/distorted_images/i25_13_3.bmp,/data/projectwork/swati_mam/new model data/tid2013/tid2013/reference_images/i25.bmp,type_13,NA,3,3.68571,val,other,41.679333,-1.6653169
TID2013,i25_14_1,I25,/data/projectwork/swati_mam/new model data/tid2013/tid2013/distorted_images/i25_14_1.bmp,/data/projectwork/swati_mam/new model data/tid2013/tid2013/reference_images/i25.bmp,type_14,NA,1,5.71429,val,other,47.73121,3.488346
TID2013,i25_15_1,I25,/data/projectwork/swati_mam/new model data/tid2013/tid2013/distorted_images/i25_15_1.bmp,/data/projectwork/swati_mam/new model data/tid2013/tid2013/reference_images/i25.bmp,type_15,NA,1,3.2777800000000004,val,other,29.778694,-4.514372
TID2013,i25_15_4,I25,/data/projectwork/swati_mam/new model data/tid2013/tid2013/distorted_images/i25_15_4.bmp,/data/projectwork/swati_mam/new model data/tid2013/tid2013/reference_images/i25.bmp,type_15,NA,4,3.97059,val,other,42.542526,-1.1570705
TID2013,i25_15_5,I25,/data/projectwork/swati_mam/new model data/tid2013/tid2013/distorted_images/i25_15_5.bmp,/data/projectwork/swati_mam/new model data/tid2013/tid2013/reference_images/i25.bmp,type_15,NA,5,4.14286,val,other,42.264797,-1.181827
TID2013,i25_16_2,I25,/data/projectwork/swati_mam/new model data/tid2013/tid2013/distorted_images/i25_16_2.bmp,/data/projectwork/swati_mam/new model data/tid2013/tid2013/reference_images/i25.bmp,type_16,NA,2,6.41667,val,other,47.26361,2.9223402
TID2013,i25_16_3,I25,/data/projectwork/swati_mam/new model data/tid2013/tid2013/distorted_images/i25_16_3.bmp,/data/projectwork/swati_mam/new model data/tid2013/tid2013/reference_images/i25.bmp,type_16,NA,3,5.7714300000000005,val,other,43.342022,-1.4500823
TID2013,i25_16_5,I25,/data/projectwork/swati_mam/new model data/tid2013/tid2013/distorted_images/i25_16_5.bmp,/data/projectwork/swati_mam/new model data/tid2013/tid2013/reference_images/i25.bmp,type_16,NA,5,4.4705900000000005,val,other,29.591175,-4.681143
TID2013,i25_17_1,I25,/data/projectwork/swati_mam/new model data/tid2013/tid2013/distorted_images/i25_17_1.bmp,/data/projectwork/swati_mam/new model data/tid2013/tid2013/reference_images/i25.bmp,type_17,NA,1,5.61111,val,other,45.919827,0.24352372
TID2013,i25_17_3,I25,/data/projectwork/swati_mam/new model data/tid2013/tid2013/distorted_images/i25_17_3.bmp,/data/projectwork/swati_mam/new model data/tid2013/tid2013/reference_images/i25.bmp,type_17,NA,3,4.48571,val,other,39.918186,-2.234023
TID2013,i25_17_4,I25,/data/projectwork/swati_mam/new model data/tid2013/tid2013/distorted_images/i25_17_4.bmp,/data/projectwork/swati_mam/new model data/tid2013/tid2013/reference_images/i25.bmp,type_17,NA,4,6.38889,val,other,45.52596,1.8028951
TID2013,i25_18_1,I25,/data/projectwork/swati_mam/new model data/tid2013/tid2013/distorted_images/i25_18_1.bmp,/data/projectwork/swati_mam/new model data/tid2013/tid2013/reference_images/i25.bmp,type_18,NA,1,5.61111,val,other,48.738846,5.7766843
TID2013,i25_18_2,I25,/data/projectwork/swati_mam/new model data/tid2013/tid2013/distorted_images/i25_18_2.bmp,/data/projectwork/swati_mam/new model data/tid2013/tid2013/reference_images/i25.bmp,type_18,NA,2,5.05882,val,other,48.88031,6.2008333
TID2013,i25_18_5,I25,/data/projectwork/swati_mam/new model data/tid2013/tid2013/distorted_images/i25_18_5.bmp,/data/projectwork/swati_mam/new model data/tid2013/tid2013/reference_images/i25.bmp,type_18,NA,5,2.67647,val,other,49.38238,18.543028
TID2013,i25_19_3,I25,/data/projectwork/swati_mam/new model data/tid2013/tid2013/distorted_images/i25_19_3.bmp,/data/projectwork/swati_mam/new model data/tid2013/tid2013/reference_images/i25.bmp,type_19,NA,3,3.83333,val,noise,46.568623,1.5189202
TID2013,i25_20_1,I25,/data/projectwork/swati_mam/new model data/tid2013/tid2013/distorted_images/i25_20_1.bmp,/data/projectwork/swati_mam/new model data/tid2013/tid2013/reference_images/i25.bmp,type_20,NA,1,5.67647,val,noise,45.755173,1.115071
TID2013,i25_20_2,I25,/data/projectwork/swati_mam/new model data/tid2013/tid2013/distorted_images/i25_20_2.bmp,/data/projectwork/swati_mam/new model data/tid2013/tid2013/reference_images/i25.bmp,type_20,NA,2,5.54286,val,noise,43.213512,-1.3645645
TID2013,i25_20_3,I25,/data/projectwork/swati_mam/new model data/tid2013/tid2013/distorted_images/i25_20_3.bmp,/data/projectwork/swati_mam/new model data/tid2013/tid2013/reference_images/i25.bmp,type_20,NA,3,5.0,val,noise,42.92757,-0.94272345
TID2013,i25_20_4,I25,/data/projectwork/swati_mam/new model data/tid2013/tid2013/distorted_images/i25_20_4.bmp,/data/projectwork/swati_mam/new model data/tid2013/tid2013/reference_images/i25.bmp,type_20,NA,4,4.97222,val,noise,42.753204,-1.5988511
TID2013,i25_21_1,I25,/data/projectwork/swati_mam/new model data/tid2013/tid2013/distorted_images/i25_21_1.bmp,/data/projectwork/swati_mam/new model data/tid2013/tid2013/reference_images/i25.bmp,type_21,NA,1,5.17143,val,other,44.536324,-0.18209317
TID2013,i25_22_1,I25,/data/projectwork/swati_mam/new model data/tid2013/tid2013/distorted_images/i25_22_1.bmp,/data/projectwork/swati_mam/new model data/tid2013/tid2013/reference_images/i25.bmp,type_22,NA,1,4.80556,val,other,48.507847,4.6542883
TID2013,i25_22_2,I25,/data/projectwork/swati_mam/new model data/tid2013/tid2013/distorted_images/i25_22_2.bmp,/data/projectwork/swati_mam/new model data/tid2013/tid2013/reference_images/i25.bmp,type_22,NA,2,4.25,val,other,48.548355,4.8354707
TID2013,i25_22_3,I25,/data/projectwork/swati_mam/new model data/tid2013/tid2013/distorted_images/i25_22_3.bmp,/data/projectwork/swati_mam/new model data/tid2013/tid2013/reference_images/i25.bmp,type_22,NA,3,3.79412,val,other,48.07691,4.139013
TID2013,i25_22_4,I25,/data/projectwork/swati_mam/new model data/tid2013/tid2013/distorted_images/i25_22_4.bmp,/data/projectwork/swati_mam/new model data/tid2013/tid2013/reference_images/i25.bmp,type_22,NA,4,3.4,val,other,46.993587,3.3565488
TID2013,i25_22_5,I25,/data/projectwork/swati_mam/new model data/tid2013/tid2013/distorted_images/i25_22_5.bmp,/data/projectwork/swati_mam/new model data/tid2013/tid2013/reference_images/i25.bmp,type_22,NA,5,2.79412,val,other,42.28017,-1.854045
TID2013,i25_23_1,I25,/data/projectwork/swati_mam/new model data/tid2013/tid2013/distorted_images/i25_23_1.bmp,/data/projectwork/swati_mam/new model data/tid2013/tid2013/reference_images/i25.bmp,type_23,NA,1,6.30556,val,blur,48.518604,5.3101406
TID2013,i25_23_2,I25,/data/projectwork/swati_mam/new model data/tid2013/tid2013/distorted_images/i25_23_2.bmp,/data/projectwork/swati_mam/new model data/tid2013/tid2013/reference_images/i25.bmp,type_23,NA,2,6.27778,val,blur,48.338627,5.302091
TID2013,i25_23_3,I25,/data/projectwork/swati_mam/new model data/tid2013/tid2013/distorted_images/i25_23_3.bmp,/data/projectwork/swati_mam/new model data/tid2013/tid2013/reference_images/i25.bmp,type_23,NA,3,6.17143,val,blur,47.997776,4.6033635
TID2013,i25_23_4,I25,/data/projectwork/swati_mam/new model data/tid2013/tid2013/distorted_images/i25_23_4.bmp,/data/projectwork/swati_mam/new model data/tid2013/tid2013/reference_images/i25.bmp,type_23,NA,4,6.14286,val,blur,46.965687,3.230926
TID2013,i25_23_5,I25,/data/projectwork/swati_mam/new model data/tid2013/tid2013/distorted_images/i25_23_5.bmp,/data/projectwork/swati_mam/new model data/tid2013/tid2013/reference_images/i25.bmp,type_23,NA,5,5.971430000000001,val,blur,46.295628,0.87124527
TID2013,i25_24_1,I25,/data/projectwork/swati_mam/new model data/tid2013/tid2013/distorted_images/i25_24_1.bmp,/data/projectwork/swati_mam/new model data/tid2013/tid2013/reference_images/i25.bmp,type_24,NA,1,5.65714,val,other,47.59006,3.1700552
TID2013,i25_24_4,I25,/data/projectwork/swati_mam/new model data/tid2013/tid2013/distorted_images/i25_24_4.bmp,/data/projectwork/swati_mam/new model data/tid2013/tid2013/reference_images/i25.bmp,type_24,NA,4,4.02778,val,other,44.975803,0.63168615
