dataset,image_id,ref_id,distorted_path,ref_path,distortion_type,distortion_code,severity_or_level,mos_or_dmos,split,group,tsne_x,tsne_y
KADID-10k,I26_16_03,I26,/data/projectwork/swati_mam/new model data/kadid10k/images/I26_16_03.png,/data/projectwork/swati_mam/kadid10k/images/I26.png,Brighten,NA,3,3.57,val,other,52.64069,-1.8965536
KADID-10k,I26_16_04,I26,/data/projectwork/swati_mam/new model data/kadid10k/images/I26_16_04.png,/data/projectwork/swati_mam/kadid10k/images/I26.png,Brighten,NA,4,2.93,val,other,51.59306,-0.84672946
KADID-10k,I26_23_01,I26,/data/projectwork/swati_mam/new model data/kadid10k/images/I26_23_01.png,/data/projectwork/swati_mam/kadid10k/images/I26.png,Color block,NA,1,2.47,val,other,54.738377,-3.3828626
KADID-10k,I26_23_02,I26,/data/projectwork/swati_mam/new model data/kadid10k/images/I26_23_02.png,/data/projectwork/swati_mam/kadid10k/images/I26.png,Color block,NA,2,2.2,val,other,54.263527,-2.947966
KADID-10k,I26_23_03,I26,/data/projectwork/swati_mam/new model data/kadid10k/images/I26_23_03.png,/data/projectwork/swati_mam/kadid10k/images/I26.png,Color block,NA,3,2.67,val,other,53.69783,-2.7739491
KADID-10k,I26_04_01,I26,/data/projectwork/swati_mam/new model data/kadid10k/images/I26_04_01.png,/data/projectwork/swati_mam/kadid10k/images/I26.png,Color diffusion,NA,1,4.8,val,other,55.431908,-4.2655287
KADID-10k,I26_04_03,I26,/data/projectwork/swati_mam/new model data/kadid10k/images/I26_04_03.png,/data/projectwork/swati_mam/kadid10k/images/I26.png,Color diffusion,NA,3,2.9,val,other,-22.690287,5.0653586
KADID-10k,I26_06_01,I26,/data/projectwork/swati_mam/new model data/kadid10k/images/I26_06_01.png,/data/projectwork/swati_mam/kadid10k/images/I26.png,Color quantization,NA,1,4.57,val,other,48.093708,2.466322
KADID-10k,I26_06_04,I26,/data/projectwork/swati_mam/new model data/kadid10k/images/I26_06_04.png,/data/projectwork/swati_mam/kadid10k/images/I26.png,Color quantization,NA,4,3.53,val,other,27.937582,3.3649967
KADID-10k,I26_07_04,I26,/data/projectwork/swati_mam/new model data/kadid10k/images/I26_07_04.png,/data/projectwork/swati_mam/kadid10k/images/I26.png,Color saturation 1,NA,4,2.47,val,other,55.420708,-4.027168
KADID-10k,I26_07_05,I26,/data/projectwork/swati_mam/new model data/kadid10k/images/I26_07_05.png,/data/projectwork/swati_mam/kadid10k/images/I26.png,Color saturation 1,NA,5,2.6,val,other,49.530415,1.5441756
KADID-10k,I26_08_01,I26,/data/projectwork/swati_mam/new model data/kadid10k/images/I26_08_01.png,/data/projectwork/swati_mam/kadid10k/images/I26.png,Color saturation 2,NA,1,4.67,val,other,53.93313,-2.7925494
KADID-10k,I26_08_03,I26,/data/projectwork/swati_mam/new model data/kadid10k/images/I26_08_03.png,/data/projectwork/swati_mam/kadid10k/images/I26.png,Color saturation 2,NA,3,3.53,val,other,-21.82697,-1.6385022
KADID-10k,I26_08_05,I26,/data/projectwork/swati_mam/new model data/kadid10k/images/I26_08_05.png,/data/projectwork/swati_mam/kadid10k/images/I26.png,Color saturation 2,NA,5,1.77,val,other,-51.235157,11.200925
KADID-10k,I26_05_01,I26,/data/projectwork/swati_mam/new model data/kadid10k/images/I26_05_01.png,/data/projectwork/swati_mam/kadid10k/images/I26.png,Color shift,NA,1,4.43,val,other,52.421116,-1.6321987
KADID-10k,I26_05_02,I26,/data/projectwork/swati_mam/new model data/kadid10k/images/I26_05_02.png,/data/projectwork/swati_mam/kadid10k/images/I26.png,Color shift,NA,2,2.64,val,other,1.4682033,-19.626175
KADID-10k,I26_05_03,I26,/data/projectwork/swati_mam/new model data/kadid10k/images/I26_05_03.png,/data/projectwork/swati_mam/kadid10k/images/I26.png,Color shift,NA,3,1.57,val,other,24.267752,2.559352
KADID-10k,I26_25_05,I26,/data/projectwork/swati_mam/new model data/kadid10k/images/I26_25_05.png,/data/projectwork/swati_mam/kadid10k/images/I26.png,Contrast change,NA,5,3.03,val,other,49.124245,1.7673844
KADID-10k,I26_17_02,I26,/data/projectwork/swati_mam/new model data/kadid10k/images/I26_17_02.png,/data/projectwork/swati_mam/kadid10k/images/I26.png,Darken,NA,2,4.37,val,other,54.40138,-2.763995
KADID-10k,I26_17_04,I26,/data/projectwork/swati_mam/new model data/kadid10k/images/I26_17_04.png,/data/projectwork/swati_mam/kadid10k/images/I26.png,Darken,NA,4,3.37,val,other,50.56651,0.23710023
KADID-10k,I26_17_05,I26,/data/projectwork/swati_mam/new model data/kadid10k/images/I26_17_05.png,/data/projectwork/swati_mam/kadid10k/images/I26.png,Darken,NA,5,1.77,val,other,-8.700885,-23.479229
KADID-10k,I26_15_04,I26,/data/projectwork/swati_mam/new model data/kadid10k/images/I26_15_04.png,/data/projectwork/swati_mam/kadid10k/images/I26.png,Denoise,NA,4,2.07,val,noise,-18.582397,-6.6879373
KADID-10k,I26_15_05,I26,/data/projectwork/swati_mam/new model data/kadid10k/images/I26_15_05.png,/data/projectwork/swati_mam/kadid10k/images/I26.png,Denoise,NA,5,1.47,val,noise,-41.19196,19.055841
KADID-10k,I26_01_02,I26,/data/projectwork/swati_mam/new model data/kadid10k/images/I26_01_02.png,/data/projectwork/swati_mam/kadid10k/images/I26.png,Gaussian blur,NA,2,4.43,val,blur,49.88408,0.65405995
KADID-10k,I26_01_05,I26,/data/projectwork/swati_mam/new model data/kadid10k/images/I26_01_05.png,/data/projectwork/swati_mam/kadid10k/images/I26.png,Gaussian blur,NA,5,1.3,val,blur,-41.791134,19.013655
KADID-10k,I26_24_02,I26,/data/projectwork/swati_mam/new model data/kadid10k/images/I26_24_02.png,/data/projectwork/swati_mam/kadid10k/images/I26.png,High sharpen,NA,2,2.81,val,HF/sharpen,58.11581,-7.580732
KADID-10k,I26_24_04,I26,/data/projectwork/swati_mam/new model data/kadid10k/images/I26_24_04.png,/data/projectwork/swati_mam/kadid10k/images/I26.png,High sharpen,NA,4,1.53,val,HF/sharpen,43.962536,7.565219
KADID-10k,I26_24_05,I26,/data/projectwork/swati_mam/new model data/kadid10k/images/I26_24_05.png,/data/projectwork/swati_mam/kadid10k/images/I26.png,High sharpen,NA,5,1.43,val,HF/sharpen,19.849222,2.0238094
KADID-10k,I26_13_04,I26,/data/projectwork/swati_mam/new model data/kadid10k/images/I26_13_04.png,/data/projectwork/swati_mam/kadid10k/images/I26.png,Impulse noise,NA,4,2.29,val,noise,17.396214,-10.715476
KADID-10k,I26_10_01,I26,/data/projectwork/swati_mam/new model data/kadid10k/images/I26_10_01.png,/data/projectwork/swati_mam/kadid10k/images/I26.png,JPEG,NA,1,4.6,val,other,48.529682,2.4335938
KADID-10k,I26_10_02,I26,/data/projectwork/swati_mam/new model data/kadid10k/images/I26_10_02.png,/data/projectwork/swati_mam/kadid10k/images/I26.png,JPEG,NA,2,4.1,val,other,48.175568,2.9696414
KADID-10k,I26_10_03,I26,/data/projectwork/swati_mam/new model data/kadid10k/images/I26_10_03.png,/data/projectwork/swati_mam/kadid10k/images/I26.png,JPEG,NA,3,3.93,val,other,40.109997,4.6441307
KADID-10k,I26_10_05,I26,/data/projectwork/swati_mam/new model data/kadid10k/images/I26_10_05.png,/data/projectwork/swati_mam/kadid10k/images/I26.png,JPEG,NA,5,1.5,val,other,-22.894045,11.154502
KADID-10k,I26_09_01,I26,/data/projectwork/swati_mam/new model data/kadid10k/images/I26_09_01.png,/data/projectwork/swati_mam/kadid10k/images/I26.png,JPEG2000,NA,1,4.57,val,other,53.49651,-2.2860928
KADID-10k,I26_09_02,I26,/data/projectwork/swati_mam/new model data/kadid10k/images/I26_09_02.png,/data/projectwork/swati_mam/kadid10k/images/I26.png,JPEG2000,NA,2,4.63,val,other,53.477646,-2.3485327
KADID-10k,I26_09_04,I26,/data/projectwork/swati_mam/new model data/kadid10k/images/I26_09_04.png,/data/projectwork/swati_mam/kadid10k/images/I26.png,JPEG2000,NA,4,2.67,val,other,23.453966,-0.82737887
KADID-10k,I26_19_02,I26,/data/projectwork/swati_mam/new model data/kadid10k/images/I26_19_02.png,/data/projectwork/swati_mam/kadid10k/images/I26.png,Jitter,NA,2,3.6,val,other,49.747356,1.1224265
KADID-10k,I26_19_04,I26,/data/projectwork/swati_mam/new model data/kadid10k/images/I26_19_04.png,/data/projectwork/swati_mam/kadid10k/images/I26.png,Jitter,NA,4,1.77,val,other,-10.178184,-22.849964
KADID-10k,I26_02_02,I26,/data/projectwork/swati_mam/new model data/kadid10k/images/I26_02_02.png,/data/projectwork/swati_mam/kadid10k/images/I26.png,Lens blur,NA,2,2.67,val,blur,23.720446,-0.7522579
KADID-10k,I26_02_04,I26,/data/projectwork/swati_mam/new model data/kadid10k/images/I26_02_04.png,/data/projectwork/swati_mam/kadid10k/images/I26.png,Lens blur,NA,4,1.57,val,blur,-23.057528,9.8693495
KADID-10k,I26_02_05,I26,/data/projectwork/swati_mam/new model data/kadid10k/images/I26_02_05.png,/data/projectwork/swati_mam/kadid10k/images/I26.png,Lens blur,NA,5,1.27,val,blur,-30.871126,13.61749
KADID-10k,I26_18_01,I26,/data/projectwork/swati_mam/new model data/kadid10k/images/I26_18_01.png,/data/projectwork/swati_mam/kadid10k/images/I26.png,Mean shift,NA,1,4.5,val,other,56.33582,-5.7151504
KADID-10k,I26_18_02,I26,/data/projectwork/swati_mam/new model data/kadid10k/images/I26_18_02.png,/data/projectwork/swati_mam/kadid10k/images/I26.png,Mean shift,NA,2,4.57,val,other,55.964535,-5.1391015
KADID-10k,I26_18_04,I26,/data/projectwork/swati_mam/new model data/kadid10k/images/I26_18_04.png,/data/projectwork/swati_mam/kadid10k/images/I26.png,Mean shift,NA,4,4.23,val,other,51.02744,-0.43411362
KADID-10k,I26_14_02,I26,/data/projectwork/swati_mam/new model data/kadid10k/images/I26_14_02.png,/data/projectwork/swati_mam/kadid10k/images/I26.png,Multiplicative noise,NA,2,3.84,val,noise,40.06854,4.6176443
KADID-10k,I26_14_05,I26,/data/projectwork/swati_mam/new model data/kadid10k/images/I26_14_05.png,/data/projectwork/swati_mam/kadid10k/images/I26.png,Multiplicative noise,NA,5,2.23,val,noise,-23.10954,11.281627
KADID-10k,I26_20_01,I26,/data/projectwork/swati_mam/new model data/kadid10k/images/I26_20_01.png,/data/projectwork/swati_mam/kadid10k/images/I26.png,Non-eccentricity patch,NA,1,4.23,val,other,54.298946,-2.5573528
KADID-10k,I26_20_02,I26,/data/projectwork/swati_mam/new model data/kadid10k/images/I26_20_02.png,/data/projectwork/swati_mam/kadid10k/images/I26.png,Non-eccentricity patch,NA,2,3.9,val,other,51.289413,-0.9108003
KADID-10k,I26_21_01,I26,/data/projectwork/swati_mam/new model data/kadid10k/images/I26_21_01.png,/data/projectwork/swati_mam/kadid10k/images/I26.png,Pixelate,NA,1,3.1,val,other,50.5415,-0.046221796
KADID-10k,I26_21_03,I26,/data/projectwork/swati_mam/new model data/kadid10k/images/I26_21_03.png,/data/projectwork/swati_mam/kadid10k/images/I26.png,Pixelate,NA,3,2.43,val,other,22.94401,-0.8918333
KADID-10k,I26_21_05,I26,/data/projectwork/swati_mam/new model data/kadid10k/images/I26_21_05.png,/data/projectwork/swati_mam/kadid10k/images/I26.png,Pixelate,NA,5,1.43,val,other,10.490395,-7.443854
KADID-10k,I26_22_02,I26,/data/projectwork/swati_mam/new model data/kadid10k/images/I26_22_02.png,/data/projectwork/swati_mam/kadid10k/images/I26.png,Quantization,NA,2,4.47,val,other,52.25571,-1.6612663
KADID-10k,I26_22_04,I26,/data/projectwork/swati_mam/new model data/kadid10k/images/I26_22_04.png,/data/projectwork/swati_mam/kadid10k/images/I26.png,Quantization,NA,4,3.8,val,other,49.321968,0.75894785
KADID-10k,I26_11_01,I26,/data/projectwork/swati_mam/new model data/kadid10k/images/I26_11_01.png,/data/projectwork/swati_mam/kadid10k/images/I26.png,White noise,NA,1,3.9,val,noise,39.143364,4.799129
KADID-10k,I26_11_04,I26,/data/projectwork/swati_mam/new model data/kadid10k/images/I26_11_04.png,/data/projectwork/swati_mam/kadid10k/images/I26.png,White noise,NA,4,2.8,val,noise,-14.016432,-19.163588
KADID-10k,I26_12_04,I26,/data/projectwork/swati_mam/new model data/kadid10k/images/I26_12_04.png,/data/projectwork/swati_mam/kadid10k/images/I26.png,White noise in color component,NA,4,2.8,val,noise,-21.18001,4.1394625
KADID-10k,I26_12_05,I26,/data/projectwork/swati_mam/new model data/kadid10k/images/I26_12_05.png,/data/projectwork/swati_mam/kadid10k/images/I26.png,White noise in color component,NA,5,2.3,val,noise,-49.6278,12.990149
KADID-10k,I27_16_02,I27,/data/projectwork/swati_mam/new model data/kadid10k/images/I27_16_02.png,/data/projectwork/swati_mam/kadid10k/images/I27.png,Brighten,NA,2,3.7,val,other,-11.182751,-10.740916
KADID-10k,I27_16_04,I27,/data/projectwork/swati_mam/new model data/kadid10k/images/I27_16_04.png,/data/projectwork/swati_mam/kadid10k/images/I27.png,Brighten,NA,4,1.8,val,other,-47.25516,17.85802
KADID-10k,I27_16_05,I27,/data/projectwork/swati_mam/new model data/kadid10k/images/I27_16_05.png,/data/projectwork/swati_mam/kadid10k/images/I27.png,Brighten,NA,5,1.47,val,other,-51.242855,6.5958924
KADID-10k,I27_23_02,I27,/data/projectwork/swati_mam/new model data/kadid10k/images/I27_23_02.png,/data/projectwork/swati_mam/kadid10k/images/I27.png,Color block,NA,2,2.4,val,other,-16.664713,-10.308879
KADID-10k,I27_04_01,I27,/data/projectwork/swati_mam/new model data/kadid10k/images/I27_04_01.png,/data/projectwork/swati_mam/kadid10k/images/I27.png,Color diffusion,NA,1,4.1,val,other,-3.8725693,-9.838565
KADID-10k,I27_04_02,I27,/data/projectwork/swati_mam/new model data/kadid10k/images/I27_04_02.png,/data/projectwork/swati_mam/kadid10k/images/I27.png,Color diffusion,NA,2,2.27,val,other,-25.982449,16.68574
KADID-10k,I27_04_04,I27,/data/projectwork/swati_mam/new model data/kadid10k/images/I27_04_04.png,/data/projectwork/swati_mam/kadid10k/images/I27.png,Color diffusion,NA,4,1.17,val,other,-55.297646,1.3439373
KADID-10k,I27_04_05,I27,/data/projectwork/swati_mam/new model data/kadid10k/images/I27_04_05.png,/data/projectwork/swati_mam/kadid10k/images/I27.png,Color diffusion,NA,5,1.27,val,other,-57.52951,-1.7850034
KADID-10k,I27_06_01,I27,/data/projectwork/swati_mam/new model data/kadid10k/images/I27_06_01.png,/data/projectwork/swati_mam/kadid10k/images/I27.png,Color quantization,NA,1,4.37,val,other,-8.570732,-11.0052
KADID-10k,I27_06_02,I27,/data/projectwork/swati_mam/new model data/kadid10k/images/I27_06_02.png,/data/projectwork/swati_mam/kadid10k/images/I27.png,Color quantization,NA,2,4.1,val,other,-10.930581,-10.470523
KADID-10k,I27_06_03,I27,/data/projectwork/swati_mam/new model data/kadid10k/images/I27_06_03.png,/data/projectwork/swati_mam/kadid10k/images/I27.png,Color quantization,NA,3,3.53,val,other,-11.998969,-9.754768
KADID-10k,I27_06_05,I27,/data/projectwork/swati_mam/new model data/kadid10k/images/I27_06_05.png,/data/projectwork/swati_mam/kadid10k/images/I27.png,Color quantization,NA,5,2.17,val,other,-46.91857,18.299683
KADID-10k,I27_07_03,I27,/data/projectwork/swati_mam/new model data/kadid10k/images/I27_07_03.png,/data/projectwork/swati_mam/kadid10k/images/I27.png,Color saturation 1,NA,3,1.67,val,other,-26.63405,17.407358
KADID-10k,I27_07_04,I27,/data/projectwork/swati_mam/new model data/kadid10k/images/I27_07_04.png,/data/projectwork/swati_mam/kadid10k/images/I27.png,Color saturation 1,NA,4,2.0,val,other,-35.5927,14.964603
KADID-10k,I27_05_01,I27,/data/projectwork/swati_mam/new model data/kadid10k/images/I27_05_01.png,/data/projectwork/swati_mam/kadid10k/images/I27.png,Color shift,NA,1,4.0,val,other,-0.22984238,-7.7617292
KADID-10k,I27_05_02,I27,/data/projectwork/swati_mam/new model data/kadid10k/images/I27_05_02.png,/data/projectwork/swati_mam/kadid10k/images/I27.png,Color shift,NA,2,1.93,val,other,-9.390964,-10.964863
KADID-10k,I27_05_04,I27,/data/projectwork/swati_mam/new model data/kadid10k/images/I27_05_04.png,/data/projectwork/swati_mam/kadid10k/images/I27.png,Color shift,NA,4,1.63,val,other,-11.828941,-9.985875
KADID-10k,I27_25_03,I27,/data/projectwork/swati_mam/new model data/kadid10k/images/I27_25_03.png,/data/projectwork/swati_mam/kadid10k/images/I27.png,Contrast change,NA,3,4.03,val,other,-0.122710615,-7.2477503
KADID-10k,I27_25_04,I27,/data/projectwork/swati_mam/new model data/kadid10k/images/I27_25_04.png,/data/projectwork/swati_mam/kadid10k/images/I27.png,Contrast change,NA,4,4.0,val,other,-1.2013228,-8.601446
KADID-10k,I27_25_05,I27,/data/projectwork/swati_mam/new model data/kadid10k/images/I27_25_05.png,/data/projectwork/swati_mam/kadid10k/images/I27.png,Contrast change,NA,5,3.07,val,other,-9.371967,-11.784755
KADID-10k,I27_17_03,I27,/data/projectwork/swati_mam/new model data/kadid10k/images/I27_17_03.png,/data/projectwork/swati_mam/kadid10k/images/I27.png,Darken,NA,3,3.97,val,other,22.337193,1.3111922
KADID-10k,I27_17_04,I27,/data/projectwork/swati_mam/new model data/kadid10k/images/I27_17_04.png,/data/projectwork/swati_mam/kadid10k/images/I27.png,Darken,NA,4,3.8,val,other,29.482555,11.004223
KADID-10k,I27_15_01,I27,/data/projectwork/swati_mam/new model data/kadid10k/images/I27_15_01.png,/data/projectwork/swati_mam/kadid10k/images/I27.png,Denoise,NA,1,3.77,val,noise,12.97245,0.14591451
KADID-10k,I27_15_02,I27,/data/projectwork/swati_mam/new model data/kadid10k/images/I27_15_02.png,/data/projectwork/swati_mam/kadid10k/images/I27.png,Denoise,NA,2,2.4,val,noise,-0.23507525,-8.073192
KADID-10k,I27_15_04,I27,/data/projectwork/swati_mam/new model data/kadid10k/images/I27_15_04.png,/data/projectwork/swati_mam/kadid10k/images/I27.png,Denoise,NA,4,1.77,val,noise,-20.458527,0.1001371
KADID-10k,I27_15_05,I27,/data/projectwork/swati_mam/new model data/kadid10k/images/I27_15_05.png,/data/projectwork/swati_mam/kadid10k/images/I27.png,Denoise,NA,5,1.52,val,noise,-52.12945,6.916397
KADID-10k,I27_01_01,I27,/data/projectwork/swati_mam/new model data/kadid10k/images/I27_01_01.png,/data/projectwork/swati_mam/kadid10k/images/I27.png,Gaussian blur,NA,1,4.53,val,blur,0.6802855,-7.19931
KADID-10k,I27_01_03,I27,/data/projectwork/swati_mam/new model data/kadid10k/images/I27_01_03.png,/data/projectwork/swati_mam/kadid10k/images/I27.png,Gaussian blur,NA,3,2.4,val,blur,-8.672466,-11.29891
KADID-10k,I27_01_04,I27,/data/projectwork/swati_mam/new model data/kadid10k/images/I27_01_04.png,/data/projectwork/swati_mam/kadid10k/images/I27.png,Gaussian blur,NA,4,1.67,val,blur,-26.127363,15.419344
KADID-10k,I27_01_05,I27,/data/projectwork/swati_mam/new model data/kadid10k/images/I27_01_05.png,/data/projectwork/swati_mam/kadid10k/images/I27.png,Gaussian blur,NA,5,1.2,val,blur,-52.286854,6.809871
KADID-10k,I27_24_02,I27,/data/projectwork/swati_mam/new model data/kadid10k/images/I27_24_02.png,/data/projectwork/swati_mam/kadid10k/images/I27.png,High sharpen,NA,2,2.1,val,HF/sharpen,-12.55551,-10.181433
KADID-10k,I27_24_03,I27,/data/projectwork/swati_mam/new model data/kadid10k/images/I27_24_03.png,/data/projectwork/swati_mam/kadid10k/images/I27.png,High sharpen,NA,3,1.67,val,HF/sharpen,-20.059172,-1.0659366
KADID-10k,I27_24_05,I27,/data/projectwork/swati_mam/new model data/kadid10k/images/I27_24_05.png,/data/projectwork/swati_mam/kadid10k/images/I27.png,High sharpen,NA,5,1.13,val,HF/sharpen,-33.903378,14.714786
KADID-10k,I27_13_01,I27,/data/projectwork/swati_mam/new model data/kadid10k/images/I27_13_01.png,/data/projectwork/swati_mam/kadid10k/images/I27.png,Impulse noise,NA,1,3.73,val,noise,0.32948065,-7.2818174
KADID-10k,I27_13_04,I27,/data/projectwork/swati_mam/new model data/kadid10k/images/I27_13_04.png,/data/projectwork/swati_mam/kadid10k/images/I27.png,Impulse noise,NA,4,2.3,val,noise,-36.479416,15.179732
KADID-10k,I27_10_03,I27,/data/projectwork/swati_mam/new model data/kadid10k/images/I27_10_03.png,/data/projectwork/swati_mam/kadid10k/images/I27.png,JPEG,NA,3,3.57,val,other,-11.721524,-10.590578
KADID-10k,I27_10_04,I27,/data/projectwork/swati_mam/new model data/kadid10k/images/I27_10_04.png,/data/projectwork/swati_mam/kadid10k/images/I27.png,JPEG,NA,4,1.67,val,other,-41.002663,15.484997
KADID-10k,I27_10_05,I27,/data/projectwork/swati_mam/new model data/kadid10k/images/I27_10_05.png,/data/projectwork/swati_mam/kadid10k/images/I27.png,JPEG,NA,5,1.47,val,other,-52.28185,7.5977817
KADID-10k,I27_09_01,I27,/data/projectwork/swati_mam/new model data/kadid10k/images/I27_09_01.png,/data/projectwork/swati_mam/kadid10k/images/I27.png,JPEG2000,NA,1,4.47,val,other,0.42384362,-7.614629
KADID-10k,I27_09_02,I27,/data/projectwork/swati_mam/new model data/kadid10k/images/I27_09_02.png,/data/projectwork/swati_mam/kadid10k/images/I27.png,JPEG2000,NA,2,4.23,val,other,-0.33896703,-8.018351
KADID-10k,I27_09_04,I27,/data/projectwork/swati_mam/new model data/kadid10k/images/I27_09_04.png,/data/projectwork/swati_mam/kadid10k/images/I27.png,JPEG2000,NA,4,2.37,val,other,-20.920109,0.98427427
KADID-10k,I27_09_05,I27,/data/projectwork/swati_mam/new model data/kadid10k/images/I27_09_05.png,/data/projectwork/swati_mam/kadid10k/images/I27.png,JPEG2000,NA,5,1.17,val,other,-37.04932,15.3736105
KADID-10k,I27_19_04,I27,/data/projectwork/swati_mam/new model data/kadid10k/images/I27_19_04.png,/data/projectwork/swati_mam/kadid10k/images/I27.png,Jitter,NA,4,1.53,val,other,-33.25509,15.22527
KADID-10k,I27_02_04,I27,/data/projectwork/swati_mam/new model data/kadid10k/images/I27_02_04.png,/data/projectwork/swati_mam/kadid10k/images/I27.png,Lens blur,NA,4,1.33,val,blur,-47.828136,15.176753
KADID-10k,I27_02_05,I27,/data/projectwork/swati_mam/new model data/kadid10k/images/I27_02_05.png,/data/projectwork/swati_mam/kadid10k/images/I27.png,Lens blur,NA,5,1.17,val,blur,-51.703568,7.6281157
KADID-10k,I27_18_01,I27,/data/projectwork/swati_mam/new model data/kadid10k/images/I27_18_01.png,/data/projectwork/swati_mam/kadid10k/images/I27.png,Mean shift,NA,1,3.6,val,other,-9.413308,-10.376918
KADID-10k,I27_18_02,I27,/data/projectwork/swati_mam/new model data/kadid10k/images/I27_18_02.png,/data/projectwork/swati_mam/kadid10k/images/I27.png,Mean shift,NA,2,4.03,val,other,-3.426941,-9.927363
KADID-10k,I27_18_03,I27,/data/projectwork/swati_mam/new model data/kadid10k/images/I27_18_03.png,/data/projectwork/swati_mam/kadid10k/images/I27.png,Mean shift,NA,3,4.57,val,other,0.6807764,-7.199911
KADID-10k,I27_18_05,I27,/data/projectwork/swati_mam/new model data/kadid10k/images/I27_18_05.png,/data/projectwork/swati_mam/kadid10k/images/I27.png,Mean shift,NA,5,4.03,val,other,13.22813,0.23194611
KADID-10k,I27_03_01,I27,/data/projectwork/swati_mam/new model data/kadid10k/images/I27_03_01.png,/data/projectwork/swati_mam/kadid10k/images/I27.png,Motion blur,NA,1,4.4,val,blur,0.6807764,-7.199911
KADID-10k,I27_03_04,I27,/data/projectwork/swati_mam/new model data/kadid10k/images/I27_03_04.png,/data/projectwork/swati_mam/kadid10k/images/I27.png,Motion blur,NA,4,1.5,val,blur,12.765601,0.015816813
KADID-10k,I27_14_01,I27,/data/projectwork/swati_mam/new model data/kadid10k/images/I27_14_01.png,/data/projectwork/swati_mam/kadid10k/images/I27.png,Multiplicative noise,NA,1,3.67,val,noise,-4.432489,-10.078463
KADID-10k,I27_14_02,I27,/data/projectwork/swati_mam/new model data/kadid10k/images/I27_14_02.png,/data/projectwork/swati_mam/kadid10k/images/I27.png,Multiplicative noise,NA,2,2.97,val,noise,-19.696196,-0.6741864
KADID-10k,I27_14_03,I27,/data/projectwork/swati_mam/new model data/kadid10k/images/I27_14_03.png,/data/projectwork/swati_mam/kadid10k/images/I27.png,Multiplicative noise,NA,3,2.16,val,noise,-35.41616,14.930815
KADID-10k,I27_14_05,I27,/data/projectwork/swati_mam/new model data/kadid10k/images/I27_14_05.png,/data/projectwork/swati_mam/kadid10k/images/I27.png,Multiplicative noise,NA,5,1.63,val,noise,-57.608273,-2.1144955
KADID-10k,I27_20_02,I27,/data/projectwork/swati_mam/new model data/kadid10k/images/I27_20_02.png,/data/projectwork/swati_mam/kadid10k/images/I27.png,Non-eccentricity patch,NA,2,2.77,val,other,-0.6417988,-8.204929
KADID-10k,I27_20_03,I27,/data/projectwork/swati_mam/new model data/kadid10k/images/I27_20_03.png,/data/projectwork/swati_mam/kadid10k/images/I27.png,Non-eccentricity patch,NA,3,3.47,val,other,0.43212724,-7.822041
KADID-10k,I27_20_04,I27,/data/projectwork/swati_mam/new model data/kadid10k/images/I27_20_04.png,/data/projectwork/swati_mam/kadid10k/images/I27.png,Non-eccentricity patch,NA,4,2.23,val,other,-9.01274,-11.785315
KADID-10k,I27_21_02,I27,/data/projectwork/swati_mam/new model data/kadid10k/images/I27_21_02.png,/data/projectwork/swati_mam/kadid10k/images/I27.png,Pixelate,NA,2,2.13,val,other,-12.208667,-10.483808
KADID-10k,I27_21_04,I27,/data/projectwork/swati_mam/new model data/kadid10k/images/I27_21_04.png,/data/projectwork/swati_mam/kadid10k/images/I27.png,Pixelate,NA,4,1.84,val,other,-20.807022,1.1491735
KADID-10k,I27_22_02,I27,/data/projectwork/swati_mam/new model data/kadid10k/images/I27_22_02.png,/data/projectwork/swati_mam/kadid10k/images/I27.png,Quantization,NA,2,3.7,val,other,-4.08591,-9.969043
KADID-10k,I27_22_03,I27,/data/projectwork/swati_mam/new model data/kadid10k/images/I27_22_03.png,/data/projectwork/swati_mam/kadid10k/images/I27.png,Quantization,NA,3,3.4,val,other,-8.926185,-11.184212
KADID-10k,I27_22_05,I27,/data/projectwork/swati_mam/new model data/kadid10k/images/I27_22_05.png,/data/projectwork/swati_mam/kadid10k/images/I27.png,Quantization,NA,5,1.97,val,other,-10.266886,-10.731596
KADID-10k,I27_11_01,I27,/data/projectwork/swati_mam/new model data/kadid10k/images/I27_11_01.png,/data/projectwork/swati_mam/kadid10k/images/I27.png,White noise,NA,1,3.23,val,noise,-11.82562,-10.353568
KADID-10k,I27_11_03,I27,/data/projectwork/swati_mam/new model data/kadid10k/images/I27_11_03.png,/data/projectwork/swati_mam/kadid10k/images/I27.png,White noise,NA,3,2.63,val,noise,-26.49403,17.374254
KADID-10k,I27_11_04,I27,/data/projectwork/swati_mam/new model data/kadid10k/images/I27_11_04.png,/data/projectwork/swati_mam/kadid10k/images/I27.png,White noise,NA,4,2.33,val,noise,-46.82721,18.392626
KADID-10k,I27_11_05,I27,/data/projectwork/swati_mam/new model data/kadid10k/images/I27_11_05.png,/data/projectwork/swati_mam/kadid10k/images/I27.png,White noise,NA,5,1.87,val,noise,-52.318645,5.9756746
KADID-10k,I27_12_03,I27,/data/projectwork/swati_mam/new model data/kadid10k/images/I27_12_03.png,/data/projectwork/swati_mam/kadid10k/images/I27.png,White noise in color component,NA,3,2.63,val,noise,-26.271065,17.158983
KADID-10k,I28_16_01,I28,/data/projectwork/swati_mam/new model data/kadid10k/images/I28_16_01.png,/data/projectwork/swati_mam/kadid10k/images/I28.png,Brighten,NA,1,4.63,val,other,12.033169,-11.267622
KADID-10k,I28_16_02,I28,/data/projectwork/swati_mam/new model data/kadid10k/images/I28_16_02.png,/data/projectwork/swati_mam/kadid10k/images/I28.png,Brighten,NA,2,4.53,val,other,16.03821,-8.80646
KADID-10k,I28_16_05,I28,/data/projectwork/swati_mam/new model data/kadid10k/images/I28_16_05.png,/data/projectwork/swati_mam/kadid10k/images/I28.png,Brighten,NA,5,2.3,val,other,26.873749,5.742985
KADID-10k,I28_23_02,I28,/data/projectwork/swati_mam/new model data/kadid10k/images/I28_23_02.png,/data/projectwork/swati_mam/kadid10k/images/I28.png,Color block,NA,2,2.03,val,other,7.995463,-14.494079
KADID-10k,I28_23_04,I28,/data/projectwork/swati_mam/new model data/kadid10k/images/I28_23_04.png,/data/projectwork/swati_mam/kadid10k/images/I28.png,Color block,NA,4,2.27,val,other,7.2339134,-14.818717
KADID-10k,I28_23_05,I28,/data/projectwork/swati_mam/new model data/kadid10k/images/I28_23_05.png,/data/projectwork/swati_mam/kadid10k/images/I28.png,Color block,NA,5,2.03,val,other,3.2250242,-18.339365
KADID-10k,I28_04_01,I28,/data/projectwork/swati_mam/new model data/kadid10k/images/I28_04_01.png,/data/projectwork/swati_mam/kadid10k/images/I28.png,Color diffusion,NA,1,4.17,val,other,23.840715,2.9731722
KADID-10k,I28_04_02,I28,/data/projectwork/swati_mam/new model data/kadid10k/images/I28_04_02.png,/data/projectwork/swati_mam/kadid10k/images/I28.png,Color diffusion,NA,2,2.43,val,other,2.7875652,-15.706533
KADID-10k,I28_06_01,I28,/data/projectwork/swati_mam/new model data/kadid10k/images/I28_06_01.png,/data/projectwork/swati_mam/kadid10k/images/I28.png,Color quantization,NA,1,3.73,val,other,-13.36545,-15.876143
KADID-10k,I28_06_02,I28,/data/projectwork/swati_mam/new model data/kadid10k/images/I28_06_02.png,/data/projectwork/swati_mam/kadid10k/images/I28.png,Color quantization,NA,2,3.6,val,other,-20.937368,-10.037227
KADID-10k,I28_07_01,I28,/data/projectwork/swati_mam/new model data/kadid10k/images/I28_07_01.png,/data/projectwork/swati_mam/kadid10k/images/I28.png,Color saturation 1,NA,1,2.47,val,other,3.259764,-25.620459
KADID-10k,I28_07_02,I28,/data/projectwork/swati_mam/new model data/kadid10k/images/I28_07_02.png,/data/projectwork/swati_mam/kadid10k/images/I28.png,Color saturation 1,NA,2,2.4,val,other,-0.49990174,-27.30991
KADID-10k,I28_07_03,I28,/data/projectwork/swati_mam/new model data/kadid10k/images/I28_07_03.png,/data/projectwork/swati_mam/kadid10k/images/I28.png,Color saturation 1,NA,3,1.93,val,other,-0.9884355,-27.151999
KADID-10k,I28_07_04,I28,/data/projectwork/swati_mam/new model data/kadid10k/images/I28_07_04.png,/data/projectwork/swati_mam/kadid10k/images/I28.png,Color saturation 1,NA,4,1.87,val,other,-0.42263162,-27.446966
KADID-10k,I28_07_05,I28,/data/projectwork/swati_mam/new model data/kadid10k/images/I28_07_05.png,/data/projectwork/swati_mam/kadid10k/images/I28.png,Color saturation 1,NA,5,2.0,val,other,-14.903954,-19.494228
KADID-10k,I28_08_01,I28,/data/projectwork/swati_mam/new model data/kadid10k/images/I28_08_01.png,/data/projectwork/swati_mam/kadid10k/images/I28.png,Color saturation 2,NA,1,4.73,val,other,6.9344125,-15.329553
KADID-10k,I28_08_03,I28,/data/projectwork/swati_mam/new model data/kadid10k/images/I28_08_03.png,/data/projectwork/swati_mam/kadid10k/images/I28.png,Color saturation 2,NA,3,2.47,val,other,-14.7014475,-12.981506
KADID-10k,I28_05_02,I28,/data/projectwork/swati_mam/new model data/kadid10k/images/I28_05_02.png,/data/projectwork/swati_mam/kadid10k/images/I28.png,Color shift,NA,2,3.27,val,other,-12.962667,-15.515193
KADID-10k,I28_05_03,I28,/data/projectwork/swati_mam/new model data/kadid10k/images/I28_05_03.png,/data/projectwork/swati_mam/kadid10k/images/I28.png,Color shift,NA,3,3.43,val,other,-23.932302,4.3123965
KADID-10k,I28_25_01,I28,/data/projectwork/swati_mam/new model data/kadid10k/images/I28_25_01.png,/data/projectwork/swati_mam/kadid10k/images/I28.png,Contrast change,NA,1,3.48,val,other,31.356503,7.110133
KADID-10k,I28_25_02,I28,/data/projectwork/swati_mam/new model data/kadid10k/images/I28_25_02.png,/data/projectwork/swati_mam/kadid10k/images/I28.png,Contrast change,NA,2,4.13,val,other,24.228374,3.4124897
KADID-10k,I28_25_03,I28,/data/projectwork/swati_mam/new model data/kadid10k/images/I28_25_03.png,/data/projectwork/swati_mam/kadid10k/images/I28.png,Contrast change,NA,3,4.43,val,other,17.899374,-3.991539
KADID-10k,I28_25_05,I28,/data/projectwork/swati_mam/new model data/kadid10k/images/I28_25_05.png,/data/projectwork/swati_mam/kadid10k/images/I28.png,Contrast change,NA,5,3.73,val,other,-21.493597,-4.7615724
KADID-10k,I28_17_01,I28,/data/projectwork/swati_mam/new model data/kadid10k/images/I28_17_01.png,/data/projectwork/swati_mam/kadid10k/images/I28.png,Darken,NA,1,4.77,val,other,6.1460786,-15.622823
KADID-10k,I28_17_02,I28,/data/projectwork/swati_mam/new model data/kadid10k/images/I28_17_02.png,/data/projectwork/swati_mam/kadid10k/images/I28.png,Darken,NA,2,4.57,val,other,5.4341455,-15.78597
KADID-10k,I28_17_03,I28,/data/projectwork/swati_mam/new model data/kadid10k/images/I28_17_03.png,/data/projectwork/swati_mam/kadid10k/images/I28.png,Darken,NA,3,4.2,val,other,4.8200974,-15.781507
KADID-10k,I28_17_05,I28,/data/projectwork/swati_mam/new model data/kadid10k/images/I28_17_05.png,/data/projectwork/swati_mam/kadid10k/images/I28.png,Darken,NA,5,2.0,val,other,-33.766865,15.35605
KADID-10k,I28_15_02,I28,/data/projectwork/swati_mam/new model data/kadid10k/images/I28_15_02.png,/data/projectwork/swati_mam/kadid10k/images/I28.png,Denoise,NA,2,3.13,val,noise,-8.315371,-18.943731
KADID-10k,I28_15_03,I28,/data/projectwork/swati_mam/new model data/kadid10k/images/I28_15_03.png,/data/projectwork/swati_mam/kadid10k/images/I28.png,Denoise,NA,3,2.27,val,noise,-9.939842,-17.60185
KADID-10k,I28_15_04,I28,/data/projectwork/swati_mam/new model data/kadid10k/images/I28_15_04.png,/data/projectwork/swati_mam/kadid10k/images/I28.png,Denoise,NA,4,1.77,val,noise,-21.61629,-7.935901
KADID-10k,I28_15_05,I28,/data/projectwork/swati_mam/new model data/kadid10k/images/I28_15_05.png,/data/projectwork/swati_mam/kadid10k/images/I28.png,Denoise,NA,5,1.57,val,noise,-22.701584,2.8259244
KADID-10k,I28_01_01,I28,/data/projectwork/swati_mam/new model data/kadid10k/images/I28_01_01.png,/data/projectwork/swati_mam/kadid10k/images/I28.png,Gaussian blur,NA,1,4.57,val,blur,6.9344125,-15.329553
KADID-10k,I28_01_03,I28,/data/projectwork/swati_mam/new model data/kadid10k/images/I28_01_03.png,/data/projectwork/swati_mam/kadid10k/images/I28.png,Gaussian blur,NA,3,4.0,val,blur,-19.828033,-10.148677
KADID-10k,I28_01_04,I28,/data/projectwork/swati_mam/new model data/kadid10k/images/I28_01_04.png,/data/projectwork/swati_mam/kadid10k/images/I28.png,Gaussian blur,NA,4,2.19,val,blur,-25.810682,12.063058
KADID-10k,I28_24_01,I28,/data/projectwork/swati_mam/new model data/kadid10k/images/I28_24_01.png,/data/projectwork/swati_mam/kadid10k/images/I28.png,High sharpen,NA,1,4.2,val,HF/sharpen,33.518562,6.950315
KADID-10k,I28_24_02,I28,/data/projectwork/swati_mam/new model data/kadid10k/images/I28_24_02.png,/data/projectwork/swati_mam/kadid10k/images/I28.png,High sharpen,NA,2,3.0,val,HF/sharpen,33.542484,6.8833714
KADID-10k,I28_24_03,I28,/data/projectwork/swati_mam/new model data/kadid10k/images/I28_24_03.png,/data/projectwork/swati_mam/kadid10k/images/I28.png,High sharpen,NA,3,2.87,val,HF/sharpen,26.496433,2.0340636
KADID-10k,I28_24_04,I28,/data/projectwork/swati_mam/new model data/kadid10k/images/I28_24_04.png,/data/projectwork/swati_mam/kadid10k/images/I28.png,High sharpen,NA,4,2.13,val,HF/sharpen,-1.9815418,-15.656859
KADID-10k,I28_24_05,I28,/data/projectwork/swati_mam/new model data/kadid10k/images/I28_24_05.png,/data/projectwork/swati_mam/kadid10k/images/I28.png,High sharpen,NA,5,1.6,val,HF/sharpen,-2.4512548,-15.740065
KADID-10k,I28_13_01,I28,/data/projectwork/swati_mam/new model data/kadid10k/images/I28_13_01.png,/data/projectwork/swati_mam/kadid10k/images/I28.png,Impulse noise,NA,1,3.13,val,noise,5.788463,-16.279202
KADID-10k,I28_13_02,I28,/data/projectwork/swati_mam/new model data/kadid10k/images/I28_13_02.png,/data/projectwork/swati_mam/kadid10k/images/I28.png,Impulse noise,NA,2,2.83,val,noise,0.042976063,-18.619772
KADID-10k,I28_13_03,I28,/data/projectwork/swati_mam/new model data/kadid10k/images/I28_13_03.png,/data/projectwork/swati_mam/kadid10k/images/I28.png,Impulse noise,NA,3,2.6,val,noise,-13.773123,-15.736353
KADID-10k,I28_13_05,I28,/data/projectwork/swati_mam/new model data/kadid10k/images/I28_13_05.png,/data/projectwork/swati_mam/kadid10k/images/I28.png,Impulse noise,NA,5,2.17,val,noise,-42.014122,17.610044
KADID-10k,I28_10_02,I28,/data/projectwork/swati_mam/new model data/kadid10k/images/I28_10_02.png,/data/projectwork/swati_mam/kadid10k/images/I28.png,JPEG,NA,2,4.13,val,other,7.638747,-15.279353
KADID-10k,I28_10_04,I28,/data/projectwork/swati_mam/new model data/kadid10k/images/I28_10_04.png,/data/projectwork/swati_mam/kadid10k/images/I28.png,JPEG,NA,4,2.03,val,other,-24.263056,7.521115
KADID-10k,I28_10_05,I28,/data/projectwork/swati_mam/new model data/kadid10k/images/I28_10_05.png,/data/projectwork/swati_mam/kadid10k/images/I28.png,JPEG,NA,5,1.3,val,other,-39.96879,18.041752
KADID-10k,I28_09_02,I28,/data/projectwork/swati_mam/new model data/kadid10k/images/I28_09_02.png,/data/projectwork/swati_mam/kadid10k/images/I28.png,JPEG2000,NA,2,4.23,val,other,7.6863112,-14.462424
KADID-10k,I28_09_03,I28,/data/projectwork/swati_mam/new model data/kadid10k/images/I28_09_03.png,/data/projectwork/swati_mam/kadid10k/images/I28.png,JPEG2000,NA,3,4.47,val,other,11.160926,-11.828786
KADID-10k,I28_09_04,I28,/data/projectwork/swati_mam/new model data/kadid10k/images/I28_09_04.png,/data/projectwork/swati_mam/kadid10k/images/I28.png,JPEG2000,NA,4,3.0,val,other,-10.244235,-17.289583
KADID-10k,I28_09_05,I28,/data/projectwork/swati_mam/new model data/kadid10k/images/I28_09_05.png,/data/projectwork/swati_mam/kadid10k/images/I28.png,JPEG2000,NA,5,1.4,val,other,-22.197191,0.29179245
KADID-10k,I28_19_01,I28,/data/projectwork/swati_mam/new model data/kadid10k/images/I28_19_01.png,/data/projectwork/swati_mam/kadid10k/images/I28.png,Jitter,NA,1,4.5,val,other,7.2011237,-15.710725
KADID-10k,I28_19_02,I28,/data/projectwork/swati_mam/new model data/kadid10k/images/I28_19_02.png,/data/projectwork/swati_mam/kadid10k/images/I28.png,Jitter,NA,2,4.43,val,other,3.2302663,-17.83668
KADID-10k,I28_19_03,I28,/data/projectwork/swati_mam/new model data/kadid10k/images/I28_19_03.png,/data/projectwork/swati_mam/kadid10k/images/I28.png,Jitter,NA,3,3.77,val,other,-13.074339,-16.565523
KADID-10k,I28_19_04,I28,/data/projectwork/swati_mam/new model data/kadid10k/images/I28_19_04.png,/data/projectwork/swati_mam/kadid10k/images/I28.png,Jitter,NA,4,2.23,val,other,-23.572567,6.5911713
KADID-10k,I28_19_05,I28,/data/projectwork/swati_mam/new model data/kadid10k/images/I28_19_05.png,/data/projectwork/swati_mam/kadid10k/images/I28.png,Jitter,NA,5,1.53,val,other,-45.917778,13.83555
KADID-10k,I28_02_02,I28,/data/projectwork/swati_mam/new model data/kadid10k/images/I28_02_02.png,/data/projectwork/swati_mam/kadid10k/images/I28.png,Lens blur,NA,2,3.2,val,blur,-21.406778,-8.289084
KADID-10k,I28_02_03,I28,/data/projectwork/swati_mam/new model data/kadid10k/images/I28_02_03.png,/data/projectwork/swati_mam/kadid10k/images/I28.png,Lens blur,NA,3,1.93,val,blur,-29.327238,15.941271
KADID-10k,I28_02_04,I28,/data/projectwork/swati_mam/new model data/kadid10k/images/I28_02_04.png,/data/projectwork/swati_mam/kadid10k/images/I28.png,Lens blur,NA,4,1.67,val,blur,-41.40008,17.025887
KADID-10k,I28_02_05,I28,/data/projectwork/swati_mam/new model data/kadid10k/images/I28_02_05.png,/data/projectwork/swati_mam/kadid10k/images/I28.png,Lens blur,NA,5,1.57,val,blur,-53.96814,6.489517
KADID-10k,I28_18_02,I28,/data/projectwork/swati_mam/new model data/kadid10k/images/I28_18_02.png,/data/projectwork/swati_mam/kadid10k/images/I28.png,Mean shift,NA,2,4.6,val,other,16.975697,-6.018025
KADID-10k,I28_18_05,I28,/data/projectwork/swati_mam/new model data/kadid10k/images/I28_18_05.png,/data/projectwork/swati_mam/kadid10k/images/I28.png,Mean shift,NA,5,4.23,val,other,5.1863146,-15.268776
KADID-10k,I28_03_02,I28,/data/projectwork/swati_mam/new model data/kadid10k/images/I28_03_02.png,/data/projectwork/swati_mam/kadid10k/images/I28.png,Motion blur,NA,2,4.43,val,blur,-9.200524,-18.283775
KADID-10k,I28_03_03,I28,/data/projectwork/swati_mam/new model data/kadid10k/images/I28_03_03.png,/data/projectwork/swati_mam/kadid10k/images/I28.png,Motion blur,NA,3,3.9,val,blur,-9.80756,-17.583496
KADID-10k,I28_03_05,I28,/data/projectwork/swati_mam/new model data/kadid10k/images/I28_03_05.png,/data/projectwork/swati_mam/kadid10k/images/I28.png,Motion blur,NA,5,2.17,val,blur,-25.185068,6.663835
KADID-10k,I28_14_02,I28,/data/projectwork/swati_mam/new model data/kadid10k/images/I28_14_02.png,/data/projectwork/swati_mam/kadid10k/images/I28.png,Multiplicative noise,NA,2,3.97,val,noise,-8.960978,-17.723684
KADID-10k,I28_14_04,I28,/data/projectwork/swati_mam/new model data/kadid10k/images/I28_14_04.png,/data/projectwork/swati_mam/kadid10k/images/I28.png,Multiplicative noise,NA,4,2.73,val,noise,-22.981342,3.6363804
KADID-10k,I28_20_01,I28,/data/projectwork/swati_mam/new model data/kadid10k/images/I28_20_01.png,/data/projectwork/swati_mam/kadid10k/images/I28.png,Non-eccentricity patch,NA,1,4.23,val,other,2.937952,-16.9128
KADID-10k,I28_20_02,I28,/data/projectwork/swati_mam/new model data/kadid10k/images/I28_20_02.png,/data/projectwork/swati_mam/kadid10k/images/I28.png,Non-eccentricity patch,NA,2,3.5,val,other,7.8947144,-14.989763
KADID-10k,I28_20_03,I28,/data/projectwork/swati_mam/new model data/kadid10k/images/I28_20_03.png,/data/projectwork/swati_mam/kadid10k/images/I28.png,Non-eccentricity patch,NA,3,3.37,val,other,2.5844572,-18.028131
KADID-10k,I28_20_04,I28,/data/projectwork/swati_mam/new model data/kadid10k/images/I28_20_04.png,/data/projectwork/swati_mam/kadid10k/images/I28.png,Non-eccentricity patch,NA,4,3.13,val,other,11.499263,-11.818688
KADID-10k,I28_20_05,I28,/data/projectwork/swati_mam/new model data/kadid10k/images/I28_20_05.png,/data/projectwork/swati_mam/kadid10k/images/I28.png,Non-eccentricity patch,NA,5,2.93,val,other,12.245887,-10.917942
KADID-10k,I28_21_01,I28,/data/projectwork/swati_mam/new model data/kadid10k/images/I28_21_01.png,/data/projectwork/swati_mam/kadid10k/images/I28.png,Pixelate,NA,1,4.0,val,other,7.8240013,-15.487615
KADID-10k,I28_21_04,I28,/data/projectwork/swati_mam/new model data/kadid10k/images/I28_21_04.png,/data/projectwork/swati_mam/kadid10k/images/I28.png,Pixelate,NA,4,3.07,val,other,-18.421413,-12.368554
KADID-10k,I28_22_01,I28,/data/projectwork/swati_mam/new model data/kadid10k/images/I28_22_01.png,/data/projectwork/swati_mam/kadid10k/images/I28.png,Quantization,NA,1,4.2,val,other,2.6057243,-17.440933
KADID-10k,I28_22_02,I28,/data/projectwork/swati_mam/new model data/kadid10k/images/I28_22_02.png,/data/projectwork/swati_mam/kadid10k/images/I28.png,Quantization,NA,2,3.53,val,other,0.9678474,-18.089762
KADID-10k,I28_22_03,I28,/data/projectwork/swati_mam/new model data/kadid10k/images/I28_22_03.png,/data/projectwork/swati_mam/kadid10k/images/I28.png,Quantization,NA,3,3.67,val,other,-3.8143737,-18.829027
KADID-10k,I28_22_04,I28,/data/projectwork/swati_mam/new model data/kadid10k/images/I28_22_04.png,/data/projectwork/swati_mam/kadid10k/images/I28.png,Quantization,NA,4,2.93,val,other,-11.151225,-16.441555
KADID-10k,I28_22_05,I28,/data/projectwork/swati_mam/new model data/kadid10k/images/I28_22_05.png,/data/projectwork/swati_mam/kadid10k/images/I28.png,Quantization,NA,5,2.3,val,other,-5.6292734,-18.87067
KADID-10k,I28_11_01,I28,/data/projectwork/swati_mam/new model data/kadid10k/images/I28_11_01.png,/data/projectwork/swati_mam/kadid10k/images/I28.png,White noise,NA,1,4.1,val,noise,0.5963816,-18.497646
KADID-10k,I28_11_02,I28,/data/projectwork/swati_mam/new model data/kadid10k/images/I28_11_02.png,/data/projectwork/swati_mam/kadid10k/images/I28.png,White noise,NA,2,3.47,val,noise,-11.474891,-16.509602
KADID-10k,I28_11_03,I28,/data/projectwork/swati_mam/new model data/kadid10k/images/I28_11_03.png,/data/projectwork/swati_mam/kadid10k/images/I28.png,White noise,NA,3,2.93,val,noise,-19.406292,-11.334214
KADID-10k,I28_11_04,I28,/data/projectwork/swati_mam/new model data/kadid10k/images/I28_11_04.png,/data/projectwork/swati_mam/kadid10k/images/I28.png,White noise,NA,4,2.7,val,noise,-23.250137,2.9732447
KADID-10k,I28_12_01,I28,/data/projectwork/swati_mam/new model data/kadid10k/images/I28_12_01.png,/data/projectwork/swati_mam/kadid10k/images/I28.png,White noise in color component,NA,1,4.47,val,noise,6.2009926,-16.359787
KADID-10k,I28_12_02,I28,/data/projectwork/swati_mam/new model data/kadid10k/images/I28_12_02.png,/data/projectwork/swati_mam/kadid10k/images/I28.png,White noise in color component,NA,2,3.6,val,noise,-8.275316,-18.201906
KADID-10k,I28_12_05,I28,/data/projectwork/swati_mam/new model data/kadid10k/images/I28_12_05.png,/data/projectwork/swati_mam/kadid10k/images/I28.png,White noise in color component,NA,5,2.5,val,noise,-49.882153,11.196439
KADID-10k,I30_16_01,I30,/data/projectwork/swati_mam/new model data/kadid10k/images/I30_16_01.png,/data/projectwork/swati_mam/kadid10k/images/I30.png,Brighten,NA,1,4.63,val,other,-25.728817,10.148651
KADID-10k,I30_16_02,I30,/data/projectwork/swati_mam/new model data/kadid10k/images/I30_16_02.png,/data/projectwork/swati_mam/kadid10k/images/I30.png,Brighten,NA,2,4.2,val,other,-32.58763,17.464052
KADID-10k,I30_16_03,I30,/data/projectwork/swati_mam/new model data/kadid10k/images/I30_16_03.png,/data/projectwork/swati_mam/kadid10k/images/I30.png,Brighten,NA,3,3.6,val,other,-45.431347,15.734458
KADID-10k,I30_23_01,I30,/data/projectwork/swati_mam/new model data/kadid10k/images/I30_23_01.png,/data/projectwork/swati_mam/kadid10k/images/I30.png,Color block,NA,1,2.33,val,other,-24.991293,9.655014
KADID-10k,I30_23_02,I30,/data/projectwork/swati_mam/new model data/kadid10k/images/I30_23_02.png,/data/projectwork/swati_mam/kadid10k/images/I30.png,Color block,NA,2,2.13,val,other,-32.491642,18.33077
KADID-10k,I30_23_03,I30,/data/projectwork/swati_mam/new model data/kadid10k/images/I30_23_03.png,/data/projectwork/swati_mam/kadid10k/images/I30.png,Color block,NA,3,2.27,val,other,-33.75679,18.71611
KADID-10k,I30_23_04,I30,/data/projectwork/swati_mam/new model data/kadid10k/images/I30_23_04.png,/data/projectwork/swati_mam/kadid10k/images/I30.png,Color block,NA,4,2.13,val,other,-39.558002,18.057526
KADID-10k,I30_06_01,I30,/data/projectwork/swati_mam/new model data/kadid10k/images/I30_06_01.png,/data/projectwork/swati_mam/kadid10k/images/I30.png,Color quantization,NA,1,4.4,val,other,-48.640625,12.627695
KADID-10k,I30_06_04,I30,/data/projectwork/swati_mam/new model data/kadid10k/images/I30_06_04.png,/data/projectwork/swati_mam/kadid10k/images/I30.png,Color quantization,NA,4,3.83,val,other,-54.793648,4.3968706
KADID-10k,I30_06_05,I30,/data/projectwork/swati_mam/new model data/kadid10k/images/I30_06_05.png,/data/projectwork/swati_mam/kadid10k/images/I30.png,Color quantization,NA,5,3.13,val,other,-59.084908,-2.416616
KADID-10k,I30_07_04,I30,/data/projectwork/swati_mam/new model data/kadid10k/images/I30_07_04.png,/data/projectwork/swati_mam/kadid10k/images/I30.png,Color saturation 1,NA,4,2.19,val,other,-50.2554,11.809244
KADID-10k,I30_05_01,I30,/data/projectwork/swati_mam/new model data/kadid10k/images/I30_05_01.png,/data/projectwork/swati_mam/kadid10k/images/I30.png,Color shift,NA,1,4.77,val,other,-31.803364,17.912731
KADID-10k,I30_05_04,I30,/data/projectwork/swati_mam/new model data/kadid10k/images/I30_05_04.png,/data/projectwork/swati_mam/kadid10k/images/I30.png,Color shift,NA,4,2.8,val,other,-51.48834,8.985819
KADID-10k,I30_05_05,I30,/data/projectwork/swati_mam/new model data/kadid10k/images/I30_05_05.png,/data/projectwork/swati_mam/kadid10k/images/I30.png,Color shift,NA,5,2.5,val,other,-51.06512,9.049469
KADID-10k,I30_25_01,I30,/data/projectwork/swati_mam/new model data/kadid10k/images/I30_25_01.png,/data/projectwork/swati_mam/kadid10k/images/I30.png,Contrast change,NA,1,3.63,val,other,-56.663845,-0.020381145
KADID-10k,I30_25_02,I30,/data/projectwork/swati_mam/new model data/kadid10k/images/I30_25_02.png,/data/projectwork/swati_mam/kadid10k/images/I30.png,Contrast change,NA,2,4.4,val,other,-52.197147,8.471741
KADID-10k,I30_25_04,I30,/data/projectwork/swati_mam/new model data/kadid10k/images/I30_25_04.png,/data/projectwork/swati_mam/kadid10k/images/I30.png,Contrast change,NA,4,4.4,val,other,-21.486105,-2.4793472
KADID-10k,I30_25_05,I30,/data/projectwork/swati_mam/new model data/kadid10k/images/I30_25_05.png,/data/projectwork/swati_mam/kadid10k/images/I30.png,Contrast change,NA,5,3.73,val,other,-20.756502,-4.9423466
KADID-10k,I30_17_01,I30,/data/projectwork/swati_mam/new model data/kadid10k/images/I30_17_01.png,/data/projectwork/swati_mam/kadid10k/images/I30.png,Darken,NA,1,4.73,val,other,-24.719744,8.694054
KADID-10k,I30_17_02,I30,/data/projectwork/swati_mam/new model data/kadid10k/images/I30_17_02.png,/data/projectwork/swati_mam/kadid10k/images/I30.png,Darken,NA,2,4.5,val,other,-24.570105,8.745805
KADID-10k,I30_17_05,I30,/data/projectwork/swati_mam/new model data/kadid10k/images/I30_17_05.png,/data/projectwork/swati_mam/kadid10k/images/I30.png,Darken,NA,5,2.67,val,other,-57.384914,0.031774756
KADID-10k,I30_15_01,I30,/data/projectwork/swati_mam/new model data/kadid10k/images/I30_15_01.png,/data/projectwork/swati_mam/kadid10k/images/I30.png,Denoise,NA,1,3.87,val,noise,-44.327713,16.464472
KADID-10k,I30_15_02,I30,/data/projectwork/swati_mam/new model data/kadid10k/images/I30_15_02.png,/data/projectwork/swati_mam/kadid10k/images/I30.png,Denoise,NA,2,2.6,val,noise,-49.04003,12.294258
KADID-10k,I30_15_03,I30,/data/projectwork/swati_mam/new model data/kadid10k/images/I30_15_03.png,/data/projectwork/swati_mam/kadid10k/images/I30.png,Denoise,NA,3,2.13,val,noise,-56.94521,2.2894511
KADID-10k,I30_15_04,I30,/data/projectwork/swati_mam/new model data/kadid10k/images/I30_15_04.png,/data/projectwork/swati_mam/kadid10k/images/I30.png,Denoise,NA,4,1.33,val,noise,-58.57174,-1.4104342
KADID-10k,I30_15_05,I30,/data/projectwork/swati_mam/new model data/kadid10k/images/I30_15_05.png,/data/projectwork/swati_mam/kadid10k/images/I30.png,Denoise,NA,5,1.3,val,noise,-59.549007,-2.4614093
KADID-10k,I30_01_01,I30,/data/projectwork/swati_mam/new model data/kadid10k/images/I30_01_01.png,/data/projectwork/swati_mam/kadid10k/images/I30.png,Gaussian blur,NA,1,4.6,val,blur,-25.315258,9.409146
KADID-10k,I30_01_02,I30,/data/projectwork/swati_mam/new model data/kadid10k/images/I30_01_02.png,/data/projectwork/swati_mam/kadid10k/images/I30.png,Gaussian blur,NA,2,4.6,val,blur,-32.06269,17.766874
KADID-10k,I30_01_03,I30,/data/projectwork/swati_mam/new model data/kadid10k/images/I30_01_03.png,/data/projectwork/swati_mam/kadid10k/images/I30.png,Gaussian blur,NA,3,3.93,val,blur,-42.50022,17.051275
KADID-10k,I30_01_04,I30,/data/projectwork/swati_mam/new model data/kadid10k/images/I30_01_04.png,/data/projectwork/swati_mam/kadid10k/images/I30.png,Gaussian blur,NA,4,2.63,val,blur,-50.69321,10.198892
KADID-10k,I30_01_05,I30,/data/projectwork/swati_mam/new model data/kadid10k/images/I30_01_05.png,/data/projectwork/swati_mam/kadid10k/images/I30.png,Gaussian blur,NA,5,1.26,val,blur,-57.081966,1.2041901
KADID-10k,I30_24_01,I30,/data/projectwork/swati_mam/new model data/kadid10k/images/I30_24_01.png,/data/projectwork/swati_mam/kadid10k/images/I30.png,High sharpen,NA,1,4.33,val,HF/sharpen,-23.447365,1.9528807
KADID-10k,I30_24_03,I30,/data/projectwork/swati_mam/new model data/kadid10k/images/I30_24_03.png,/data/projectwork/swati_mam/kadid10k/images/I30.png,High sharpen,NA,3,3.07,val,HF/sharpen,-25.46545,4.485343
KADID-10k,I30_24_04,I30,/data/projectwork/swati_mam/new model data/kadid10k/images/I30_24_04.png,/data/projectwork/swati_mam/kadid10k/images/I30.png,High sharpen,NA,4,2.2,val,HF/sharpen,-29.975395,18.349398
KADID-10k,I30_13_01,I30,/data/projectwork/swati_mam/new model data/kadid10k/images/I30_13_01.png,/data/projectwork/swati_mam/kadid10k/images/I30.png,Impulse noise,NA,1,3.77,val,noise,-25.778036,9.633316
KADID-10k,I30_13_02,I30,/data/projectwork/swati_mam/new model data/kadid10k/images/I30_13_02.png,/data/projectwork/swati_mam/kadid10k/images/I30.png,Impulse noise,NA,2,2.97,val,noise,-48.344917,12.802873
KADID-10k,I30_13_04,I30,/data/projectwork/swati_mam/new model data/kadid10k/images/I30_13_04.png,/data/projectwork/swati_mam/kadid10k/images/I30.png,Impulse noise,NA,4,2.63,val,noise,-59.61094,-2.361339
KADID-10k,I30_13_05,I30,/data/projectwork/swati_mam/new model data/kadid10k/images/I30_13_05.png,/data/projectwork/swati_mam/kadid10k/images/I30.png,Impulse noise,NA,5,2.26,val,noise,-58.89313,-2.6041481
KADID-10k,I30_10_01,I30,/data/projectwork/swati_mam/new model data/kadid10k/images/I30_10_01.png,/data/projectwork/swati_mam/kadid10k/images/I30.png,JPEG,NA,1,4.53,val,other,-34.21219,18.350252
KADID-10k,I30_10_03,I30,/data/projectwork/swati_mam/new model data/kadid10k/images/I30_10_03.png,/data/projectwork/swati_mam/kadid10k/images/I30.png,JPEG,NA,3,4.37,val,other,-46.303146,14.5229645
KADID-10k,I30_09_01,I30,/data/projectwork/swati_mam/new model data/kadid10k/images/I30_09_01.png,/data/projectwork/swati_mam/kadid10k/images/I30.png,JPEG2000,NA,1,4.68,val,other,-25.052338,8.703639
KADID-10k,I30_09_03,I30,/data/projectwork/swati_mam/new model data/kadid10k/images/I30_09_03.png,/data/projectwork/swati_mam/kadid10k/images/I30.png,JPEG2000,NA,3,4.73,val,other,-26.101278,10.044957
KADID-10k,I30_19_01,I30,/data/projectwork/swati_mam/new model data/kadid10k/images/I30_19_01.png,/data/projectwork/swati_mam/kadid10k/images/I30.png,Jitter,NA,1,4.9,val,other,-25.283712,10.199644
KADID-10k,I30_19_02,I30,/data/projectwork/swati_mam/new model data/kadid10k/images/I30_19_02.png,/data/projectwork/swati_mam/kadid10k/images/I30.png,Jitter,NA,2,4.6,val,other,-27.391117,11.039141
KADID-10k,I30_19_04,I30,/data/projectwork/swati_mam/new model data/kadid10k/images/I30_19_04.png,/data/projectwork/swati_mam/kadid10k/images/I30.png,Jitter,NA,4,2.53,val,other,-50.62867,10.794682
KADID-10k,I30_02_03,I30,/data/projectwork/swati_mam/new model data/kadid10k/images/I30_02_03.png,/data/projectwork/swati_mam/kadid10k/images/I30.png,Lens blur,NA,3,2.2,val,blur,-51.66804,9.1367655
KADID-10k,I30_02_04,I30,/data/projectwork/swati_mam/new model data/kadid10k/images/I30_02_04.png,/data/projectwork/swati_mam/kadid10k/images/I30.png,Lens blur,NA,4,1.77,val,blur,-55.641293,3.3913646
KADID-10k,I30_18_02,I30,/data/projectwork/swati_mam/new model data/kadid10k/images/I30_18_02.png,/data/projectwork/swati_mam/kadid10k/images/I30.png,Mean shift,NA,2,4.53,val,other,-25.815191,10.488257
KADID-10k,I30_18_03,I30,/data/projectwork/swati_mam/new model data/kadid10k/images/I30_18_03.png,/data/projectwork/swati_mam/kadid10k/images/I30.png,Mean shift,NA,3,4.83,val,other,-24.991196,9.655107
KADID-10k,I30_18_05,I30,/data/projectwork/swati_mam/new model data/kadid10k/images/I30_18_05.png,/data/projectwork/swati_mam/kadid10k/images/I30.png,Mean shift,NA,5,4.3,val,other,-56.211792,3.699439
KADID-10k,I30_03_01,I30,/data/projectwork/swati_mam/new model data/kadid10k/images/I30_03_01.png,/data/projectwork/swati_mam/kadid10k/images/I30.png,Motion blur,NA,1,4.67,val,blur,-25.2639,9.438566
KADID-10k,I30_03_03,I30,/data/projectwork/swati_mam/new model data/kadid10k/images/I30_03_03.png,/data/projectwork/swati_mam/kadid10k/images/I30.png,Motion blur,NA,3,3.7,val,blur,-39.756264,18.1759
KADID-10k,I30_03_04,I30,/data/projectwork/swati_mam/new model data/kadid10k/images/I30_03_04.png,/data/projectwork/swati_mam/kadid10k/images/I30.png,Motion blur,NA,4,3.0,val,blur,-42.560844,17.16649
KADID-10k,I30_14_02,I30,/data/projectwork/swati_mam/new model data/kadid10k/images/I30_14_02.png,/data/projectwork/swati_mam/kadid10k/images/I30.png,Multiplicative noise,NA,2,3.17,val,noise,-53.497684,7.5141773
KADID-10k,I30_20_03,I30,/data/projectwork/swati_mam/new model data/kadid10k/images/I30_20_03.png,/data/projectwork/swati_mam/kadid10k/images/I30.png,Non-eccentricity patch,NA,3,3.8,val,other,-22.947943,1.6531342
KADID-10k,I30_20_04,I30,/data/projectwork/swati_mam/new model data/kadid10k/images/I30_20_04.png,/data/projectwork/swati_mam/kadid10k/images/I30.png,Non-eccentricity patch,NA,4,3.81,val,other,-41.17316,18.034418
KADID-10k,I30_20_05,I30,/data/projectwork/swati_mam/new model data/kadid10k/images/I30_20_05.png,/data/projectwork/swati_mam/kadid10k/images/I30.png,Non-eccentricity patch,NA,5,3.03,val,other,-34.252033,17.567686
KADID-10k,I30_21_01,I30,/data/projectwork/swati_mam/new model data/kadid10k/images/I30_21_01.png,/data/projectwork/swati_mam/kadid10k/images/I30.png,Pixelate,NA,1,4.27,val,other,-33.214413,17.66667
KADID-10k,I30_21_02,I30,/data/projectwork/swati_mam/new model data/kadid10k/images/I30_21_02.png,/data/projectwork/swati_mam/kadid10k/images/I30.png,Pixelate,NA,2,3.73,val,other,-33.835354,18.2983
KADID-10k,I30_21_03,I30,/data/projectwork/swati_mam/new model data/kadid10k/images/I30_21_03.png,/data/projectwork/swati_mam/kadid10k/images/I30.png,Pixelate,NA,3,3.68,val,other,-44.872337,16.082462
KADID-10k,I30_21_04,I30,/data/projectwork/swati_mam/new model data/kadid10k/images/I30_21_04.png,/data/projectwork/swati_mam/kadid10k/images/I30.png,Pixelate,NA,4,3.73,val,other,-44.13588,16.642948
KADID-10k,I30_22_01,I30,/data/projectwork/swati_mam/new model data/kadid10k/images/I30_22_01.png,/data/projectwork/swati_mam/kadid10k/images/I30.png,Quantization,NA,1,4.3,val,other,-26.326502,10.381999
KADID-10k,I30_22_02,I30,/data/projectwork/swati_mam/new model data/kadid10k/images/I30_22_02.png,/data/projectwork/swati_mam/kadid10k/images/I30.png,Quantization,NA,2,3.67,val,other,-33.26266,17.82834
KADID-10k,I30_11_01,I30,/data/projectwork/swati_mam/new model data/kadid10k/images/I30_11_01.png,/data/projectwork/swati_mam/kadid10k/images/I30.png,White noise,NA,1,3.67,val,noise,-47.730915,13.179628
KADID-10k,I30_11_04,I30,/data/projectwork/swati_mam/new model data/kadid10k/images/I30_11_04.png,/data/projectwork/swati_mam/kadid10k/images/I30.png,White noise,NA,4,2.73,val,noise,-59.855408,-3.1622846
KADID-10k,I30_11_05,I30,/data/projectwork/swati_mam/new model data/kadid10k/images/I30_11_05.png,/data/projectwork/swati_mam/kadid10k/images/I30.png,White noise,NA,5,2.32,val,noise,-60.939957,-3.8657448
KADID-10k,I30_12_01,I30,/data/projectwork/swati_mam/new model data/kadid10k/images/I30_12_01.png,/data/projectwork/swati_mam/kadid10k/images/I30.png,White noise in color component,NA,1,4.43,val,noise,-33.953243,18.217644
KADID-10k,I30_12_03,I30,/data/projectwork/swati_mam/new model data/kadid10k/images/I30_12_03.png,/data/projectwork/swati_mam/kadid10k/images/I30.png,White noise in color component,NA,3,3.03,val,noise,-59.256676,-3.112899
KADID-10k,I35_16_01,I35,/data/projectwork/swati_mam/new model data/kadid10k/images/I35_16_01.png,/data/projectwork/swati_mam/kadid10k/images/I35.png,Brighten,NA,1,4.73,val,other,36.455975,10.753639
KADID-10k,I35_16_04,I35,/data/projectwork/swati_mam/new model data/kadid10k/images/I35_16_04.png,/data/projectwork/swati_mam/kadid10k/images/I35.png,Brighten,NA,4,2.57,val,other,16.768867,1.9531149
KADID-10k,I35_23_01,I35,/data/projectwork/swati_mam/new model data/kadid10k/images/I35_23_01.png,/data/projectwork/swati_mam/kadid10k/images/I35.png,Color block,NA,1,2.6,val,other,40.862362,9.106953
KADID-10k,I35_23_02,I35,/data/projectwork/swati_mam/new model data/kadid10k/images/I35_23_02.png,/data/projectwork/swati_mam/kadid10k/images/I35.png,Color block,NA,2,3.17,val,other,39.25496,10.178841
KADID-10k,I35_23_03,I35,/data/projectwork/swati_mam/new model data/kadid10k/images/I35_23_03.png,/data/projectwork/swati_mam/kadid10k/images/I35.png,Color block,NA,3,2.63,val,other,39.90478,9.831892
KADID-10k,I35_04_04,I35,/data/projectwork/swati_mam/new model data/kadid10k/images/I35_04_04.png,/data/projectwork/swati_mam/kadid10k/images/I35.png,Color diffusion,NA,4,1.97,val,other,-36.137825,13.361205
KADID-10k,I35_04_05,I35,/data/projectwork/swati_mam/new model data/kadid10k/images/I35_04_05.png,/data/projectwork/swati_mam/kadid10k/images/I35.png,Color diffusion,NA,5,1.77,val,other,-36.14279,13.322713
KADID-10k,I35_06_02,I35,/data/projectwork/swati_mam/new model data/kadid10k/images/I35_06_02.png,/data/projectwork/swati_mam/kadid10k/images/I35.png,Color quantization,NA,2,3.93,val,other,15.760095,1.0940351
KADID-10k,I35_06_04,I35,/data/projectwork/swati_mam/new model data/kadid10k/images/I35_06_04.png,/data/projectwork/swati_mam/kadid10k/images/I35.png,Color quantization,NA,4,2.97,val,other,0.61659205,-12.057252
KADID-10k,I35_06_05,I35,/data/projectwork/swati_mam/new model data/kadid10k/images/I35_06_05.png,/data/projectwork/swati_mam/kadid10k/images/I35.png,Color quantization,NA,5,2.7,val,other,-13.30327,-12.123283
KADID-10k,I35_07_03,I35,/data/projectwork/swati_mam/new model data/kadid10k/images/I35_07_03.png,/data/projectwork/swati_mam/kadid10k/images/I35.png,Color saturation 1,NA,3,2.07,val,other,37.219963,10.600864
KADID-10k,I35_08_01,I35,/data/projectwork/swati_mam/new model data/kadid10k/images/I35_08_01.png,/data/projectwork/swati_mam/kadid10k/images/I35.png,Color saturation 2,NA,1,4.5,val,other,40.252647,10.205797
KADID-10k,I35_08_02,I35,/data/projectwork/swati_mam/new model data/kadid10k/images/I35_08_02.png,/data/projectwork/swati_mam/kadid10k/images/I35.png,Color saturation 2,NA,2,3.83,val,other,19.179932,3.8038626
KADID-10k,I35_08_03,I35,/data/projectwork/swati_mam/new model data/kadid10k/images/I35_08_03.png,/data/projectwork/swati_mam/kadid10k/images/I35.png,Color saturation 2,NA,3,2.87,val,other,0.90797347,-11.826329
KADID-10k,I35_08_04,I35,/data/projectwork/swati_mam/new model data/kadid10k/images/I35_08_04.png,/data/projectwork/swati_mam/kadid10k/images/I35.png,Color saturation 2,NA,4,2.43,val,other,-19.510937,0.30631158
KADID-10k,I35_08_05,I35,/data/projectwork/swati_mam/new model data/kadid10k/images/I35_08_05.png,/data/projectwork/swati_mam/kadid10k/images/I35.png,Color saturation 2,NA,5,1.47,val,other,-27.669508,18.029371
KADID-10k,I35_05_01,I35,/data/projectwork/swati_mam/new model data/kadid10k/images/I35_05_01.png,/data/projectwork/swati_mam/kadid10k/images/I35.png,Color shift,NA,1,4.23,val,other,26.266884,10.078676
KADID-10k,I35_05_02,I35,/data/projectwork/swati_mam/new model data/kadid10k/images/I35_05_02.png,/data/projectwork/swati_mam/kadid10k/images/I35.png,Color shift,NA,2,3.4,val,other,17.580582,2.2087216
KADID-10k,I35_05_03,I35,/data/projectwork/swati_mam/new model data/kadid10k/images/I35_05_03.png,/data/projectwork/swati_mam/kadid10k/images/I35.png,Color shift,NA,3,2.3,val,other,-6.8981395,-21.059614
KADID-10k,I35_05_05,I35,/data/projectwork/swati_mam/new model data/kadid10k/images/I35_05_05.png,/data/projectwork/swati_mam/kadid10k/images/I35.png,Color shift,NA,5,2.8,val,other,-16.194187,-12.953238
KADID-10k,I35_25_01,I35,/data/projectwork/swati_mam/new model data/kadid10k/images/I35_25_01.png,/data/projectwork/swati_mam/kadid10k/images/I35.png,Contrast change,NA,1,3.53,val,other,45.111958,7.381365
KADID-10k,I35_25_02,I35,/data/projectwork/swati_mam/new model data/kadid10k/images/I35_25_02.png,/data/projectwork/swati_mam/kadid10k/images/I35.png,Contrast change,NA,2,4.37,val,other,45.104683,7.4174843
KADID-10k,I35_25_04,I35,/data/projectwork/swati_mam/new model data/kadid10k/images/I35_25_04.png,/data/projectwork/swati_mam/kadid10k/images/I35.png,Contrast change,NA,4,4.47,val,other,26.721027,10.394923
KADID-10k,I35_17_03,I35,/data/projectwork/swati_mam/new model data/kadid10k/images/I35_17_03.png,/data/projectwork/swati_mam/kadid10k/images/I35.png,Darken,NA,3,4.63,val,other,45.695324,6.9031796
KADID-10k,I35_17_04,I35,/data/projectwork/swati_mam/new model data/kadid10k/images/I35_17_04.png,/data/projectwork/swati_mam/kadid10k/images/I35.png,Darken,NA,4,4.13,val,other,45.670933,7.0218496
KADID-10k,I35_17_05,I35,/data/projectwork/swati_mam/new model data/kadid10k/images/I35_17_05.png,/data/projectwork/swati_mam/kadid10k/images/I35.png,Darken,NA,5,2.57,val,other,28.226696,11.200529
KADID-10k,I35_15_03,I35,/data/projectwork/swati_mam/new model data/kadid10k/images/I35_15_03.png,/data/projectwork/swati_mam/kadid10k/images/I35.png,Denoise,NA,3,2.53,val,noise,3.057486,-11.393966
KADID-10k,I35_15_04,I35,/data/projectwork/swati_mam/new model data/kadid10k/images/I35_15_04.png,/data/projectwork/swati_mam/kadid10k/images/I35.png,Denoise,NA,4,2.1,val,noise,-19.944683,-8.777117
KADID-10k,I35_15_05,I35,/data/projectwork/swati_mam/new model data/kadid10k/images/I35_15_05.png,/data/projectwork/swati_mam/kadid10k/images/I35.png,Denoise,NA,5,1.63,val,noise,-46.003498,16.079445
KADID-10k,I35_01_02,I35,/data/projectwork/swati_mam/new model data/kadid10k/images/I35_01_02.png,/data/projectwork/swati_mam/kadid10k/images/I35.png,Gaussian blur,NA,2,4.5,val,blur,20.475721,4.5919166
KADID-10k,I35_01_03,I35,/data/projectwork/swati_mam/new model data/kadid10k/images/I35_01_03.png,/data/projectwork/swati_mam/kadid10k/images/I35.png,Gaussian blur,NA,3,3.2,val,blur,-7.6416407,-21.22941
KADID-10k,I35_01_04,I35,/data/projectwork/swati_mam/new model data/kadid10k/images/I35_01_04.png,/data/projectwork/swati_mam/kadid10k/images/I35.png,Gaussian blur,NA,4,1.97,val,blur,-35.00388,19.411383
KADID-10k,I35_01_05,I35,/data/projectwork/swati_mam/new model data/kadid10k/images/I35_01_05.png,/data/projectwork/swati_mam/kadid10k/images/I35.png,Gaussian blur,NA,5,1.33,val,blur,-59.158607,-1.3783058
KADID-10k,I35_24_01,I35,/data/projectwork/swati_mam/new model data/kadid10k/images/I35_24_01.png,/data/projectwork/swati_mam/kadid10k/images/I35.png,High sharpen,NA,1,3.63,val,HF/sharpen,53.839973,-0.5109884
KADID-10k,I35_24_03,I35,/data/projectwork/swati_mam/new model data/kadid10k/images/I35_24_03.png,/data/projectwork/swati_mam/kadid10k/images/I35.png,High sharpen,NA,3,2.17,val,HF/sharpen,53.92912,-0.50727785
KADID-10k,I35_24_04,I35,/data/projectwork/swati_mam/new model data/kadid10k/images/I35_24_04.png,/data/projectwork/swati_mam/kadid10k/images/I35.png,High sharpen,NA,4,1.67,val,HF/sharpen,53.835724,-0.24820249
KADID-10k,I35_13_01,I35,/data/projectwork/swati_mam/new model data/kadid10k/images/I35_13_01.png,/data/projectwork/swati_mam/kadid10k/images/I35.png,Impulse noise,NA,1,3.53,val,noise,40.08758,9.56529
KADID-10k,I35_13_02,I35,/data/projectwork/swati_mam/new model data/kadid10k/images/I35_13_02.png,/data/projectwork/swati_mam/kadid10k/images/I35.png,Impulse noise,NA,2,3.03,val,noise,26.469677,10.1902895
KADID-10k,I35_10_02,I35,/data/projectwork/swati_mam/new model data/kadid10k/images/I35_10_02.png,/data/projectwork/swati_mam/kadid10k/images/I35.png,JPEG,NA,2,4.43,val,other,20.054804,4.311154
KADID-10k,I35_10_03,I35,/data/projectwork/swati_mam/new model data/kadid10k/images/I35_10_03.png,/data/projectwork/swati_mam/kadid10k/images/I35.png,JPEG,NA,3,4.07,val,other,15.984804,1.2366002
KADID-10k,I35_09_01,I35,/data/projectwork/swati_mam/new model data/kadid10k/images/I35_09_01.png,/data/projectwork/swati_mam/kadid10k/images/I35.png,JPEG2000,NA,1,4.77,val,other,39.901394,10.384869
KADID-10k,I35_09_02,I35,/data/projectwork/swati_mam/new model data/kadid10k/images/I35_09_02.png,/data/projectwork/swati_mam/kadid10k/images/I35.png,JPEG2000,NA,2,4.73,val,other,36.36639,10.807183
KADID-10k,I35_09_03,I35,/data/projectwork/swati_mam/new model data/kadid10k/images/I35_09_03.png,/data/projectwork/swati_mam/kadid10k/images/I35.png,JPEG2000,NA,3,4.0,val,other,20.465225,4.6474514
KADID-10k,I35_09_04,I35,/data/projectwork/swati_mam/new model data/kadid10k/images/I35_09_04.png,/data/projectwork/swati_mam/kadid10k/images/I35.png,JPEG2000,NA,4,2.53,val,other,-1.3449391,-21.631584
KADID-10k,I35_19_01,I35,/data/projectwork/swati_mam/new model data/kadid10k/images/I35_19_01.png,/data/projectwork/swati_mam/kadid10k/images/I35.png,Jitter,NA,1,4.67,val,other,36.214485,10.769169
KADID-10k,I35_19_02,I35,/data/projectwork/swati_mam/new model data/kadid10k/images/I35_19_02.png,/data/projectwork/swati_mam/kadid10k/images/I35.png,Jitter,NA,2,4.43,val,other,27.20067,10.611548
KADID-10k,I35_19_04,I35,/data/projectwork/swati_mam/new model data/kadid10k/images/I35_19_04.png,/data/projectwork/swati_mam/kadid10k/images/I35.png,Jitter,NA,4,2.17,val,other,-7.1933007,-21.339077
KADID-10k,I35_19_05,I35,/data/projectwork/swati_mam/new model data/kadid10k/images/I35_19_05.png,/data/projectwork/swati_mam/kadid10k/images/I35.png,Jitter,NA,5,1.53,val,other,-26.065247,13.777508
KADID-10k,I35_02_02,I35,/data/projectwork/swati_mam/new model data/kadid10k/images/I35_02_02.png,/data/projectwork/swati_mam/kadid10k/images/I35.png,Lens blur,NA,2,3.03,val,blur,-16.205969,-13.701694
KADID-10k,I35_02_03,I35,/data/projectwork/swati_mam/new model data/kadid10k/images/I35_02_03.png,/data/projectwork/swati_mam/kadid10k/images/I35.png,Lens blur,NA,3,1.9,val,blur,-38.9016,18.549965
KADID-10k,I35_02_04,I35,/data/projectwork/swati_mam/new model data/kadid10k/images/I35_02_04.png,/data/projectwork/swati_mam/kadid10k/images/I35.png,Lens blur,NA,4,1.37,val,blur,-55.36638,5.0704536
KADID-10k,I35_02_05,I35,/data/projectwork/swati_mam/new model data/kadid10k/images/I35_02_05.png,/data/projectwork/swati_mam/kadid10k/images/I35.png,Lens blur,NA,5,1.5,val,blur,-58.59378,-0.32033738
KADID-10k,I35_18_01,I35,/data/projectwork/swati_mam/new model data/kadid10k/images/I35_18_01.png,/data/projectwork/swati_mam/kadid10k/images/I35.png,Mean shift,NA,1,4.23,val,other,38.99944,10.317878
KADID-10k,I35_18_04,I35,/data/projectwork/swati_mam/new model data/kadid10k/images/I35_18_04.png,/data/projectwork/swati_mam/kadid10k/images/I35.png,Mean shift,NA,4,4.6,val,other,40.606133,9.838403
KADID-10k,I35_18_05,I35,/data/projectwork/swati_mam/new model data/kadid10k/images/I35_18_05.png,/data/projectwork/swati_mam/kadid10k/images/I35.png,Mean shift,NA,5,4.4,val,other,39.630062,10.315522
KADID-10k,I35_03_01,I35,/data/projectwork/swati_mam/new model data/kadid10k/images/I35_03_01.png,/data/projectwork/swati_mam/kadid10k/images/I35.png,Motion blur,NA,1,4.7,val,blur,40.08463,9.82888
KADID-10k,I35_03_02,I35,/data/projectwork/swati_mam/new model data/kadid10k/images/I35_03_02.png,/data/projectwork/swati_mam/kadid10k/images/I35.png,Motion blur,NA,2,4.53,val,blur,18.398985,2.7885697
KADID-10k,I35_03_04,I35,/data/projectwork/swati_mam/new model data/kadid10k/images/I35_03_04.png,/data/projectwork/swati_mam/kadid10k/images/I35.png,Motion blur,NA,4,2.47,val,blur,-15.318369,-16.971159
KADID-10k,I35_03_05,I35,/data/projectwork/swati_mam/new model data/kadid10k/images/I35_03_05.png,/data/projectwork/swati_mam/kadid10k/images/I35.png,Motion blur,NA,5,1.9,val,blur,-17.793026,-8.67937
KADID-10k,I35_14_02,I35,/data/projectwork/swati_mam/new model data/kadid10k/images/I35_14_02.png,/data/projectwork/swati_mam/kadid10k/images/I35.png,Multiplicative noise,NA,2,3.23,val,noise,13.1428385,-7.5542827
KADID-10k,I35_14_03,I35,/data/projectwork/swati_mam/new model data/kadid10k/images/I35_14_03.png,/data/projectwork/swati_mam/kadid10k/images/I35.png,Multiplicative noise,NA,3,2.77,val,noise,2.6545932,-11.535571
KADID-10k,I35_14_04,I35,/data/projectwork/swati_mam/new model data/kadid10k/images/I35_14_04.png,/data/projectwork/swati_mam/kadid10k/images/I35.png,Multiplicative noise,NA,4,2.6,val,noise,-21.120014,-9.159447
KADID-10k,I35_14_05,I35,/data/projectwork/swati_mam/new model data/kadid10k/images/I35_14_05.png,/data/projectwork/swati_mam/kadid10k/images/I35.png,Multiplicative noise,NA,5,2.0,val,noise,-40.311256,14.929668
KADID-10k,I35_20_02,I35,/data/projectwork/swati_mam/new model data/kadid10k/images/I35_20_02.png,/data/projectwork/swati_mam/kadid10k/images/I35.png,Non-eccentricity patch,NA,2,3.87,val,other,41.832027,9.351768
KADID-10k,I35_20_03,I35,/data/projectwork/swati_mam/new model data/kadid10k/images/I35_20_03.png,/data/projectwork/swati_mam/kadid10k/images/I35.png,Non-eccentricity patch,NA,3,3.81,val,other,45.4841,6.7384357
KADID-10k,I35_21_01,I35,/data/projectwork/swati_mam/new model data/kadid10k/images/I35_21_01.png,/data/projectwork/swati_mam/kadid10k/images/I35.png,Pixelate,NA,1,4.37,val,other,40.66238,9.986256
KADID-10k,I35_21_03,I35,/data/projectwork/swati_mam/new model data/kadid10k/images/I35_21_03.png,/data/projectwork/swati_mam/kadid10k/images/I35.png,Pixelate,NA,3,3.43,val,other,20.236868,4.7536783
KADID-10k,I35_21_05,I35,/data/projectwork/swati_mam/new model data/kadid10k/images/I35_21_05.png,/data/projectwork/swati_mam/kadid10k/images/I35.png,Pixelate,NA,5,1.55,val,other,16.245642,2.449331
KADID-10k,I35_22_01,I35,/data/projectwork/swati_mam/new model data/kadid10k/images/I35_22_01.png,/data/projectwork/swati_mam/kadid10k/images/I35.png,Quantization,NA,1,3.83,val,other,27.82013,10.769545
KADID-10k,I35_22_02,I35,/data/projectwork/swati_mam/new model data/kadid10k/images/I35_22_02.png,/data/projectwork/swati_mam/kadid10k/images/I35.png,Quantization,NA,2,3.93,val,other,27.029371,10.532564
KADID-10k,I35_22_04,I35,/data/projectwork/swati_mam/new model data/kadid10k/images/I35_22_04.png,/data/projectwork/swati_mam/kadid10k/images/I35.png,Quantization,NA,4,3.0,val,other,17.636963,2.4061751
KADID-10k,I35_22_05,I35,/data/projectwork/swati_mam/new model data/kadid10k/images/I35_22_05.png,/data/projectwork/swati_mam/kadid10k/images/I35.png,Quantization,NA,5,2.37,val,other,2.6978517,-11.384314
KADID-10k,I35_11_01,I35,/data/projectwork/swati_mam/new model data/kadid10k/images/I35_11_01.png,/data/projectwork/swati_mam/kadid10k/images/I35.png,White noise,NA,1,3.8,val,noise,18.142826,2.2534504
KADID-10k,I35_11_03,I35,/data/projectwork/swati_mam/new model data/kadid10k/images/I35_11_03.png,/data/projectwork/swati_mam/kadid10k/images/I35.png,White noise,NA,3,3.2,val,noise,-5.8646564,-20.092318
KADID-10k,I35_11_04,I35,/data/projectwork/swati_mam/new model data/kadid10k/images/I35_11_04.png,/data/projectwork/swati_mam/kadid10k/images/I35.png,White noise,NA,4,2.47,val,noise,-22.285372,-6.4858923
KADID-10k,I35_11_05,I35,/data/projectwork/swati_mam/new model data/kadid10k/images/I35_11_05.png,/data/projectwork/swati_mam/kadid10k/images/I35.png,White noise,NA,5,2.4,val,noise,-30.070162,17.009558
KADID-10k,I35_12_01,I35,/data/projectwork/swati_mam/new model data/kadid10k/images/I35_12_01.png,/data/projectwork/swati_mam/kadid10k/images/I35.png,White noise in color component,NA,1,4.47,val,noise,27.225658,10.56449
KADID-10k,I35_12_02,I35,/data/projectwork/swati_mam/new model data/kadid10k/images/I35_12_02.png,/data/projectwork/swati_mam/kadid10k/images/I35.png,White noise in color component,NA,2,3.63,val,noise,13.038702,-7.8106465
KADID-10k,I35_12_03,I35,/data/projectwork/swati_mam/new model data/kadid10k/images/I35_12_03.png,/data/projectwork/swati_mam/kadid10k/images/I35.png,White noise in color component,NA,3,2.7,val,noise,-10.903473,-14.832703
KADID-10k,I35_12_05,I35,/data/projectwork/swati_mam/new model data/kadid10k/images/I35_12_05.png,/data/projectwork/swati_mam/kadid10k/images/I35.png,White noise in color component,NA,5,2.17,val,noise,-33.525787,16.044922
KADID-10k,I42_16_02,I42,/data/projectwork/swati_mam/new model data/kadid10k/images/I42_16_02.png,/data/projectwork/swati_mam/kadid10k/images/I42.png,Brighten,NA,2,4.33,val,other,22.341177,-0.398152
KADID-10k,I42_16_04,I42,/data/projectwork/swati_mam/new model data/kadid10k/images/I42_16_04.png,/data/projectwork/swati_mam/kadid10k/images/I42.png,Brighten,NA,4,2.93,val,other,11.585393,-8.578495
KADID-10k,I42_16_05,I42,/data/projectwork/swati_mam/new model data/kadid10k/images/I42_16_05.png,/data/projectwork/swati_mam/kadid10k/images/I42.png,Brighten,NA,5,1.9,val,other,2.743088,-14.254014
KADID-10k,I42_23_01,I42,/data/projectwork/swati_mam/new model data/kadid10k/images/I42_23_01.png,/data/projectwork/swati_mam/kadid10k/images/I42.png,Color block,NA,1,3.1,val,other,20.9556,-2.365059
KADID-10k,I42_23_02,I42,/data/projectwork/swati_mam/new model data/kadid10k/images/I42_23_02.png,/data/projectwork/swati_mam/kadid10k/images/I42.png,Color block,NA,2,2.37,val,other,13.745145,-9.380282
KADID-10k,I42_23_05,I42,/data/projectwork/swati_mam/new model data/kadid10k/images/I42_23_05.png,/data/projectwork/swati_mam/kadid10k/images/I42.png,Color block,NA,5,1.6,val,other,10.021873,-14.1408825
KADID-10k,I42_04_02,I42,/data/projectwork/swati_mam/new model data/kadid10k/images/I42_04_02.png,/data/projectwork/swati_mam/kadid10k/images/I42.png,Color diffusion,NA,2,2.33,val,other,-9.340953,-14.901891
KADID-10k,I42_04_03,I42,/data/projectwork/swati_mam/new model data/kadid10k/images/I42_04_03.png,/data/projectwork/swati_mam/kadid10k/images/I42.png,Color diffusion,NA,3,1.37,val,other,-20.36192,-1.2199415
KADID-10k,I42_04_04,I42,/data/projectwork/swati_mam/new model data/kadid10k/images/I42_04_04.png,/data/projectwork/swati_mam/kadid10k/images/I42.png,Color diffusion,NA,4,1.27,val,other,-34.42795,15.602886
KADID-10k,I42_06_04,I42,/data/projectwork/swati_mam/new model data/kadid10k/images/I42_06_04.png,/data/projectwork/swati_mam/kadid10k/images/I42.png,Color quantization,NA,4,2.77,val,other,-8.702088,-18.11267
KADID-10k,I42_07_05,I42,/data/projectwork/swati_mam/new model data/kadid10k/images/I42_07_05.png,/data/projectwork/swati_mam/kadid10k/images/I42.png,Color saturation 1,NA,5,2.2,val,other,-21.088634,-3.055673
KADID-10k,I42_08_01,I42,/data/projectwork/swati_mam/new model data/kadid10k/images/I42_08_01.png,/data/projectwork/swati_mam/kadid10k/images/I42.png,Color saturation 2,NA,1,4.7,val,other,21.22922,-1.8687541
KADID-10k,I42_08_02,I42,/data/projectwork/swati_mam/new model data/kadid10k/images/I42_08_02.png,/data/projectwork/swati_mam/kadid10k/images/I42.png,Color saturation 2,NA,2,3.17,val,other,5.585746,-13.978656
KADID-10k,I42_08_05,I42,/data/projectwork/swati_mam/new model data/kadid10k/images/I42_08_05.png,/data/projectwork/swati_mam/kadid10k/images/I42.png,Color saturation 2,NA,5,1.47,val,other,-50.61997,9.124045
KADID-10k,I42_25_01,I42,/data/projectwork/swati_mam/new model data/kadid10k/images/I42_25_01.png,/data/projectwork/swati_mam/kadid10k/images/I42.png,Contrast change,NA,1,3.13,val,other,34.49673,6.8209867
KADID-10k,I42_25_02,I42,/data/projectwork/swati_mam/new model data/kadid10k/images/I42_25_02.png,/data/projectwork/swati_mam/kadid10k/images/I42.png,Contrast change,NA,2,3.87,val,other,29.07078,5.399393
KADID-10k,I42_25_05,I42,/data/projectwork/swati_mam/new model data/kadid10k/images/I42_25_05.png,/data/projectwork/swati_mam/kadid10k/images/I42.png,Contrast change,NA,5,3.1,val,other,9.000773,-13.455515
KADID-10k,I42_17_01,I42,/data/projectwork/swati_mam/new model data/kadid10k/images/I42_17_01.png,/data/projectwork/swati_mam/kadid10k/images/I42.png,Darken,NA,1,4.73,val,other,21.506922,-1.3749717
KADID-10k,I42_17_04,I42,/data/projectwork/swati_mam/new model data/kadid10k/images/I42_17_04.png,/data/projectwork/swati_mam/kadid10k/images/I42.png,Darken,NA,4,3.66,val,other,22.688877,1.0418111
KADID-10k,I42_17_05,I42,/data/projectwork/swati_mam/new model data/kadid10k/images/I42_17_05.png,/data/projectwork/swati_mam/kadid10k/images/I42.png,Darken,NA,5,1.77,val,other,-3.93723,-10.516852
KADID-10k,I42_15_01,I42,/data/projectwork/swati_mam/new model data/kadid10k/images/I42_15_01.png,/data/projectwork/swati_mam/kadid10k/images/I42.png,Denoise,NA,1,4.03,val,noise,21.777771,-2.2510333
KADID-10k,I42_15_03,I42,/data/projectwork/swati_mam/new model data/kadid10k/images/I42_15_03.png,/data/projectwork/swati_mam/kadid10k/images/I42.png,Denoise,NA,3,2.13,val,noise,18.779675,-7.2164125
KADID-10k,I42_15_05,I42,/data/projectwork/swati_mam/new model data/kadid10k/images/I42_15_05.png,/data/projectwork/swati_mam/kadid10k/images/I42.png,Denoise,NA,5,1.5,val,noise,-24.169643,7.6601777
KADID-10k,I42_01_03,I42,/data/projectwork/swati_mam/new model data/kadid10k/images/I42_01_03.png,/data/projectwork/swati_mam/kadid10k/images/I42.png,Gaussian blur,NA,3,3.23,val,blur,4.3569913,-17.715021
KADID-10k,I42_01_04,I42,/data/projectwork/swati_mam/new model data/kadid10k/images/I42_01_04.png,/data/projectwork/swati_mam/kadid10k/images/I42.png,Gaussian blur,NA,4,2.07,val,blur,-14.529235,-15.067418
KADID-10k,I42_01_05,I42,/data/projectwork/swati_mam/new model data/kadid10k/images/I42_01_05.png,/data/projectwork/swati_mam/kadid10k/images/I42.png,Gaussian blur,NA,5,1.4,val,blur,-53.018547,9.2642565
KADID-10k,I42_24_01,I42,/data/projectwork/swati_mam/new model data/kadid10k/images/I42_24_01.png,/data/projectwork/swati_mam/kadid10k/images/I42.png,High sharpen,NA,1,3.23,val,HF/sharpen,25.135942,3.421559
KADID-10k,I42_24_03,I42,/data/projectwork/swati_mam/new model data/kadid10k/images/I42_24_03.png,/data/projectwork/swati_mam/kadid10k/images/I42.png,High sharpen,NA,3,2.3,val,HF/sharpen,11.65902,-17.411089
KADID-10k,I42_10_02,I42,/data/projectwork/swati_mam/new model data/kadid10k/images/I42_10_02.png,/data/projectwork/swati_mam/kadid10k/images/I42.png,JPEG,NA,2,4.33,val,other,9.0976925,-14.162715
KADID-10k,I42_10_03,I42,/data/projectwork/swati_mam/new model data/kadid10k/images/I42_10_03.png,/data/projectwork/swati_mam/kadid10k/images/I42.png,JPEG,NA,3,3.8,val,other,9.531849,-14.006618
KADID-10k,I42_10_04,I42,/data/projectwork/swati_mam/new model data/kadid10k/images/I42_10_04.png,/data/projectwork/swati_mam/kadid10k/images/I42.png,JPEG,NA,4,2.3,val,other,-18.910872,-11.106788
KADID-10k,I42_10_05,I42,/data/projectwork/swati_mam/new model data/kadid10k/images/I42_10_05.png,/data/projectwork/swati_mam/kadid10k/images/I42.png,JPEG,NA,5,1.43,val,other,-33.253166,19.007637
KADID-10k,I42_09_01,I42,/data/projectwork/swati_mam/new model data/kadid10k/images/I42_09_01.png,/data/projectwork/swati_mam/kadid10k/images/I42.png,JPEG2000,NA,1,4.73,val,other,23.384531,1.0081457
KADID-10k,I42_19_01,I42,/data/projectwork/swati_mam/new model data/kadid10k/images/I42_19_01.png,/data/projectwork/swati_mam/kadid10k/images/I42.png,Jitter,NA,1,4.37,val,other,23.680153,0.8941272
KADID-10k,I42_19_02,I42,/data/projectwork/swati_mam/new model data/kadid10k/images/I42_19_02.png,/data/projectwork/swati_mam/kadid10k/images/I42.png,Jitter,NA,2,4.5,val,other,21.77619,-1.9455513
KADID-10k,I42_19_05,I42,/data/projectwork/swati_mam/new model data/kadid10k/images/I42_19_05.png,/data/projectwork/swati_mam/kadid10k/images/I42.png,Jitter,NA,5,1.43,val,other,-21.20437,4.8110495
KADID-10k,I42_02_01,I42,/data/projectwork/swati_mam/new model data/kadid10k/images/I42_02_01.png,/data/projectwork/swati_mam/kadid10k/images/I42.png,Lens blur,NA,1,4.07,val,blur,12.98132,-11.03826
KADID-10k,I42_02_02,I42,/data/projectwork/swati_mam/new model data/kadid10k/images/I42_02_02.png,/data/projectwork/swati_mam/kadid10k/images/I42.png,Lens blur,NA,2,3.13,val,blur,-0.63520986,-19.26377
KADID-10k,I42_02_03,I42,/data/projectwork/swati_mam/new model data/kadid10k/images/I42_02_03.png,/data/projectwork/swati_mam/kadid10k/images/I42.png,Lens blur,NA,3,1.63,val,blur,-19.478975,-6.5013795
KADID-10k,I42_18_01,I42,/data/projectwork/swati_mam/new model data/kadid10k/images/I42_18_01.png,/data/projectwork/swati_mam/kadid10k/images/I42.png,Mean shift,NA,1,4.5,val,other,29.070263,5.3927474
KADID-10k,I42_18_02,I42,/data/projectwork/swati_mam/new model data/kadid10k/images/I42_18_02.png,/data/projectwork/swati_mam/kadid10k/images/I42.png,Mean shift,NA,2,4.7,val,other,25.503101,2.8828964
KADID-10k,I42_18_03,I42,/data/projectwork/swati_mam/new model data/kadid10k/images/I42_18_03.png,/data/projectwork/swati_mam/kadid10k/images/I42.png,Mean shift,NA,3,4.77,val,other,21.22924,-1.8687063
KADID-10k,I42_18_05,I42,/data/projectwork/swati_mam/new model data/kadid10k/images/I42_18_05.png,/data/projectwork/swati_mam/kadid10k/images/I42.png,Mean shift,NA,5,3.93,val,other,18.099644,-7.3258233
KADID-10k,I42_03_01,I42,/data/projectwork/swati_mam/new model data/kadid10k/images/I42_03_01.png,/data/projectwork/swati_mam/kadid10k/images/I42.png,Motion blur,NA,1,4.77,val,blur,21.229198,-1.8687592
KADID-10k,I42_03_04,I42,/data/projectwork/swati_mam/new model data/kadid10k/images/I42_03_04.png,/data/projectwork/swati_mam/kadid10k/images/I42.png,Motion blur,NA,4,2.33,val,blur,4.8266473,-17.269053
KADID-10k,I42_14_01,I42,/data/projectwork/swati_mam/new model data/kadid10k/images/I42_14_01.png,/data/projectwork/swati_mam/kadid10k/images/I42.png,Multiplicative noise,NA,1,4.37,val,noise,14.252127,-9.180328
KADID-10k,I42_14_02,I42,/data/projectwork/swati_mam/new model data/kadid10k/images/I42_14_02.png,/data/projectwork/swati_mam/kadid10k/images/I42.png,Multiplicative noise,NA,2,4.07,val,noise,-0.40111154,-19.235952
KADID-10k,I42_14_03,I42,/data/projectwork/swati_mam/new model data/kadid10k/images/I42_14_03.png,/data/projectwork/swati_mam/kadid10k/images/I42.png,Multiplicative noise,NA,3,3.23,val,noise,-14.173367,-15.342985
KADID-10k,I42_14_04,I42,/data/projectwork/swati_mam/new model data/kadid10k/images/I42_14_04.png,/data/projectwork/swati_mam/kadid10k/images/I42.png,Multiplicative noise,NA,4,2.93,val,noise,-24.21152,6.1051145
KADID-10k,I42_14_05,I42,/data/projectwork/swati_mam/new model data/kadid10k/images/I42_14_05.png,/data/projectwork/swati_mam/kadid10k/images/I42.png,Multiplicative noise,NA,5,2.33,val,noise,-52.981052,8.669924
KADID-10k,I42_20_03,I42,/data/projectwork/swati_mam/new model data/kadid10k/images/I42_20_03.png,/data/projectwork/swati_mam/kadid10k/images/I42.png,Non-eccentricity patch,NA,3,3.3,val,other,17.851376,-7.472811
KADID-10k,I42_21_01,I42,/data/projectwork/swati_mam/new model data/kadid10k/images/I42_21_01.png,/data/projectwork/swati_mam/kadid10k/images/I42.png,Pixelate,NA,1,3.42,val,other,23.81892,1.0617993
KADID-10k,I42_21_04,I42,/data/projectwork/swati_mam/new model data/kadid10k/images/I42_21_04.png,/data/projectwork/swati_mam/kadid10k/images/I42.png,Pixelate,NA,4,2.67,val,other,-10.806947,-17.537031
KADID-10k,I42_22_02,I42,/data/projectwork/swati_mam/new model data/kadid10k/images/I42_22_02.png,/data/projectwork/swati_mam/kadid10k/images/I42.png,Quantization,NA,2,4.77,val,other,20.609915,-3.0837498
KADID-10k,I42_11_02,I42,/data/projectwork/swati_mam/new model data/kadid10k/images/I42_11_02.png,/data/projectwork/swati_mam/kadid10k/images/I42.png,White noise,NA,2,3.6,val,noise,-8.089581,-18.49435
KADID-10k,I42_11_04,I42,/data/projectwork/swati_mam/new model data/kadid10k/images/I42_11_04.png,/data/projectwork/swati_mam/kadid10k/images/I42.png,White noise,NA,4,3.0,val,noise,-23.202541,3.9753006
KADID-10k,I42_11_05,I42,/data/projectwork/swati_mam/new model data/kadid10k/images/I42_11_05.png,/data/projectwork/swati_mam/kadid10k/images/I42.png,White noise,NA,5,2.47,val,noise,-47.293255,13.968648
KADID-10k,I42_12_01,I42,/data/projectwork/swati_mam/new model data/kadid10k/images/I42_12_01.png,/data/projectwork/swati_mam/kadid10k/images/I42.png,White noise in color component,NA,1,4.73,val,noise,17.815813,-7.642966
KADID-10k,I42_12_02,I42,/data/projectwork/swati_mam/new model data/kadid10k/images/I42_12_02.png,/data/projectwork/swati_mam/kadid10k/images/I42.png,White noise in color component,NA,2,3.83,val,noise,4.8358164,-17.043367
KADID-10k,I45_16_03,I45,/data/projectwork/swati_mam/new model data/kadid10k/images/I45_16_03.png,/data/projectwork/swati_mam/kadid10k/images/I45.png,Brighten,NA,3,3.7,val,other,-47.534206,15.959421
KADID-10k,I45_16_05,I45,/data/projectwork/swati_mam/new model data/kadid10k/images/I45_16_05.png,/data/projectwork/swati_mam/kadid10k/images/I45.png,Brighten,NA,5,1.47,val,other,-38.19472,15.1276455
KADID-10k,I45_23_01,I45,/data/projectwork/swati_mam/new model data/kadid10k/images/I45_23_01.png,/data/projectwork/swati_mam/kadid10k/images/I45.png,Color block,NA,1,4.03,val,other,-27.261074,14.355602
KADID-10k,I45_23_02,I45,/data/projectwork/swati_mam/new model data/kadid10k/images/I45_23_02.png,/data/projectwork/swati_mam/kadid10k/images/I45.png,Color block,NA,2,2.77,val,other,-28.788883,14.75904
KADID-10k,I45_23_03,I45,/data/projectwork/swati_mam/new model data/kadid10k/images/I45_23_03.png,/data/projectwork/swati_mam/kadid10k/images/I45.png,Color block,NA,3,2.4,val,other,-30.31325,15.243828
KADID-10k,I45_23_05,I45,/data/projectwork/swati_mam/new model data/kadid10k/images/I45_23_05.png,/data/projectwork/swati_mam/kadid10k/images/I45.png,Color block,NA,5,1.97,val,other,-28.45432,15.127446
KADID-10k,I45_04_05,I45,/data/projectwork/swati_mam/new model data/kadid10k/images/I45_04_05.png,/data/projectwork/swati_mam/kadid10k/images/I45.png,Color diffusion,NA,5,1.3,val,other,-57.18925,-0.9141818
KADID-10k,I45_06_01,I45,/data/projectwork/swati_mam/new model data/kadid10k/images/I45_06_01.png,/data/projectwork/swati_mam/kadid10k/images/I45.png,Color quantization,NA,1,3.33,val,other,-39.313526,16.80033
KADID-10k,I45_06_03,I45,/data/projectwork/swati_mam/new model data/kadid10k/images/I45_06_03.png,/data/projectwork/swati_mam/kadid10k/images/I45.png,Color quantization,NA,3,2.5,val,other,-43.804184,15.07237
KADID-10k,I45_07_02,I45,/data/projectwork/swati_mam/new model data/kadid10k/images/I45_07_02.png,/data/projectwork/swati_mam/kadid10k/images/I45.png,Color saturation 1,NA,2,2.67,val,other,-39.918797,16.000828
KADID-10k,I45_07_03,I45,/data/projectwork/swati_mam/new model data/kadid10k/images/I45_07_03.png,/data/projectwork/swati_mam/kadid10k/images/I45.png,Color saturation 1,NA,3,2.3,val,other,-40.126545,15.952371
KADID-10k,I45_07_05,I45,/data/projectwork/swati_mam/new model data/kadid10k/images/I45_07_05.png,/data/projectwork/swati_mam/kadid10k/images/I45.png,Color saturation 1,NA,5,1.93,val,other,-44.051292,14.9844675
KADID-10k,I45_08_03,I45,/data/projectwork/swati_mam/new model data/kadid10k/images/I45_08_03.png,/data/projectwork/swati_mam/kadid10k/images/I45.png,Color saturation 2,NA,3,2.63,val,other,-25.53494,6.1185822
KADID-10k,I45_08_04,I45,/data/projectwork/swati_mam/new model data/kadid10k/images/I45_08_04.png,/data/projectwork/swati_mam/kadid10k/images/I45.png,Color saturation 2,NA,4,1.37,val,other,-57.66847,-0.92582554
KADID-10k,I45_05_01,I45,/data/projectwork/swati_mam/new model data/kadid10k/images/I45_05_01.png,/data/projectwork/swati_mam/kadid10k/images/I45.png,Color shift,NA,1,3.8,val,other,-31.793335,15.211302
KADID-10k,I45_05_02,I45,/data/projectwork/swati_mam/new model data/kadid10k/images/I45_05_02.png,/data/projectwork/swati_mam/kadid10k/images/I45.png,Color shift,NA,2,2.69,val,other,-22.186495,-3.4255066
KADID-10k,I45_05_03,I45,/data/projectwork/swati_mam/new model data/kadid10k/images/I45_05_03.png,/data/projectwork/swati_mam/kadid10k/images/I45.png,Color shift,NA,3,1.63,val,other,-38.332462,17.076105
KADID-10k,I45_25_01,I45,/data/projectwork/swati_mam/new model data/kadid10k/images/I45_25_01.png,/data/projectwork/swati_mam/kadid10k/images/I45.png,Contrast change,NA,1,3.4,val,other,-28.214485,14.202362
KADID-10k,I45_25_02,I45,/data/projectwork/swati_mam/new model data/kadid10k/images/I45_25_02.png,/data/projectwork/swati_mam/kadid10k/images/I45.png,Contrast change,NA,2,3.8,val,other,-26.606035,13.877389
KADID-10k,I45_25_03,I45,/data/projectwork/swati_mam/new model data/kadid10k/images/I45_25_03.png,/data/projectwork/swati_mam/kadid10k/images/I45.png,Contrast change,NA,3,4.27,val,other,-26.624636,13.894114
KADID-10k,I45_25_04,I45,/data/projectwork/swati_mam/new model data/kadid10k/images/I45_25_04.png,/data/projectwork/swati_mam/kadid10k/images/I45.png,Contrast change,NA,4,4.27,val,other,-28.705164,14.724221
KADID-10k,I45_17_03,I45,/data/projectwork/swati_mam/new model data/kadid10k/images/I45_17_03.png,/data/projectwork/swati_mam/kadid10k/images/I45.png,Darken,NA,3,4.17,val,other,-22.15373,-3.443101
KADID-10k,I45_15_04,I45,/data/projectwork/swati_mam/new model data/kadid10k/images/I45_15_04.png,/data/projectwork/swati_mam/kadid10k/images/I45.png,Denoise,NA,4,1.47,val,noise,-58.728737,-0.07785754
KADID-10k,I45_15_05,I45,/data/projectwork/swati_mam/new model data/kadid10k/images/I45_15_05.png,/data/projectwork/swati_mam/kadid10k/images/I45.png,Denoise,NA,5,1.3,val,noise,-58.82076,-0.79093134
KADID-10k,I45_01_03,I45,/data/projectwork/swati_mam/new model data/kadid10k/images/I45_01_03.png,/data/projectwork/swati_mam/kadid10k/images/I45.png,Gaussian blur,NA,3,2.63,val,blur,-51.499588,10.317052
KADID-10k,I45_01_04,I45,/data/projectwork/swati_mam/new model data/kadid10k/images/I45_01_04.png,/data/projectwork/swati_mam/kadid10k/images/I45.png,Gaussian blur,NA,4,1.45,val,blur,-56.758015,3.1458302
KADID-10k,I45_24_02,I45,/data/projectwork/swati_mam/new model data/kadid10k/images/I45_24_02.png,/data/projectwork/swati_mam/kadid10k/images/I45.png,High sharpen,NA,2,2.53,val,HF/sharpen,-28.17645,6.6535144
KADID-10k,I45_24_03,I45,/data/projectwork/swati_mam/new model data/kadid10k/images/I45_24_03.png,/data/projectwork/swati_mam/kadid10k/images/I45.png,High sharpen,NA,3,2.1,val,HF/sharpen,-28.185555,6.6440463
KADID-10k,I45_24_04,I45,/data/projectwork/swati_mam/new model data/kadid10k/images/I45_24_04.png,/data/projectwork/swati_mam/kadid10k/images/I45.png,High sharpen,NA,4,1.53,val,HF/sharpen,-30.009363,18.060143
KADID-10k,I45_24_05,I45,/data/projectwork/swati_mam/new model data/kadid10k/images/I45_24_05.png,/data/projectwork/swati_mam/kadid10k/images/I45.png,High sharpen,NA,5,1.37,val,HF/sharpen,-46.4688,16.872272
KADID-10k,I45_13_01,I45,/data/projectwork/swati_mam/new model data/kadid10k/images/I45_13_01.png,/data/projectwork/swati_mam/kadid10k/images/I45.png,Impulse noise,NA,1,3.37,val,noise,-28.011654,14.663835
KADID-10k,I45_13_02,I45,/data/projectwork/swati_mam/new model data/kadid10k/images/I45_13_02.png,/data/projectwork/swati_mam/kadid10k/images/I45.png,Impulse noise,NA,2,2.8,val,noise,-42.136696,16.171947
KADID-10k,I45_13_04,I45,/data/projectwork/swati_mam/new model data/kadid10k/images/I45_13_04.png,/data/projectwork/swati_mam/kadid10k/images/I45.png,Impulse noise,NA,4,2.37,val,noise,-46.415634,15.612032
KADID-10k,I45_10_02,I45,/data/projectwork/swati_mam/new model data/kadid10k/images/I45_10_02.png,/data/projectwork/swati_mam/kadid10k/images/I45.png,JPEG,NA,2,4.06,val,other,-30.814838,15.259905
KADID-10k,I45_10_03,I45,/data/projectwork/swati_mam/new model data/kadid10k/images/I45_10_03.png,/data/projectwork/swati_mam/kadid10k/images/I45.png,JPEG,NA,3,3.58,val,other,-32.026188,15.641285
KADID-10k,I45_10_04,I45,/data/projectwork/swati_mam/new model data/kadid10k/images/I45_10_04.png,/data/projectwork/swati_mam/kadid10k/images/I45.png,JPEG,NA,4,1.53,val,other,-56.695118,2.249256
KADID-10k,I45_10_05,I45,/data/projectwork/swati_mam/new model data/kadid10k/images/I45_10_05.png,/data/projectwork/swati_mam/kadid10k/images/I45.png,JPEG,NA,5,1.13,val,other,-56.69215,1.649856
KADID-10k,I45_09_01,I45,/data/projectwork/swati_mam/new model data/kadid10k/images/I45_09_01.png,/data/projectwork/swati_mam/kadid10k/images/I45.png,JPEG2000,NA,1,4.5,val,other,-27.780642,14.400621
KADID-10k,I45_09_05,I45,/data/projectwork/swati_mam/new model data/kadid10k/images/I45_09_05.png,/data/projectwork/swati_mam/kadid10k/images/I45.png,JPEG2000,NA,5,1.13,val,other,-58.446724,0.6568117
KADID-10k,I45_19_05,I45,/data/projectwork/swati_mam/new model data/kadid10k/images/I45_19_05.png,/data/projectwork/swati_mam/kadid10k/images/I45.png,Jitter,NA,5,1.4,val,other,-56.645,1.1771868
KADID-10k,I45_02_03,I45,/data/projectwork/swati_mam/new model data/kadid10k/images/I45_02_03.png,/data/projectwork/swati_mam/kadid10k/images/I45.png,Lens blur,NA,3,1.5,val,blur,-56.22433,4.2543635
KADID-10k,I45_02_05,I45,/data/projectwork/swati_mam/new model data/kadid10k/images/I45_02_05.png,/data/projectwork/swati_mam/kadid10k/images/I45.png,Lens blur,NA,5,1.17,val,blur,-58.941967,0.5428435
KADID-10k,I45_18_02,I45,/data/projectwork/swati_mam/new model data/kadid10k/images/I45_18_02.png,/data/projectwork/swati_mam/kadid10k/images/I45.png,Mean shift,NA,2,4.43,val,other,-26.775434,14.619919
KADID-10k,I45_18_04,I45,/data/projectwork/swati_mam/new model data/kadid10k/images/I45_18_04.png,/data/projectwork/swati_mam/kadid10k/images/I45.png,Mean shift,NA,4,4.43,val,other,-25.946907,6.594706
KADID-10k,I45_18_05,I45,/data/projectwork/swati_mam/new model data/kadid10k/images/I45_18_05.png,/data/projectwork/swati_mam/kadid10k/images/I45.png,Mean shift,NA,5,4.03,val,other,-25.719168,6.472689
KADID-10k,I45_03_02,I45,/data/projectwork/swati_mam/new model data/kadid10k/images/I45_03_02.png,/data/projectwork/swati_mam/kadid10k/images/I45.png,Motion blur,NA,2,3.8,val,blur,-31.503666,15.471429
KADID-10k,I45_03_03,I45,/data/projectwork/swati_mam/new model data/kadid10k/images/I45_03_03.png,/data/projectwork/swati_mam/kadid10k/images/I45.png,Motion blur,NA,3,2.53,val,blur,-48.042347,14.825211
KADID-10k,I45_03_04,I45,/data/projectwork/swati_mam/new model data/kadid10k/images/I45_03_04.png,/data/projectwork/swati_mam/kadid10k/images/I45.png,Motion blur,NA,4,1.9,val,blur,-48.44481,13.875255
KADID-10k,I45_03_05,I45,/data/projectwork/swati_mam/new model data/kadid10k/images/I45_03_05.png,/data/projectwork/swati_mam/kadid10k/images/I45.png,Motion blur,NA,5,1.6,val,blur,-52.86201,10.081918
KADID-10k,I45_14_01,I45,/data/projectwork/swati_mam/new model data/kadid10k/images/I45_14_01.png,/data/projectwork/swati_mam/kadid10k/images/I45.png,Multiplicative noise,NA,1,4.27,val,noise,-31.534258,15.703674
KADID-10k,I45_14_02,I45,/data/projectwork/swati_mam/new model data/kadid10k/images/I45_14_02.png,/data/projectwork/swati_mam/kadid10k/images/I45.png,Multiplicative noise,NA,2,3.23,val,noise,-46.81339,15.256328
KADID-10k,I45_14_05,I45,/data/projectwork/swati_mam/new model data/kadid10k/images/I45_14_05.png,/data/projectwork/swati_mam/kadid10k/images/I45.png,Multiplicative noise,NA,5,1.73,val,noise,-59.621597,-3.3962288
KADID-10k,I45_21_01,I45,/data/projectwork/swati_mam/new model data/kadid10k/images/I45_21_01.png,/data/projectwork/swati_mam/kadid10k/images/I45.png,Pixelate,NA,1,3.77,val,other,-31.296022,15.446256
KADID-10k,I45_21_03,I45,/data/projectwork/swati_mam/new model data/kadid10k/images/I45_21_03.png,/data/projectwork/swati_mam/kadid10k/images/I45.png,Pixelate,NA,3,2.6,val,other,-51.25985,9.807977
KADID-10k,I45_21_05,I45,/data/projectwork/swati_mam/new model data/kadid10k/images/I45_21_05.png,/data/projectwork/swati_mam/kadid10k/images/I45.png,Pixelate,NA,5,1.23,val,other,-55.01296,3.7881668
KADID-10k,I45_22_02,I45,/data/projectwork/swati_mam/new model data/kadid10k/images/I45_22_02.png,/data/projectwork/swati_mam/kadid10k/images/I45.png,Quantization,NA,2,4.1,val,other,-27.693457,15.019542
KADID-10k,I45_22_03,I45,/data/projectwork/swati_mam/new model data/kadid10k/images/I45_22_03.png,/data/projectwork/swati_mam/kadid10k/images/I45.png,Quantization,NA,3,3.73,val,other,-28.388842,15.2543335
KADID-10k,I45_22_05,I45,/data/projectwork/swati_mam/new model data/kadid10k/images/I45_22_05.png,/data/projectwork/swati_mam/kadid10k/images/I45.png,Quantization,NA,5,2.47,val,other,-39.655743,16.152029
KADID-10k,I45_11_01,I45,/data/projectwork/swati_mam/new model data/kadid10k/images/I45_11_01.png,/data/projectwork/swati_mam/kadid10k/images/I45.png,White noise,NA,1,3.97,val,noise,-38.893658,17.182775
KADID-10k,I45_11_03,I45,/data/projectwork/swati_mam/new model data/kadid10k/images/I45_11_03.png,/data/projectwork/swati_mam/kadid10k/images/I45.png,White noise,NA,3,2.67,val,noise,-51.834343,9.539389
KADID-10k,I45_11_05,I45,/data/projectwork/swati_mam/new model data/kadid10k/images/I45_11_05.png,/data/projectwork/swati_mam/kadid10k/images/I45.png,White noise,NA,5,2.33,val,noise,-58.676807,-2.8928523
KADID-10k,I45_12_04,I45,/data/projectwork/swati_mam/new model data/kadid10k/images/I45_12_04.png,/data/projectwork/swati_mam/kadid10k/images/I45.png,White noise in color component,NA,4,2.27,val,noise,-57.029762,0.13050328
KADID-10k,I45_12_05,I45,/data/projectwork/swati_mam/new model data/kadid10k/images/I45_12_05.png,/data/projectwork/swati_mam/kadid10k/images/I45.png,White noise in color component,NA,5,2.23,val,noise,-57.5648,0.4574085
KADID-10k,I46_16_05,I46,/data/projectwork/swati_mam/new model data/kadid10k/images/I46_16_05.png,/data/projectwork/swati_mam/kadid10k/images/I46.png,Brighten,NA,5,1.67,val,other,26.000872,5.1879315
KADID-10k,I46_23_02,I46,/data/projectwork/swati_mam/new model data/kadid10k/images/I46_23_02.png,/data/projectwork/swati_mam/kadid10k/images/I46.png,Color block,NA,2,2.57,val,other,44.259876,4.728472
KADID-10k,I46_04_02,I46,/data/projectwork/swati_mam/new model data/kadid10k/images/I46_04_02.png,/data/projectwork/swati_mam/kadid10k/images/I46.png,Color diffusion,NA,2,2.47,val,other,31.734816,5.7716084
KADID-10k,I46_04_03,I46,/data/projectwork/swati_mam/new model data/kadid10k/images/I46_04_03.png,/data/projectwork/swati_mam/kadid10k/images/I46.png,Color diffusion,NA,3,1.73,val,other,16.072021,-5.706716
KADID-10k,I46_04_04,I46,/data/projectwork/swati_mam/new model data/kadid10k/images/I46_04_04.png,/data/projectwork/swati_mam/kadid10k/images/I46.png,Color diffusion,NA,4,1.45,val,other,11.805906,-15.506417
KADID-10k,I46_04_05,I46,/data/projectwork/swati_mam/new model data/kadid10k/images/I46_04_05.png,/data/projectwork/swati_mam/kadid10k/images/I46.png,Color diffusion,NA,5,1.5,val,other,-21.717703,-8.192133
KADID-10k,I46_06_03,I46,/data/projectwork/swati_mam/new model data/kadid10k/images/I46_06_03.png,/data/projectwork/swati_mam/kadid10k/images/I46.png,Color quantization,NA,3,3.67,val,other,31.214941,5.4116454
KADID-10k,I46_06_04,I46,/data/projectwork/swati_mam/new model data/kadid10k/images/I46_06_04.png,/data/projectwork/swati_mam/kadid10k/images/I46.png,Color quantization,NA,4,3.1,val,other,15.301861,-7.2031503
KADID-10k,I46_07_04,I46,/data/projectwork/swati_mam/new model data/kadid10k/images/I46_07_04.png,/data/projectwork/swati_mam/kadid10k/images/I46.png,Color saturation 1,NA,4,1.7,val,other,14.591121,-4.33609
KADID-10k,I46_08_01,I46,/data/projectwork/swati_mam/new model data/kadid10k/images/I46_08_01.png,/data/projectwork/swati_mam/kadid10k/images/I46.png,Color saturation 2,NA,1,4.6,val,other,45.029396,4.56574
KADID-10k,I46_08_02,I46,/data/projectwork/swati_mam/new model data/kadid10k/images/I46_08_02.png,/data/projectwork/swati_mam/kadid10k/images/I46.png,Color saturation 2,NA,2,3.33,val,other,26.815653,4.630674
KADID-10k,I46_08_04,I46,/data/projectwork/swati_mam/new model data/kadid10k/images/I46_08_04.png,/data/projectwork/swati_mam/kadid10k/images/I46.png,Color saturation 2,NA,4,1.37,val,other,-7.3132057,-18.147549
KADID-10k,I46_08_05,I46,/data/projectwork/swati_mam/new model data/kadid10k/images/I46_08_05.png,/data/projectwork/swati_mam/kadid10k/images/I46.png,Color saturation 2,NA,5,1.3,val,other,-6.8026233,-18.463978
KADID-10k,I46_05_01,I46,/data/projectwork/swati_mam/new model data/kadid10k/images/I46_05_01.png,/data/projectwork/swati_mam/kadid10k/images/I46.png,Color shift,NA,1,4.53,val,other,41.36416,6.0282655
KADID-10k,I46_05_02,I46,/data/projectwork/swati_mam/new model data/kadid10k/images/I46_05_02.png,/data/projectwork/swati_mam/kadid10k/images/I46.png,Color shift,NA,2,2.8,val,other,18.962343,-1.2381335
KADID-10k,I46_05_03,I46,/data/projectwork/swati_mam/new model data/kadid10k/images/I46_05_03.png,/data/projectwork/swati_mam/kadid10k/images/I46.png,Color shift,NA,3,2.37,val,other,12.178808,-15.221403
KADID-10k,I46_05_05,I46,/data/projectwork/swati_mam/new model data/kadid10k/images/I46_05_05.png,/data/projectwork/swati_mam/kadid10k/images/I46.png,Color shift,NA,5,2.67,val,other,-0.04159023,-18.025932
KADID-10k,I46_25_01,I46,/data/projectwork/swati_mam/new model data/kadid10k/images/I46_25_01.png,/data/projectwork/swati_mam/kadid10k/images/I46.png,Contrast change,NA,1,3.53,val,other,52.462166,-6.8977113
KADID-10k,I46_25_05,I46,/data/projectwork/swati_mam/new model data/kadid10k/images/I46_25_05.png,/data/projectwork/swati_mam/kadid10k/images/I46.png,Contrast change,NA,5,3.47,val,other,20.708317,-0.27746877
KADID-10k,I46_17_01,I46,/data/projectwork/swati_mam/new model data/kadid10k/images/I46_17_01.png,/data/projectwork/swati_mam/kadid10k/images/I46.png,Darken,NA,1,4.67,val,other,45.77147,4.2994895
KADID-10k,I46_17_02,I46,/data/projectwork/swati_mam/new model data/kadid10k/images/I46_17_02.png,/data/projectwork/swati_mam/kadid10k/images/I46.png,Darken,NA,2,4.63,val,other,46.118374,3.8063266
KADID-10k,I46_17_03,I46,/data/projectwork/swati_mam/new model data/kadid10k/images/I46_17_03.png,/data/projectwork/swati_mam/kadid10k/images/I46.png,Darken,NA,3,4.27,val,other,46.61305,3.3621047
KADID-10k,I46_15_02,I46,/data/projectwork/swati_mam/new model data/kadid10k/images/I46_15_02.png,/data/projectwork/swati_mam/kadid10k/images/I46.png,Denoise,NA,2,3.3,val,noise,32.20253,5.2873487
KADID-10k,I46_15_04,I46,/data/projectwork/swati_mam/new model data/kadid10k/images/I46_15_04.png,/data/projectwork/swati_mam/kadid10k/images/I46.png,Denoise,NA,4,1.72,val,noise,-4.329325,-17.521893
KADID-10k,I46_01_01,I46,/data/projectwork/swati_mam/new model data/kadid10k/images/I46_01_01.png,/data/projectwork/swati_mam/kadid10k/images/I46.png,Gaussian blur,NA,1,4.65,val,blur,45.224983,4.677718
KADID-10k,I46_01_02,I46,/data/projectwork/swati_mam/new model data/kadid10k/images/I46_01_02.png,/data/projectwork/swati_mam/kadid10k/images/I46.png,Gaussian blur,NA,2,4.33,val,blur,34.449524,6.049718
KADID-10k,I46_24_01,I46,/data/projectwork/swati_mam/new model data/kadid10k/images/I46_24_01.png,/data/projectwork/swati_mam/kadid10k/images/I46.png,High sharpen,NA,1,3.1,val,HF/sharpen,55.049885,-8.1735735
KADID-10k,I46_24_02,I46,/data/projectwork/swati_mam/new model data/kadid10k/images/I46_24_02.png,/data/projectwork/swati_mam/kadid10k/images/I46.png,High sharpen,NA,2,2.33,val,HF/sharpen,53.16512,-7.275358
KADID-10k,I46_24_03,I46,/data/projectwork/swati_mam/new model data/kadid10k/images/I46_24_03.png,/data/projectwork/swati_mam/kadid10k/images/I46.png,High sharpen,NA,3,1.9,val,HF/sharpen,50.257576,-4.48061
KADID-10k,I46_13_02,I46,/data/projectwork/swati_mam/new model data/kadid10k/images/I46_13_02.png,/data/projectwork/swati_mam/kadid10k/images/I46.png,Impulse noise,NA,2,3.6,val,noise,40.832176,6.4529595
KADID-10k,I46_13_03,I46,/data/projectwork/swati_mam/new model data/kadid10k/images/I46_13_03.png,/data/projectwork/swati_mam/kadid10k/images/I46.png,Impulse noise,NA,3,3.37,val,noise,19.242077,-0.8071816
KADID-10k,I46_13_04,I46,/data/projectwork/swati_mam/new model data/kadid10k/images/I46_13_04.png,/data/projectwork/swati_mam/kadid10k/images/I46.png,Impulse noise,NA,4,2.73,val,noise,10.787205,-16.224575
KADID-10k,I46_13_05,I46,/data/projectwork/swati_mam/new model data/kadid10k/images/I46_13_05.png,/data/projectwork/swati_mam/kadid10k/images/I46.png,Impulse noise,NA,5,2.3,val,noise,-2.2172587,-18.053377
KADID-10k,I46_10_01,I46,/data/projectwork/swati_mam/new model data/kadid10k/images/I46_10_01.png,/data/projectwork/swati_mam/kadid10k/images/I46.png,JPEG,NA,1,4.67,val,other,32.52776,6.0723033
KADID-10k,I46_10_02,I46,/data/projectwork/swati_mam/new model data/kadid10k/images/I46_10_02.png,/data/projectwork/swati_mam/kadid10k/images/I46.png,JPEG,NA,2,4.43,val,other,32.2434,6.037318
KADID-10k,I46_10_03,I46,/data/projectwork/swati_mam/new model data/kadid10k/images/I46_10_03.png,/data/projectwork/swati_mam/kadid10k/images/I46.png,JPEG,NA,3,4.13,val,other,34.497135,6.0380173
KADID-10k,I46_10_04,I46,/data/projectwork/swati_mam/new model data/kadid10k/images/I46_10_04.png,/data/projectwork/swati_mam/kadid10k/images/I46.png,JPEG,NA,4,2.03,val,other,-9.091,-16.8065
KADID-10k,I46_09_02,I46,/data/projectwork/swati_mam/new model data/kadid10k/images/I46_09_02.png,/data/projectwork/swati_mam/kadid10k/images/I46.png,JPEG2000,NA,2,4.1,val,other,42.11779,5.6392765
KADID-10k,I46_09_04,I46,/data/projectwork/swati_mam/new model data/kadid10k/images/I46_09_04.png,/data/projectwork/swati_mam/kadid10k/images/I46.png,JPEG2000,NA,4,1.97,val,other,18.796783,-6.079499
KADID-10k,I46_09_05,I46,/data/projectwork/swati_mam/new model data/kadid10k/images/I46_09_05.png,/data/projectwork/swati_mam/kadid10k/images/I46.png,JPEG2000,NA,5,1.17,val,other,-28.192125,12.319214
KADID-10k,I46_19_01,I46,/data/projectwork/swati_mam/new model data/kadid10k/images/I46_19_01.png,/data/projectwork/swati_mam/kadid10k/images/I46.png,Jitter,NA,1,4.53,val,other,45.55247,3.8459158
KADID-10k,I46_19_03,I46,/data/projectwork/swati_mam/new model data/kadid10k/images/I46_19_03.png,/data/projectwork/swati_mam/kadid10k/images/I46.png,Jitter,NA,3,3.33,val,other,32.287125,5.6300654
KADID-10k,I46_18_03,I46,/data/projectwork/swati_mam/new model data/kadid10k/images/I46_18_03.png,/data/projectwork/swati_mam/kadid10k/images/I46.png,Mean shift,NA,3,4.73,val,other,45.029396,4.56574
KADID-10k,I46_18_04,I46,/data/projectwork/swati_mam/new model data/kadid10k/images/I46_18_04.png,/data/projectwork/swati_mam/kadid10k/images/I46.png,Mean shift,NA,4,4.67,val,other,43.966187,4.9837227
KADID-10k,I46_18_05,I46,/data/projectwork/swati_mam/new model data/kadid10k/images/I46_18_05.png,/data/projectwork/swati_mam/kadid10k/images/I46.png,Mean shift,NA,5,3.97,val,other,45.370777,4.9888487
KADID-10k,I46_03_01,I46,/data/projectwork/swati_mam/new model data/kadid10k/images/I46_03_01.png,/data/projectwork/swati_mam/kadid10k/images/I46.png,Motion blur,NA,1,4.67,val,blur,44.85596,4.290375
KADID-10k,I46_03_02,I46,/data/projectwork/swati_mam/new model data/kadid10k/images/I46_03_02.png,/data/projectwork/swati_mam/kadid10k/images/I46.png,Motion blur,NA,2,4.1,val,blur,32.21643,5.9497104
KADID-10k,I46_03_04,I46,/data/projectwork/swati_mam/new model data/kadid10k/images/I46_03_04.png,/data/projectwork/swati_mam/kadid10k/images/I46.png,Motion blur,NA,4,2.0,val,blur,9.753766,-15.775224
KADID-10k,I46_14_04,I46,/data/projectwork/swati_mam/new model data/kadid10k/images/I46_14_04.png,/data/projectwork/swati_mam/kadid10k/images/I46.png,Multiplicative noise,NA,4,2.5,val,noise,15.074733,-8.124032
KADID-10k,I46_14_05,I46,/data/projectwork/swati_mam/new model data/kadid10k/images/I46_14_05.png,/data/projectwork/swati_mam/kadid10k/images/I46.png,Multiplicative noise,NA,5,1.87,val,noise,-22.76374,-7.526825
KADID-10k,I46_20_02,I46,/data/projectwork/swati_mam/new model data/kadid10k/images/I46_20_02.png,/data/projectwork/swati_mam/kadid10k/images/I46.png,Non-eccentricity patch,NA,2,4.5,val,other,45.035053,4.031345
KADID-10k,I46_20_04,I46,/data/projectwork/swati_mam/new model data/kadid10k/images/I46_20_04.png,/data/projectwork/swati_mam/kadid10k/images/I46.png,Non-eccentricity patch,NA,4,4.23,val,other,41.910885,5.7835054
KADID-10k,I46_20_05,I46,/data/projectwork/swati_mam/new model data/kadid10k/images/I46_20_05.png,/data/projectwork/swati_mam/kadid10k/images/I46.png,Non-eccentricity patch,NA,5,4.37,val,other,35.210426,5.684889
KADID-10k,I46_21_03,I46,/data/projectwork/swati_mam/new model data/kadid10k/images/I46_21_03.png,/data/projectwork/swati_mam/kadid10k/images/I46.png,Pixelate,NA,3,2.43,val,other,20.27383,-0.7203201
KADID-10k,I46_21_05,I46,/data/projectwork/swati_mam/new model data/kadid10k/images/I46_21_05.png,/data/projectwork/swati_mam/kadid10k/images/I46.png,Pixelate,NA,5,1.6,val,other,-0.44863322,-17.369844
KADID-10k,I46_22_01,I46,/data/projectwork/swati_mam/new model data/kadid10k/images/I46_22_01.png,/data/projectwork/swati_mam/kadid10k/images/I46.png,Quantization,NA,1,4.57,val,other,42.880375,5.2333503
KADID-10k,I46_22_02,I46,/data/projectwork/swati_mam/new model data/kadid10k/images/I46_22_02.png,/data/projectwork/swati_mam/kadid10k/images/I46.png,Quantization,NA,2,4.67,val,other,43.854626,4.813042
KADID-10k,I46_22_03,I46,/data/projectwork/swati_mam/new model data/kadid10k/images/I46_22_03.png,/data/projectwork/swati_mam/kadid10k/images/I46.png,Quantization,NA,3,4.43,val,other,41.014942,6.3518
KADID-10k,I46_22_04,I46,/data/projectwork/swati_mam/new model data/kadid10k/images/I46_22_04.png,/data/projectwork/swati_mam/kadid10k/images/I46.png,Quantization,NA,4,4.5,val,other,32.85106,5.964049
KADID-10k,I46_11_01,I46,/data/projectwork/swati_mam/new model data/kadid10k/images/I46_11_01.png,/data/projectwork/swati_mam/kadid10k/images/I46.png,White noise,NA,1,4.23,val,noise,34.994823,6.0927105
KADID-10k,I46_11_04,I46,/data/projectwork/swati_mam/new model data/kadid10k/images/I46_11_04.png,/data/projectwork/swati_mam/kadid10k/images/I46.png,White noise,NA,4,3.03,val,noise,15.661168,-7.026677
KADID-10k,I46_11_05,I46,/data/projectwork/swati_mam/new model data/kadid10k/images/I46_11_05.png,/data/projectwork/swati_mam/kadid10k/images/I46.png,White noise,NA,5,2.3,val,noise,-12.296389,-16.366344
KADID-10k,I46_12_03,I46,/data/projectwork/swati_mam/new model data/kadid10k/images/I46_12_03.png,/data/projectwork/swati_mam/kadid10k/images/I46.png,White noise in color component,NA,3,3.7,val,noise,19.074413,-1.4155337
KADID-10k,I46_12_04,I46,/data/projectwork/swati_mam/new model data/kadid10k/images/I46_12_04.png,/data/projectwork/swati_mam/kadid10k/images/I46.png,White noise in color component,NA,4,3.13,val,noise,-2.2567098,-18.115574
KADID-10k,I46_12_05,I46,/data/projectwork/swati_mam/new model data/kadid10k/images/I46_12_05.png,/data/projectwork/swati_mam/kadid10k/images/I46.png,White noise in color component,NA,5,2.77,val,noise,-20.633968,-11.038236
KADID-10k,I65_16_01,I65,/data/projectwork/swati_mam/new model data/kadid10k/images/I65_16_01.png,/data/projectwork/swati_mam/kadid10k/images/I65.png,Brighten,NA,1,4.67,val,other,11.156792,-3.7645662
KADID-10k,I65_16_02,I65,/data/projectwork/swati_mam/new model data/kadid10k/images/I65_16_02.png,/data/projectwork/swati_mam/kadid10k/images/I65.png,Brighten,NA,2,4.33,val,other,11.5534315,-3.3865974
KADID-10k,I65_16_05,I65,/data/projectwork/swati_mam/new model data/kadid10k/images/I65_16_05.png,/data/projectwork/swati_mam/kadid10k/images/I65.png,Brighten,NA,5,1.71,val,other,22.273241,4.4379606
KADID-10k,I65_23_01,I65,/data/projectwork/swati_mam/new model data/kadid10k/images/I65_23_01.png,/data/projectwork/swati_mam/kadid10k/images/I65.png,Color block,NA,1,2.97,val,other,11.394633,-4.1395454
KADID-10k,I65_23_02,I65,/data/projectwork/swati_mam/new model data/kadid10k/images/I65_23_02.png,/data/projectwork/swati_mam/kadid10k/images/I65.png,Color block,NA,2,3.47,val,other,10.0018425,-5.2932677
KADID-10k,I65_23_03,I65,/data/projectwork/swati_mam/new model data/kadid10k/images/I65_23_03.png,/data/projectwork/swati_mam/kadid10k/images/I65.png,Color block,NA,3,3.03,val,other,-3.6349297,-23.018642
KADID-10k,I65_23_05,I65,/data/projectwork/swati_mam/new model data/kadid10k/images/I65_23_05.png,/data/projectwork/swati_mam/kadid10k/images/I65.png,Color block,NA,5,1.9,val,other,2.4444194,-14.781248
KADID-10k,I65_04_01,I65,/data/projectwork/swati_mam/new model data/kadid10k/images/I65_04_01.png,/data/projectwork/swati_mam/kadid10k/images/I65.png,Color diffusion,NA,1,4.7,val,other,12.089478,-3.3890533
KADID-10k,I65_04_04,I65,/data/projectwork/swati_mam/new model data/kadid10k/images/I65_04_04.png,/data/projectwork/swati_mam/kadid10k/images/I65.png,Color diffusion,NA,4,2.5,val,other,-42.97771,15.8981905
KADID-10k,I65_06_04,I65,/data/projectwork/swati_mam/new model data/kadid10k/images/I65_06_04.png,/data/projectwork/swati_mam/kadid10k/images/I65.png,Color quantization,NA,4,3.0,val,other,-24.319042,3.1493158
KADID-10k,I65_07_03,I65,/data/projectwork/swati_mam/new model data/kadid10k/images/I65_07_03.png,/data/projectwork/swati_mam/kadid10k/images/I65.png,Color saturation 1,NA,3,2.33,val,other,5.645837,-10.84409
KADID-10k,I65_07_04,I65,/data/projectwork/swati_mam/new model data/kadid10k/images/I65_07_04.png,/data/projectwork/swati_mam/kadid10k/images/I65.png,Color saturation 1,NA,4,2.6,val,other,5.5711427,-10.951178
KADID-10k,I65_08_02,I65,/data/projectwork/swati_mam/new model data/kadid10k/images/I65_08_02.png,/data/projectwork/swati_mam/kadid10k/images/I65.png,Color saturation 2,NA,2,3.6,val,other,12.184725,-3.5394256
KADID-10k,I65_08_03,I65,/data/projectwork/swati_mam/new model data/kadid10k/images/I65_08_03.png,/data/projectwork/swati_mam/kadid10k/images/I65.png,Color saturation 2,NA,3,2.93,val,other,7.0745707,-9.291663
KADID-10k,I65_08_05,I65,/data/projectwork/swati_mam/new model data/kadid10k/images/I65_08_05.png,/data/projectwork/swati_mam/kadid10k/images/I65.png,Color saturation 2,NA,5,1.63,val,other,-42.17529,15.519434
KADID-10k,I65_05_01,I65,/data/projectwork/swati_mam/new model data/kadid10k/images/I65_05_01.png,/data/projectwork/swati_mam/kadid10k/images/I65.png,Color shift,NA,1,3.77,val,other,8.045622,-8.163369
KADID-10k,I65_05_04,I65,/data/projectwork/swati_mam/new model data/kadid10k/images/I65_05_04.png,/data/projectwork/swati_mam/kadid10k/images/I65.png,Color shift,NA,4,1.97,val,other,-5.187999,-23.187426
KADID-10k,I65_05_05,I65,/data/projectwork/swati_mam/new model data/kadid10k/images/I65_05_05.png,/data/projectwork/swati_mam/kadid10k/images/I65.png,Color shift,NA,5,1.73,val,other,-17.514862,-10.377804
KADID-10k,I65_25_02,I65,/data/projectwork/swati_mam/new model data/kadid10k/images/I65_25_02.png,/data/projectwork/swati_mam/kadid10k/images/I65.png,Contrast change,NA,2,4.07,val,other,13.061375,-2.8833618
KADID-10k,I65_17_01,I65,/data/projectwork/swati_mam/new model data/kadid10k/images/I65_17_01.png,/data/projectwork/swati_mam/kadid10k/images/I65.png,Darken,NA,1,4.63,val,other,10.972612,-4.6039357
KADID-10k,I65_17_02,I65,/data/projectwork/swati_mam/new model data/kadid10k/images/I65_17_02.png,/data/projectwork/swati_mam/kadid10k/images/I65.png,Darken,NA,2,4.47,val,other,11.246153,-4.532162
KADID-10k,I65_17_04,I65,/data/projectwork/swati_mam/new model data/kadid10k/images/I65_17_04.png,/data/projectwork/swati_mam/kadid10k/images/I65.png,Darken,NA,4,3.6,val,other,6.1403885,-10.373462
KADID-10k,I65_15_03,I65,/data/projectwork/swati_mam/new model data/kadid10k/images/I65_15_03.png,/data/projectwork/swati_mam/kadid10k/images/I65.png,Denoise,NA,3,2.1,val,noise,-10.777314,-21.794203
KADID-10k,I65_15_05,I65,/data/projectwork/swati_mam/new model data/kadid10k/images/I65_15_05.png,/data/projectwork/swati_mam/kadid10k/images/I65.png,Denoise,NA,5,1.47,val,noise,-55.172035,3.2386243
KADID-10k,I65_01_01,I65,/data/projectwork/swati_mam/new model data/kadid10k/images/I65_01_01.png,/data/projectwork/swati_mam/kadid10k/images/I65.png,Gaussian blur,NA,1,4.77,val,blur,10.7779455,-4.196671
KADID-10k,I65_01_04,I65,/data/projectwork/swati_mam/new model data/kadid10k/images/I65_01_04.png,/data/projectwork/swati_mam/kadid10k/images/I65.png,Gaussian blur,NA,4,1.9,val,blur,-23.624071,9.695666
KADID-10k,I65_01_05,I65,/data/projectwork/swati_mam/new model data/kadid10k/images/I65_01_05.png,/data/projectwork/swati_mam/kadid10k/images/I65.png,Gaussian blur,NA,5,1.33,val,blur,-53.819454,8.061492
KADID-10k,I65_24_01,I65,/data/projectwork/swati_mam/new model data/kadid10k/images/I65_24_01.png,/data/projectwork/swati_mam/kadid10k/images/I65.png,High sharpen,NA,1,3.67,val,HF/sharpen,28.21208,8.431092
KADID-10k,I65_24_03,I65,/data/projectwork/swati_mam/new model data/kadid10k/images/I65_24_03.png,/data/projectwork/swati_mam/kadid10k/images/I65.png,High sharpen,NA,3,2.07,val,HF/sharpen,28.83837,8.640951
KADID-10k,I65_24_04,I65,/data/projectwork/swati_mam/new model data/kadid10k/images/I65_24_04.png,/data/projectwork/swati_mam/kadid10k/images/I65.png,High sharpen,NA,4,2.0,val,HF/sharpen,17.98726,-0.2951261
KADID-10k,I65_13_04,I65,/data/projectwork/swati_mam/new model data/kadid10k/images/I65_13_04.png,/data/projectwork/swati_mam/kadid10k/images/I65.png,Impulse noise,NA,4,1.83,val,noise,-24.92542,5.2660522
KADID-10k,I65_10_03,I65,/data/projectwork/swati_mam/new model data/kadid10k/images/I65_10_03.png,/data/projectwork/swati_mam/kadid10k/images/I65.png,JPEG,NA,3,3.77,val,other,5.6234293,-11.14019
KADID-10k,I65_10_04,I65,/data/projectwork/swati_mam/new model data/kadid10k/images/I65_10_04.png,/data/projectwork/swati_mam/kadid10k/images/I65.png,JPEG,NA,4,1.53,val,other,-6.107984,-23.326017
KADID-10k,I65_09_04,I65,/data/projectwork/swati_mam/new model data/kadid10k/images/I65_09_04.png,/data/projectwork/swati_mam/kadid10k/images/I65.png,JPEG2000,NA,4,1.9,val,other,-10.149734,-22.196402
KADID-10k,I65_09_05,I65,/data/projectwork/swati_mam/new model data/kadid10k/images/I65_09_05.png,/data/projectwork/swati_mam/kadid10k/images/I65.png,JPEG2000,NA,5,1.3,val,other,-20.355534,-3.8243253
KADID-10k,I65_19_01,I65,/data/projectwork/swati_mam/new model data/kadid10k/images/I65_19_01.png,/data/projectwork/swati_mam/kadid10k/images/I65.png,Jitter,NA,1,4.57,val,other,7.557343,-8.59782
KADID-10k,I65_19_04,I65,/data/projectwork/swati_mam/new model data/kadid10k/images/I65_19_04.png,/data/projectwork/swati_mam/kadid10k/images/I65.png,Jitter,NA,4,1.6,val,other,-5.0171285,-24.23886
KADID-10k,I65_19_05,I65,/data/projectwork/swati_mam/new model data/kadid10k/images/I65_19_05.png,/data/projectwork/swati_mam/kadid10k/images/I65.png,Jitter,NA,5,1.27,val,other,-19.879187,-4.3012695
KADID-10k,I65_02_01,I65,/data/projectwork/swati_mam/new model data/kadid10k/images/I65_02_01.png,/data/projectwork/swati_mam/kadid10k/images/I65.png,Lens blur,NA,1,3.53,val,blur,-5.7585273,-23.450708
KADID-10k,I65_02_04,I65,/data/projectwork/swati_mam/new model data/kadid10k/images/I65_02_04.png,/data/projectwork/swati_mam/kadid10k/images/I65.png,Lens blur,NA,4,1.4,val,blur,-42.4842,18.895994
KADID-10k,I65_02_05,I65,/data/projectwork/swati_mam/new model data/kadid10k/images/I65_02_05.png,/data/projectwork/swati_mam/kadid10k/images/I65.png,Lens blur,NA,5,1.13,val,blur,-53.29842,9.476753
KADID-10k,I65_18_01,I65,/data/projectwork/swati_mam/new model data/kadid10k/images/I65_18_01.png,/data/projectwork/swati_mam/kadid10k/images/I65.png,Mean shift,NA,1,4.33,val,other,22.393902,3.661792
KADID-10k,I65_18_03,I65,/data/projectwork/swati_mam/new model data/kadid10k/images/I65_18_03.png,/data/projectwork/swati_mam/kadid10k/images/I65.png,Mean shift,NA,3,4.5,val,other,10.779204,-4.1979275
KADID-10k,I65_18_05,I65,/data/projectwork/swati_mam/new model data/kadid10k/images/I65_18_05.png,/data/projectwork/swati_mam/kadid10k/images/I65.png,Mean shift,NA,5,3.97,val,other,-3.0974557,-22.96422
KADID-10k,I65_03_01,I65,/data/projectwork/swati_mam/new model data/kadid10k/images/I65_03_01.png,/data/projectwork/swati_mam/kadid10k/images/I65.png,Motion blur,NA,1,4.7,val,blur,10.778921,-4.197691
KADID-10k,I65_03_05,I65,/data/projectwork/swati_mam/new model data/kadid10k/images/I65_03_05.png,/data/projectwork/swati_mam/kadid10k/images/I65.png,Motion blur,NA,5,1.5,val,blur,-19.65661,-4.976816
KADID-10k,I65_14_02,I65,/data/projectwork/swati_mam/new model data/kadid10k/images/I65_14_02.png,/data/projectwork/swati_mam/kadid10k/images/I65.png,Multiplicative noise,NA,2,3.07,val,noise,-18.160067,-9.984594
KADID-10k,I65_20_01,I65,/data/projectwork/swati_mam/new model data/kadid10k/images/I65_20_01.png,/data/projectwork/swati_mam/kadid10k/images/I65.png,Non-eccentricity patch,NA,1,4.6,val,other,10.334928,-5.2236953
KADID-10k,I65_20_03,I65,/data/projectwork/swati_mam/new model data/kadid10k/images/I65_20_03.png,/data/projectwork/swati_mam/kadid10k/images/I65.png,Non-eccentricity patch,NA,3,4.2,val,other,10.259043,-4.8269672
KADID-10k,I65_20_04,I65,/data/projectwork/swati_mam/new model data/kadid10k/images/I65_20_04.png,/data/projectwork/swati_mam/kadid10k/images/I65.png,Non-eccentricity patch,NA,4,4.3,val,other,27.470549,8.252232
KADID-10k,I65_21_01,I65,/data/projectwork/swati_mam/new model data/kadid10k/images/I65_21_01.png,/data/projectwork/swati_mam/kadid10k/images/I65.png,Pixelate,NA,1,3.9,val,other,5.4752045,-10.82936
KADID-10k,I65_21_04,I65,/data/projectwork/swati_mam/new model data/kadid10k/images/I65_21_04.png,/data/projectwork/swati_mam/kadid10k/images/I65.png,Pixelate,NA,4,2.33,val,other,7.669406,-8.4856205
KADID-10k,I65_22_01,I65,/data/projectwork/swati_mam/new model data/kadid10k/images/I65_22_01.png,/data/projectwork/swati_mam/kadid10k/images/I65.png,Quantization,NA,1,4.5,val,other,13.286504,-2.7509403
KADID-10k,I65_22_02,I65,/data/projectwork/swati_mam/new model data/kadid10k/images/I65_22_02.png,/data/projectwork/swati_mam/kadid10k/images/I65.png,Quantization,NA,2,3.53,val,other,8.781506,-7.1649985
KADID-10k,I65_22_03,I65,/data/projectwork/swati_mam/new model data/kadid10k/images/I65_22_03.png,/data/projectwork/swati_mam/kadid10k/images/I65.png,Quantization,NA,3,3.2,val,other,7.2582054,-8.734521
KADID-10k,I65_22_04,I65,/data/projectwork/swati_mam/new model data/kadid10k/images/I65_22_04.png,/data/projectwork/swati_mam/kadid10k/images/I65.png,Quantization,NA,4,2.83,val,other,-3.883096,-22.99156
KADID-10k,I65_22_05,I65,/data/projectwork/swati_mam/new model data/kadid10k/images/I65_22_05.png,/data/projectwork/swati_mam/kadid10k/images/I65.png,Quantization,NA,5,2.17,val,other,6.137396,-10.06408
KADID-10k,I65_11_02,I65,/data/projectwork/swati_mam/new model data/kadid10k/images/I65_11_02.png,/data/projectwork/swati_mam/kadid10k/images/I65.png,White noise,NA,2,3.17,val,noise,-18.228256,-9.7783
KADID-10k,I65_11_03,I65,/data/projectwork/swati_mam/new model data/kadid10k/images/I65_11_03.png,/data/projectwork/swati_mam/kadid10k/images/I65.png,White noise,NA,3,2.73,val,noise,-26.00453,11.55839
KADID-10k,I65_11_04,I65,/data/projectwork/swati_mam/new model data/kadid10k/images/I65_11_04.png,/data/projectwork/swati_mam/kadid10k/images/I65.png,White noise,NA,4,2.33,val,noise,-43.447754,16.4397
KADID-10k,I65_12_02,I65,/data/projectwork/swati_mam/new model data/kadid10k/images/I65_12_02.png,/data/projectwork/swati_mam/kadid10k/images/I65.png,White noise in color component,NA,2,3.47,val,noise,-21.349419,-5.179368
KADID-10k,I65_12_05,I65,/data/projectwork/swati_mam/new model data/kadid10k/images/I65_12_05.png,/data/projectwork/swati_mam/kadid10k/images/I65.png,White noise in color component,NA,5,1.9,val,noise,-55.824867,1.8130393
KADID-10k,I74_16_01,I74,/data/projectwork/swati_mam/new model data/kadid10k/images/I74_16_01.png,/data/projectwork/swati_mam/kadid10k/images/I74.png,Brighten,NA,1,4.3,val,other,54.13676,-6.8364334
KADID-10k,I74_16_04,I74,/data/projectwork/swati_mam/new model data/kadid10k/images/I74_16_04.png,/data/projectwork/swati_mam/kadid10k/images/I74.png,Brighten,NA,4,2.6,val,other,43.405785,2.372135
KADID-10k,I74_23_02,I74,/data/projectwork/swati_mam/new model data/kadid10k/images/I74_23_02.png,/data/projectwork/swati_mam/kadid10k/images/I74.png,Color block,NA,2,2.3,val,other,52.583107,-5.056653
KADID-10k,I74_23_03,I74,/data/projectwork/swati_mam/new model data/kadid10k/images/I74_23_03.png,/data/projectwork/swati_mam/kadid10k/images/I74.png,Color block,NA,3,2.23,val,other,56.696808,-7.267508
KADID-10k,I74_23_05,I74,/data/projectwork/swati_mam/new model data/kadid10k/images/I74_23_05.png,/data/projectwork/swati_mam/kadid10k/images/I74.png,Color block,NA,5,2.03,val,other,51.523365,-4.9463344
KADID-10k,I74_04_03,I74,/data/projectwork/swati_mam/new model data/kadid10k/images/I74_04_03.png,/data/projectwork/swati_mam/kadid10k/images/I74.png,Color diffusion,NA,3,2.47,val,other,51.912945,-5.4226165
KADID-10k,I74_04_04,I74,/data/projectwork/swati_mam/new model data/kadid10k/images/I74_04_04.png,/data/projectwork/swati_mam/kadid10k/images/I74.png,Color diffusion,NA,4,2.13,val,other,50.006508,-3.6024725
KADID-10k,I74_06_03,I74,/data/projectwork/swati_mam/new model data/kadid10k/images/I74_06_03.png,/data/projectwork/swati_mam/kadid10k/images/I74.png,Color quantization,NA,3,4.1,val,other,55.78525,-7.748454
KADID-10k,I74_06_05,I74,/data/projectwork/swati_mam/new model data/kadid10k/images/I74_06_05.png,/data/projectwork/swati_mam/kadid10k/images/I74.png,Color quantization,NA,5,2.77,val,other,54.59419,-7.569508
KADID-10k,I74_07_02,I74,/data/projectwork/swati_mam/new model data/kadid10k/images/I74_07_02.png,/data/projectwork/swati_mam/kadid10k/images/I74.png,Color saturation 1,NA,2,2.33,val,other,53.774452,-6.462306
KADID-10k,I74_08_02,I74,/data/projectwork/swati_mam/new model data/kadid10k/images/I74_08_02.png,/data/projectwork/swati_mam/kadid10k/images/I74.png,Color saturation 2,NA,2,3.0,val,other,53.08055,-5.809711
KADID-10k,I74_05_03,I74,/data/projectwork/swati_mam/new model data/kadid10k/images/I74_05_03.png,/data/projectwork/swati_mam/kadid10k/images/I74.png,Color shift,NA,3,1.8,val,other,19.580929,-4.5160975
KADID-10k,I74_05_05,I74,/data/projectwork/swati_mam/new model data/kadid10k/images/I74_05_05.png,/data/projectwork/swati_mam/kadid10k/images/I74.png,Color shift,NA,5,1.3,val,other,-5.7050953,-17.047945
KADID-10k,I74_25_01,I74,/data/projectwork/swati_mam/new model data/kadid10k/images/I74_25_01.png,/data/projectwork/swati_mam/kadid10k/images/I74.png,Contrast change,NA,1,3.5,val,other,57.62347,-8.108961
KADID-10k,I74_25_02,I74,/data/projectwork/swati_mam/new model data/kadid10k/images/I74_25_02.png,/data/projectwork/swati_mam/kadid10k/images/I74.png,Contrast change,NA,2,3.87,val,other,57.17946,-8.123195
KADID-10k,I74_25_04,I74,/data/projectwork/swati_mam/new model data/kadid10k/images/I74_25_04.png,/data/projectwork/swati_mam/kadid10k/images/I74.png,Contrast change,NA,4,3.9,val,other,51.970882,-4.211047
KADID-10k,I74_25_05,I74,/data/projectwork/swati_mam/new model data/kadid10k/images/I74_25_05.png,/data/projectwork/swati_mam/kadid10k/images/I74.png,Contrast change,NA,5,3.03,val,other,46.685226,2.366289
KADID-10k,I74_17_01,I74,/data/projectwork/swati_mam/new model data/kadid10k/images/I74_17_01.png,/data/projectwork/swati_mam/kadid10k/images/I74.png,Darken,NA,1,4.8,val,other,56.336014,-7.4642916
KADID-10k,I74_17_05,I74,/data/projectwork/swati_mam/new model data/kadid10k/images/I74_17_05.png,/data/projectwork/swati_mam/kadid10k/images/I74.png,Darken,NA,5,2.67,val,other,53.894108,-3.4048383
KADID-10k,I74_15_01,I74,/data/projectwork/swati_mam/new model data/kadid10k/images/I74_15_01.png,/data/projectwork/swati_mam/kadid10k/images/I74.png,Denoise,NA,1,4.07,val,noise,57.220913,-7.5414085
KADID-10k,I74_15_04,I74,/data/projectwork/swati_mam/new model data/kadid10k/images/I74_15_04.png,/data/projectwork/swati_mam/kadid10k/images/I74.png,Denoise,NA,4,1.93,val,noise,27.552866,3.3228736
KADID-10k,I74_01_03,I74,/data/projectwork/swati_mam/new model data/kadid10k/images/I74_01_03.png,/data/projectwork/swati_mam/kadid10k/images/I74.png,Gaussian blur,NA,3,3.0,val,blur,50.503513,-3.2435184
KADID-10k,I74_01_04,I74,/data/projectwork/swati_mam/new model data/kadid10k/images/I74_01_04.png,/data/projectwork/swati_mam/kadid10k/images/I74.png,Gaussian blur,NA,4,2.1,val,blur,26.727549,3.4697945
KADID-10k,I74_01_05,I74,/data/projectwork/swati_mam/new model data/kadid10k/images/I74_01_05.png,/data/projectwork/swati_mam/kadid10k/images/I74.png,Gaussian blur,NA,5,1.4,val,blur,-36.075462,18.726992
KADID-10k,I74_13_01,I74,/data/projectwork/swati_mam/new model data/kadid10k/images/I74_13_01.png,/data/projectwork/swati_mam/kadid10k/images/I74.png,Impulse noise,NA,1,4.2,val,noise,55.510242,-7.269258
KADID-10k,I74_13_03,I74,/data/projectwork/swati_mam/new model data/kadid10k/images/I74_13_03.png,/data/projectwork/swati_mam/kadid10k/images/I74.png,Impulse noise,NA,3,3.0,val,noise,46.712685,1.2312827
KADID-10k,I74_13_05,I74,/data/projectwork/swati_mam/new model data/kadid10k/images/I74_13_05.png,/data/projectwork/swati_mam/kadid10k/images/I74.png,Impulse noise,NA,5,2.13,val,noise,9.125424,-18.519873
KADID-10k,I74_10_01,I74,/data/projectwork/swati_mam/new model data/kadid10k/images/I74_10_01.png,/data/projectwork/swati_mam/kadid10k/images/I74.png,JPEG,NA,1,4.37,val,other,52.169365,-4.71322
KADID-10k,I74_10_03,I74,/data/projectwork/swati_mam/new model data/kadid10k/images/I74_10_03.png,/data/projectwork/swati_mam/kadid10k/images/I74.png,JPEG,NA,3,4.13,val,other,46.76573,1.0191705
KADID-10k,I74_10_04,I74,/data/projectwork/swati_mam/new model data/kadid10k/images/I74_10_04.png,/data/projectwork/swati_mam/kadid10k/images/I74.png,JPEG,NA,4,2.9,val,other,19.116894,-5.3939977
KADID-10k,I74_09_02,I74,/data/projectwork/swati_mam/new model data/kadid10k/images/I74_09_02.png,/data/projectwork/swati_mam/kadid10k/images/I74.png,JPEG2000,NA,2,4.57,val,other,54.880966,-6.3384895
KADID-10k,I74_19_01,I74,/data/projectwork/swati_mam/new model data/kadid10k/images/I74_19_01.png,/data/projectwork/swati_mam/kadid10k/images/I74.png,Jitter,NA,1,4.33,val,other,54.534683,-6.298873
KADID-10k,I74_19_02,I74,/data/projectwork/swati_mam/new model data/kadid10k/images/I74_19_02.png,/data/projectwork/swati_mam/kadid10k/images/I74.png,Jitter,NA,2,4.1,val,other,50.495068,-3.1616535
KADID-10k,I74_19_03,I74,/data/projectwork/swati_mam/new model data/kadid10k/images/I74_19_03.png,/data/projectwork/swati_mam/kadid10k/images/I74.png,Jitter,NA,3,2.73,val,other,35.90071,5.0061865
KADID-10k,I74_19_05,I74,/data/projectwork/swati_mam/new model data/kadid10k/images/I74_19_05.png,/data/projectwork/swati_mam/kadid10k/images/I74.png,Jitter,NA,5,1.53,val,other,-33.437714,19.788961
KADID-10k,I74_02_01,I74,/data/projectwork/swati_mam/new model data/kadid10k/images/I74_02_01.png,/data/projectwork/swati_mam/kadid10k/images/I74.png,Lens blur,NA,1,4.1,val,blur,53.656773,-5.9870024
KADID-10k,I74_02_04,I74,/data/projectwork/swati_mam/new model data/kadid10k/images/I74_02_04.png,/data/projectwork/swati_mam/kadid10k/images/I74.png,Lens blur,NA,4,1.37,val,blur,-17.098072,-11.976676
KADID-10k,I74_18_01,I74,/data/projectwork/swati_mam/new model data/kadid10k/images/I74_18_01.png,/data/projectwork/swati_mam/kadid10k/images/I74.png,Mean shift,NA,1,4.2,val,other,56.70177,-8.05465
KADID-10k,I74_18_05,I74,/data/projectwork/swati_mam/new model data/kadid10k/images/I74_18_05.png,/data/projectwork/swati_mam/kadid10k/images/I74.png,Mean shift,NA,5,3.87,val,other,55.62617,-6.797935
KADID-10k,I74_03_02,I74,/data/projectwork/swati_mam/new model data/kadid10k/images/I74_03_02.png,/data/projectwork/swati_mam/kadid10k/images/I74.png,Motion blur,NA,2,4.33,val,blur,56.035244,-7.0011315
KADID-10k,I74_03_03,I74,/data/projectwork/swati_mam/new model data/kadid10k/images/I74_03_03.png,/data/projectwork/swati_mam/kadid10k/images/I74.png,Motion blur,NA,3,3.0,val,blur,45.98571,2.1156342
KADID-10k,I74_14_01,I74,/data/projectwork/swati_mam/new model data/kadid10k/images/I74_14_01.png,/data/projectwork/swati_mam/kadid10k/images/I74.png,Multiplicative noise,NA,1,4.67,val,noise,54.31431,-6.630427
KADID-10k,I74_14_02,I74,/data/projectwork/swati_mam/new model data/kadid10k/images/I74_14_02.png,/data/projectwork/swati_mam/kadid10k/images/I74.png,Multiplicative noise,NA,2,4.3,val,noise,51.08126,-4.2637844
KADID-10k,I74_14_03,I74,/data/projectwork/swati_mam/new model data/kadid10k/images/I74_14_03.png,/data/projectwork/swati_mam/kadid10k/images/I74.png,Multiplicative noise,NA,3,3.73,val,noise,46.664307,0.62822485
KADID-10k,I74_14_04,I74,/data/projectwork/swati_mam/new model data/kadid10k/images/I74_14_04.png,/data/projectwork/swati_mam/kadid10k/images/I74.png,Multiplicative noise,NA,4,3.0,val,noise,40.876453,3.131705
KADID-10k,I74_20_01,I74,/data/projectwork/swati_mam/new model data/kadid10k/images/I74_20_01.png,/data/projectwork/swati_mam/kadid10k/images/I74.png,Non-eccentricity patch,NA,1,4.3,val,other,52.36965,-4.8240623
KADID-10k,I74_20_02,I74,/data/projectwork/swati_mam/new model data/kadid10k/images/I74_20_02.png,/data/projectwork/swati_mam/kadid10k/images/I74.png,Non-eccentricity patch,NA,2,3.67,val,other,50.918625,-3.7362614
KADID-10k,I74_20_04,I74,/data/projectwork/swati_mam/new model data/kadid10k/images/I74_20_04.png,/data/projectwork/swati_mam/kadid10k/images/I74.png,Non-eccentricity patch,NA,4,3.1,val,other,47.210472,0.96853197
KADID-10k,I74_21_01,I74,/data/projectwork/swati_mam/new model data/kadid10k/images/I74_21_01.png,/data/projectwork/swati_mam/kadid10k/images/I74.png,Pixelate,NA,1,3.93,val,other,46.89063,1.286596
KADID-10k,I74_21_02,I74,/data/projectwork/swati_mam/new model data/kadid10k/images/I74_21_02.png,/data/projectwork/swati_mam/kadid10k/images/I74.png,Pixelate,NA,2,3.23,val,other,42.57432,3.0369177
KADID-10k,I74_21_03,I74,/data/projectwork/swati_mam/new model data/kadid10k/images/I74_21_03.png,/data/projectwork/swati_mam/kadid10k/images/I74.png,Pixelate,NA,3,2.27,val,other,30.79767,4.2697544
KADID-10k,I74_21_04,I74,/data/projectwork/swati_mam/new model data/kadid10k/images/I74_21_04.png,/data/projectwork/swati_mam/kadid10k/images/I74.png,Pixelate,NA,4,2.43,val,other,14.218394,-13.474927
KADID-10k,I74_21_05,I74,/data/projectwork/swati_mam/new model data/kadid10k/images/I74_21_05.png,/data/projectwork/swati_mam/kadid10k/images/I74.png,Pixelate,NA,5,1.47,val,other,-5.457305,-16.898235
KADID-10k,I74_22_01,I74,/data/projectwork/swati_mam/new model data/kadid10k/images/I74_22_01.png,/data/projectwork/swati_mam/kadid10k/images/I74.png,Quantization,NA,1,4.43,val,other,54.913956,-7.144085
KADID-10k,I74_22_02,I74,/data/projectwork/swati_mam/new model data/kadid10k/images/I74_22_02.png,/data/projectwork/swati_mam/kadid10k/images/I74.png,Quantization,NA,2,4.5,val,other,55.14101,-6.742766
KADID-10k,I74_22_05,I74,/data/projectwork/swati_mam/new model data/kadid10k/images/I74_22_05.png,/data/projectwork/swati_mam/kadid10k/images/I74.png,Quantization,NA,5,3.67,val,other,46.129868,1.6572239
KADID-10k,I74_11_01,I74,/data/projectwork/swati_mam/new model data/kadid10k/images/I74_11_01.png,/data/projectwork/swati_mam/kadid10k/images/I74.png,White noise,NA,1,4.4,val,noise,51.661613,-4.517725
KADID-10k,I74_11_03,I74,/data/projectwork/swati_mam/new model data/kadid10k/images/I74_11_03.png,/data/projectwork/swati_mam/kadid10k/images/I74.png,White noise,NA,3,3.73,val,noise,43.78545,2.7023625
KADID-10k,I74_11_05,I74,/data/projectwork/swati_mam/new model data/kadid10k/images/I74_11_05.png,/data/projectwork/swati_mam/kadid10k/images/I74.png,White noise,NA,5,3.23,val,noise,4.2088575,-19.909159
KADID-10k,I74_12_01,I74,/data/projectwork/swati_mam/new model data/kadid10k/images/I74_12_01.png,/data/projectwork/swati_mam/kadid10k/images/I74.png,White noise in color component,NA,1,4.37,val,noise,54.820297,-7.049731
KADID-10k,I74_12_03,I74,/data/projectwork/swati_mam/new model data/kadid10k/images/I74_12_03.png,/data/projectwork/swati_mam/kadid10k/images/I74.png,White noise in color component,NA,3,4.0,val,noise,41.838425,3.178756
KADID-10k,I74_12_05,I74,/data/projectwork/swati_mam/new model data/kadid10k/images/I74_12_05.png,/data/projectwork/swati_mam/kadid10k/images/I74.png,White noise in color component,NA,5,3.19,val,noise,-12.479862,-17.548481
KADID-10k,I77_16_02,I77,/data/projectwork/swati_mam/new model data/kadid10k/images/I77_16_02.png,/data/projectwork/swati_mam/kadid10k/images/I77.png,Brighten,NA,2,4.13,val,other,10.216956,-16.606098
KADID-10k,I77_16_03,I77,/data/projectwork/swati_mam/new model data/kadid10k/images/I77_16_03.png,/data/projectwork/swati_mam/kadid10k/images/I77.png,Brighten,NA,3,3.77,val,other,-1.167353,-17.789663
KADID-10k,I77_23_04,I77,/data/projectwork/swati_mam/new model data/kadid10k/images/I77_23_04.png,/data/projectwork/swati_mam/kadid10k/images/I77.png,Color block,NA,4,2.17,val,other,16.445948,-8.022505
KADID-10k,I77_23_05,I77,/data/projectwork/swati_mam/new model data/kadid10k/images/I77_23_05.png,/data/projectwork/swati_mam/kadid10k/images/I77.png,Color block,NA,5,2.27,val,other,4.049158,-18.933964
KADID-10k,I77_04_02,I77,/data/projectwork/swati_mam/new model data/kadid10k/images/I77_04_02.png,/data/projectwork/swati_mam/kadid10k/images/I77.png,Color diffusion,NA,2,1.93,val,other,-43.242302,18.204197
KADID-10k,I77_04_03,I77,/data/projectwork/swati_mam/new model data/kadid10k/images/I77_04_03.png,/data/projectwork/swati_mam/kadid10k/images/I77.png,Color diffusion,NA,3,1.43,val,other,-58.004894,-0.44272685
KADID-10k,I77_04_04,I77,/data/projectwork/swati_mam/new model data/kadid10k/images/I77_04_04.png,/data/projectwork/swati_mam/kadid10k/images/I77.png,Color diffusion,NA,4,1.33,val,other,-59.395393,-3.6794457
KADID-10k,I77_06_01,I77,/data/projectwork/swati_mam/new model data/kadid10k/images/I77_06_01.png,/data/projectwork/swati_mam/kadid10k/images/I77.png,Color quantization,NA,1,4.37,val,other,-3.4421577,-17.720036
KADID-10k,I77_06_04,I77,/data/projectwork/swati_mam/new model data/kadid10k/images/I77_06_04.png,/data/projectwork/swati_mam/kadid10k/images/I77.png,Color quantization,NA,4,3.27,val,other,-23.51811,5.136573
KADID-10k,I77_06_05,I77,/data/projectwork/swati_mam/new model data/kadid10k/images/I77_06_05.png,/data/projectwork/swati_mam/kadid10k/images/I77.png,Color quantization,NA,5,2.73,val,other,-23.353191,6.2612476
KADID-10k,I77_07_01,I77,/data/projectwork/swati_mam/new model data/kadid10k/images/I77_07_01.png,/data/projectwork/swati_mam/kadid10k/images/I77.png,Color saturation 1,NA,1,2.37,val,other,8.941204,-15.911274
KADID-10k,I77_07_02,I77,/data/projectwork/swati_mam/new model data/kadid10k/images/I77_07_02.png,/data/projectwork/swati_mam/kadid10k/images/I77.png,Color saturation 1,NA,2,2.3,val,other,-19.044792,-11.944961
KADID-10k,I77_07_04,I77,/data/projectwork/swati_mam/new model data/kadid10k/images/I77_07_04.png,/data/projectwork/swati_mam/kadid10k/images/I77.png,Color saturation 1,NA,4,2.23,val,other,-24.279089,4.674362
KADID-10k,I77_07_05,I77,/data/projectwork/swati_mam/new model data/kadid10k/images/I77_07_05.png,/data/projectwork/swati_mam/kadid10k/images/I77.png,Color saturation 1,NA,5,1.77,val,other,-24.506735,4.166905
KADID-10k,I77_05_02,I77,/data/projectwork/swati_mam/new model data/kadid10k/images/I77_05_02.png,/data/projectwork/swati_mam/kadid10k/images/I77.png,Color shift,NA,2,2.57,val,other,-7.4082527,-16.809958
KADID-10k,I77_05_04,I77,/data/projectwork/swati_mam/new model data/kadid10k/images/I77_05_04.png,/data/projectwork/swati_mam/kadid10k/images/I77.png,Color shift,NA,4,2.3,val,other,-20.766783,-10.707762
KADID-10k,I77_05_05,I77,/data/projectwork/swati_mam/new model data/kadid10k/images/I77_05_05.png,/data/projectwork/swati_mam/kadid10k/images/I77.png,Color shift,NA,5,2.33,val,other,-11.906218,-17.038134
KADID-10k,I77_25_01,I77,/data/projectwork/swati_mam/new model data/kadid10k/images/I77_25_01.png,/data/projectwork/swati_mam/kadid10k/images/I77.png,Contrast change,NA,1,3.83,val,other,-1.5568774,-17.862883
KADID-10k,I77_25_02,I77,/data/projectwork/swati_mam/new model data/kadid10k/images/I77_25_02.png,/data/projectwork/swati_mam/kadid10k/images/I77.png,Contrast change,NA,2,3.87,val,other,-0.96763885,-17.728878
KADID-10k,I77_25_03,I77,/data/projectwork/swati_mam/new model data/kadid10k/images/I77_25_03.png,/data/projectwork/swati_mam/kadid10k/images/I77.png,Contrast change,NA,3,4.4,val,other,9.408015,-17.299866
KADID-10k,I77_25_04,I77,/data/projectwork/swati_mam/new model data/kadid10k/images/I77_25_04.png,/data/projectwork/swati_mam/kadid10k/images/I77.png,Contrast change,NA,4,4.17,val,other,17.888336,-6.0592117
KADID-10k,I77_25_05,I77,/data/projectwork/swati_mam/new model data/kadid10k/images/I77_25_05.png,/data/projectwork/swati_mam/kadid10k/images/I77.png,Contrast change,NA,5,3.7,val,other,18.162663,-5.7458444
KADID-10k,I77_17_01,I77,/data/projectwork/swati_mam/new model data/kadid10k/images/I77_17_01.png,/data/projectwork/swati_mam/kadid10k/images/I77.png,Darken,NA,1,4.5,val,other,15.107735,-9.761418
KADID-10k,I77_17_04,I77,/data/projectwork/swati_mam/new model data/kadid10k/images/I77_17_04.png,/data/projectwork/swati_mam/kadid10k/images/I77.png,Darken,NA,4,3.77,val,other,12.890564,-12.235671
KADID-10k,I77_15_05,I77,/data/projectwork/swati_mam/new model data/kadid10k/images/I77_15_05.png,/data/projectwork/swati_mam/kadid10k/images/I77.png,Denoise,NA,5,1.73,val,noise,-21.021349,-6.7792907
KADID-10k,I77_01_02,I77,/data/projectwork/swati_mam/new model data/kadid10k/images/I77_01_02.png,/data/projectwork/swati_mam/kadid10k/images/I77.png,Gaussian blur,NA,2,4.6,val,blur,17.860184,-6.192634
KADID-10k,I77_01_03,I77,/data/projectwork/swati_mam/new model data/kadid10k/images/I77_01_03.png,/data/projectwork/swati_mam/kadid10k/images/I77.png,Gaussian blur,NA,3,2.87,val,blur,11.089693,-12.813021
KADID-10k,I77_01_05,I77,/data/projectwork/swati_mam/new model data/kadid10k/images/I77_01_05.png,/data/projectwork/swati_mam/kadid10k/images/I77.png,Gaussian blur,NA,5,1.43,val,blur,-52.057884,11.495515
KADID-10k,I77_24_01,I77,/data/projectwork/swati_mam/new model data/kadid10k/images/I77_24_01.png,/data/projectwork/swati_mam/kadid10k/images/I77.png,High sharpen,NA,1,4.03,val,HF/sharpen,26.495605,1.0419027
KADID-10k,I77_24_03,I77,/data/projectwork/swati_mam/new model data/kadid10k/images/I77_24_03.png,/data/projectwork/swati_mam/kadid10k/images/I77.png,High sharpen,NA,3,2.17,val,HF/sharpen,26.985611,1.2353293
KADID-10k,I77_24_05,I77,/data/projectwork/swati_mam/new model data/kadid10k/images/I77_24_05.png,/data/projectwork/swati_mam/kadid10k/images/I77.png,High sharpen,NA,5,1.27,val,HF/sharpen,-23.710255,-7.768504
KADID-10k,I77_13_01,I77,/data/projectwork/swati_mam/new model data/kadid10k/images/I77_13_01.png,/data/projectwork/swati_mam/kadid10k/images/I77.png,Impulse noise,NA,1,3.6,val,noise,10.205074,-16.711725
KADID-10k,I77_13_04,I77,/data/projectwork/swati_mam/new model data/kadid10k/images/I77_13_04.png,/data/projectwork/swati_mam/kadid10k/images/I77.png,Impulse noise,NA,4,2.3,val,noise,-22.163147,-7.6031632
KADID-10k,I77_13_05,I77,/data/projectwork/swati_mam/new model data/kadid10k/images/I77_13_05.png,/data/projectwork/swati_mam/kadid10k/images/I77.png,Impulse noise,NA,5,2.07,val,noise,-34.680126,17.777802
KADID-10k,I77_10_01,I77,/data/projectwork/swati_mam/new model data/kadid10k/images/I77_10_01.png,/data/projectwork/swati_mam/kadid10k/images/I77.png,JPEG,NA,1,4.47,val,other,13.758001,-10.83558
KADID-10k,I77_10_02,I77,/data/projectwork/swati_mam/new model data/kadid10k/images/I77_10_02.png,/data/projectwork/swati_mam/kadid10k/images/I77.png,JPEG,NA,2,4.37,val,other,13.047095,-12.133557
KADID-10k,I77_10_03,I77,/data/projectwork/swati_mam/new model data/kadid10k/images/I77_10_03.png,/data/projectwork/swati_mam/kadid10k/images/I77.png,JPEG,NA,3,4.3,val,other,4.520775,-18.930872
KADID-10k,I77_10_05,I77,/data/projectwork/swati_mam/new model data/kadid10k/images/I77_10_05.png,/data/projectwork/swati_mam/kadid10k/images/I77.png,JPEG,NA,5,1.39,val,other,-23.098595,5.833612
KADID-10k,I77_09_01,I77,/data/projectwork/swati_mam/new model data/kadid10k/images/I77_09_01.png,/data/projectwork/swati_mam/kadid10k/images/I77.png,JPEG2000,NA,1,4.83,val,other,15.089926,-9.797137
KADID-10k,I77_09_03,I77,/data/projectwork/swati_mam/new model data/kadid10k/images/I77_09_03.png,/data/projectwork/swati_mam/kadid10k/images/I77.png,JPEG2000,NA,3,3.83,val,other,13.18212,-11.537912
KADID-10k,I77_09_04,I77,/data/projectwork/swati_mam/new model data/kadid10k/images/I77_09_04.png,/data/projectwork/swati_mam/kadid10k/images/I77.png,JPEG2000,NA,4,2.27,val,other,22.797556,-1.4041436
KADID-10k,I77_09_05,I77,/data/projectwork/swati_mam/new model data/kadid10k/images/I77_09_05.png,/data/projectwork/swati_mam/kadid10k/images/I77.png,JPEG2000,NA,5,1.39,val,other,-21.492088,5.8659973
KADID-10k,I77_19_01,I77,/data/projectwork/swati_mam/new model data/kadid10k/images/I77_19_01.png,/data/projectwork/swati_mam/kadid10k/images/I77.png,Jitter,NA,1,4.1,val,other,15.543735,-9.158039
KADID-10k,I77_19_02,I77,/data/projectwork/swati_mam/new model data/kadid10k/images/I77_19_02.png,/data/projectwork/swati_mam/kadid10k/images/I77.png,Jitter,NA,2,4.1,val,other,16.197466,-9.015516
KADID-10k,I77_19_04,I77,/data/projectwork/swati_mam/new model data/kadid10k/images/I77_19_04.png,/data/projectwork/swati_mam/kadid10k/images/I77.png,Jitter,NA,4,2.23,val,other,-8.557846,-19.455355
KADID-10k,I77_02_01,I77,/data/projectwork/swati_mam/new model data/kadid10k/images/I77_02_01.png,/data/projectwork/swati_mam/kadid10k/images/I77.png,Lens blur,NA,1,3.81,val,blur,18.30638,-5.3430657
KADID-10k,I77_02_02,I77,/data/projectwork/swati_mam/new model data/kadid10k/images/I77_02_02.png,/data/projectwork/swati_mam/kadid10k/images/I77.png,Lens blur,NA,2,2.8,val,blur,5.8228593,-18.059013
KADID-10k,I77_02_04,I77,/data/projectwork/swati_mam/new model data/kadid10k/images/I77_02_04.png,/data/projectwork/swati_mam/kadid10k/images/I77.png,Lens blur,NA,4,1.47,val,blur,-21.382223,5.9653897
KADID-10k,I77_02_05,I77,/data/projectwork/swati_mam/new model data/kadid10k/images/I77_02_05.png,/data/projectwork/swati_mam/kadid10k/images/I77.png,Lens blur,NA,5,1.47,val,blur,-44.42404,18.341106
KADID-10k,I77_18_01,I77,/data/projectwork/swati_mam/new model data/kadid10k/images/I77_18_01.png,/data/projectwork/swati_mam/kadid10k/images/I77.png,Mean shift,NA,1,4.4,val,other,10.055523,-17.032148
KADID-10k,I77_18_02,I77,/data/projectwork/swati_mam/new model data/kadid10k/images/I77_18_02.png,/data/projectwork/swati_mam/kadid10k/images/I77.png,Mean shift,NA,2,4.7,val,other,14.589293,-10.409691
KADID-10k,I77_18_04,I77,/data/projectwork/swati_mam/new model data/kadid10k/images/I77_18_04.png,/data/projectwork/swati_mam/kadid10k/images/I77.png,Mean shift,NA,4,4.37,val,other,-7.033488,-17.155989
KADID-10k,I77_18_05,I77,/data/projectwork/swati_mam/new model data/kadid10k/images/I77_18_05.png,/data/projectwork/swati_mam/kadid10k/images/I77.png,Mean shift,NA,5,4.13,val,other,-8.407445,-16.79857
KADID-10k,I77_03_01,I77,/data/projectwork/swati_mam/new model data/kadid10k/images/I77_03_01.png,/data/projectwork/swati_mam/kadid10k/images/I77.png,Motion blur,NA,1,4.65,val,blur,14.395429,-10.568789
KADID-10k,I77_03_02,I77,/data/projectwork/swati_mam/new model data/kadid10k/images/I77_03_02.png,/data/projectwork/swati_mam/kadid10k/images/I77.png,Motion blur,NA,2,4.07,val,blur,18.08597,-5.977203
KADID-10k,I77_03_04,I77,/data/projectwork/swati_mam/new model data/kadid10k/images/I77_03_04.png,/data/projectwork/swati_mam/kadid10k/images/I77.png,Motion blur,NA,4,2.07,val,blur,1.9245799,-18.99967
KADID-10k,I77_14_01,I77,/data/projectwork/swati_mam/new model data/kadid10k/images/I77_14_01.png,/data/projectwork/swati_mam/kadid10k/images/I77.png,Multiplicative noise,NA,1,4.57,val,noise,9.248481,-16.887682
KADID-10k,I77_14_03,I77,/data/projectwork/swati_mam/new model data/kadid10k/images/I77_14_03.png,/data/projectwork/swati_mam/kadid10k/images/I77.png,Multiplicative noise,NA,3,3.63,val,noise,-22.401543,-7.720074
KADID-10k,I77_14_04,I77,/data/projectwork/swati_mam/new model data/kadid10k/images/I77_14_04.png,/data/projectwork/swati_mam/kadid10k/images/I77.png,Multiplicative noise,NA,4,3.0,val,noise,-23.63396,5.8203635
KADID-10k,I77_20_02,I77,/data/projectwork/swati_mam/new model data/kadid10k/images/I77_20_02.png,/data/projectwork/swati_mam/kadid10k/images/I77.png,Non-eccentricity patch,NA,2,4.17,val,other,8.782652,-17.047186
KADID-10k,I77_20_03,I77,/data/projectwork/swati_mam/new model data/kadid10k/images/I77_20_03.png,/data/projectwork/swati_mam/kadid10k/images/I77.png,Non-eccentricity patch,NA,3,4.17,val,other,-2.8213484,-17.860025
KADID-10k,I77_20_04,I77,/data/projectwork/swati_mam/new model data/kadid10k/images/I77_20_04.png,/data/projectwork/swati_mam/kadid10k/images/I77.png,Non-eccentricity patch,NA,4,4.03,val,other,14.79891,-9.780427
KADID-10k,I77_21_01,I77,/data/projectwork/swati_mam/new model data/kadid10k/images/I77_21_01.png,/data/projectwork/swati_mam/kadid10k/images/I77.png,Pixelate,NA,1,3.93,val,other,17.507229,-6.7001014
KADID-10k,I77_21_02,I77,/data/projectwork/swati_mam/new model data/kadid10k/images/I77_21_02.png,/data/projectwork/swati_mam/kadid10k/images/I77.png,Pixelate,NA,2,3.0,val,other,-1.4175578,-18.144808
KADID-10k,I77_21_04,I77,/data/projectwork/swati_mam/new model data/kadid10k/images/I77_21_04.png,/data/projectwork/swati_mam/kadid10k/images/I77.png,Pixelate,NA,4,2.7,val,other,-7.219262,-16.99065
KADID-10k,I77_21_05,I77,/data/projectwork/swati_mam/new model data/kadid10k/images/I77_21_05.png,/data/projectwork/swati_mam/kadid10k/images/I77.png,Pixelate,NA,5,1.77,val,other,2.611693,-19.233704
KADID-10k,I77_22_01,I77,/data/projectwork/swati_mam/new model data/kadid10k/images/I77_22_01.png,/data/projectwork/swati_mam/kadid10k/images/I77.png,Quantization,NA,1,4.6,val,other,9.491354,-16.913454
KADID-10k,I77_22_03,I77,/data/projectwork/swati_mam/new model data/kadid10k/images/I77_22_03.png,/data/projectwork/swati_mam/kadid10k/images/I77.png,Quantization,NA,3,4.27,val,other,4.6291604,-19.09448
KADID-10k,I77_22_05,I77,/data/projectwork/swati_mam/new model data/kadid10k/images/I77_22_05.png,/data/projectwork/swati_mam/kadid10k/images/I77.png,Quantization,NA,5,3.67,val,other,-20.283047,-10.596952
KADID-10k,I77_12_01,I77,/data/projectwork/swati_mam/new model data/kadid10k/images/I77_12_01.png,/data/projectwork/swati_mam/kadid10k/images/I77.png,White noise in color component,NA,1,4.53,val,noise,8.955913,-17.24305
KADID-10k,I77_12_05,I77,/data/projectwork/swati_mam/new model data/kadid10k/images/I77_12_05.png,/data/projectwork/swati_mam/kadid10k/images/I77.png,White noise in color component,NA,5,2.4,val,noise,-42.16539,18.313639
KADID-10k,I81_16_04,I81,/data/projectwork/swati_mam/new model data/kadid10k/images/I81_16_04.png,/data/projectwork/swati_mam/kadid10k/images/I81.png,Brighten,NA,4,2.67,val,other,-16.071411,-13.124068
KADID-10k,I81_23_01,I81,/data/projectwork/swati_mam/new model data/kadid10k/images/I81_23_01.png,/data/projectwork/swati_mam/kadid10k/images/I81.png,Color block,NA,1,2.83,val,other,-9.089084,-21.150515
KADID-10k,I81_23_02,I81,/data/projectwork/swati_mam/new model data/kadid10k/images/I81_23_02.png,/data/projectwork/swati_mam/kadid10k/images/I81.png,Color block,NA,2,1.9,val,other,-15.878045,-16.327942
KADID-10k,I81_23_05,I81,/data/projectwork/swati_mam/new model data/kadid10k/images/I81_23_05.png,/data/projectwork/swati_mam/kadid10k/images/I81.png,Color block,NA,5,2.13,val,other,-8.1998625,-22.054012
KADID-10k,I81_04_05,I81,/data/projectwork/swati_mam/new model data/kadid10k/images/I81_04_05.png,/data/projectwork/swati_mam/kadid10k/images/I81.png,Color diffusion,NA,5,1.23,val,other,-60.488335,-3.8216298
KADID-10k,I81_06_03,I81,/data/projectwork/swati_mam/new model data/kadid10k/images/I81_06_03.png,/data/projectwork/swati_mam/kadid10k/images/I81.png,Color quantization,NA,3,2.9,val,other,-49.017803,12.810632
KADID-10k,I81_06_05,I81,/data/projectwork/swati_mam/new model data/kadid10k/images/I81_06_05.png,/data/projectwork/swati_mam/kadid10k/images/I81.png,Color quantization,NA,5,1.93,val,other,-55.66587,3.589588
KADID-10k,I81_07_01,I81,/data/projectwork/swati_mam/new model data/kadid10k/images/I81_07_01.png,/data/projectwork/swati_mam/kadid10k/images/I81.png,Color saturation 1,NA,1,2.53,val,other,-16.390337,-14.586092
KADID-10k,I81_07_05,I81,/data/projectwork/swati_mam/new model data/kadid10k/images/I81_07_05.png,/data/projectwork/swati_mam/kadid10k/images/I81.png,Color saturation 1,NA,5,2.1,val,other,-21.162994,-4.234421
KADID-10k,I81_08_02,I81,/data/projectwork/swati_mam/new model data/kadid10k/images/I81_08_02.png,/data/projectwork/swati_mam/kadid10k/images/I81.png,Color saturation 2,NA,2,3.17,val,other,-16.823719,-13.588705
KADID-10k,I81_08_03,I81,/data/projectwork/swati_mam/new model data/kadid10k/images/I81_08_03.png,/data/projectwork/swati_mam/kadid10k/images/I81.png,Color saturation 2,NA,3,2.73,val,other,-20.762308,-7.759176
KADID-10k,I81_05_02,I81,/data/projectwork/swati_mam/new model data/kadid10k/images/I81_05_02.png,/data/projectwork/swati_mam/kadid10k/images/I81.png,Color shift,NA,2,2.47,val,other,-20.106699,-7.6484146
KADID-10k,I81_17_03,I81,/data/projectwork/swati_mam/new model data/kadid10k/images/I81_17_03.png,/data/projectwork/swati_mam/kadid10k/images/I81.png,Darken,NA,3,4.37,val,other,-8.385674,-21.7646
KADID-10k,I81_17_04,I81,/data/projectwork/swati_mam/new model data/kadid10k/images/I81_17_04.png,/data/projectwork/swati_mam/kadid10k/images/I81.png,Darken,NA,4,3.73,val,other,-17.239763,-13.10968
KADID-10k,I81_17_05,I81,/data/projectwork/swati_mam/new model data/kadid10k/images/I81_17_05.png,/data/projectwork/swati_mam/kadid10k/images/I81.png,Darken,NA,5,2.33,val,other,-50.92161,11.689974
KADID-10k,I81_15_04,I81,/data/projectwork/swati_mam/new model data/kadid10k/images/I81_15_04.png,/data/projectwork/swati_mam/kadid10k/images/I81.png,Denoise,NA,4,1.45,val,noise,-47.754364,14.029706
KADID-10k,I81_15_05,I81,/data/projectwork/swati_mam/new model data/kadid10k/images/I81_15_05.png,/data/projectwork/swati_mam/kadid10k/images/I81.png,Denoise,NA,5,1.23,val,noise,-53.490143,6.921397
KADID-10k,I81_01_01,I81,/data/projectwork/swati_mam/new model data/kadid10k/images/I81_01_01.png,/data/projectwork/swati_mam/kadid10k/images/I81.png,Gaussian blur,NA,1,4.67,val,blur,-8.750055,-21.420887
KADID-10k,I81_01_03,I81,/data/projectwork/swati_mam/new model data/kadid10k/images/I81_01_03.png,/data/projectwork/swati_mam/kadid10k/images/I81.png,Gaussian blur,NA,3,2.9,val,blur,-18.942556,-7.878399
KADID-10k,I81_01_05,I81,/data/projectwork/swati_mam/new model data/kadid10k/images/I81_01_05.png,/data/projectwork/swati_mam/kadid10k/images/I81.png,Gaussian blur,NA,5,1.2,val,blur,-55.16392,4.6762886
KADID-10k,I81_24_02,I81,/data/projectwork/swati_mam/new model data/kadid10k/images/I81_24_02.png,/data/projectwork/swati_mam/kadid10k/images/I81.png,High sharpen,NA,2,2.73,val,HF/sharpen,16.889935,-1.0309004
KADID-10k,I81_24_03,I81,/data/projectwork/swati_mam/new model data/kadid10k/images/I81_24_03.png,/data/projectwork/swati_mam/kadid10k/images/I81.png,High sharpen,NA,3,2.23,val,HF/sharpen,16.286089,-1.5089902
KADID-10k,I81_24_04,I81,/data/projectwork/swati_mam/new model data/kadid10k/images/I81_24_04.png,/data/projectwork/swati_mam/kadid10k/images/I81.png,High sharpen,NA,4,1.67,val,HF/sharpen,12.2628975,-17.337399
KADID-10k,I81_13_01,I81,/data/projectwork/swati_mam/new model data/kadid10k/images/I81_13_01.png,/data/projectwork/swati_mam/kadid10k/images/I81.png,Impulse noise,NA,1,2.8,val,noise,-15.760278,-16.54628
KADID-10k,I81_10_05,I81,/data/projectwork/swati_mam/new model data/kadid10k/images/I81_10_05.png,/data/projectwork/swati_mam/kadid10k/images/I81.png,JPEG,NA,5,1.23,val,other,-58.20506,-0.9031977
KADID-10k,I81_09_02,I81,/data/projectwork/swati_mam/new model data/kadid10k/images/I81_09_02.png,/data/projectwork/swati_mam/kadid10k/images/I81.png,JPEG2000,NA,2,4.71,val,other,-15.776345,-16.586388
KADID-10k,I81_09_04,I81,/data/projectwork/swati_mam/new model data/kadid10k/images/I81_09_04.png,/data/projectwork/swati_mam/kadid10k/images/I81.png,JPEG2000,NA,4,2.47,val,other,-21.020262,-5.3569536
KADID-10k,I81_09_05,I81,/data/projectwork/swati_mam/new model data/kadid10k/images/I81_09_05.png,/data/projectwork/swati_mam/kadid10k/images/I81.png,JPEG2000,NA,5,1.33,val,other,-44.15955,16.015333
KADID-10k,I81_19_01,I81,/data/projectwork/swati_mam/new model data/kadid10k/images/I81_19_01.png,/data/projectwork/swati_mam/kadid10k/images/I81.png,Jitter,NA,1,4.5,val,other,-9.770216,-20.64197
KADID-10k,I81_19_04,I81,/data/projectwork/swati_mam/new model data/kadid10k/images/I81_19_04.png,/data/projectwork/swati_mam/kadid10k/images/I81.png,Jitter,NA,4,1.6,val,other,-28.415953,12.823488
KADID-10k,I81_19_05,I81,/data/projectwork/swati_mam/new model data/kadid10k/images/I81_19_05.png,/data/projectwork/swati_mam/kadid10k/images/I81.png,Jitter,NA,5,1.17,val,other,-44.911633,15.550736
KADID-10k,I81_02_01,I81,/data/projectwork/swati_mam/new model data/kadid10k/images/I81_02_01.png,/data/projectwork/swati_mam/kadid10k/images/I81.png,Lens blur,NA,1,3.87,val,blur,-16.281704,-15.025653
KADID-10k,I81_02_03,I81,/data/projectwork/swati_mam/new model data/kadid10k/images/I81_02_03.png,/data/projectwork/swati_mam/kadid10k/images/I81.png,Lens blur,NA,3,1.8,val,blur,-35.071453,18.957407
KADID-10k,I81_02_04,I81,/data/projectwork/swati_mam/new model data/kadid10k/images/I81_02_04.png,/data/projectwork/swati_mam/kadid10k/images/I81.png,Lens blur,NA,4,1.33,val,blur,-48.3955,13.446153
KADID-10k,I81_18_01,I81,/data/projectwork/swati_mam/new model data/kadid10k/images/I81_18_01.png,/data/projectwork/swati_mam/kadid10k/images/I81.png,Mean shift,NA,1,4.27,val,other,2.9059827,-13.469961
KADID-10k,I81_18_02,I81,/data/projectwork/swati_mam/new model data/kadid10k/images/I81_18_02.png,/data/projectwork/swati_mam/kadid10k/images/I81.png,Mean shift,NA,2,4.63,val,other,-3.0174875,-21.771996
KADID-10k,I81_18_04,I81,/data/projectwork/swati_mam/new model data/kadid10k/images/I81_18_04.png,/data/projectwork/swati_mam/kadid10k/images/I81.png,Mean shift,NA,4,4.58,val,other,-8.4774,-21.58921
KADID-10k,I81_03_01,I81,/data/projectwork/swati_mam/new model data/kadid10k/images/I81_03_01.png,/data/projectwork/swati_mam/kadid10k/images/I81.png,Motion blur,NA,1,4.8,val,blur,-8.750055,-21.420887
KADID-10k,I81_03_03,I81,/data/projectwork/swati_mam/new model data/kadid10k/images/I81_03_03.png,/data/projectwork/swati_mam/kadid10k/images/I81.png,Motion blur,NA,3,2.6,val,blur,-16.642742,-14.5947
KADID-10k,I81_03_04,I81,/data/projectwork/swati_mam/new model data/kadid10k/images/I81_03_04.png,/data/projectwork/swati_mam/kadid10k/images/I81.png,Motion blur,NA,4,2.17,val,blur,-18.924074,-8.01481
KADID-10k,I81_03_05,I81,/data/projectwork/swati_mam/new model data/kadid10k/images/I81_03_05.png,/data/projectwork/swati_mam/kadid10k/images/I81.png,Motion blur,NA,5,1.53,val,blur,-26.37467,11.514655
KADID-10k,I81_14_02,I81,/data/projectwork/swati_mam/new model data/kadid10k/images/I81_14_02.png,/data/projectwork/swati_mam/kadid10k/images/I81.png,Multiplicative noise,NA,2,3.03,val,noise,-23.432402,-1.061964
KADID-10k,I81_14_03,I81,/data/projectwork/swati_mam/new model data/kadid10k/images/I81_14_03.png,/data/projectwork/swati_mam/kadid10k/images/I81.png,Multiplicative noise,NA,3,2.7,val,noise,-35.302067,19.074757
KADID-10k,I81_14_04,I81,/data/projectwork/swati_mam/new model data/kadid10k/images/I81_14_04.png,/data/projectwork/swati_mam/kadid10k/images/I81.png,Multiplicative noise,NA,4,2.2,val,noise,-45.652817,15.264439
KADID-10k,I81_14_05,I81,/data/projectwork/swati_mam/new model data/kadid10k/images/I81_14_05.png,/data/projectwork/swati_mam/kadid10k/images/I81.png,Multiplicative noise,NA,5,1.67,val,noise,-56.03608,2.2510252
KADID-10k,I81_20_02,I81,/data/projectwork/swati_mam/new model data/kadid10k/images/I81_20_02.png,/data/projectwork/swati_mam/kadid10k/images/I81.png,Non-eccentricity patch,NA,2,2.37,val,other,-3.0812333,-21.906208
KADID-10k,I81_20_03,I81,/data/projectwork/swati_mam/new model data/kadid10k/images/I81_20_03.png,/data/projectwork/swati_mam/kadid10k/images/I81.png,Non-eccentricity patch,NA,3,4.07,val,other,1.6165316,-14.904094
KADID-10k,I81_21_04,I81,/data/projectwork/swati_mam/new model data/kadid10k/images/I81_21_04.png,/data/projectwork/swati_mam/kadid10k/images/I81.png,Pixelate,NA,4,2.0,val,other,-18.713526,-8.638101
KADID-10k,I81_22_02,I81,/data/projectwork/swati_mam/new model data/kadid10k/images/I81_22_02.png,/data/projectwork/swati_mam/kadid10k/images/I81.png,Quantization,NA,2,3.9,val,other,-16.139215,-15.53609
KADID-10k,I81_22_03,I81,/data/projectwork/swati_mam/new model data/kadid10k/images/I81_22_03.png,/data/projectwork/swati_mam/kadid10k/images/I81.png,Quantization,NA,3,3.37,val,other,-16.56699,-14.2066
KADID-10k,I81_11_01,I81,/data/projectwork/swati_mam/new model data/kadid10k/images/I81_11_01.png,/data/projectwork/swati_mam/kadid10k/images/I81.png,White noise,NA,1,3.33,val,noise,-23.435217,-1.1574315
KADID-10k,I81_11_02,I81,/data/projectwork/swati_mam/new model data/kadid10k/images/I81_11_02.png,/data/projectwork/swati_mam/kadid10k/images/I81.png,White noise,NA,2,2.4,val,noise,-36.0482,19.130638
KADID-10k,I81_11_03,I81,/data/projectwork/swati_mam/new model data/kadid10k/images/I81_11_03.png,/data/projectwork/swati_mam/kadid10k/images/I81.png,White noise,NA,3,2.73,val,noise,-41.16372,17.561207
KADID-10k,I81_12_03,I81,/data/projectwork/swati_mam/new model data/kadid10k/images/I81_12_03.png,/data/projectwork/swati_mam/kadid10k/images/I81.png,White noise in color component,NA,3,2.67,val,noise,-49.387207,11.653114
TID2013,i05_01_2,I05,/data/projectwork/swati_mam/new model data/tid2013/tid2013/distorted_images/i05_01_2.bmp,/data/projectwork/swati_mam/new model data/tid2013/tid2013/reference_images/I05.BMP,type_01,NA,2,5.5,val,noise,27.585194,7.211393
TID2013,i05_01_3,I05,/data/projectwork/swati_mam/new model data/tid2013/tid2013/distorted_images/i05_01_3.bmp,/data/projectwork/swati_mam/new model data/tid2013/tid2013/reference_images/I05.BMP,type_01,NA,3,4.84615,val,noise,15.189114,-2.7347734
TID2013,i05_01_4,I05,/data/projectwork/swati_mam/new model data/tid2013/tid2013/distorted_images/i05_01_4.bmp,/data/projectwork/swati_mam/new model data/tid2013/tid2013/reference_images/I05.BMP,type_01,NA,4,4.05128,val,noise,3.0342536,-14.072283
TID2013,i05_01_5,I05,/data/projectwork/swati_mam/new model data/tid2013/tid2013/distorted_images/i05_01_5.bmp,/data/projectwork/swati_mam/new model data/tid2013/tid2013/reference_images/I05.BMP,type_01,NA,5,3.5609800000000003,val,noise,-14.304319,-12.882767
TID2013,i05_02_1,I05,/data/projectwork/swati_mam/new model data/tid2013/tid2013/distorted_images/i05_02_1.bmp,/data/projectwork/swati_mam/new model data/tid2013/tid2013/reference_images/I05.BMP,type_02,NA,1,5.829269999999999,val,noise,30.58005,8.735912
TID2013,i05_02_2,I05,/data/projectwork/swati_mam/new model data/tid2013/tid2013/distorted_images/i05_02_2.bmp,/data/projectwork/swati_mam/new model data/tid2013/tid2013/reference_images/I05.BMP,type_02,NA,2,5.682930000000001,val,noise,29.555706,7.903461
TID2013,i05_02_3,I05,/data/projectwork/swati_mam/new model data/tid2013/tid2013/distorted_images/i05_02_3.bmp,/data/projectwork/swati_mam/new model data/tid2013/tid2013/reference_images/I05.BMP,type_02,NA,3,5.325,val,noise,19.444244,1.2887627
TID2013,i05_02_5,I05,/data/projectwork/swati_mam/new model data/tid2013/tid2013/distorted_images/i05_02_5.bmp,/data/projectwork/swati_mam/new model data/tid2013/tid2013/reference_images/I05.BMP,type_02,NA,5,4.25641,val,noise,-11.2591505,-14.437429
TID2013,i05_03_1,I05,/data/projectwork/swati_mam/new model data/tid2013/tid2013/distorted_images/i05_03_1.bmp,/data/projectwork/swati_mam/new model data/tid2013/tid2013/reference_images/I05.BMP,type_03,NA,1,5.09756,val,noise,28.737638,7.6264997
TID2013,i05_03_2,I05,/data/projectwork/swati_mam/new model data/tid2013/tid2013/distorted_images/i05_03_2.bmp,/data/projectwork/swati_mam/new model data/tid2013/tid2013/reference_images/I05.BMP,type_03,NA,2,4.4878,val,noise,25.237162,6.035568
TID2013,i05_03_5,I05,/data/projectwork/swati_mam/new model data/tid2013/tid2013/distorted_images/i05_03_5.bmp,/data/projectwork/swati_mam/new model data/tid2013/tid2013/reference_images/I05.BMP,type_03,NA,5,2.375,val,noise,-4.9110203,-20.632586
TID2013,i05_04_5,I05,/data/projectwork/swati_mam/new model data/tid2013/tid2013/distorted_images/i05_04_5.bmp,/data/projectwork/swati_mam/new model data/tid2013/tid2013/reference_images/I05.BMP,type_04,NA,5,4.4,val,noise,-19.637009,-9.398754
TID2013,i05_05_4,I05,/data/projectwork/swati_mam/new model data/tid2013/tid2013/distorted_images/i05_05_4.bmp,/data/projectwork/swati_mam/new model data/tid2013/tid2013/reference_images/I05.BMP,type_05,NA,4,3.81579,val,HF/sharpen,-20.41658,-8.842576
TID2013,i05_05_5,I05,/data/projectwork/swati_mam/new model data/tid2013/tid2013/distorted_images/i05_05_5.bmp,/data/projectwork/swati_mam/new model data/tid2013/tid2013/reference_images/I05.BMP,type_05,NA,5,2.92308,val,HF/sharpen,-55.963497,2.4845173
TID2013,i05_06_1,I05,/data/projectwork/swati_mam/new model data/tid2013/tid2013/distorted_images/i05_06_1.bmp,/data/projectwork/swati_mam/new model data/tid2013/tid2013/reference_images/I05.BMP,type_06,NA,1,4.375,val,noise,30.898737,8.542262
TID2013,i05_06_2,I05,/data/projectwork/swati_mam/new model data/tid2013/tid2013/distorted_images/i05_06_2.bmp,/data/projectwork/swati_mam/new model data/tid2013/tid2013/reference_images/I05.BMP,type_06,NA,2,3.92308,val,noise,29.422588,8.142436
TID2013,i05_06_3,I05,/data/projectwork/swati_mam/new model data/tid2013/tid2013/distorted_images/i05_06_3.bmp,/data/projectwork/swati_mam/new model data/tid2013/tid2013/reference_images/I05.BMP,type_06,NA,3,3.5,val,noise,11.944013,-6.5151567
TID2013,i05_07_1,I05,/data/projectwork/swati_mam/new model data/tid2013/tid2013/distorted_images/i05_07_1.bmp,/data/projectwork/swati_mam/new model data/tid2013/tid2013/reference_images/I05.BMP,type_07,NA,1,5.275,val,noise,30.3322,8.240311
TID2013,i05_07_2,I05,/data/projectwork/swati_mam/new model data/tid2013/tid2013/distorted_images/i05_07_2.bmp,/data/projectwork/swati_mam/new model data/tid2013/tid2013/reference_images/I05.BMP,type_07,NA,2,5.26829,val,noise,24.199505,5.2551165
TID2013,i05_07_3,I05,/data/projectwork/swati_mam/new model data/tid2013/tid2013/distorted_images/i05_07_3.bmp,/data/projectwork/swati_mam/new model data/tid2013/tid2013/reference_images/I05.BMP,type_07,NA,3,4.53846,val,noise,15.309816,-2.9027073
TID2013,i05_08_1,I05,/data/projectwork/swati_mam/new model data/tid2013/tid2013/distorted_images/i05_08_1.bmp,/data/projectwork/swati_mam/new model data/tid2013/tid2013/reference_images/I05.BMP,type_08,NA,1,5.4,val,blur,30.096498,8.569119
TID2013,i05_08_2,I05,/data/projectwork/swati_mam/new model data/tid2013/tid2013/distorted_images/i05_08_2.bmp,/data/projectwork/swati_mam/new model data/tid2013/tid2013/reference_images/I05.BMP,type_08,NA,2,4.66667,val,blur,23.732336,4.1550665
TID2013,i05_08_3,I05,/data/projectwork/swati_mam/new model data/tid2013/tid2013/distorted_images/i05_08_3.bmp,/data/projectwork/swati_mam/new model data/tid2013/tid2013/reference_images/I05.BMP,type_08,NA,3,3.65854,val,blur,11.082987,-8.102822
TID2013,i05_08_4,I05,/data/projectwork/swati_mam/new model data/tid2013/tid2013/distorted_images/i05_08_4.bmp,/data/projectwork/swati_mam/new model data/tid2013/tid2013/reference_images/I05.BMP,type_08,NA,4,2.7804900000000004,val,blur,-6.0456057,-22.377138
TID2013,i05_08_5,I05,/data/projectwork/swati_mam/new model data/tid2013/tid2013/distorted_images/i05_08_5.bmp,/data/projectwork/swati_mam/new model data/tid2013/tid2013/reference_images/I05.BMP,type_08,NA,5,1.25,val,blur,-23.11749,2.3094506
TID2013,i05_09_1,I05,/data/projectwork/swati_mam/new model data/tid2013/tid2013/distorted_images/i05_09_1.bmp,/data/projectwork/swati_mam/new model data/tid2013/tid2013/reference_images/I05.BMP,type_09,NA,1,5.825,val,other,38.94148,7.0604043
TID2013,i05_09_2,I05,/data/projectwork/swati_mam/new model data/tid2013/tid2013/distorted_images/i05_09_2.bmp,/data/projectwork/swati_mam/new model data/tid2013/tid2013/reference_images/I05.BMP,type_09,NA,2,5.825,val,other,39.514847,7.00553
TID2013,i05_09_3,I05,/data/projectwork/swati_mam/new model data/tid2013/tid2013/distorted_images/i05_09_3.bmp,/data/projectwork/swati_mam/new model data/tid2013/tid2013/reference_images/I05.BMP,type_09,NA,3,5.325,val,other,44.84212,5.8832364
TID2013,i05_09_4,I05,/data/projectwork/swati_mam/new model data/tid2013/tid2013/distorted_images/i05_09_4.bmp,/data/projectwork/swati_mam/new model data/tid2013/tid2013/reference_images/I05.BMP,type_09,NA,4,3.5,val,other,30.762678,7.708407
TID2013,i05_09_5,I05,/data/projectwork/swati_mam/new model data/tid2013/tid2013/distorted_images/i05_09_5.bmp,/data/projectwork/swati_mam/new model data/tid2013/tid2013/reference_images/I05.BMP,type_09,NA,5,1.36585,val,other,-11.095331,-20.576784
TID2013,i05_10_3,I05,/data/projectwork/swati_mam/new model data/tid2013/tid2013/distorted_images/i05_10_3.bmp,/data/projectwork/swati_mam/new model data/tid2013/tid2013/reference_images/I05.BMP,type_10,NA,3,4.707319999999999,val,other,23.549623,4.7800107
TID2013,i05_10_4,I05,/data/projectwork/swati_mam/new model data/tid2013/tid2013/distorted_images/i05_10_4.bmp,/data/projectwork/swati_mam/new model data/tid2013/tid2013/reference_images/I05.BMP,type_10,NA,4,3.43902,val,other,-5.0597425,-20.737537
TID2013,i05_10_5,I05,/data/projectwork/swati_mam/new model data/tid2013/tid2013/distorted_images/i05_10_5.bmp,/data/projectwork/swati_mam/new model data/tid2013/tid2013/reference_images/I05.BMP,type_10,NA,5,1.87805,val,other,-29.792347,16.531878
TID2013,I05_11_1,I05,/data/projectwork/swati_mam/new model data/tid2013/tid2013/distorted_images/I05_11_1.bmp,/data/projectwork/swati_mam/new model data/tid2013/tid2013/reference_images/I05.BMP,type_11,NA,1,5.7561,val,other,38.11723,7.297203
TID2013,i05_11_5,I05,/data/projectwork/swati_mam/new model data/tid2013/tid2013/distorted_images/i05_11_5.bmp,/data/projectwork/swati_mam/new model data/tid2013/tid2013/reference_images/I05.BMP,type_11,NA,5,2.25,val,other,11.296145,-8.113076
TID2013,i05_12_2,I05,/data/projectwork/swati_mam/new model data/tid2013/tid2013/distorted_images/i05_12_2.bmp,/data/projectwork/swati_mam/new model data/tid2013/tid2013/reference_images/I05.BMP,type_12,NA,2,5.775,val,other,38.089237,7.2622905
TID2013,i05_12_4,I05,/data/projectwork/swati_mam/new model data/tid2013/tid2013/distorted_images/i05_12_4.bmp,/data/projectwork/swati_mam/new model data/tid2013/tid2013/reference_images/I05.BMP,type_12,NA,4,3.8,val,other,22.414818,5.3047414
TID2013,i05_13_3,I05,/data/projectwork/swati_mam/new model data/tid2013/tid2013/distorted_images/i05_13_3.bmp,/data/projectwork/swati_mam/new model data/tid2013/tid2013/reference_images/I05.BMP,type_13,NA,3,3.475,val,other,15.87136,-2.939042
TID2013,i05_13_4,I05,/data/projectwork/swati_mam/new model data/tid2013/tid2013/distorted_images/i05_13_4.bmp,/data/projectwork/swati_mam/new model data/tid2013/tid2013/reference_images/I05.BMP,type_13,NA,4,2.97561,val,other,12.113096,-6.692097
TID2013,i05_13_5,I05,/data/projectwork/swati_mam/new model data/tid2013/tid2013/distorted_images/i05_13_5.bmp,/data/projectwork/swati_mam/new model data/tid2013/tid2013/reference_images/I05.BMP,type_13,NA,5,1.97368,val,other,1.7762401,-15.731694
TID2013,i05_14_1,I05,/data/projectwork/swati_mam/new model data/tid2013/tid2013/distorted_images/i05_14_1.bmp,/data/projectwork/swati_mam/new model data/tid2013/tid2013/reference_images/I05.BMP,type_14,NA,1,5.926830000000001,val,other,31.155682,8.841531
TID2013,i05_14_2,I05,/data/projectwork/swati_mam/new model data/tid2013/tid2013/distorted_images/i05_14_2.bmp,/data/projectwork/swati_mam/new model data/tid2013/tid2013/reference_images/I05.BMP,type_14,NA,2,5.53659,val,other,39.597744,7.288504
TID2013,i05_14_3,I05,/data/projectwork/swati_mam/new model data/tid2013/tid2013/distorted_images/i05_14_3.bmp,/data/projectwork/swati_mam/new model data/tid2013/tid2013/reference_images/I05.BMP,type_14,NA,3,5.60976,val,other,25.19893,5.4119153
TID2013,i05_14_4,I05,/data/projectwork/swati_mam/new model data/tid2013/tid2013/distorted_images/i05_14_4.bmp,/data/projectwork/swati_mam/new model data/tid2013/tid2013/reference_images/I05.BMP,type_14,NA,4,5.225,val,other,29.385696,7.4576144
TID2013,i05_15_3,I05,/data/projectwork/swati_mam/new model data/tid2013/tid2013/distorted_images/i05_15_3.bmp,/data/projectwork/swati_mam/new model data/tid2013/tid2013/reference_images/I05.BMP,type_15,NA,3,3.31707,val,other,38.197273,7.6570835
TID2013,i05_15_4,I05,/data/projectwork/swati_mam/new model data/tid2013/tid2013/distorted_images/i05_15_4.bmp,/data/projectwork/swati_mam/new model data/tid2013/tid2013/reference_images/I05.BMP,type_15,NA,4,3.9,val,other,38.99168,7.802573
TID2013,i05_15_5,I05,/data/projectwork/swati_mam/new model data/tid2013/tid2013/distorted_images/i05_15_5.bmp,/data/projectwork/swati_mam/new model data/tid2013/tid2013/reference_images/I05.BMP,type_15,NA,5,3.84615,val,other,36.72671,7.6294537
TID2013,i05_16_1,I05,/data/projectwork/swati_mam/new model data/tid2013/tid2013/distorted_images/i05_16_1.bmp,/data/projectwork/swati_mam/new model data/tid2013/tid2013/reference_images/I05.BMP,type_16,NA,1,6.15,val,other,28.712008,7.9013906
TID2013,i05_16_2,I05,/data/projectwork/swati_mam/new model data/tid2013/tid2013/distorted_images/i05_16_2.bmp,/data/projectwork/swati_mam/new model data/tid2013/tid2013/reference_images/I05.BMP,type_16,NA,2,5.95,val,other,43.3497,6.511792
TID2013,i05_16_4,I05,/data/projectwork/swati_mam/new model data/tid2013/tid2013/distorted_images/i05_16_4.bmp,/data/projectwork/swati_mam/new model data/tid2013/tid2013/reference_images/I05.BMP,type_16,NA,4,5.09756,val,other,37.258682,7.271126
TID2013,i05_17_2,I05,/data/projectwork/swati_mam/new model data/tid2013/tid2013/distorted_images/i05_17_2.bmp,/data/projectwork/swati_mam/new model data/tid2013/tid2013/reference_images/I05.BMP,type_17,NA,2,6.829269999999999,val,other,23.333317,5.7275376
TID2013,i05_17_4,I05,/data/projectwork/swati_mam/new model data/tid2013/tid2013/distorted_images/i05_17_4.bmp,/data/projectwork/swati_mam/new model data/tid2013/tid2013/reference_images/I05.BMP,type_17,NA,4,6.560980000000001,val,other,22.521378,5.864223
TID2013,i05_18_2,I05,/data/projectwork/swati_mam/new model data/tid2013/tid2013/distorted_images/i05_18_2.bmp,/data/projectwork/swati_mam/new model data/tid2013/tid2013/reference_images/I05.BMP,type_18,NA,2,4.2051300000000005,val,other,39.175964,7.3178334
TID2013,i05_18_3,I05,/data/projectwork/swati_mam/new model data/tid2013/tid2013/distorted_images/i05_18_3.bmp,/data/projectwork/swati_mam/new model data/tid2013/tid2013/reference_images/I05.BMP,type_18,NA,3,3.74359,val,other,38.811943,7.4887824
TID2013,i05_18_4,I05,/data/projectwork/swati_mam/new model data/tid2013/tid2013/distorted_images/i05_18_4.bmp,/data/projectwork/swati_mam/new model data/tid2013/tid2013/reference_images/I05.BMP,type_18,NA,4,3.53846,val,other,37.11637,7.6290226
TID2013,i05_19_3,I05,/data/projectwork/swati_mam/new model data/tid2013/tid2013/distorted_images/i05_19_3.bmp,/data/projectwork/swati_mam/new model data/tid2013/tid2013/reference_images/I05.BMP,type_19,NA,3,4.225,val,noise,10.344044,-8.880725
TID2013,i05_19_4,I05,/data/projectwork/swati_mam/new model data/tid2013/tid2013/distorted_images/i05_19_4.bmp,/data/projectwork/swati_mam/new model data/tid2013/tid2013/reference_images/I05.BMP,type_19,NA,4,3.65,val,noise,-4.9163795,-20.686926
TID2013,i05_20_2,I05,/data/projectwork/swati_mam/new model data/tid2013/tid2013/distorted_images/i05_20_2.bmp,/data/projectwork/swati_mam/new model data/tid2013/tid2013/reference_images/I05.BMP,type_20,NA,2,5.560980000000001,val,noise,31.4619,8.63462
TID2013,i05_20_5,I05,/data/projectwork/swati_mam/new model data/tid2013/tid2013/distorted_images/i05_20_5.bmp,/data/projectwork/swati_mam/new model data/tid2013/tid2013/reference_images/I05.BMP,type_20,NA,5,3.28205,val,noise,11.944851,-6.608267
TID2013,i05_21_1,I05,/data/projectwork/swati_mam/new model data/tid2013/tid2013/distorted_images/i05_21_1.bmp,/data/projectwork/swati_mam/new model data/tid2013/tid2013/reference_images/I05.BMP,type_21,NA,1,5.6,val,other,29.67932,8.152773
TID2013,i05_21_3,I05,/data/projectwork/swati_mam/new model data/tid2013/tid2013/distorted_images/i05_21_3.bmp,/data/projectwork/swati_mam/new model data/tid2013/tid2013/reference_images/I05.BMP,type_21,NA,3,4.36585,val,other,20.674778,2.390159
TID2013,i05_21_4,I05,/data/projectwork/swati_mam/new model data/tid2013/tid2013/distorted_images/i05_21_4.bmp,/data/projectwork/swati_mam/new model data/tid2013/tid2013/reference_images/I05.BMP,type_21,NA,4,3.35,val,other,19.201353,0.31607613
TID2013,i05_22_1,I05,/data/projectwork/swati_mam/new model data/tid2013/tid2013/distorted_images/i05_22_1.bmp,/data/projectwork/swati_mam/new model data/tid2013/tid2013/reference_images/I05.BMP,type_22,NA,1,5.275,val,other,30.774061,8.228619
TID2013,i05_22_4,I05,/data/projectwork/swati_mam/new model data/tid2013/tid2013/distorted_images/i05_22_4.bmp,/data/projectwork/swati_mam/new model data/tid2013/tid2013/reference_images/I05.BMP,type_22,NA,4,4.1,val,other,19.314108,0.86563003
TID2013,i05_22_5,I05,/data/projectwork/swati_mam/new model data/tid2013/tid2013/distorted_images/i05_22_5.bmp,/data/projectwork/swati_mam/new model data/tid2013/tid2013/reference_images/I05.BMP,type_22,NA,5,3.17073,val,other,23.626043,3.4820166
TID2013,i05_23_2,I05,/data/projectwork/swati_mam/new model data/tid2013/tid2013/distorted_images/i05_23_2.bmp,/data/projectwork/swati_mam/new model data/tid2013/tid2013/reference_images/I05.BMP,type_23,NA,2,5.575,val,blur,29.030954,7.615813
TID2013,i05_23_3,I05,/data/projectwork/swati_mam/new model data/tid2013/tid2013/distorted_images/i05_23_3.bmp,/data/projectwork/swati_mam/new model data/tid2013/tid2013/reference_images/I05.BMP,type_23,NA,3,5.63415,val,blur,24.645725,5.4596887
TID2013,i05_23_5,I05,/data/projectwork/swati_mam/new model data/tid2013/tid2013/distorted_images/i05_23_5.bmp,/data/projectwork/swati_mam/new model data/tid2013/tid2013/reference_images/I05.BMP,type_23,NA,5,5.439019999999999,val,blur,15.780544,-2.2604558
TID2013,i05_24_1,I05,/data/projectwork/swati_mam/new model data/tid2013/tid2013/distorted_images/i05_24_1.bmp,/data/projectwork/swati_mam/new model data/tid2013/tid2013/reference_images/I05.BMP,type_24,NA,1,5.525,val,other,38.67635,7.0655484
TID2013,i05_24_3,I05,/data/projectwork/swati_mam/new model data/tid2013/tid2013/distorted_images/i05_24_3.bmp,/data/projectwork/swati_mam/new model data/tid2013/tid2013/reference_images/I05.BMP,type_24,NA,3,5.2,val,other,43.65743,6.601016
TID2013,i05_24_5,I05,/data/projectwork/swati_mam/new model data/tid2013/tid2013/distorted_images/i05_24_5.bmp,/data/projectwork/swati_mam/new model data/tid2013/tid2013/reference_images/I05.BMP,type_24,NA,5,2.60976,val,other,25.778141,3.8207407
TID2013,I24_01_1,I24,/data/projectwork/swati_mam/new model data/tid2013/tid2013/distorted_images/I24_01_1.bmp,/data/projectwork/swati_mam/new model data/tid2013/tid2013/reference_images/I24.BMP,type_01,NA,1,5.88571,val,noise,-10.932387,-23.26716
TID2013,i24_01_2,I24,/data/projectwork/swati_mam/new model data/tid2013/tid2013/distorted_images/i24_01_2.bmp,/data/projectwork/swati_mam/new model data/tid2013/tid2013/reference_images/I24.BMP,type_01,NA,2,5.05556,val,noise,-20.268253,-4.3288994
TID2013,i24_01_3,I24,/data/projectwork/swati_mam/new model data/tid2013/tid2013/distorted_images/i24_01_3.bmp,/data/projectwork/swati_mam/new model data/tid2013/tid2013/reference_images/I24.BMP,type_01,NA,3,4.72222,val,noise,-32.580914,18.990372
TID2013,i24_01_5,I24,/data/projectwork/swati_mam/new model data/tid2013/tid2013/distorted_images/i24_01_5.bmp,/data/projectwork/swati_mam/new model data/tid2013/tid2013/reference_images/I24.BMP,type_01,NA,5,3.58333,val,noise,-56.99497,0.99522775
TID2013,i24_02_2,I24,/data/projectwork/swati_mam/new model data/tid2013/tid2013/distorted_images/i24_02_2.bmp,/data/projectwork/swati_mam/new model data/tid2013/tid2013/reference_images/I24.BMP,type_02,NA,2,5.91176,val,noise,-17.686325,-7.173513
TID2013,i24_02_4,I24,/data/projectwork/swati_mam/new model data/tid2013/tid2013/distorted_images/i24_02_4.bmp,/data/projectwork/swati_mam/new model data/tid2013/tid2013/reference_images/I24.BMP,type_02,NA,4,5.08571,val,noise,-50.341866,11.104542
TID2013,i24_03_3,I24,/data/projectwork/swati_mam/new model data/tid2013/tid2013/distorted_images/i24_03_3.bmp,/data/projectwork/swati_mam/new model data/tid2013/tid2013/reference_images/I24.BMP,type_03,NA,3,3.82857,val,noise,-24.725956,6.9920826
TID2013,i24_03_4,I24,/data/projectwork/swati_mam/new model data/tid2013/tid2013/distorted_images/i24_03_4.bmp,/data/projectwork/swati_mam/new model data/tid2013/tid2013/reference_images/I24.BMP,type_03,NA,4,3.28571,val,noise,-47.59721,13.594129
TID2013,i24_03_5,I24,/data/projectwork/swati_mam/new model data/tid2013/tid2013/distorted_images/i24_03_5.bmp,/data/projectwork/swati_mam/new model data/tid2013/tid2013/reference_images/I24.BMP,type_03,NA,5,2.69444,val,noise,-50.38972,10.2892
TID2013,i24_04_1,I24,/data/projectwork/swati_mam/new model data/tid2013/tid2013/distorted_images/i24_04_1.bmp,/data/projectwork/swati_mam/new model data/tid2013/tid2013/reference_images/I24.BMP,type_04,NA,1,5.85714,val,noise,2.5792122,-26.226992
TID2013,i24_04_2,I24,/data/projectwork/swati_mam/new model data/tid2013/tid2013/distorted_images/i24_04_2.bmp,/data/projectwork/swati_mam/new model data/tid2013/tid2013/reference_images/I24.BMP,type_04,NA,2,5.83333,val,noise,0.057033755,-26.862455
TID2013,i24_04_5,I24,/data/projectwork/swati_mam/new model data/tid2013/tid2013/distorted_images/i24_04_5.bmp,/data/projectwork/swati_mam/new model data/tid2013/tid2013/reference_images/I24.BMP,type_04,NA,5,4.57143,val,noise,-41.42711,18.572762
TID2013,i24_05_1,I24,/data/projectwork/swati_mam/new model data/tid2013/tid2013/distorted_images/i24_05_1.bmp,/data/projectwork/swati_mam/new model data/tid2013/tid2013/reference_images/I24.BMP,type_05,NA,1,5.80556,val,HF/sharpen,-11.928975,-21.835365
TID2013,i24_05_2,I24,/data/projectwork/swati_mam/new model data/tid2013/tid2013/distorted_images/i24_05_2.bmp,/data/projectwork/swati_mam/new model data/tid2013/tid2013/reference_images/I24.BMP,type_05,NA,2,5.33333,val,HF/sharpen,-19.672598,-5.566811
TID2013,i24_05_3,I24,/data/projectwork/swati_mam/new model data/tid2013/tid2013/distorted_images/i24_05_3.bmp,/data/projectwork/swati_mam/new model data/tid2013/tid2013/reference_images/I24.BMP,type_05,NA,3,5.13889,val,HF/sharpen,-44.30541,16.929321
TID2013,i24_05_5,I24,/data/projectwork/swati_mam/new model data/tid2013/tid2013/distorted_images/i24_05_5.bmp,/data/projectwork/swati_mam/new model data/tid2013/tid2013/reference_images/I24.BMP,type_05,NA,5,3.25,val,HF/sharpen,-60.92618,-3.8659277
TID2013,i24_06_1,I24,/data/projectwork/swati_mam/new model data/tid2013/tid2013/distorted_images/i24_06_1.bmp,/data/projectwork/swati_mam/new model data/tid2013/tid2013/reference_images/I24.BMP,type_06,NA,1,4.64706,val,noise,-0.54625505,-26.422768
TID2013,i24_06_3,I24,/data/projectwork/swati_mam/new model data/tid2013/tid2013/distorted_images/i24_06_3.bmp,/data/projectwork/swati_mam/new model data/tid2013/tid2013/reference_images/I24.BMP,type_06,NA,3,3.97143,val,noise,-11.795981,-21.937769
TID2013,i24_06_5,I24,/data/projectwork/swati_mam/new model data/tid2013/tid2013/distorted_images/i24_06_5.bmp,/data/projectwork/swati_mam/new model data/tid2013/tid2013/reference_images/I24.BMP,type_06,NA,5,3.28571,val,noise,-52.11873,9.45028
TID2013,i24_07_1,I24,/data/projectwork/swati_mam/new model data/tid2013/tid2013/distorted_images/i24_07_1.bmp,/data/projectwork/swati_mam/new model data/tid2013/tid2013/reference_images/I24.BMP,type_07,NA,1,5.52778,val,noise,-0.28373274,-26.543556
TID2013,i24_08_1,I24,/data/projectwork/swati_mam/new model data/tid2013/tid2013/distorted_images/i24_08_1.bmp,/data/projectwork/swati_mam/new model data/tid2013/tid2013/reference_images/I24.BMP,type_08,NA,1,5.94444,val,blur,0.2012243,-26.33327
TID2013,i24_08_2,I24,/data/projectwork/swati_mam/new model data/tid2013/tid2013/distorted_images/i24_08_2.bmp,/data/projectwork/swati_mam/new model data/tid2013/tid2013/reference_images/I24.BMP,type_08,NA,2,4.971430000000001,val,blur,-12.39043,-21.278168
TID2013,i24_08_3,I24,/data/projectwork/swati_mam/new model data/tid2013/tid2013/distorted_images/i24_08_3.bmp,/data/projectwork/swati_mam/new model data/tid2013/tid2013/reference_images/I24.BMP,type_08,NA,3,4.05714,val,blur,-20.580778,-3.919001
TID2013,i24_08_4,I24,/data/projectwork/swati_mam/new model data/tid2013/tid2013/distorted_images/i24_08_4.bmp,/data/projectwork/swati_mam/new model data/tid2013/tid2013/reference_images/I24.BMP,type_08,NA,4,3.17647,val,blur,-38.038994,18.878002
TID2013,i24_09_1,I24,/data/projectwork/swati_mam/new model data/tid2013/tid2013/distorted_images/i24_09_1.bmp,/data/projectwork/swati_mam/new model data/tid2013/tid2013/reference_images/I24.BMP,type_09,NA,1,6.0,val,other,-0.8202861,-26.218723
TID2013,i24_09_2,I24,/data/projectwork/swati_mam/new model data/tid2013/tid2013/distorted_images/i24_09_2.bmp,/data/projectwork/swati_mam/new model data/tid2013/tid2013/reference_images/I24.BMP,type_09,NA,2,5.29412,val,other,0.11818927,-26.033272
TID2013,i24_09_3,I24,/data/projectwork/swati_mam/new model data/tid2013/tid2013/distorted_images/i24_09_3.bmp,/data/projectwork/swati_mam/new model data/tid2013/tid2013/reference_images/I24.BMP,type_09,NA,3,4.52778,val,other,-14.465918,-19.287018
TID2013,i24_09_4,I24,/data/projectwork/swati_mam/new model data/tid2013/tid2013/distorted_images/i24_09_4.bmp,/data/projectwork/swati_mam/new model data/tid2013/tid2013/reference_images/I24.BMP,type_09,NA,4,3.38889,val,other,-21.282778,6.42352
TID2013,i24_10_2,I24,/data/projectwork/swati_mam/new model data/tid2013/tid2013/distorted_images/i24_10_2.bmp,/data/projectwork/swati_mam/new model data/tid2013/tid2013/reference_images/I24.BMP,type_10,NA,2,5.82857,val,other,0.7285814,-26.79002
TID2013,I24_11_1,I24,/data/projectwork/swati_mam/new model data/tid2013/tid2013/distorted_images/I24_11_1.bmp,/data/projectwork/swati_mam/new model data/tid2013/tid2013/reference_images/I24.BMP,type_11,NA,1,5.4,val,other,1.3383988,-26.301785
TID2013,i24_11_5,I24,/data/projectwork/swati_mam/new model data/tid2013/tid2013/distorted_images/i24_11_5.bmp,/data/projectwork/swati_mam/new model data/tid2013/tid2013/reference_images/I24.BMP,type_11,NA,5,0.91667,val,other,-58.15607,1.1838721
TID2013,i24_12_1,I24,/data/projectwork/swati_mam/new model data/tid2013/tid2013/distorted_images/i24_12_1.bmp,/data/projectwork/swati_mam/new model data/tid2013/tid2013/reference_images/I24.BMP,type_12,NA,1,5.68571,val,other,2.4043295,-26.184263
TID2013,i24_12_2,I24,/data/projectwork/swati_mam/new model data/tid2013/tid2013/distorted_images/i24_12_2.bmp,/data/projectwork/swati_mam/new model data/tid2013/tid2013/reference_images/I24.BMP,type_12,NA,2,6.08571,val,other,18.05971,-11.988639
TID2013,i24_12_3,I24,/data/projectwork/swati_mam/new model data/tid2013/tid2013/distorted_images/i24_12_3.bmp,/data/projectwork/swati_mam/new model data/tid2013/tid2013/reference_images/I24.BMP,type_12,NA,3,5.48485,val,other,-1.7130618,-26.330444
TID2013,i24_12_4,I24,/data/projectwork/swati_mam/new model data/tid2013/tid2013/distorted_images/i24_12_4.bmp,/data/projectwork/swati_mam/new model data/tid2013/tid2013/reference_images/I24.BMP,type_12,NA,4,3.5,val,other,-18.946371,-6.0077662
TID2013,i24_12_5,I24,/data/projectwork/swati_mam/new model data/tid2013/tid2013/distorted_images/i24_12_5.bmp,/data/projectwork/swati_mam/new model data/tid2013/tid2013/reference_images/I24.BMP,type_12,NA,5,2.58333,val,other,-30.771948,13.617758
TID2013,i24_13_5,I24,/data/projectwork/swati_mam/new model data/tid2013/tid2013/distorted_images/i24_13_5.bmp,/data/projectwork/swati_mam/new model data/tid2013/tid2013/reference_images/I24.BMP,type_13,NA,5,2.5,val,other,-22.080652,1.3405113
TID2013,i24_14_4,I24,/data/projectwork/swati_mam/new model data/tid2013/tid2013/distorted_images/i24_14_4.bmp,/data/projectwork/swati_mam/new model data/tid2013/tid2013/reference_images/I24.BMP,type_14,NA,4,5.13889,val,other,18.507515,-11.126982
TID2013,i24_15_1,I24,/data/projectwork/swati_mam/new model data/tid2013/tid2013/distorted_images/i24_15_1.bmp,/data/projectwork/swati_mam/new model data/tid2013/tid2013/reference_images/I24.BMP,type_15,NA,1,4.02778,val,other,19.581047,-10.021761
TID2013,i24_15_2,I24,/data/projectwork/swati_mam/new model data/tid2013/tid2013/distorted_images/i24_15_2.bmp,/data/projectwork/swati_mam/new model data/tid2013/tid2013/reference_images/I24.BMP,type_15,NA,2,4.4,val,other,19.37231,-10.29329
TID2013,i24_15_3,I24,/data/projectwork/swati_mam/new model data/tid2013/tid2013/distorted_images/i24_15_3.bmp,/data/projectwork/swati_mam/new model data/tid2013/tid2013/reference_images/I24.BMP,type_15,NA,3,3.88571,val,other,19.677984,-9.92185
TID2013,i24_15_5,I24,/data/projectwork/swati_mam/new model data/tid2013/tid2013/distorted_images/i24_15_5.bmp,/data/projectwork/swati_mam/new model data/tid2013/tid2013/reference_images/I24.BMP,type_15,NA,5,3.38889,val,other,18.648026,-11.019093
TID2013,i24_16_3,I24,/data/projectwork/swati_mam/new model data/tid2013/tid2013/distorted_images/i24_16_3.bmp,/data/projectwork/swati_mam/new model data/tid2013/tid2013/reference_images/I24.BMP,type_16,NA,3,5.45714,val,other,17.37462,-13.085538
TID2013,i24_17_1,I24,/data/projectwork/swati_mam/new model data/tid2013/tid2013/distorted_images/i24_17_1.bmp,/data/projectwork/swati_mam/new model data/tid2013/tid2013/reference_images/I24.BMP,type_17,NA,1,5.75,val,other,1.5170457,-26.615314
TID2013,i24_17_2,I24,/data/projectwork/swati_mam/new model data/tid2013/tid2013/distorted_images/i24_17_2.bmp,/data/projectwork/swati_mam/new model data/tid2013/tid2013/reference_images/I24.BMP,type_17,NA,2,6.47222,val,other,23.312965,-2.147818
TID2013,i24_17_4,I24,/data/projectwork/swati_mam/new model data/tid2013/tid2013/distorted_images/i24_17_4.bmp,/data/projectwork/swati_mam/new model data/tid2013/tid2013/reference_images/I24.BMP,type_17,NA,4,6.72222,val,other,26.456312,3.173746
TID2013,i24_18_4,I24,/data/projectwork/swati_mam/new model data/tid2013/tid2013/distorted_images/i24_18_4.bmp,/data/projectwork/swati_mam/new model data/tid2013/tid2013/reference_images/I24.BMP,type_18,NA,4,4.11429,val,other,-12.081978,-21.463097
TID2013,i24_19_1,I24,/data/projectwork/swati_mam/new model data/tid2013/tid2013/distorted_images/i24_19_1.bmp,/data/projectwork/swati_mam/new model data/tid2013/tid2013/reference_images/I24.BMP,type_19,NA,1,5.57143,val,noise,-11.2178755,-22.84951
TID2013,i24_19_5,I24,/data/projectwork/swati_mam/new model data/tid2013/tid2013/distorted_images/i24_19_5.bmp,/data/projectwork/swati_mam/new model data/tid2013/tid2013/reference_images/I24.BMP,type_19,NA,5,3.85714,val,noise,-55.23545,4.41458
TID2013,i24_20_1,I24,/data/projectwork/swati_mam/new model data/tid2013/tid2013/distorted_images/i24_20_1.bmp,/data/projectwork/swati_mam/new model data/tid2013/tid2013/reference_images/I24.BMP,type_20,NA,1,6.14286,val,noise,2.8381162,-26.089487
TID2013,i24_20_2,I24,/data/projectwork/swati_mam/new model data/tid2013/tid2013/distorted_images/i24_20_2.bmp,/data/projectwork/swati_mam/new model data/tid2013/tid2013/reference_images/I24.BMP,type_20,NA,2,5.61111,val,noise,18.001997,-12.081823
TID2013,i24_20_3,I24,/data/projectwork/swati_mam/new model data/tid2013/tid2013/distorted_images/i24_20_3.bmp,/data/projectwork/swati_mam/new model data/tid2013/tid2013/reference_images/I24.BMP,type_20,NA,3,5.17143,val,noise,2.795831,-26.139227
TID2013,i24_21_1,I24,/data/projectwork/swati_mam/new model data/tid2013/tid2013/distorted_images/i24_21_1.bmp,/data/projectwork/swati_mam/new model data/tid2013/tid2013/reference_images/I24.BMP,type_21,NA,1,5.77778,val,other,0.4759567,-26.709679
TID2013,i24_21_3,I24,/data/projectwork/swati_mam/new model data/tid2013/tid2013/distorted_images/i24_21_3.bmp,/data/projectwork/swati_mam/new model data/tid2013/tid2013/reference_images/I24.BMP,type_21,NA,3,4.14286,val,other,-22.74002,0.8199018
TID2013,i24_21_4,I24,/data/projectwork/swati_mam/new model data/tid2013/tid2013/distorted_images/i24_21_4.bmp,/data/projectwork/swati_mam/new model data/tid2013/tid2013/reference_images/I24.BMP,type_21,NA,4,3.36111,val,other,-27.728083,11.864802
TID2013,i24_22_2,I24,/data/projectwork/swati_mam/new model data/tid2013/tid2013/distorted_images/i24_22_2.bmp,/data/projectwork/swati_mam/new model data/tid2013/tid2013/reference_images/I24.BMP,type_22,NA,2,5.02941,val,other,-12.940355,-20.94047
TID2013,i24_22_3,I24,/data/projectwork/swati_mam/new model data/tid2013/tid2013/distorted_images/i24_22_3.bmp,/data/projectwork/swati_mam/new model data/tid2013/tid2013/reference_images/I24.BMP,type_22,NA,3,4.61765,val,other,-19.429415,-5.5913463
TID2013,i24_22_4,I24,/data/projectwork/swati_mam/new model data/tid2013/tid2013/distorted_images/i24_22_4.bmp,/data/projectwork/swati_mam/new model data/tid2013/tid2013/reference_images/I24.BMP,type_22,NA,4,3.33333,val,other,-23.064157,11.561773
TID2013,i24_23_1,I24,/data/projectwork/swati_mam/new model data/tid2013/tid2013/distorted_images/i24_23_1.bmp,/data/projectwork/swati_mam/new model data/tid2013/tid2013/reference_images/I24.BMP,type_23,NA,1,5.8,val,blur,0.7097421,-26.362368
TID2013,i24_23_2,I24,/data/projectwork/swati_mam/new model data/tid2013/tid2013/distorted_images/i24_23_2.bmp,/data/projectwork/swati_mam/new model data/tid2013/tid2013/reference_images/I24.BMP,type_23,NA,2,6.02778,val,blur,-13.8933525,-19.751385
TID2013,i24_23_4,I24,/data/projectwork/swati_mam/new model data/tid2013/tid2013/distorted_images/i24_23_4.bmp,/data/projectwork/swati_mam/new model data/tid2013/tid2013/reference_images/I24.BMP,type_23,NA,4,5.08824,val,blur,-22.62093,10.107724
TID2013,i24_23_5,I24,/data/projectwork/swati_mam/new model data/tid2013/tid2013/distorted_images/i24_23_5.bmp,/data/projectwork/swati_mam/new model data/tid2013/tid2013/reference_images/I24.BMP,type_23,NA,5,2.29412,val,blur,-58.0547,1.3321819
TID2013,i24_24_2,I24,/data/projectwork/swati_mam/new model data/tid2013/tid2013/distorted_images/i24_24_2.bmp,/data/projectwork/swati_mam/new model data/tid2013/tid2013/reference_images/I24.BMP,type_24,NA,2,5.34286,val,other,-2.5315719,-26.118427
TID2013,i24_24_3,I24,/data/projectwork/swati_mam/new model data/tid2013/tid2013/distorted_images/i24_24_3.bmp,/data/projectwork/swati_mam/new model data/tid2013/tid2013/reference_images/I24.BMP,type_24,NA,3,4.34286,val,other,0.64273524,-27.308735
TID2013,i24_24_4,I24,/data/projectwork/swati_mam/new model data/tid2013/tid2013/distorted_images/i24_24_4.bmp,/data/projectwork/swati_mam/new model data/tid2013/tid2013/reference_images/I24.BMP,type_24,NA,4,2.74286,val,other,-21.00051,4.233938
TID2013,i24_24_5,I24,/data/projectwork/swati_mam/new model data/tid2013/tid2013/distorted_images/i24_24_5.bmp,/data/projectwork/swati_mam/new model data/tid2013/tid2013/reference_images/I24.BMP,type_24,NA,5,0.41667,val,other,-54.425552,7.126293
TID2013,I25_01_1,I25,/data/projectwork/swati_mam/new model data/tid2013/tid2013/distorted_images/I25_01_1.bmp,/data/projectwork/swati_mam/new model data/tid2013/tid2013/reference_images/i25.bmp,type_01,NA,1,5.14286,val,noise,14.467068,29.052813
TID2013,i25_01_2,I25,/data/projectwork/swati_mam/new model data/tid2013/tid2013/distorted_images/i25_01_2.bmp,/data/projectwork/swati_mam/new model data/tid2013/tid2013/reference_images/i25.bmp,type_01,NA,2,4.67647,val,noise,15.469784,25.819874
TID2013,i25_01_4,I25,/data/projectwork/swati_mam/new model data/tid2013/tid2013/distorted_images/i25_01_4.bmp,/data/projectwork/swati_mam/new model data/tid2013/tid2013/reference_images/i25.bmp,type_01,NA,4,3.88571,val,noise,18.365864,20.617609
TID2013,i25_03_3,I25,/data/projectwork/swati_mam/new model data/tid2013/tid2013/distorted_images/i25_03_3.bmp,/data/projectwork/swati_mam/new model data/tid2013/tid2013/reference_images/i25.bmp,type_03,NA,3,3.25,val,noise,17.004488,23.82665
TID2013,i25_03_4,I25,/data/projectwork/swati_mam/new model data/tid2013/tid2013/distorted_images/i25_03_4.bmp,/data/projectwork/swati_mam/new model data/tid2013/tid2013/reference_images/i25.bmp,type_03,NA,4,2.9142900000000003,val,noise,18.375927,20.581543
TID2013,i25_04_1,I25,/data/projectwork/swati_mam/new model data/tid2013/tid2013/distorted_images/i25_04_1.bmp,/data/projectwork/swati_mam/new model data/tid2013/tid2013/reference_images/i25.bmp,type_04,NA,1,6.39394,val,noise,14.013593,29.249784
TID2013,i25_04_2,I25,/data/projectwork/swati_mam/new model data/tid2013/tid2013/distorted_images/i25_04_2.bmp,/data/projectwork/swati_mam/new model data/tid2013/tid2013/reference_images/i25.bmp,type_04,NA,2,6.16667,val,noise,15.693381,26.407955
TID2013,i25_04_5,I25,/data/projectwork/swati_mam/new model data/tid2013/tid2013/distorted_images/i25_04_5.bmp,/data/projectwork/swati_mam/new model data/tid2013/tid2013/reference_images/i25.bmp,type_04,NA,5,5.23529,val,noise,9.04324,0.1653839
TID2013,i25_05_2,I25,/data/projectwork/swati_mam/new model data/tid2013/tid2013/distorted_images/i25_05_2.bmp,/data/projectwork/swati_mam/new model data/tid2013/tid2013/reference_images/i25.bmp,type_05,NA,2,5.25714,val,HF/sharpen,15.441374,26.977354
TID2013,i25_05_3,I25,/data/projectwork/swati_mam/new model data/tid2013/tid2013/distorted_images/i25_05_3.bmp,/data/projectwork/swati_mam/new model data/tid2013/tid2013/reference_images/i25.bmp,type_05,NA,3,4.61111,val,HF/sharpen,17.985367,21.667658
TID2013,i25_05_4,I25,/data/projectwork/swati_mam/new model data/tid2013/tid2013/distorted_images/i25_05_4.bmp,/data/projectwork/swati_mam/new model data/tid2013/tid2013/reference_images/i25.bmp,type_05,NA,4,3.85714,val,HF/sharpen,9.009836,0.16065893
TID2013,i25_05_5,I25,/data/projectwork/swati_mam/new model data/tid2013/tid2013/distorted_images/i25_05_5.bmp,/data/projectwork/swati_mam/new model data/tid2013/tid2013/reference_images/i25.bmp,type_05,NA,5,2.75,val,HF/sharpen,-37.066006,15.119898
TID2013,i25_06_3,I25,/data/projectwork/swati_mam/new model data/tid2013/tid2013/distorted_images/i25_06_3.bmp,/data/projectwork/swati_mam/new model data/tid2013/tid2013/reference_images/i25.bmp,type_06,NA,3,3.705880000000001,val,noise,18.007244,21.622328
TID2013,i25_06_4,I25,/data/projectwork/swati_mam/new model data/tid2013/tid2013/distorted_images/i25_06_4.bmp,/data/projectwork/swati_mam/new model data/tid2013/tid2013/reference_images/i25.bmp,type_06,NA,4,3.47222,val,noise,18.588268,19.71212
TID2013,i25_06_5,I25,/data/projectwork/swati_mam/new model data/tid2013/tid2013/distorted_images/i25_06_5.bmp,/data/projectwork/swati_mam/new model data/tid2013/tid2013/reference_images/i25.bmp,type_06,NA,5,3.02778,val,noise,-11.301058,-12.26031
TID2013,i25_07_3,I25,/data/projectwork/swati_mam/new model data/tid2013/tid2013/distorted_images/i25_07_3.bmp,/data/projectwork/swati_mam/new model data/tid2013/tid2013/reference_images/i25.bmp,type_07,NA,3,3.0303,val,noise,12.546505,30.345915
TID2013,i25_07_5,I25,/data/projectwork/swati_mam/new model data/tid2013/tid2013/distorted_images/i25_07_5.bmp,/data/projectwork/swati_mam/new model data/tid2013/tid2013/reference_images/i25.bmp,type_07,NA,5,2.74286,val,noise,17.159231,23.808863
TID2013,i25_08_2,I25,/data/projectwork/swati_mam/new model data/tid2013/tid2013/distorted_images/i25_08_2.bmp,/data/projectwork/swati_mam/new model data/tid2013/tid2013/reference_images/i25.bmp,type_08,NA,2,5.05556,val,blur,13.139152,27.921587
TID2013,i25_08_4,I25,/data/projectwork/swati_mam/new model data/tid2013/tid2013/distorted_images/i25_08_4.bmp,/data/projectwork/swati_mam/new model data/tid2013/tid2013/reference_images/i25.bmp,type_08,NA,4,3.17647,val,blur,11.535601,0.30112085
TID2013,i25_09_2,I25,/data/projectwork/swati_mam/new model data/tid2013/tid2013/distorted_images/i25_09_2.bmp,/data/projectwork/swati_mam/new model data/tid2013/tid2013/reference_images/i25.bmp,type_09,NA,2,5.2,val,other,13.237116,29.734062
TID2013,i25_09_3,I25,/data/projectwork/swati_mam/new model data/tid2013/tid2013/distorted_images/i25_09_3.bmp,/data/projectwork/swati_mam/new model data/tid2013/tid2013/reference_images/i25.bmp,type_09,NA,3,4.22857,val,other,13.482935,29.89742
TID2013,i25_09_4,I25,/data/projectwork/swati_mam/new model data/tid2013/tid2013/distorted_images/i25_09_4.bmp,/data/projectwork/swati_mam/new model data/tid2013/tid2013/reference_images/i25.bmp,type_09,NA,4,3.11765,val,other,13.762632,27.67895
TID2013,i25_09_5,I25,/data/projectwork/swati_mam/new model data/tid2013/tid2013/distorted_images/i25_09_5.bmp,/data/projectwork/swati_mam/new model data/tid2013/tid2013/reference_images/i25.bmp,type_09,NA,5,1.33333,val,other,15.723713,24.223991
TID2013,i25_10_1,I25,/data/projectwork/swati_mam/new model data/tid2013/tid2013/distorted_images/i25_10_1.bmp,/data/projectwork/swati_mam/new model data/tid2013/tid2013/reference_images/i25.bmp,type_10,NA,1,5.85714,val,other,14.691426,27.004908
TID2013,i25_10_2,I25,/data/projectwork/swati_mam/new model data/tid2013/tid2013/distorted_images/i25_10_2.bmp,/data/projectwork/swati_mam/new model data/tid2013/tid2013/reference_images/i25.bmp,type_10,NA,2,5.57143,val,other,15.961814,25.00367
TID2013,i25_10_4,I25,/data/projectwork/swati_mam/new model data/tid2013/tid2013/distorted_images/i25_10_4.bmp,/data/projectwork/swati_mam/new model data/tid2013/tid2013/reference_images/i25.bmp,type_10,NA,4,2.14706,val,other,18.709831,19.02381
TID2013,i25_10_5,I25,/data/projectwork/swati_mam/new model data/tid2013/tid2013/distorted_images/i25_10_5.bmp,/data/projectwork/swati_mam/new model data/tid2013/tid2013/reference_images/i25.bmp,type_10,NA,5,1.47222,val,other,10.48961,0.59555215
TID2013,i25_11_2,I25,/data/projectwork/swati_mam/new model data/tid2013/tid2013/distorted_images/i25_11_2.bmp,/data/projectwork/swati_mam/new model data/tid2013/tid2013/reference_images/i25.bmp,type_11,NA,2,5.86111,val,other,13.308337,30.366896
TID2013,i25_11_3,I25,/data/projectwork/swati_mam/new model data/tid2013/tid2013/distorted_images/i25_11_3.bmp,/data/projectwork/swati_mam/new model data/tid2013/tid2013/reference_images/i25.bmp,type_11,NA,3,5.36111,val,other,13.42976,29.048384
TID2013,i25_11_4,I25,/data/projectwork/swati_mam/new model data/tid2013/tid2013/distorted_images/i25_11_4.bmp,/data/projectwork/swati_mam/new model data/tid2013/tid2013/reference_images/i25.bmp,type_11,NA,4,4.97222,val,other,13.751524,28.167738
TID2013,i25_11_5,I25,/data/projectwork/swati_mam/new model data/tid2013/tid2013/distorted_images/i25_11_5.bmp,/data/projectwork/swati_mam/new model data/tid2013/tid2013/reference_images/i25.bmp,type_11,NA,5,4.6,val,other,15.402163,25.230333
TID2013,i25_12_1,I25,/data/projectwork/swati_mam/new model data/tid2013/tid2013/distorted_images/i25_12_1.bmp,/data/projectwork/swati_mam/new model data/tid2013/tid2013/reference_images/i25.bmp,type_12,NA,1,6.02778,val,other,12.702331,29.506334
TID2013,i25_12_2,I25,/data/projectwork/swati_mam/new model data/tid2013/tid2013/distorted_images/i25_12_2.bmp,/data/projectwork/swati_mam/new model data/tid2013/tid2013/reference_images/i25.bmp,type_12,NA,2,5.8,val,other,12.7547865,29.291662
TID2013,i25_12_3,I25,/data/projectwork/swati_mam/new model data/tid2013/tid2013/distorted_images/i25_12_3.bmp,/data/projectwork/swati_mam/new model data/tid2013/tid2013/reference_images/i25.bmp,type_12,NA,3,4.83333,val,other,13.19449,28.572292
TID2013,i25_12_5,I25,/data/projectwork/swati_mam/new model data/tid2013/tid2013/distorted_images/i25_12_5.bmp,/data/projectwork/swati_mam/new model data/tid2013/tid2013/reference_images/i25.bmp,type_12,NA,5,4.66667,val,other,14.993656,26.022789
TID2013,I25_13_1,I25,/data/projectwork/swati_mam/new model data/tid2013/tid2013/distorted_images/I25_13_1.bmp,/data/projectwork/swati_mam/new model data/tid2013/tid2013/reference_images/i25.bmp,type_13,NA,1,4.82857,val,other,14.441277,28.91316
TID2013,i25_13_2,I25,/data/projectwork/swati_mam/new model data/tid2013/tid2013/distorted_images/i25_13_2.bmp,/data/projectwork/swati_mam/new model data/tid2013/tid2013/reference_images/i25.bmp,type_13,NA,2,5.71429,val,other,14.710836,28.247017
TID2013,i25_13_3,I25,/data/projectwork/swati_mam/new model data/tid2013/tid2013/distorted_images/i25_13_3.bmp,/data/projectwork/swati_mam/new model data/tid2013/tid2013/reference_images/i25.bmp,type_13,NA,3,3.68571,val,other,17.883001,21.901413
TID2013,i25_14_1,I25,/data/projectwork/swati_mam/new model data/tid2013/tid2013/distorted_images/i25_14_1.bmp,/data/projectwork/swati_mam/new model data/tid2013/tid2013/reference_images/i25.bmp,type_14,NA,1,5.71429,val,other,11.998493,32.437874
TID2013,i25_15_1,I25,/data/projectwork/swati_mam/new model data/tid2013/tid2013/distorted_images/i25_15_1.bmp,/data/projectwork/swati_mam/new model data/tid2013/tid2013/reference_images/i25.bmp,type_15,NA,1,3.2777800000000004,val,other,16.640999,24.660881
TID2013,i25_15_4,I25,/data/projectwork/swati_mam/new model data/tid2013/tid2013/distorted_images/i25_15_4.bmp,/data/projectwork/swati_mam/new model data/tid2013/tid2013/reference_images/i25.bmp,type_15,NA,4,3.97059,val,other,13.876855,30.122904
TID2013,i25_15_5,I25,/data/projectwork/swati_mam/new model data/tid2013/tid2013/distorted_images/i25_15_5.bmp,/data/projectwork/swati_mam/new model data/tid2013/tid2013/reference_images/i25.bmp,type_15,NA,5,4.14286,val,other,12.621051,31.40475
TID2013,i25_16_2,I25,/data/projectwork/swati_mam/new model data/tid2013/tid2013/distorted_images/i25_16_2.bmp,/data/projectwork/swati_mam/new model data/tid2013/tid2013/reference_images/i25.bmp,type_16,NA,2,6.41667,val,other,12.69714,30.752333
TID2013,i25_16_3,I25,/data/projectwork/swati_mam/new model data/tid2013/tid2013/distorted_images/i25_16_3.bmp,/data/projectwork/swati_mam/new model data/tid2013/tid2013/reference_images/i25.bmp,type_16,NA,3,5.7714300000000005,val,other,14.23117,28.291233
TID2013,i25_16_5,I25,/data/projectwork/swati_mam/new model data/tid2013/tid2013/distorted_images/i25_16_5.bmp,/data/projectwork/swati_mam/new model data/tid2013/tid2013/reference_images/i25.bmp,type_16,NA,5,4.4705900000000005,val,other,16.3256,24.203663
TID2013,i25_17_1,I25,/data/projectwork/swati_mam/new model data/tid2013/tid2013/distorted_images/i25_17_1.bmp,/data/projectwork/swati_mam/new model data/tid2013/tid2013/reference_images/i25.bmp,type_17,NA,1,5.61111,val,other,14.008239,27.746357
TID2013,i25_17_3,I25,/data/projectwork/swati_mam/new model data/tid2013/tid2013/distorted_images/i25_17_3.bmp,/data/projectwork/swati_mam/new model data/tid2013/tid2013/reference_images/i25.bmp,type_17,NA,3,4.48571,val,other,16.548258,23.72853
TID2013,i25_17_4,I25,/data/projectwork/swati_mam/new model data/tid2013/tid2013/distorted_images/i25_17_4.bmp,/data/projectwork/swati_mam/new model data/tid2013/tid2013/reference_images/i25.bmp,type_17,NA,4,6.38889,val,other,11.562589,33.02288
TID2013,i25_18_1,I25,/data/projectwork/swati_mam/new model data/tid2013/tid2013/distorted_images/i25_18_1.bmp,/data/projectwork/swati_mam/new model data/tid2013/tid2013/reference_images/i25.bmp,type_18,NA,1,5.61111,val,other,10.995989,32.055965
TID2013,i25_18_2,I25,/data/projectwork/swati_mam/new model data/tid2013/tid2013/distorted_images/i25_18_2.bmp,/data/projectwork/swati_mam/new model data/tid2013/tid2013/reference_images/i25.bmp,type_18,NA,2,5.05882,val,other,11.291036,31.737541
TID2013,i25_18_5,I25,/data/projectwork/swati_mam/new model data/tid2013/tid2013/distorted_images/i25_18_5.bmp,/data/projectwork/swati_mam/new model data/tid2013/tid2013/reference_images/i25.bmp,type_18,NA,5,2.67647,val,other,12.023701,30.700693
TID2013,i25_19_3,I25,/data/projectwork/swati_mam/new model data/tid2013/tid2013/distorted_images/i25_19_3.bmp,/data/projectwork/swati_mam/new model data/tid2013/tid2013/reference_images/i25.bmp,type_19,NA,3,3.83333,val,noise,15.011015,26.696997
TID2013,i25_20_1,I25,/data/projectwork/swati_mam/new model data/tid2013/tid2013/distorted_images/i25_20_1.bmp,/data/projectwork/swati_mam/new model data/tid2013/tid2013/reference_images/i25.bmp,type_20,NA,1,5.67647,val,noise,13.833675,28.745073
TID2013,i25_20_2,I25,/data/projectwork/swati_mam/new model data/tid2013/tid2013/distorted_images/i25_20_2.bmp,/data/projectwork/swati_mam/new model data/tid2013/tid2013/reference_images/i25.bmp,type_20,NA,2,5.54286,val,noise,16.310566,25.016796
TID2013,i25_20_3,I25,/data/projectwork/swati_mam/new model data/tid2013/tid2013/distorted_images/i25_20_3.bmp,/data/projectwork/swati_mam/new model data/tid2013/tid2013/reference_images/i25.bmp,type_20,NA,3,5.0,val,noise,16.008307,25.754143
TID2013,i25_20_4,I25,/data/projectwork/swati_mam/new model data/tid2013/tid2013/distorted_images/i25_20_4.bmp,/data/projectwork/swati_mam/new model data/tid2013/tid2013/reference_images/i25.bmp,type_20,NA,4,4.97222,val,noise,17.55414,22.566355
TID2013,i25_21_1,I25,/data/projectwork/swati_mam/new model data/tid2013/tid2013/distorted_images/i25_21_1.bmp,/data/projectwork/swati_mam/new model data/tid2013/tid2013/reference_images/i25.bmp,type_21,NA,1,5.17143,val,other,15.958897,26.141235
TID2013,i25_22_1,I25,/data/projectwork/swati_mam/new model data/tid2013/tid2013/distorted_images/i25_22_1.bmp,/data/projectwork/swati_mam/new model data/tid2013/tid2013/reference_images/i25.bmp,type_22,NA,1,4.80556,val,other,11.579925,32.488056
TID2013,i25_22_2,I25,/data/projectwork/swati_mam/new model data/tid2013/tid2013/distorted_images/i25_22_2.bmp,/data/projectwork/swati_mam/new model data/tid2013/tid2013/reference_images/i25.bmp,type_22,NA,2,4.25,val,other,11.935061,32.67931
TID2013,i25_22_3,I25,/data/projectwork/swati_mam/new model data/tid2013/tid2013/distorted_images/i25_22_3.bmp,/data/projectwork/swati_mam/new model data/tid2013/tid2013/reference_images/i25.bmp,type_22,NA,3,3.79412,val,other,15.109118,28.09883
TID2013,i25_22_4,I25,/data/projectwork/swati_mam/new model data/tid2013/tid2013/distorted_images/i25_22_4.bmp,/data/projectwork/swati_mam/new model data/tid2013/tid2013/reference_images/i25.bmp,type_22,NA,4,3.4,val,other,16.594572,25.379076
TID2013,i25_22_5,I25,/data/projectwork/swati_mam/new model data/tid2013/tid2013/distorted_images/i25_22_5.bmp,/data/projectwork/swati_mam/new model data/tid2013/tid2013/reference_images/i25.bmp,type_22,NA,5,2.79412,val,other,18.704372,19.055653
TID2013,i25_23_1,I25,/data/projectwork/swati_mam/new model data/tid2013/tid2013/distorted_images/i25_23_1.bmp,/data/projectwork/swati_mam/new model data/tid2013/tid2013/reference_images/i25.bmp,type_23,NA,1,6.30556,val,blur,11.169585,33.05917
TID2013,i25_23_2,I25,/data/projectwork/swati_mam/new model data/tid2013/tid2013/distorted_images/i25_23_2.bmp,/data/projectwork/swati_mam/new model data/tid2013/tid2013/reference_images/i25.bmp,type_23,NA,2,6.27778,val,blur,10.913923,32.88634
TID2013,i25_23_3,I25,/data/projectwork/swati_mam/new model data/tid2013/tid2013/distorted_images/i25_23_3.bmp,/data/projectwork/swati_mam/new model data/tid2013/tid2013/reference_images/i25.bmp,type_23,NA,3,6.17143,val,blur,10.907118,32.556
TID2013,i25_23_4,I25,/data/projectwork/swati_mam/new model data/tid2013/tid2013/distorted_images/i25_23_4.bmp,/data/projectwork/swati_mam/new model data/tid2013/tid2013/reference_images/i25.bmp,type_23,NA,4,6.14286,val,blur,10.907119,32.17582
TID2013,i25_23_5,I25,/data/projectwork/swati_mam/new model data/tid2013/tid2013/distorted_images/i25_23_5.bmp,/data/projectwork/swati_mam/new model data/tid2013/tid2013/reference_images/i25.bmp,type_23,NA,5,5.971430000000001,val,blur,11.645762,32.01877
TID2013,i25_24_1,I25,/data/projectwork/swati_mam/new model data/tid2013/tid2013/distorted_images/i25_24_1.bmp,/data/projectwork/swati_mam/new model data/tid2013/tid2013/reference_images/i25.bmp,type_24,NA,1,5.65714,val,other,12.017553,31.589575
TID2013,i25_24_4,I25,/data/projectwork/swati_mam/new model data/tid2013/tid2013/distorted_images/i25_24_4.bmp,/data/projectwork/swati_mam/new model data/tid2013/tid2013/reference_images/i25.bmp,type_24,NA,4,4.02778,val,other,14.591943,27.819164
