dataset,image_id,ref_id,distorted_path,ref_path,distortion_type,distortion_code,severity_or_level,mos_or_dmos,split,group,tsne_x,tsne_y
KADID-10k,I26_16_03,I26,/data/projectwork/swati_mam/new model data/kadid10k/images/I26_16_03.png,/data/projectwork/swati_mam/kadid10k/images/I26.png,Brighten,NA,3,3.57,val,other,18.596413,1.0103028
KADID-10k,I26_16_04,I26,/data/projectwork/swati_mam/new model data/kadid10k/images/I26_16_04.png,/data/projectwork/swati_mam/kadid10k/images/I26.png,Brighten,NA,4,2.93,val,other,7.1443834,-0.7379636
KADID-10k,I26_23_01,I26,/data/projectwork/swati_mam/new model data/kadid10k/images/I26_23_01.png,/data/projectwork/swati_mam/kadid10k/images/I26.png,Color block,NA,1,2.47,val,other,19.116373,2.503864
KADID-10k,I26_23_02,I26,/data/projectwork/swati_mam/new model data/kadid10k/images/I26_23_02.png,/data/projectwork/swati_mam/kadid10k/images/I26.png,Color block,NA,2,2.2,val,other,21.11004,1.6543379
KADID-10k,I26_23_03,I26,/data/projectwork/swati_mam/new model data/kadid10k/images/I26_23_03.png,/data/projectwork/swati_mam/kadid10k/images/I26.png,Color block,NA,3,2.67,val,other,20.173761,1.3578858
KADID-10k,I26_04_01,I26,/data/projectwork/swati_mam/new model data/kadid10k/images/I26_04_01.png,/data/projectwork/swati_mam/kadid10k/images/I26.png,Color diffusion,NA,1,4.8,val,other,22.036186,2.0224206
KADID-10k,I26_04_03,I26,/data/projectwork/swati_mam/new model data/kadid10k/images/I26_04_03.png,/data/projectwork/swati_mam/kadid10k/images/I26.png,Color diffusion,NA,3,2.9,val,other,-50.689823,0.083377674
KADID-10k,I26_06_01,I26,/data/projectwork/swati_mam/new model data/kadid10k/images/I26_06_01.png,/data/projectwork/swati_mam/kadid10k/images/I26.png,Color quantization,NA,1,4.57,val,other,17.422636,0.31347558
KADID-10k,I26_06_04,I26,/data/projectwork/swati_mam/new model data/kadid10k/images/I26_06_04.png,/data/projectwork/swati_mam/kadid10k/images/I26.png,Color quantization,NA,4,3.53,val,other,-0.021860784,-14.3721075
KADID-10k,I26_07_04,I26,/data/projectwork/swati_mam/new model data/kadid10k/images/I26_07_04.png,/data/projectwork/swati_mam/kadid10k/images/I26.png,Color saturation 1,NA,4,2.47,val,other,19.70091,-0.114585355
KADID-10k,I26_07_05,I26,/data/projectwork/swati_mam/new model data/kadid10k/images/I26_07_05.png,/data/projectwork/swati_mam/kadid10k/images/I26.png,Color saturation 1,NA,5,2.6,val,other,6.221399,-1.0709325
KADID-10k,I26_08_01,I26,/data/projectwork/swati_mam/new model data/kadid10k/images/I26_08_01.png,/data/projectwork/swati_mam/kadid10k/images/I26.png,Color saturation 2,NA,1,4.67,val,other,20.818844,1.757969
KADID-10k,I26_08_03,I26,/data/projectwork/swati_mam/new model data/kadid10k/images/I26_08_03.png,/data/projectwork/swati_mam/kadid10k/images/I26.png,Color saturation 2,NA,3,3.53,val,other,-34.89611,-2.0746753
KADID-10k,I26_08_05,I26,/data/projectwork/swati_mam/new model data/kadid10k/images/I26_08_05.png,/data/projectwork/swati_mam/kadid10k/images/I26.png,Color saturation 2,NA,5,1.77,val,other,-52.032516,-0.92111135
KADID-10k,I26_05_01,I26,/data/projectwork/swati_mam/new model data/kadid10k/images/I26_05_01.png,/data/projectwork/swati_mam/kadid10k/images/I26.png,Color shift,NA,1,4.43,val,other,20.250551,2.1103861
KADID-10k,I26_05_02,I26,/data/projectwork/swati_mam/new model data/kadid10k/images/I26_05_02.png,/data/projectwork/swati_mam/kadid10k/images/I26.png,Color shift,NA,2,2.64,val,other,6.79374,2.3567278
KADID-10k,I26_05_03,I26,/data/projectwork/swati_mam/new model data/kadid10k/images/I26_05_03.png,/data/projectwork/swati_mam/kadid10k/images/I26.png,Color shift,NA,3,1.57,val,other,7.323956,2.0718734
KADID-10k,I26_25_05,I26,/data/projectwork/swati_mam/new model data/kadid10k/images/I26_25_05.png,/data/projectwork/swati_mam/kadid10k/images/I26.png,Contrast change,NA,5,3.03,val,other,6.0118456,-0.17956582
KADID-10k,I26_17_02,I26,/data/projectwork/swati_mam/new model data/kadid10k/images/I26_17_02.png,/data/projectwork/swati_mam/kadid10k/images/I26.png,Darken,NA,2,4.37,val,other,21.314814,1.335429
KADID-10k,I26_17_04,I26,/data/projectwork/swati_mam/new model data/kadid10k/images/I26_17_04.png,/data/projectwork/swati_mam/kadid10k/images/I26.png,Darken,NA,4,3.37,val,other,16.928492,-0.37581164
KADID-10k,I26_17_05,I26,/data/projectwork/swati_mam/new model data/kadid10k/images/I26_17_05.png,/data/projectwork/swati_mam/kadid10k/images/I26.png,Darken,NA,5,1.77,val,other,0.19664042,-14.332442
KADID-10k,I26_15_04,I26,/data/projectwork/swati_mam/new model data/kadid10k/images/I26_15_04.png,/data/projectwork/swati_mam/kadid10k/images/I26.png,Denoise,NA,4,2.07,val,noise,-13.940618,-2.8974845
KADID-10k,I26_15_05,I26,/data/projectwork/swati_mam/new model data/kadid10k/images/I26_15_05.png,/data/projectwork/swati_mam/kadid10k/images/I26.png,Denoise,NA,5,1.47,val,noise,-27.38912,-1.4192203
KADID-10k,I26_01_02,I26,/data/projectwork/swati_mam/new model data/kadid10k/images/I26_01_02.png,/data/projectwork/swati_mam/kadid10k/images/I26.png,Gaussian blur,NA,2,4.43,val,blur,20.646444,2.6626456
KADID-10k,I26_01_05,I26,/data/projectwork/swati_mam/new model data/kadid10k/images/I26_01_05.png,/data/projectwork/swati_mam/kadid10k/images/I26.png,Gaussian blur,NA,5,1.3,val,blur,-25.079334,-7.107777
KADID-10k,I26_24_02,I26,/data/projectwork/swati_mam/new model data/kadid10k/images/I26_24_02.png,/data/projectwork/swati_mam/kadid10k/images/I26.png,High sharpen,NA,2,2.81,val,HF/sharpen,19.847157,-1.1922373
KADID-10k,I26_24_04,I26,/data/projectwork/swati_mam/new model data/kadid10k/images/I26_24_04.png,/data/projectwork/swati_mam/kadid10k/images/I26.png,High sharpen,NA,4,1.53,val,HF/sharpen,-15.724893,5.85254
KADID-10k,I26_24_05,I26,/data/projectwork/swati_mam/new model data/kadid10k/images/I26_24_05.png,/data/projectwork/swati_mam/kadid10k/images/I26.png,High sharpen,NA,5,1.43,val,HF/sharpen,-15.82471,5.826835
KADID-10k,I26_13_04,I26,/data/projectwork/swati_mam/new model data/kadid10k/images/I26_13_04.png,/data/projectwork/swati_mam/kadid10k/images/I26.png,Impulse noise,NA,4,2.29,val,noise,-40.31671,-1.2895907
KADID-10k,I26_10_01,I26,/data/projectwork/swati_mam/new model data/kadid10k/images/I26_10_01.png,/data/projectwork/swati_mam/kadid10k/images/I26.png,JPEG,NA,1,4.6,val,other,20.941912,1.1576574
KADID-10k,I26_10_02,I26,/data/projectwork/swati_mam/new model data/kadid10k/images/I26_10_02.png,/data/projectwork/swati_mam/kadid10k/images/I26.png,JPEG,NA,2,4.1,val,other,19.561066,1.5167744
KADID-10k,I26_10_03,I26,/data/projectwork/swati_mam/new model data/kadid10k/images/I26_10_03.png,/data/projectwork/swati_mam/kadid10k/images/I26.png,JPEG,NA,3,3.93,val,other,18.103407,0.6133568
KADID-10k,I26_10_05,I26,/data/projectwork/swati_mam/new model data/kadid10k/images/I26_10_05.png,/data/projectwork/swati_mam/kadid10k/images/I26.png,JPEG,NA,5,1.5,val,other,-11.411647,-6.4176226
KADID-10k,I26_09_01,I26,/data/projectwork/swati_mam/new model data/kadid10k/images/I26_09_01.png,/data/projectwork/swati_mam/kadid10k/images/I26.png,JPEG2000,NA,1,4.57,val,other,20.66509,1.9195366
KADID-10k,I26_09_02,I26,/data/projectwork/swati_mam/new model data/kadid10k/images/I26_09_02.png,/data/projectwork/swati_mam/kadid10k/images/I26.png,JPEG2000,NA,2,4.63,val,other,21.743067,2.5513022
KADID-10k,I26_09_04,I26,/data/projectwork/swati_mam/new model data/kadid10k/images/I26_09_04.png,/data/projectwork/swati_mam/kadid10k/images/I26.png,JPEG2000,NA,4,2.67,val,other,20.468737,3.1866775
KADID-10k,I26_19_02,I26,/data/projectwork/swati_mam/new model data/kadid10k/images/I26_19_02.png,/data/projectwork/swati_mam/kadid10k/images/I26.png,Jitter,NA,2,3.6,val,other,18.760426,1.9063175
KADID-10k,I26_19_04,I26,/data/projectwork/swati_mam/new model data/kadid10k/images/I26_19_04.png,/data/projectwork/swati_mam/kadid10k/images/I26.png,Jitter,NA,4,1.77,val,other,5.051004,0.41281724
KADID-10k,I26_02_02,I26,/data/projectwork/swati_mam/new model data/kadid10k/images/I26_02_02.png,/data/projectwork/swati_mam/kadid10k/images/I26.png,Lens blur,NA,2,2.67,val,blur,11.872143,4.664085
KADID-10k,I26_02_04,I26,/data/projectwork/swati_mam/new model data/kadid10k/images/I26_02_04.png,/data/projectwork/swati_mam/kadid10k/images/I26.png,Lens blur,NA,4,1.57,val,blur,-13.685472,-10.353302
KADID-10k,I26_02_05,I26,/data/projectwork/swati_mam/new model data/kadid10k/images/I26_02_05.png,/data/projectwork/swati_mam/kadid10k/images/I26.png,Lens blur,NA,5,1.27,val,blur,-24.674408,-7.304039
KADID-10k,I26_18_01,I26,/data/projectwork/swati_mam/new model data/kadid10k/images/I26_18_01.png,/data/projectwork/swati_mam/kadid10k/images/I26.png,Mean shift,NA,1,4.5,val,other,22.45673,1.87417
KADID-10k,I26_18_02,I26,/data/projectwork/swati_mam/new model data/kadid10k/images/I26_18_02.png,/data/projectwork/swati_mam/kadid10k/images/I26.png,Mean shift,NA,2,4.57,val,other,21.845226,1.6860898
KADID-10k,I26_18_04,I26,/data/projectwork/swati_mam/new model data/kadid10k/images/I26_18_04.png,/data/projectwork/swati_mam/kadid10k/images/I26.png,Mean shift,NA,4,4.23,val,other,20.135279,1.152741
KADID-10k,I26_14_02,I26,/data/projectwork/swati_mam/new model data/kadid10k/images/I26_14_02.png,/data/projectwork/swati_mam/kadid10k/images/I26.png,Multiplicative noise,NA,2,3.84,val,noise,16.52494,-0.27662104
KADID-10k,I26_14_05,I26,/data/projectwork/swati_mam/new model data/kadid10k/images/I26_14_05.png,/data/projectwork/swati_mam/kadid10k/images/I26.png,Multiplicative noise,NA,5,2.23,val,noise,-46.01691,0.113387525
KADID-10k,I26_20_01,I26,/data/projectwork/swati_mam/new model data/kadid10k/images/I26_20_01.png,/data/projectwork/swati_mam/kadid10k/images/I26.png,Non-eccentricity patch,NA,1,4.23,val,other,21.246462,2.6413033
KADID-10k,I26_20_02,I26,/data/projectwork/swati_mam/new model data/kadid10k/images/I26_20_02.png,/data/projectwork/swati_mam/kadid10k/images/I26.png,Non-eccentricity patch,NA,2,3.9,val,other,21.22114,2.2320154
KADID-10k,I26_21_01,I26,/data/projectwork/swati_mam/new model data/kadid10k/images/I26_21_01.png,/data/projectwork/swati_mam/kadid10k/images/I26.png,Pixelate,NA,1,3.1,val,other,23.288927,2.0292957
KADID-10k,I26_21_03,I26,/data/projectwork/swati_mam/new model data/kadid10k/images/I26_21_03.png,/data/projectwork/swati_mam/kadid10k/images/I26.png,Pixelate,NA,3,2.43,val,other,16.01864,4.4944625
KADID-10k,I26_21_05,I26,/data/projectwork/swati_mam/new model data/kadid10k/images/I26_21_05.png,/data/projectwork/swati_mam/kadid10k/images/I26.png,Pixelate,NA,5,1.43,val,other,-12.01056,-6.4737244
KADID-10k,I26_22_02,I26,/data/projectwork/swati_mam/new model data/kadid10k/images/I26_22_02.png,/data/projectwork/swati_mam/kadid10k/images/I26.png,Quantization,NA,2,4.47,val,other,17.968662,0.7047296
KADID-10k,I26_22_04,I26,/data/projectwork/swati_mam/new model data/kadid10k/images/I26_22_04.png,/data/projectwork/swati_mam/kadid10k/images/I26.png,Quantization,NA,4,3.8,val,other,6.8546834,-0.37440878
KADID-10k,I26_11_01,I26,/data/projectwork/swati_mam/new model data/kadid10k/images/I26_11_01.png,/data/projectwork/swati_mam/kadid10k/images/I26.png,White noise,NA,1,3.9,val,noise,0.13346067,-14.343585
KADID-10k,I26_11_04,I26,/data/projectwork/swati_mam/new model data/kadid10k/images/I26_11_04.png,/data/projectwork/swati_mam/kadid10k/images/I26.png,White noise,NA,4,2.8,val,noise,-45.015537,0.013871064
KADID-10k,I26_12_04,I26,/data/projectwork/swati_mam/new model data/kadid10k/images/I26_12_04.png,/data/projectwork/swati_mam/kadid10k/images/I26.png,White noise in color component,NA,4,2.8,val,noise,-48.83992,-1.2192895
KADID-10k,I26_12_05,I26,/data/projectwork/swati_mam/new model data/kadid10k/images/I26_12_05.png,/data/projectwork/swati_mam/kadid10k/images/I26.png,White noise in color component,NA,5,2.3,val,noise,-51.190014,-0.95598096
KADID-10k,I27_16_02,I27,/data/projectwork/swati_mam/new model data/kadid10k/images/I27_16_02.png,/data/projectwork/swati_mam/kadid10k/images/I27.png,Brighten,NA,2,3.7,val,other,4.5493693,-18.40486
KADID-10k,I27_16_04,I27,/data/projectwork/swati_mam/new model data/kadid10k/images/I27_16_04.png,/data/projectwork/swati_mam/kadid10k/images/I27.png,Brighten,NA,4,1.8,val,other,-36.185528,-0.41669443
KADID-10k,I27_16_05,I27,/data/projectwork/swati_mam/new model data/kadid10k/images/I27_16_05.png,/data/projectwork/swati_mam/kadid10k/images/I27.png,Brighten,NA,5,1.47,val,other,-36.945007,-0.6803122
KADID-10k,I27_23_02,I27,/data/projectwork/swati_mam/new model data/kadid10k/images/I27_23_02.png,/data/projectwork/swati_mam/kadid10k/images/I27.png,Color block,NA,2,2.4,val,other,7.32206,-20.725721
KADID-10k,I27_04_01,I27,/data/projectwork/swati_mam/new model data/kadid10k/images/I27_04_01.png,/data/projectwork/swati_mam/kadid10k/images/I27.png,Color diffusion,NA,1,4.1,val,other,9.952097,-20.707
KADID-10k,I27_04_02,I27,/data/projectwork/swati_mam/new model data/kadid10k/images/I27_04_02.png,/data/projectwork/swati_mam/kadid10k/images/I27.png,Color diffusion,NA,2,2.27,val,other,-32.905228,-1.1220095
KADID-10k,I27_04_04,I27,/data/projectwork/swati_mam/new model data/kadid10k/images/I27_04_04.png,/data/projectwork/swati_mam/kadid10k/images/I27.png,Color diffusion,NA,4,1.17,val,other,-43.875374,-2.742228
KADID-10k,I27_04_05,I27,/data/projectwork/swati_mam/new model data/kadid10k/images/I27_04_05.png,/data/projectwork/swati_mam/kadid10k/images/I27.png,Color diffusion,NA,5,1.27,val,other,-46.63388,-2.40439
KADID-10k,I27_06_01,I27,/data/projectwork/swati_mam/new model data/kadid10k/images/I27_06_01.png,/data/projectwork/swati_mam/kadid10k/images/I27.png,Color quantization,NA,1,4.37,val,other,4.3954663,-18.515121
KADID-10k,I27_06_02,I27,/data/projectwork/swati_mam/new model data/kadid10k/images/I27_06_02.png,/data/projectwork/swati_mam/kadid10k/images/I27.png,Color quantization,NA,2,4.1,val,other,4.0451465,-18.682215
KADID-10k,I27_06_03,I27,/data/projectwork/swati_mam/new model data/kadid10k/images/I27_06_03.png,/data/projectwork/swati_mam/kadid10k/images/I27.png,Color quantization,NA,3,3.53,val,other,-15.018069,2.7651489
KADID-10k,I27_06_05,I27,/data/projectwork/swati_mam/new model data/kadid10k/images/I27_06_05.png,/data/projectwork/swati_mam/kadid10k/images/I27.png,Color quantization,NA,5,2.17,val,other,-36.509922,3.6408165
KADID-10k,I27_07_03,I27,/data/projectwork/swati_mam/new model data/kadid10k/images/I27_07_03.png,/data/projectwork/swati_mam/kadid10k/images/I27.png,Color saturation 1,NA,3,1.67,val,other,-15.966287,2.6079173
KADID-10k,I27_07_04,I27,/data/projectwork/swati_mam/new model data/kadid10k/images/I27_07_04.png,/data/projectwork/swati_mam/kadid10k/images/I27.png,Color saturation 1,NA,4,2.0,val,other,-16.122332,2.5207582
KADID-10k,I27_05_01,I27,/data/projectwork/swati_mam/new model data/kadid10k/images/I27_05_01.png,/data/projectwork/swati_mam/kadid10k/images/I27.png,Color shift,NA,1,4.0,val,other,8.913727,-19.987055
KADID-10k,I27_05_02,I27,/data/projectwork/swati_mam/new model data/kadid10k/images/I27_05_02.png,/data/projectwork/swati_mam/kadid10k/images/I27.png,Color shift,NA,2,1.93,val,other,5.3265805,-17.007788
KADID-10k,I27_05_04,I27,/data/projectwork/swati_mam/new model data/kadid10k/images/I27_05_04.png,/data/projectwork/swati_mam/kadid10k/images/I27.png,Color shift,NA,4,1.63,val,other,-18.083977,2.4584389
KADID-10k,I27_25_03,I27,/data/projectwork/swati_mam/new model data/kadid10k/images/I27_25_03.png,/data/projectwork/swati_mam/kadid10k/images/I27.png,Contrast change,NA,3,4.03,val,other,9.092311,-21.515787
KADID-10k,I27_25_04,I27,/data/projectwork/swati_mam/new model data/kadid10k/images/I27_25_04.png,/data/projectwork/swati_mam/kadid10k/images/I27.png,Contrast change,NA,4,4.0,val,other,8.054468,-19.350382
KADID-10k,I27_25_05,I27,/data/projectwork/swati_mam/new model data/kadid10k/images/I27_25_05.png,/data/projectwork/swati_mam/kadid10k/images/I27.png,Contrast change,NA,5,3.07,val,other,4.925067,-17.721663
KADID-10k,I27_17_03,I27,/data/projectwork/swati_mam/new model data/kadid10k/images/I27_17_03.png,/data/projectwork/swati_mam/kadid10k/images/I27.png,Darken,NA,3,3.97,val,other,30.288712,-17.66175
KADID-10k,I27_17_04,I27,/data/projectwork/swati_mam/new model data/kadid10k/images/I27_17_04.png,/data/projectwork/swati_mam/kadid10k/images/I27.png,Darken,NA,4,3.8,val,other,30.26569,-17.68951
KADID-10k,I27_15_01,I27,/data/projectwork/swati_mam/new model data/kadid10k/images/I27_15_01.png,/data/projectwork/swati_mam/kadid10k/images/I27.png,Denoise,NA,1,3.77,val,noise,7.812769,-19.67594
KADID-10k,I27_15_02,I27,/data/projectwork/swati_mam/new model data/kadid10k/images/I27_15_02.png,/data/projectwork/swati_mam/kadid10k/images/I27.png,Denoise,NA,2,2.4,val,noise,5.622849,-17.726686
KADID-10k,I27_15_04,I27,/data/projectwork/swati_mam/new model data/kadid10k/images/I27_15_04.png,/data/projectwork/swati_mam/kadid10k/images/I27.png,Denoise,NA,4,1.77,val,noise,-16.148943,1.1696099
KADID-10k,I27_15_05,I27,/data/projectwork/swati_mam/new model data/kadid10k/images/I27_15_05.png,/data/projectwork/swati_mam/kadid10k/images/I27.png,Denoise,NA,5,1.52,val,noise,-34.79719,-1.5576001
KADID-10k,I27_01_01,I27,/data/projectwork/swati_mam/new model data/kadid10k/images/I27_01_01.png,/data/projectwork/swati_mam/kadid10k/images/I27.png,Gaussian blur,NA,1,4.53,val,blur,9.192842,-20.723152
KADID-10k,I27_01_03,I27,/data/projectwork/swati_mam/new model data/kadid10k/images/I27_01_03.png,/data/projectwork/swati_mam/kadid10k/images/I27.png,Gaussian blur,NA,3,2.4,val,blur,10.246847,-19.287277
KADID-10k,I27_01_04,I27,/data/projectwork/swati_mam/new model data/kadid10k/images/I27_01_04.png,/data/projectwork/swati_mam/kadid10k/images/I27.png,Gaussian blur,NA,4,1.67,val,blur,6.614891,0.7840151
KADID-10k,I27_01_05,I27,/data/projectwork/swati_mam/new model data/kadid10k/images/I27_01_05.png,/data/projectwork/swati_mam/kadid10k/images/I27.png,Gaussian blur,NA,5,1.2,val,blur,-23.024164,-8.788374
KADID-10k,I27_24_02,I27,/data/projectwork/swati_mam/new model data/kadid10k/images/I27_24_02.png,/data/projectwork/swati_mam/kadid10k/images/I27.png,High sharpen,NA,2,2.1,val,HF/sharpen,-29.21697,10.489869
KADID-10k,I27_24_03,I27,/data/projectwork/swati_mam/new model data/kadid10k/images/I27_24_03.png,/data/projectwork/swati_mam/kadid10k/images/I27.png,High sharpen,NA,3,1.67,val,HF/sharpen,-29.291101,10.4578285
KADID-10k,I27_24_05,I27,/data/projectwork/swati_mam/new model data/kadid10k/images/I27_24_05.png,/data/projectwork/swati_mam/kadid10k/images/I27.png,High sharpen,NA,5,1.13,val,HF/sharpen,-40.36716,4.563226
KADID-10k,I27_13_01,I27,/data/projectwork/swati_mam/new model data/kadid10k/images/I27_13_01.png,/data/projectwork/swati_mam/kadid10k/images/I27.png,Impulse noise,NA,1,3.73,val,noise,7.996647,-20.140924
KADID-10k,I27_13_04,I27,/data/projectwork/swati_mam/new model data/kadid10k/images/I27_13_04.png,/data/projectwork/swati_mam/kadid10k/images/I27.png,Impulse noise,NA,4,2.3,val,noise,-37.189903,-0.69892836
KADID-10k,I27_10_03,I27,/data/projectwork/swati_mam/new model data/kadid10k/images/I27_10_03.png,/data/projectwork/swati_mam/kadid10k/images/I27.png,JPEG,NA,3,3.57,val,other,4.140349,-18.363089
KADID-10k,I27_10_04,I27,/data/projectwork/swati_mam/new model data/kadid10k/images/I27_10_04.png,/data/projectwork/swati_mam/kadid10k/images/I27.png,JPEG,NA,4,1.67,val,other,-16.564507,1.7321286
KADID-10k,I27_10_05,I27,/data/projectwork/swati_mam/new model data/kadid10k/images/I27_10_05.png,/data/projectwork/swati_mam/kadid10k/images/I27.png,JPEG,NA,5,1.47,val,other,-34.302334,0.3229456
KADID-10k,I27_09_01,I27,/data/projectwork/swati_mam/new model data/kadid10k/images/I27_09_01.png,/data/projectwork/swati_mam/kadid10k/images/I27.png,JPEG2000,NA,1,4.47,val,other,8.766478,-20.73561
KADID-10k,I27_09_02,I27,/data/projectwork/swati_mam/new model data/kadid10k/images/I27_09_02.png,/data/projectwork/swati_mam/kadid10k/images/I27.png,JPEG2000,NA,2,4.23,val,other,8.7034645,-20.251991
KADID-10k,I27_09_04,I27,/data/projectwork/swati_mam/new model data/kadid10k/images/I27_09_04.png,/data/projectwork/swati_mam/kadid10k/images/I27.png,JPEG2000,NA,4,2.37,val,other,3.8477209,-17.197899
KADID-10k,I27_09_05,I27,/data/projectwork/swati_mam/new model data/kadid10k/images/I27_09_05.png,/data/projectwork/swati_mam/kadid10k/images/I27.png,JPEG2000,NA,5,1.17,val,other,3.4049656,-16.42757
KADID-10k,I27_19_04,I27,/data/projectwork/swati_mam/new model data/kadid10k/images/I27_19_04.png,/data/projectwork/swati_mam/kadid10k/images/I27.png,Jitter,NA,4,1.53,val,other,-16.31803,1.4402556
KADID-10k,I27_02_04,I27,/data/projectwork/swati_mam/new model data/kadid10k/images/I27_02_04.png,/data/projectwork/swati_mam/kadid10k/images/I27.png,Lens blur,NA,4,1.33,val,blur,-13.973476,-11.368533
KADID-10k,I27_02_05,I27,/data/projectwork/swati_mam/new model data/kadid10k/images/I27_02_05.png,/data/projectwork/swati_mam/kadid10k/images/I27.png,Lens blur,NA,5,1.17,val,blur,-22.964071,-8.83369
KADID-10k,I27_18_01,I27,/data/projectwork/swati_mam/new model data/kadid10k/images/I27_18_01.png,/data/projectwork/swati_mam/kadid10k/images/I27.png,Mean shift,NA,1,3.6,val,other,5.2306213,-19.087116
KADID-10k,I27_18_02,I27,/data/projectwork/swati_mam/new model data/kadid10k/images/I27_18_02.png,/data/projectwork/swati_mam/kadid10k/images/I27.png,Mean shift,NA,2,4.03,val,other,7.798002,-20.232069
KADID-10k,I27_18_03,I27,/data/projectwork/swati_mam/new model data/kadid10k/images/I27_18_03.png,/data/projectwork/swati_mam/kadid10k/images/I27.png,Mean shift,NA,3,4.57,val,other,9.030715,-20.950035
KADID-10k,I27_18_05,I27,/data/projectwork/swati_mam/new model data/kadid10k/images/I27_18_05.png,/data/projectwork/swati_mam/kadid10k/images/I27.png,Mean shift,NA,5,4.03,val,other,8.591483,-21.562126
KADID-10k,I27_03_01,I27,/data/projectwork/swati_mam/new model data/kadid10k/images/I27_03_01.png,/data/projectwork/swati_mam/kadid10k/images/I27.png,Motion blur,NA,1,4.4,val,blur,9.24525,-20.56956
KADID-10k,I27_03_04,I27,/data/projectwork/swati_mam/new model data/kadid10k/images/I27_03_04.png,/data/projectwork/swati_mam/kadid10k/images/I27.png,Motion blur,NA,4,1.5,val,blur,9.998686,-19.32595
KADID-10k,I27_14_01,I27,/data/projectwork/swati_mam/new model data/kadid10k/images/I27_14_01.png,/data/projectwork/swati_mam/kadid10k/images/I27.png,Multiplicative noise,NA,1,3.67,val,noise,8.008492,-20.691854
KADID-10k,I27_14_02,I27,/data/projectwork/swati_mam/new model data/kadid10k/images/I27_14_02.png,/data/projectwork/swati_mam/kadid10k/images/I27.png,Multiplicative noise,NA,2,2.97,val,noise,-16.051077,2.3778062
KADID-10k,I27_14_03,I27,/data/projectwork/swati_mam/new model data/kadid10k/images/I27_14_03.png,/data/projectwork/swati_mam/kadid10k/images/I27.png,Multiplicative noise,NA,3,2.16,val,noise,-34.164932,0.18011336
KADID-10k,I27_14_05,I27,/data/projectwork/swati_mam/new model data/kadid10k/images/I27_14_05.png,/data/projectwork/swati_mam/kadid10k/images/I27.png,Multiplicative noise,NA,5,1.63,val,noise,-50.314114,-1.773179
KADID-10k,I27_20_02,I27,/data/projectwork/swati_mam/new model data/kadid10k/images/I27_20_02.png,/data/projectwork/swati_mam/kadid10k/images/I27.png,Non-eccentricity patch,NA,2,2.77,val,other,7.698747,-19.448341
KADID-10k,I27_20_03,I27,/data/projectwork/swati_mam/new model data/kadid10k/images/I27_20_03.png,/data/projectwork/swati_mam/kadid10k/images/I27.png,Non-eccentricity patch,NA,3,3.47,val,other,9.987605,-21.276194
KADID-10k,I27_20_04,I27,/data/projectwork/swati_mam/new model data/kadid10k/images/I27_20_04.png,/data/projectwork/swati_mam/kadid10k/images/I27.png,Non-eccentricity patch,NA,4,2.23,val,other,7.837601,-20.944778
KADID-10k,I27_21_02,I27,/data/projectwork/swati_mam/new model data/kadid10k/images/I27_21_02.png,/data/projectwork/swati_mam/kadid10k/images/I27.png,Pixelate,NA,2,2.13,val,other,4.4839215,-19.138311
KADID-10k,I27_21_04,I27,/data/projectwork/swati_mam/new model data/kadid10k/images/I27_21_04.png,/data/projectwork/swati_mam/kadid10k/images/I27.png,Pixelate,NA,4,1.84,val,other,-14.566803,2.8895543
KADID-10k,I27_22_02,I27,/data/projectwork/swati_mam/new model data/kadid10k/images/I27_22_02.png,/data/projectwork/swati_mam/kadid10k/images/I27.png,Quantization,NA,2,3.7,val,other,7.054352,-19.624134
KADID-10k,I27_22_03,I27,/data/projectwork/swati_mam/new model data/kadid10k/images/I27_22_03.png,/data/projectwork/swati_mam/kadid10k/images/I27.png,Quantization,NA,3,3.4,val,other,5.558251,-18.791533
KADID-10k,I27_22_05,I27,/data/projectwork/swati_mam/new model data/kadid10k/images/I27_22_05.png,/data/projectwork/swati_mam/kadid10k/images/I27.png,Quantization,NA,5,1.97,val,other,-17.254826,2.657652
KADID-10k,I27_11_01,I27,/data/projectwork/swati_mam/new model data/kadid10k/images/I27_11_01.png,/data/projectwork/swati_mam/kadid10k/images/I27.png,White noise,NA,1,3.23,val,noise,5.0541954,-18.811014
KADID-10k,I27_11_03,I27,/data/projectwork/swati_mam/new model data/kadid10k/images/I27_11_03.png,/data/projectwork/swati_mam/kadid10k/images/I27.png,White noise,NA,3,2.63,val,noise,-33.0824,0.44711453
KADID-10k,I27_11_04,I27,/data/projectwork/swati_mam/new model data/kadid10k/images/I27_11_04.png,/data/projectwork/swati_mam/kadid10k/images/I27.png,White noise,NA,4,2.33,val,noise,-37.657097,-0.6049423
KADID-10k,I27_11_05,I27,/data/projectwork/swati_mam/new model data/kadid10k/images/I27_11_05.png,/data/projectwork/swati_mam/kadid10k/images/I27.png,White noise,NA,5,1.87,val,noise,-47.974976,-0.91210884
KADID-10k,I27_12_03,I27,/data/projectwork/swati_mam/new model data/kadid10k/images/I27_12_03.png,/data/projectwork/swati_mam/kadid10k/images/I27.png,White noise in color component,NA,3,2.63,val,noise,-34.195263,0.20441842
KADID-10k,I28_16_01,I28,/data/projectwork/swati_mam/new model data/kadid10k/images/I28_16_01.png,/data/projectwork/swati_mam/kadid10k/images/I28.png,Brighten,NA,1,4.63,val,other,-20.657192,7.7438993
KADID-10k,I28_16_02,I28,/data/projectwork/swati_mam/new model data/kadid10k/images/I28_16_02.png,/data/projectwork/swati_mam/kadid10k/images/I28.png,Brighten,NA,2,4.53,val,other,-20.04032,8.159345
KADID-10k,I28_16_05,I28,/data/projectwork/swati_mam/new model data/kadid10k/images/I28_16_05.png,/data/projectwork/swati_mam/kadid10k/images/I28.png,Brighten,NA,5,2.3,val,other,-31.086325,4.6768794
KADID-10k,I28_23_02,I28,/data/projectwork/swati_mam/new model data/kadid10k/images/I28_23_02.png,/data/projectwork/swati_mam/kadid10k/images/I28.png,Color block,NA,2,2.03,val,other,-24.954967,6.833893
KADID-10k,I28_23_04,I28,/data/projectwork/swati_mam/new model data/kadid10k/images/I28_23_04.png,/data/projectwork/swati_mam/kadid10k/images/I28.png,Color block,NA,4,2.27,val,other,-24.869135,6.451209
KADID-10k,I28_23_05,I28,/data/projectwork/swati_mam/new model data/kadid10k/images/I28_23_05.png,/data/projectwork/swati_mam/kadid10k/images/I28.png,Color block,NA,5,2.03,val,other,-23.613562,4.9052124
KADID-10k,I28_04_01,I28,/data/projectwork/swati_mam/new model data/kadid10k/images/I28_04_01.png,/data/projectwork/swati_mam/kadid10k/images/I28.png,Color diffusion,NA,1,4.17,val,other,26.764086,-6.8449125
KADID-10k,I28_04_02,I28,/data/projectwork/swati_mam/new model data/kadid10k/images/I28_04_02.png,/data/projectwork/swati_mam/kadid10k/images/I28.png,Color diffusion,NA,2,2.43,val,other,-45.85798,3.099489
KADID-10k,I28_06_01,I28,/data/projectwork/swati_mam/new model data/kadid10k/images/I28_06_01.png,/data/projectwork/swati_mam/kadid10k/images/I28.png,Color quantization,NA,1,3.73,val,other,-44.742146,2.0563128
KADID-10k,I28_06_02,I28,/data/projectwork/swati_mam/new model data/kadid10k/images/I28_06_02.png,/data/projectwork/swati_mam/kadid10k/images/I28.png,Color quantization,NA,2,3.6,val,other,-44.217068,2.3025546
KADID-10k,I28_07_01,I28,/data/projectwork/swati_mam/new model data/kadid10k/images/I28_07_01.png,/data/projectwork/swati_mam/kadid10k/images/I28.png,Color saturation 1,NA,1,2.47,val,other,12.226533,-9.421262
KADID-10k,I28_07_02,I28,/data/projectwork/swati_mam/new model data/kadid10k/images/I28_07_02.png,/data/projectwork/swati_mam/kadid10k/images/I28.png,Color saturation 1,NA,2,2.4,val,other,12.136085,-9.518621
KADID-10k,I28_07_03,I28,/data/projectwork/swati_mam/new model data/kadid10k/images/I28_07_03.png,/data/projectwork/swati_mam/kadid10k/images/I28.png,Color saturation 1,NA,3,1.93,val,other,12.036414,-9.603981
KADID-10k,I28_07_04,I28,/data/projectwork/swati_mam/new model data/kadid10k/images/I28_07_04.png,/data/projectwork/swati_mam/kadid10k/images/I28.png,Color saturation 1,NA,4,1.87,val,other,11.947302,-9.687774
KADID-10k,I28_07_05,I28,/data/projectwork/swati_mam/new model data/kadid10k/images/I28_07_05.png,/data/projectwork/swati_mam/kadid10k/images/I28.png,Color saturation 1,NA,5,2.0,val,other,-15.332493,-0.25268087
KADID-10k,I28_08_01,I28,/data/projectwork/swati_mam/new model data/kadid10k/images/I28_08_01.png,/data/projectwork/swati_mam/kadid10k/images/I28.png,Color saturation 2,NA,1,4.73,val,other,-25.322744,6.0787625
KADID-10k,I28_08_03,I28,/data/projectwork/swati_mam/new model data/kadid10k/images/I28_08_03.png,/data/projectwork/swati_mam/kadid10k/images/I28.png,Color saturation 2,NA,3,2.47,val,other,-51.19159,-1.5375056
KADID-10k,I28_05_02,I28,/data/projectwork/swati_mam/new model data/kadid10k/images/I28_05_02.png,/data/projectwork/swati_mam/kadid10k/images/I28.png,Color shift,NA,2,3.27,val,other,-32.291523,3.6802428
KADID-10k,I28_05_03,I28,/data/projectwork/swati_mam/new model data/kadid10k/images/I28_05_03.png,/data/projectwork/swati_mam/kadid10k/images/I28.png,Color shift,NA,3,3.43,val,other,-30.167786,5.0441
KADID-10k,I28_25_01,I28,/data/projectwork/swati_mam/new model data/kadid10k/images/I28_25_01.png,/data/projectwork/swati_mam/kadid10k/images/I28.png,Contrast change,NA,1,3.48,val,other,-32.36889,5.3721952
KADID-10k,I28_25_02,I28,/data/projectwork/swati_mam/new model data/kadid10k/images/I28_25_02.png,/data/projectwork/swati_mam/kadid10k/images/I28.png,Contrast change,NA,2,4.13,val,other,-27.472006,6.736986
KADID-10k,I28_25_03,I28,/data/projectwork/swati_mam/new model data/kadid10k/images/I28_25_03.png,/data/projectwork/swati_mam/kadid10k/images/I28.png,Contrast change,NA,3,4.43,val,other,-26.3368,6.9087586
KADID-10k,I28_25_05,I28,/data/projectwork/swati_mam/new model data/kadid10k/images/I28_25_05.png,/data/projectwork/swati_mam/kadid10k/images/I28.png,Contrast change,NA,5,3.73,val,other,-32.2309,3.8195822
KADID-10k,I28_17_01,I28,/data/projectwork/swati_mam/new model data/kadid10k/images/I28_17_01.png,/data/projectwork/swati_mam/kadid10k/images/I28.png,Darken,NA,1,4.77,val,other,-25.490175,6.4108477
KADID-10k,I28_17_02,I28,/data/projectwork/swati_mam/new model data/kadid10k/images/I28_17_02.png,/data/projectwork/swati_mam/kadid10k/images/I28.png,Darken,NA,2,4.57,val,other,-25.617708,6.650427
KADID-10k,I28_17_03,I28,/data/projectwork/swati_mam/new model data/kadid10k/images/I28_17_03.png,/data/projectwork/swati_mam/kadid10k/images/I28.png,Darken,NA,3,4.2,val,other,-26.077793,6.5517955
KADID-10k,I28_17_05,I28,/data/projectwork/swati_mam/new model data/kadid10k/images/I28_17_05.png,/data/projectwork/swati_mam/kadid10k/images/I28.png,Darken,NA,5,2.0,val,other,-33.51626,3.2467868
KADID-10k,I28_15_02,I28,/data/projectwork/swati_mam/new model data/kadid10k/images/I28_15_02.png,/data/projectwork/swati_mam/kadid10k/images/I28.png,Denoise,NA,2,3.13,val,noise,-24.327885,5.872479
KADID-10k,I28_15_03,I28,/data/projectwork/swati_mam/new model data/kadid10k/images/I28_15_03.png,/data/projectwork/swati_mam/kadid10k/images/I28.png,Denoise,NA,3,2.27,val,noise,-28.961996,1.0188797
KADID-10k,I28_15_04,I28,/data/projectwork/swati_mam/new model data/kadid10k/images/I28_15_04.png,/data/projectwork/swati_mam/kadid10k/images/I28.png,Denoise,NA,4,1.77,val,noise,-36.381058,0.80286527
KADID-10k,I28_15_05,I28,/data/projectwork/swati_mam/new model data/kadid10k/images/I28_15_05.png,/data/projectwork/swati_mam/kadid10k/images/I28.png,Denoise,NA,5,1.57,val,noise,-44.86137,1.3225402
KADID-10k,I28_01_01,I28,/data/projectwork/swati_mam/new model data/kadid10k/images/I28_01_01.png,/data/projectwork/swati_mam/kadid10k/images/I28.png,Gaussian blur,NA,1,4.57,val,blur,-25.322714,6.0779133
KADID-10k,I28_01_03,I28,/data/projectwork/swati_mam/new model data/kadid10k/images/I28_01_03.png,/data/projectwork/swati_mam/kadid10k/images/I28.png,Gaussian blur,NA,3,4.0,val,blur,-29.990423,0.4082958
KADID-10k,I28_01_04,I28,/data/projectwork/swati_mam/new model data/kadid10k/images/I28_01_04.png,/data/projectwork/swati_mam/kadid10k/images/I28.png,Gaussian blur,NA,4,2.19,val,blur,-31.03773,-2.0222266
KADID-10k,I28_24_01,I28,/data/projectwork/swati_mam/new model data/kadid10k/images/I28_24_01.png,/data/projectwork/swati_mam/kadid10k/images/I28.png,High sharpen,NA,1,4.2,val,HF/sharpen,-20.00313,9.114507
KADID-10k,I28_24_02,I28,/data/projectwork/swati_mam/new model data/kadid10k/images/I28_24_02.png,/data/projectwork/swati_mam/kadid10k/images/I28.png,High sharpen,NA,2,3.0,val,HF/sharpen,-20.70376,9.2375765
KADID-10k,I28_24_03,I28,/data/projectwork/swati_mam/new model data/kadid10k/images/I28_24_03.png,/data/projectwork/swati_mam/kadid10k/images/I28.png,High sharpen,NA,3,2.87,val,HF/sharpen,-21.25761,9.339356
KADID-10k,I28_24_04,I28,/data/projectwork/swati_mam/new model data/kadid10k/images/I28_24_04.png,/data/projectwork/swati_mam/kadid10k/images/I28.png,High sharpen,NA,4,2.13,val,HF/sharpen,-32.14191,8.385359
KADID-10k,I28_24_05,I28,/data/projectwork/swati_mam/new model data/kadid10k/images/I28_24_05.png,/data/projectwork/swati_mam/kadid10k/images/I28.png,High sharpen,NA,5,1.6,val,HF/sharpen,-32.279953,8.350253
KADID-10k,I28_13_01,I28,/data/projectwork/swati_mam/new model data/kadid10k/images/I28_13_01.png,/data/projectwork/swati_mam/kadid10k/images/I28.png,Impulse noise,NA,1,3.13,val,noise,-26.789742,6.1814966
KADID-10k,I28_13_02,I28,/data/projectwork/swati_mam/new model data/kadid10k/images/I28_13_02.png,/data/projectwork/swati_mam/kadid10k/images/I28.png,Impulse noise,NA,2,2.83,val,noise,-34.851128,4.415376
KADID-10k,I28_13_03,I28,/data/projectwork/swati_mam/new model data/kadid10k/images/I28_13_03.png,/data/projectwork/swati_mam/kadid10k/images/I28.png,Impulse noise,NA,3,2.6,val,noise,-45.62332,2.0138493
KADID-10k,I28_13_05,I28,/data/projectwork/swati_mam/new model data/kadid10k/images/I28_13_05.png,/data/projectwork/swati_mam/kadid10k/images/I28.png,Impulse noise,NA,5,2.17,val,noise,-52.18866,-1.3367087
KADID-10k,I28_10_02,I28,/data/projectwork/swati_mam/new model data/kadid10k/images/I28_10_02.png,/data/projectwork/swati_mam/kadid10k/images/I28.png,JPEG,NA,2,4.13,val,other,-19.682648,8.245835
KADID-10k,I28_10_04,I28,/data/projectwork/swati_mam/new model data/kadid10k/images/I28_10_04.png,/data/projectwork/swati_mam/kadid10k/images/I28.png,JPEG,NA,4,2.03,val,other,-23.153923,5.830125
KADID-10k,I28_10_05,I28,/data/projectwork/swati_mam/new model data/kadid10k/images/I28_10_05.png,/data/projectwork/swati_mam/kadid10k/images/I28.png,JPEG,NA,5,1.3,val,other,-30.511625,3.7422268
KADID-10k,I28_09_02,I28,/data/projectwork/swati_mam/new model data/kadid10k/images/I28_09_02.png,/data/projectwork/swati_mam/kadid10k/images/I28.png,JPEG2000,NA,2,4.23,val,other,-24.2494,6.6953974
KADID-10k,I28_09_03,I28,/data/projectwork/swati_mam/new model data/kadid10k/images/I28_09_03.png,/data/projectwork/swati_mam/kadid10k/images/I28.png,JPEG2000,NA,3,4.47,val,other,-24.21288,7.0773764
KADID-10k,I28_09_04,I28,/data/projectwork/swati_mam/new model data/kadid10k/images/I28_09_04.png,/data/projectwork/swati_mam/kadid10k/images/I28.png,JPEG2000,NA,4,3.0,val,other,-23.70959,6.503017
KADID-10k,I28_09_05,I28,/data/projectwork/swati_mam/new model data/kadid10k/images/I28_09_05.png,/data/projectwork/swati_mam/kadid10k/images/I28.png,JPEG2000,NA,5,1.4,val,other,-29.853546,-1.4732444
KADID-10k,I28_19_01,I28,/data/projectwork/swati_mam/new model data/kadid10k/images/I28_19_01.png,/data/projectwork/swati_mam/kadid10k/images/I28.png,Jitter,NA,1,4.5,val,other,-19.694023,8.135082
KADID-10k,I28_19_02,I28,/data/projectwork/swati_mam/new model data/kadid10k/images/I28_19_02.png,/data/projectwork/swati_mam/kadid10k/images/I28.png,Jitter,NA,2,4.43,val,other,-20.00007,7.7609897
KADID-10k,I28_19_03,I28,/data/projectwork/swati_mam/new model data/kadid10k/images/I28_19_03.png,/data/projectwork/swati_mam/kadid10k/images/I28.png,Jitter,NA,3,3.77,val,other,-20.452911,7.3251257
KADID-10k,I28_19_04,I28,/data/projectwork/swati_mam/new model data/kadid10k/images/I28_19_04.png,/data/projectwork/swati_mam/kadid10k/images/I28.png,Jitter,NA,4,2.23,val,other,-33.502457,3.1564078
KADID-10k,I28_19_05,I28,/data/projectwork/swati_mam/new model data/kadid10k/images/I28_19_05.png,/data/projectwork/swati_mam/kadid10k/images/I28.png,Jitter,NA,5,1.53,val,other,-39.74043,-0.5517165
KADID-10k,I28_02_02,I28,/data/projectwork/swati_mam/new model data/kadid10k/images/I28_02_02.png,/data/projectwork/swati_mam/kadid10k/images/I28.png,Lens blur,NA,2,3.2,val,blur,-30.224152,0.07582497
KADID-10k,I28_02_03,I28,/data/projectwork/swati_mam/new model data/kadid10k/images/I28_02_03.png,/data/projectwork/swati_mam/kadid10k/images/I28.png,Lens blur,NA,3,1.93,val,blur,-31.066912,-2.4009404
KADID-10k,I28_02_04,I28,/data/projectwork/swati_mam/new model data/kadid10k/images/I28_02_04.png,/data/projectwork/swati_mam/kadid10k/images/I28.png,Lens blur,NA,4,1.67,val,blur,-31.733751,-3.4151647
KADID-10k,I28_02_05,I28,/data/projectwork/swati_mam/new model data/kadid10k/images/I28_02_05.png,/data/projectwork/swati_mam/kadid10k/images/I28.png,Lens blur,NA,5,1.57,val,blur,-32.299026,-3.8828585
KADID-10k,I28_18_02,I28,/data/projectwork/swati_mam/new model data/kadid10k/images/I28_18_02.png,/data/projectwork/swati_mam/kadid10k/images/I28.png,Mean shift,NA,2,4.6,val,other,-24.353577,7.330123
KADID-10k,I28_18_05,I28,/data/projectwork/swati_mam/new model data/kadid10k/images/I28_18_05.png,/data/projectwork/swati_mam/kadid10k/images/I28.png,Mean shift,NA,5,4.23,val,other,-34.285583,4.59959
KADID-10k,I28_03_02,I28,/data/projectwork/swati_mam/new model data/kadid10k/images/I28_03_02.png,/data/projectwork/swati_mam/kadid10k/images/I28.png,Motion blur,NA,2,4.43,val,blur,-24.883163,5.136442
KADID-10k,I28_03_03,I28,/data/projectwork/swati_mam/new model data/kadid10k/images/I28_03_03.png,/data/projectwork/swati_mam/kadid10k/images/I28.png,Motion blur,NA,3,3.9,val,blur,-29.761549,0.88586015
KADID-10k,I28_03_05,I28,/data/projectwork/swati_mam/new model data/kadid10k/images/I28_03_05.png,/data/projectwork/swati_mam/kadid10k/images/I28.png,Motion blur,NA,5,2.17,val,blur,-31.15462,-2.6046371
KADID-10k,I28_14_02,I28,/data/projectwork/swati_mam/new model data/kadid10k/images/I28_14_02.png,/data/projectwork/swati_mam/kadid10k/images/I28.png,Multiplicative noise,NA,2,3.97,val,noise,-31.792534,4.2871118
KADID-10k,I28_14_04,I28,/data/projectwork/swati_mam/new model data/kadid10k/images/I28_14_04.png,/data/projectwork/swati_mam/kadid10k/images/I28.png,Multiplicative noise,NA,4,2.73,val,noise,-45.482475,1.6832381
KADID-10k,I28_20_01,I28,/data/projectwork/swati_mam/new model data/kadid10k/images/I28_20_01.png,/data/projectwork/swati_mam/kadid10k/images/I28.png,Non-eccentricity patch,NA,1,4.23,val,other,-25.538752,7.2733603
KADID-10k,I28_20_02,I28,/data/projectwork/swati_mam/new model data/kadid10k/images/I28_20_02.png,/data/projectwork/swati_mam/kadid10k/images/I28.png,Non-eccentricity patch,NA,2,3.5,val,other,-24.203688,6.1428494
KADID-10k,I28_20_03,I28,/data/projectwork/swati_mam/new model data/kadid10k/images/I28_20_03.png,/data/projectwork/swati_mam/kadid10k/images/I28.png,Non-eccentricity patch,NA,3,3.37,val,other,-26.411045,5.675071
KADID-10k,I28_20_04,I28,/data/projectwork/swati_mam/new model data/kadid10k/images/I28_20_04.png,/data/projectwork/swati_mam/kadid10k/images/I28.png,Non-eccentricity patch,NA,4,3.13,val,other,-25.772316,5.5207467
KADID-10k,I28_20_05,I28,/data/projectwork/swati_mam/new model data/kadid10k/images/I28_20_05.png,/data/projectwork/swati_mam/kadid10k/images/I28.png,Non-eccentricity patch,NA,5,2.93,val,other,-27.929392,6.077109
KADID-10k,I28_21_01,I28,/data/projectwork/swati_mam/new model data/kadid10k/images/I28_21_01.png,/data/projectwork/swati_mam/kadid10k/images/I28.png,Pixelate,NA,1,4.0,val,other,-25.22672,7.742799
KADID-10k,I28_21_04,I28,/data/projectwork/swati_mam/new model data/kadid10k/images/I28_21_04.png,/data/projectwork/swati_mam/kadid10k/images/I28.png,Pixelate,NA,4,3.07,val,other,-34.90332,3.8173087
KADID-10k,I28_22_01,I28,/data/projectwork/swati_mam/new model data/kadid10k/images/I28_22_01.png,/data/projectwork/swati_mam/kadid10k/images/I28.png,Quantization,NA,1,4.2,val,other,-32.184715,4.6725307
KADID-10k,I28_22_02,I28,/data/projectwork/swati_mam/new model data/kadid10k/images/I28_22_02.png,/data/projectwork/swati_mam/kadid10k/images/I28.png,Quantization,NA,2,3.53,val,other,-33.436867,4.7611356
KADID-10k,I28_22_03,I28,/data/projectwork/swati_mam/new model data/kadid10k/images/I28_22_03.png,/data/projectwork/swati_mam/kadid10k/images/I28.png,Quantization,NA,3,3.67,val,other,-33.330208,4.7879753
KADID-10k,I28_22_04,I28,/data/projectwork/swati_mam/new model data/kadid10k/images/I28_22_04.png,/data/projectwork/swati_mam/kadid10k/images/I28.png,Quantization,NA,4,2.93,val,other,-42.674236,3.0815563
KADID-10k,I28_22_05,I28,/data/projectwork/swati_mam/new model data/kadid10k/images/I28_22_05.png,/data/projectwork/swati_mam/kadid10k/images/I28.png,Quantization,NA,5,2.3,val,other,-43.04269,3.036014
KADID-10k,I28_11_01,I28,/data/projectwork/swati_mam/new model data/kadid10k/images/I28_11_01.png,/data/projectwork/swati_mam/kadid10k/images/I28.png,White noise,NA,1,4.1,val,noise,-34.41008,4.5249696
KADID-10k,I28_11_02,I28,/data/projectwork/swati_mam/new model data/kadid10k/images/I28_11_02.png,/data/projectwork/swati_mam/kadid10k/images/I28.png,White noise,NA,2,3.47,val,noise,-44.515392,2.570396
KADID-10k,I28_11_03,I28,/data/projectwork/swati_mam/new model data/kadid10k/images/I28_11_03.png,/data/projectwork/swati_mam/kadid10k/images/I28.png,White noise,NA,3,2.93,val,noise,-46.67241,1.7497399
KADID-10k,I28_11_04,I28,/data/projectwork/swati_mam/new model data/kadid10k/images/I28_11_04.png,/data/projectwork/swati_mam/kadid10k/images/I28.png,White noise,NA,4,2.7,val,noise,-50.74534,-1.215643
KADID-10k,I28_12_01,I28,/data/projectwork/swati_mam/new model data/kadid10k/images/I28_12_01.png,/data/projectwork/swati_mam/kadid10k/images/I28.png,White noise in color component,NA,1,4.47,val,noise,-27.606787,5.890829
KADID-10k,I28_12_02,I28,/data/projectwork/swati_mam/new model data/kadid10k/images/I28_12_02.png,/data/projectwork/swati_mam/kadid10k/images/I28.png,White noise in color component,NA,2,3.6,val,noise,-43.6849,2.758328
KADID-10k,I28_12_05,I28,/data/projectwork/swati_mam/new model data/kadid10k/images/I28_12_05.png,/data/projectwork/swati_mam/kadid10k/images/I28.png,White noise in color component,NA,5,2.5,val,noise,-52.225838,-1.1515747
KADID-10k,I30_16_01,I30,/data/projectwork/swati_mam/new model data/kadid10k/images/I30_16_01.png,/data/projectwork/swati_mam/kadid10k/images/I30.png,Brighten,NA,1,4.63,val,other,-14.279601,-21.298492
KADID-10k,I30_16_02,I30,/data/projectwork/swati_mam/new model data/kadid10k/images/I30_16_02.png,/data/projectwork/swati_mam/kadid10k/images/I30.png,Brighten,NA,2,4.2,val,other,-14.851899,-21.13277
KADID-10k,I30_16_03,I30,/data/projectwork/swati_mam/new model data/kadid10k/images/I30_16_03.png,/data/projectwork/swati_mam/kadid10k/images/I30.png,Brighten,NA,3,3.6,val,other,-14.359998,-18.239182
KADID-10k,I30_23_01,I30,/data/projectwork/swati_mam/new model data/kadid10k/images/I30_23_01.png,/data/projectwork/swati_mam/kadid10k/images/I30.png,Color block,NA,1,2.33,val,other,-13.720572,-19.99177
KADID-10k,I30_23_02,I30,/data/projectwork/swati_mam/new model data/kadid10k/images/I30_23_02.png,/data/projectwork/swati_mam/kadid10k/images/I30.png,Color block,NA,2,2.13,val,other,-16.33601,-13.833936
KADID-10k,I30_23_03,I30,/data/projectwork/swati_mam/new model data/kadid10k/images/I30_23_03.png,/data/projectwork/swati_mam/kadid10k/images/I30.png,Color block,NA,3,2.27,val,other,-12.864265,-17.870201
KADID-10k,I30_23_04,I30,/data/projectwork/swati_mam/new model data/kadid10k/images/I30_23_04.png,/data/projectwork/swati_mam/kadid10k/images/I30.png,Color block,NA,4,2.13,val,other,-13.235416,-18.27353
KADID-10k,I30_06_01,I30,/data/projectwork/swati_mam/new model data/kadid10k/images/I30_06_01.png,/data/projectwork/swati_mam/kadid10k/images/I30.png,Color quantization,NA,1,4.4,val,other,-14.856749,-13.432057
KADID-10k,I30_06_04,I30,/data/projectwork/swati_mam/new model data/kadid10k/images/I30_06_04.png,/data/projectwork/swati_mam/kadid10k/images/I30.png,Color quantization,NA,4,3.83,val,other,-29.06752,-4.9904814
KADID-10k,I30_06_05,I30,/data/projectwork/swati_mam/new model data/kadid10k/images/I30_06_05.png,/data/projectwork/swati_mam/kadid10k/images/I30.png,Color quantization,NA,5,3.13,val,other,-41.871628,-1.4126627
KADID-10k,I30_07_04,I30,/data/projectwork/swati_mam/new model data/kadid10k/images/I30_07_04.png,/data/projectwork/swati_mam/kadid10k/images/I30.png,Color saturation 1,NA,4,2.19,val,other,-11.353286,-20.011099
KADID-10k,I30_05_01,I30,/data/projectwork/swati_mam/new model data/kadid10k/images/I30_05_01.png,/data/projectwork/swati_mam/kadid10k/images/I30.png,Color shift,NA,1,4.77,val,other,-13.893283,-19.308853
KADID-10k,I30_05_04,I30,/data/projectwork/swati_mam/new model data/kadid10k/images/I30_05_04.png,/data/projectwork/swati_mam/kadid10k/images/I30.png,Color shift,NA,4,2.8,val,other,-14.539126,-14.227553
KADID-10k,I30_05_05,I30,/data/projectwork/swati_mam/new model data/kadid10k/images/I30_05_05.png,/data/projectwork/swati_mam/kadid10k/images/I30.png,Color shift,NA,5,2.5,val,other,-15.42565,-13.688551
KADID-10k,I30_25_01,I30,/data/projectwork/swati_mam/new model data/kadid10k/images/I30_25_01.png,/data/projectwork/swati_mam/kadid10k/images/I30.png,Contrast change,NA,1,3.63,val,other,-42.33424,-2.3085022
KADID-10k,I30_25_02,I30,/data/projectwork/swati_mam/new model data/kadid10k/images/I30_25_02.png,/data/projectwork/swati_mam/kadid10k/images/I30.png,Contrast change,NA,2,4.4,val,other,-24.094994,-7.673776
KADID-10k,I30_25_04,I30,/data/projectwork/swati_mam/new model data/kadid10k/images/I30_25_04.png,/data/projectwork/swati_mam/kadid10k/images/I30.png,Contrast change,NA,4,4.4,val,other,-13.304913,-21.84391
KADID-10k,I30_25_05,I30,/data/projectwork/swati_mam/new model data/kadid10k/images/I30_25_05.png,/data/projectwork/swati_mam/kadid10k/images/I30.png,Contrast change,NA,5,3.73,val,other,-12.532998,-20.764364
KADID-10k,I30_17_01,I30,/data/projectwork/swati_mam/new model data/kadid10k/images/I30_17_01.png,/data/projectwork/swati_mam/kadid10k/images/I30.png,Darken,NA,1,4.73,val,other,-12.995261,-20.144743
KADID-10k,I30_17_02,I30,/data/projectwork/swati_mam/new model data/kadid10k/images/I30_17_02.png,/data/projectwork/swati_mam/kadid10k/images/I30.png,Darken,NA,2,4.5,val,other,-13.107547,-19.431503
KADID-10k,I30_17_05,I30,/data/projectwork/swati_mam/new model data/kadid10k/images/I30_17_05.png,/data/projectwork/swati_mam/kadid10k/images/I30.png,Darken,NA,5,2.67,val,other,-45.503662,-2.2955585
KADID-10k,I30_15_01,I30,/data/projectwork/swati_mam/new model data/kadid10k/images/I30_15_01.png,/data/projectwork/swati_mam/kadid10k/images/I30.png,Denoise,NA,1,3.87,val,noise,-14.303565,-14.935721
KADID-10k,I30_15_02,I30,/data/projectwork/swati_mam/new model data/kadid10k/images/I30_15_02.png,/data/projectwork/swati_mam/kadid10k/images/I30.png,Denoise,NA,2,2.6,val,noise,-15.08699,-14.12516
KADID-10k,I30_15_03,I30,/data/projectwork/swati_mam/new model data/kadid10k/images/I30_15_03.png,/data/projectwork/swati_mam/kadid10k/images/I30.png,Denoise,NA,3,2.13,val,noise,-14.534042,-13.624237
KADID-10k,I30_15_04,I30,/data/projectwork/swati_mam/new model data/kadid10k/images/I30_15_04.png,/data/projectwork/swati_mam/kadid10k/images/I30.png,Denoise,NA,4,1.33,val,noise,-31.13843,-4.8188376
KADID-10k,I30_15_05,I30,/data/projectwork/swati_mam/new model data/kadid10k/images/I30_15_05.png,/data/projectwork/swati_mam/kadid10k/images/I30.png,Denoise,NA,5,1.3,val,noise,-41.488846,-1.9968941
KADID-10k,I30_01_01,I30,/data/projectwork/swati_mam/new model data/kadid10k/images/I30_01_01.png,/data/projectwork/swati_mam/kadid10k/images/I30.png,Gaussian blur,NA,1,4.6,val,blur,-13.512456,-20.403149
KADID-10k,I30_01_02,I30,/data/projectwork/swati_mam/new model data/kadid10k/images/I30_01_02.png,/data/projectwork/swati_mam/kadid10k/images/I30.png,Gaussian blur,NA,2,4.6,val,blur,-14.908039,-20.076937
KADID-10k,I30_01_03,I30,/data/projectwork/swati_mam/new model data/kadid10k/images/I30_01_03.png,/data/projectwork/swati_mam/kadid10k/images/I30.png,Gaussian blur,NA,3,3.93,val,blur,-16.012194,-20.383759
KADID-10k,I30_01_04,I30,/data/projectwork/swati_mam/new model data/kadid10k/images/I30_01_04.png,/data/projectwork/swati_mam/kadid10k/images/I30.png,Gaussian blur,NA,4,2.63,val,blur,-16.092012,-19.534317
KADID-10k,I30_01_05,I30,/data/projectwork/swati_mam/new model data/kadid10k/images/I30_01_05.png,/data/projectwork/swati_mam/kadid10k/images/I30.png,Gaussian blur,NA,5,1.26,val,blur,-14.74698,-15.61824
KADID-10k,I30_24_01,I30,/data/projectwork/swati_mam/new model data/kadid10k/images/I30_24_01.png,/data/projectwork/swati_mam/kadid10k/images/I30.png,High sharpen,NA,1,4.33,val,HF/sharpen,9.33975,-2.4202387
KADID-10k,I30_24_03,I30,/data/projectwork/swati_mam/new model data/kadid10k/images/I30_24_03.png,/data/projectwork/swati_mam/kadid10k/images/I30.png,High sharpen,NA,3,3.07,val,HF/sharpen,-10.710118,-18.23433
KADID-10k,I30_24_04,I30,/data/projectwork/swati_mam/new model data/kadid10k/images/I30_24_04.png,/data/projectwork/swati_mam/kadid10k/images/I30.png,High sharpen,NA,4,2.2,val,HF/sharpen,-12.2888775,-0.7886468
KADID-10k,I30_13_01,I30,/data/projectwork/swati_mam/new model data/kadid10k/images/I30_13_01.png,/data/projectwork/swati_mam/kadid10k/images/I30.png,Impulse noise,NA,1,3.77,val,noise,-12.703374,-19.447653
KADID-10k,I30_13_02,I30,/data/projectwork/swati_mam/new model data/kadid10k/images/I30_13_02.png,/data/projectwork/swati_mam/kadid10k/images/I30.png,Impulse noise,NA,2,2.97,val,noise,-23.893518,-7.8497057
KADID-10k,I30_13_04,I30,/data/projectwork/swati_mam/new model data/kadid10k/images/I30_13_04.png,/data/projectwork/swati_mam/kadid10k/images/I30.png,Impulse noise,NA,4,2.63,val,noise,-45.37769,-2.185191
KADID-10k,I30_13_05,I30,/data/projectwork/swati_mam/new model data/kadid10k/images/I30_13_05.png,/data/projectwork/swati_mam/kadid10k/images/I30.png,Impulse noise,NA,5,2.26,val,noise,-46.961666,-2.175183
KADID-10k,I30_10_01,I30,/data/projectwork/swati_mam/new model data/kadid10k/images/I30_10_01.png,/data/projectwork/swati_mam/kadid10k/images/I30.png,JPEG,NA,1,4.53,val,other,-15.187954,-20.655445
KADID-10k,I30_10_03,I30,/data/projectwork/swati_mam/new model data/kadid10k/images/I30_10_03.png,/data/projectwork/swati_mam/kadid10k/images/I30.png,JPEG,NA,3,4.37,val,other,-13.152424,-21.312456
KADID-10k,I30_09_01,I30,/data/projectwork/swati_mam/new model data/kadid10k/images/I30_09_01.png,/data/projectwork/swati_mam/kadid10k/images/I30.png,JPEG2000,NA,1,4.68,val,other,-13.625885,-21.029161
KADID-10k,I30_09_03,I30,/data/projectwork/swati_mam/new model data/kadid10k/images/I30_09_03.png,/data/projectwork/swati_mam/kadid10k/images/I30.png,JPEG2000,NA,3,4.73,val,other,-14.210741,-21.856379
KADID-10k,I30_19_01,I30,/data/projectwork/swati_mam/new model data/kadid10k/images/I30_19_01.png,/data/projectwork/swati_mam/kadid10k/images/I30.png,Jitter,NA,1,4.9,val,other,-14.167981,-19.891983
KADID-10k,I30_19_02,I30,/data/projectwork/swati_mam/new model data/kadid10k/images/I30_19_02.png,/data/projectwork/swati_mam/kadid10k/images/I30.png,Jitter,NA,2,4.6,val,other,-14.246207,-19.71013
KADID-10k,I30_19_04,I30,/data/projectwork/swati_mam/new model data/kadid10k/images/I30_19_04.png,/data/projectwork/swati_mam/kadid10k/images/I30.png,Jitter,NA,4,2.53,val,other,-14.78799,-14.754048
KADID-10k,I30_02_03,I30,/data/projectwork/swati_mam/new model data/kadid10k/images/I30_02_03.png,/data/projectwork/swati_mam/kadid10k/images/I30.png,Lens blur,NA,3,2.2,val,blur,-15.949433,-19.111376
KADID-10k,I30_02_04,I30,/data/projectwork/swati_mam/new model data/kadid10k/images/I30_02_04.png,/data/projectwork/swati_mam/kadid10k/images/I30.png,Lens blur,NA,4,1.77,val,blur,-14.916753,-16.054296
KADID-10k,I30_18_02,I30,/data/projectwork/swati_mam/new model data/kadid10k/images/I30_18_02.png,/data/projectwork/swati_mam/kadid10k/images/I30.png,Mean shift,NA,2,4.53,val,other,-14.323766,-20.83785
KADID-10k,I30_18_03,I30,/data/projectwork/swati_mam/new model data/kadid10k/images/I30_18_03.png,/data/projectwork/swati_mam/kadid10k/images/I30.png,Mean shift,NA,3,4.83,val,other,-13.512456,-20.403149
KADID-10k,I30_18_05,I30,/data/projectwork/swati_mam/new model data/kadid10k/images/I30_18_05.png,/data/projectwork/swati_mam/kadid10k/images/I30.png,Mean shift,NA,5,4.3,val,other,-42.849373,-2.2370095
KADID-10k,I30_03_01,I30,/data/projectwork/swati_mam/new model data/kadid10k/images/I30_03_01.png,/data/projectwork/swati_mam/kadid10k/images/I30.png,Motion blur,NA,1,4.67,val,blur,-13.512456,-20.403149
KADID-10k,I30_03_03,I30,/data/projectwork/swati_mam/new model data/kadid10k/images/I30_03_03.png,/data/projectwork/swati_mam/kadid10k/images/I30.png,Motion blur,NA,3,3.7,val,blur,-15.657465,-19.802097
KADID-10k,I30_03_04,I30,/data/projectwork/swati_mam/new model data/kadid10k/images/I30_03_04.png,/data/projectwork/swati_mam/kadid10k/images/I30.png,Motion blur,NA,4,3.0,val,blur,-15.328065,-18.46497
KADID-10k,I30_14_02,I30,/data/projectwork/swati_mam/new model data/kadid10k/images/I30_14_02.png,/data/projectwork/swati_mam/kadid10k/images/I30.png,Multiplicative noise,NA,2,3.17,val,noise,-29.144344,-5.270202
KADID-10k,I30_20_03,I30,/data/projectwork/swati_mam/new model data/kadid10k/images/I30_20_03.png,/data/projectwork/swati_mam/kadid10k/images/I30.png,Non-eccentricity patch,NA,3,3.8,val,other,-14.294313,-20.611544
KADID-10k,I30_20_04,I30,/data/projectwork/swati_mam/new model data/kadid10k/images/I30_20_04.png,/data/projectwork/swati_mam/kadid10k/images/I30.png,Non-eccentricity patch,NA,4,3.81,val,other,-12.193332,-18.179325
KADID-10k,I30_20_05,I30,/data/projectwork/swati_mam/new model data/kadid10k/images/I30_20_05.png,/data/projectwork/swati_mam/kadid10k/images/I30.png,Non-eccentricity patch,NA,5,3.03,val,other,-11.795693,-18.627777
KADID-10k,I30_21_01,I30,/data/projectwork/swati_mam/new model data/kadid10k/images/I30_21_01.png,/data/projectwork/swati_mam/kadid10k/images/I30.png,Pixelate,NA,1,4.27,val,other,-14.869737,-22.152525
KADID-10k,I30_21_02,I30,/data/projectwork/swati_mam/new model data/kadid10k/images/I30_21_02.png,/data/projectwork/swati_mam/kadid10k/images/I30.png,Pixelate,NA,2,3.73,val,other,-13.797175,-17.191381
KADID-10k,I30_21_03,I30,/data/projectwork/swati_mam/new model data/kadid10k/images/I30_21_03.png,/data/projectwork/swati_mam/kadid10k/images/I30.png,Pixelate,NA,3,3.68,val,other,-13.926779,-16.300196
KADID-10k,I30_21_04,I30,/data/projectwork/swati_mam/new model data/kadid10k/images/I30_21_04.png,/data/projectwork/swati_mam/kadid10k/images/I30.png,Pixelate,NA,4,3.73,val,other,-15.642116,-14.229846
KADID-10k,I30_22_01,I30,/data/projectwork/swati_mam/new model data/kadid10k/images/I30_22_01.png,/data/projectwork/swati_mam/kadid10k/images/I30.png,Quantization,NA,1,4.3,val,other,-13.654697,-17.661654
KADID-10k,I30_22_02,I30,/data/projectwork/swati_mam/new model data/kadid10k/images/I30_22_02.png,/data/projectwork/swati_mam/kadid10k/images/I30.png,Quantization,NA,2,3.67,val,other,-14.137793,-15.202781
KADID-10k,I30_11_01,I30,/data/projectwork/swati_mam/new model data/kadid10k/images/I30_11_01.png,/data/projectwork/swati_mam/kadid10k/images/I30.png,White noise,NA,1,3.67,val,noise,-23.677263,-7.858205
KADID-10k,I30_11_04,I30,/data/projectwork/swati_mam/new model data/kadid10k/images/I30_11_04.png,/data/projectwork/swati_mam/kadid10k/images/I30.png,White noise,NA,4,2.73,val,noise,-43.65004,-1.8691182
KADID-10k,I30_11_05,I30,/data/projectwork/swati_mam/new model data/kadid10k/images/I30_11_05.png,/data/projectwork/swati_mam/kadid10k/images/I30.png,White noise,NA,5,2.32,val,noise,-48.243935,-2.4452453
KADID-10k,I30_12_01,I30,/data/projectwork/swati_mam/new model data/kadid10k/images/I30_12_01.png,/data/projectwork/swati_mam/kadid10k/images/I30.png,White noise in color component,NA,1,4.43,val,noise,-13.839687,-16.497875
KADID-10k,I30_12_03,I30,/data/projectwork/swati_mam/new model data/kadid10k/images/I30_12_03.png,/data/projectwork/swati_mam/kadid10k/images/I30.png,White noise in color component,NA,3,3.03,val,noise,-41.59768,-2.082277
KADID-10k,I35_16_01,I35,/data/projectwork/swati_mam/new model data/kadid10k/images/I35_16_01.png,/data/projectwork/swati_mam/kadid10k/images/I35.png,Brighten,NA,1,4.73,val,other,27.504642,-20.591501
KADID-10k,I35_16_04,I35,/data/projectwork/swati_mam/new model data/kadid10k/images/I35_16_04.png,/data/projectwork/swati_mam/kadid10k/images/I35.png,Brighten,NA,4,2.57,val,other,22.363728,-19.778519
KADID-10k,I35_23_01,I35,/data/projectwork/swati_mam/new model data/kadid10k/images/I35_23_01.png,/data/projectwork/swati_mam/kadid10k/images/I35.png,Color block,NA,1,2.6,val,other,25.21747,-19.416176
KADID-10k,I35_23_02,I35,/data/projectwork/swati_mam/new model data/kadid10k/images/I35_23_02.png,/data/projectwork/swati_mam/kadid10k/images/I35.png,Color block,NA,2,3.17,val,other,24.149986,-17.4175
KADID-10k,I35_23_03,I35,/data/projectwork/swati_mam/new model data/kadid10k/images/I35_23_03.png,/data/projectwork/swati_mam/kadid10k/images/I35.png,Color block,NA,3,2.63,val,other,27.82092,-20.084858
KADID-10k,I35_04_04,I35,/data/projectwork/swati_mam/new model data/kadid10k/images/I35_04_04.png,/data/projectwork/swati_mam/kadid10k/images/I35.png,Color diffusion,NA,4,1.97,val,other,-54.72308,-0.7261145
KADID-10k,I35_04_05,I35,/data/projectwork/swati_mam/new model data/kadid10k/images/I35_04_05.png,/data/projectwork/swati_mam/kadid10k/images/I35.png,Color diffusion,NA,5,1.77,val,other,-54.79059,-0.7683865
KADID-10k,I35_06_02,I35,/data/projectwork/swati_mam/new model data/kadid10k/images/I35_06_02.png,/data/projectwork/swati_mam/kadid10k/images/I35.png,Color quantization,NA,2,3.93,val,other,19.355785,-18.776428
KADID-10k,I35_06_04,I35,/data/projectwork/swati_mam/new model data/kadid10k/images/I35_06_04.png,/data/projectwork/swati_mam/kadid10k/images/I35.png,Color quantization,NA,4,2.97,val,other,-33.315285,9.375788
KADID-10k,I35_06_05,I35,/data/projectwork/swati_mam/new model data/kadid10k/images/I35_06_05.png,/data/projectwork/swati_mam/kadid10k/images/I35.png,Color quantization,NA,5,2.7,val,other,-33.27365,9.393891
KADID-10k,I35_07_03,I35,/data/projectwork/swati_mam/new model data/kadid10k/images/I35_07_03.png,/data/projectwork/swati_mam/kadid10k/images/I35.png,Color saturation 1,NA,3,2.07,val,other,26.523762,-20.840193
KADID-10k,I35_08_01,I35,/data/projectwork/swati_mam/new model data/kadid10k/images/I35_08_01.png,/data/projectwork/swati_mam/kadid10k/images/I35.png,Color saturation 2,NA,1,4.5,val,other,27.394125,-19.981657
KADID-10k,I35_08_02,I35,/data/projectwork/swati_mam/new model data/kadid10k/images/I35_08_02.png,/data/projectwork/swati_mam/kadid10k/images/I35.png,Color saturation 2,NA,2,3.83,val,other,3.8142262,-12.058693
KADID-10k,I35_08_03,I35,/data/projectwork/swati_mam/new model data/kadid10k/images/I35_08_03.png,/data/projectwork/swati_mam/kadid10k/images/I35.png,Color saturation 2,NA,3,2.87,val,other,-49.895344,1.151217
KADID-10k,I35_08_04,I35,/data/projectwork/swati_mam/new model data/kadid10k/images/I35_08_04.png,/data/projectwork/swati_mam/kadid10k/images/I35.png,Color saturation 2,NA,4,2.43,val,other,-54.751446,-0.7578424
KADID-10k,I35_08_05,I35,/data/projectwork/swati_mam/new model data/kadid10k/images/I35_08_05.png,/data/projectwork/swati_mam/kadid10k/images/I35.png,Color saturation 2,NA,5,1.47,val,other,-54.867252,-0.8385451
KADID-10k,I35_05_01,I35,/data/projectwork/swati_mam/new model data/kadid10k/images/I35_05_01.png,/data/projectwork/swati_mam/kadid10k/images/I35.png,Color shift,NA,1,4.23,val,other,25.324146,-18.026655
KADID-10k,I35_05_02,I35,/data/projectwork/swati_mam/new model data/kadid10k/images/I35_05_02.png,/data/projectwork/swati_mam/kadid10k/images/I35.png,Color shift,NA,2,3.4,val,other,19.683453,-16.51038
KADID-10k,I35_05_03,I35,/data/projectwork/swati_mam/new model data/kadid10k/images/I35_05_03.png,/data/projectwork/swati_mam/kadid10k/images/I35.png,Color shift,NA,3,2.3,val,other,2.0574844,-10.9516735
KADID-10k,I35_05_05,I35,/data/projectwork/swati_mam/new model data/kadid10k/images/I35_05_05.png,/data/projectwork/swati_mam/kadid10k/images/I35.png,Color shift,NA,5,2.8,val,other,-20.526352,3.7490666
KADID-10k,I35_25_01,I35,/data/projectwork/swati_mam/new model data/kadid10k/images/I35_25_01.png,/data/projectwork/swati_mam/kadid10k/images/I35.png,Contrast change,NA,1,3.53,val,other,25.876204,-21.255735
KADID-10k,I35_25_02,I35,/data/projectwork/swati_mam/new model data/kadid10k/images/I35_25_02.png,/data/projectwork/swati_mam/kadid10k/images/I35.png,Contrast change,NA,2,4.37,val,other,26.94929,-21.135004
KADID-10k,I35_25_04,I35,/data/projectwork/swati_mam/new model data/kadid10k/images/I35_25_04.png,/data/projectwork/swati_mam/kadid10k/images/I35.png,Contrast change,NA,4,4.47,val,other,25.25719,-18.460012
KADID-10k,I35_17_03,I35,/data/projectwork/swati_mam/new model data/kadid10k/images/I35_17_03.png,/data/projectwork/swati_mam/kadid10k/images/I35.png,Darken,NA,3,4.63,val,other,27.442774,-19.082697
KADID-10k,I35_17_04,I35,/data/projectwork/swati_mam/new model data/kadid10k/images/I35_17_04.png,/data/projectwork/swati_mam/kadid10k/images/I35.png,Darken,NA,4,4.13,val,other,25.845623,-17.820658
KADID-10k,I35_17_05,I35,/data/projectwork/swati_mam/new model data/kadid10k/images/I35_17_05.png,/data/projectwork/swati_mam/kadid10k/images/I35.png,Darken,NA,5,2.57,val,other,2.8273535,-11.201856
KADID-10k,I35_15_03,I35,/data/projectwork/swati_mam/new model data/kadid10k/images/I35_15_03.png,/data/projectwork/swati_mam/kadid10k/images/I35.png,Denoise,NA,3,2.53,val,noise,19.858253,-17.303762
KADID-10k,I35_15_04,I35,/data/projectwork/swati_mam/new model data/kadid10k/images/I35_15_04.png,/data/projectwork/swati_mam/kadid10k/images/I35.png,Denoise,NA,4,2.1,val,noise,-20.398916,0.5589507
KADID-10k,I35_15_05,I35,/data/projectwork/swati_mam/new model data/kadid10k/images/I35_15_05.png,/data/projectwork/swati_mam/kadid10k/images/I35.png,Denoise,NA,5,1.63,val,noise,-20.783333,0.513601
KADID-10k,I35_01_02,I35,/data/projectwork/swati_mam/new model data/kadid10k/images/I35_01_02.png,/data/projectwork/swati_mam/kadid10k/images/I35.png,Gaussian blur,NA,2,4.5,val,blur,26.489061,-18.330189
KADID-10k,I35_01_03,I35,/data/projectwork/swati_mam/new model data/kadid10k/images/I35_01_03.png,/data/projectwork/swati_mam/kadid10k/images/I35.png,Gaussian blur,NA,3,3.2,val,blur,16.758657,-12.306783
KADID-10k,I35_01_04,I35,/data/projectwork/swati_mam/new model data/kadid10k/images/I35_01_04.png,/data/projectwork/swati_mam/kadid10k/images/I35.png,Gaussian blur,NA,4,1.97,val,blur,-7.4126387,-7.601719
KADID-10k,I35_01_05,I35,/data/projectwork/swati_mam/new model data/kadid10k/images/I35_01_05.png,/data/projectwork/swati_mam/kadid10k/images/I35.png,Gaussian blur,NA,5,1.33,val,blur,-30.93817,-5.4001975
KADID-10k,I35_24_01,I35,/data/projectwork/swati_mam/new model data/kadid10k/images/I35_24_01.png,/data/projectwork/swati_mam/kadid10k/images/I35.png,High sharpen,NA,1,3.63,val,HF/sharpen,21.334032,-19.575026
KADID-10k,I35_24_03,I35,/data/projectwork/swati_mam/new model data/kadid10k/images/I35_24_03.png,/data/projectwork/swati_mam/kadid10k/images/I35.png,High sharpen,NA,3,2.17,val,HF/sharpen,-27.784187,12.629119
KADID-10k,I35_24_04,I35,/data/projectwork/swati_mam/new model data/kadid10k/images/I35_24_04.png,/data/projectwork/swati_mam/kadid10k/images/I35.png,High sharpen,NA,4,1.67,val,HF/sharpen,-27.84925,12.554422
KADID-10k,I35_13_01,I35,/data/projectwork/swati_mam/new model data/kadid10k/images/I35_13_01.png,/data/projectwork/swati_mam/kadid10k/images/I35.png,Impulse noise,NA,1,3.53,val,noise,26.241917,-19.351278
KADID-10k,I35_13_02,I35,/data/projectwork/swati_mam/new model data/kadid10k/images/I35_13_02.png,/data/projectwork/swati_mam/kadid10k/images/I35.png,Impulse noise,NA,2,3.03,val,noise,22.175621,-18.689312
KADID-10k,I35_10_02,I35,/data/projectwork/swati_mam/new model data/kadid10k/images/I35_10_02.png,/data/projectwork/swati_mam/kadid10k/images/I35.png,JPEG,NA,2,4.43,val,other,24.557903,-19.00551
KADID-10k,I35_10_03,I35,/data/projectwork/swati_mam/new model data/kadid10k/images/I35_10_03.png,/data/projectwork/swati_mam/kadid10k/images/I35.png,JPEG,NA,3,4.07,val,other,22.2128,-17.89308
KADID-10k,I35_09_01,I35,/data/projectwork/swati_mam/new model data/kadid10k/images/I35_09_01.png,/data/projectwork/swati_mam/kadid10k/images/I35.png,JPEG2000,NA,1,4.77,val,other,27.183012,-19.718351
KADID-10k,I35_09_02,I35,/data/projectwork/swati_mam/new model data/kadid10k/images/I35_09_02.png,/data/projectwork/swati_mam/kadid10k/images/I35.png,JPEG2000,NA,2,4.73,val,other,25.984299,-19.037811
KADID-10k,I35_09_03,I35,/data/projectwork/swati_mam/new model data/kadid10k/images/I35_09_03.png,/data/projectwork/swati_mam/kadid10k/images/I35.png,JPEG2000,NA,3,4.0,val,other,23.650455,-18.559292
KADID-10k,I35_09_04,I35,/data/projectwork/swati_mam/new model data/kadid10k/images/I35_09_04.png,/data/projectwork/swati_mam/kadid10k/images/I35.png,JPEG2000,NA,4,2.53,val,other,19.751333,-17.225037
KADID-10k,I35_19_01,I35,/data/projectwork/swati_mam/new model data/kadid10k/images/I35_19_01.png,/data/projectwork/swati_mam/kadid10k/images/I35.png,Jitter,NA,1,4.67,val,other,27.95152,-19.823448
KADID-10k,I35_19_02,I35,/data/projectwork/swati_mam/new model data/kadid10k/images/I35_19_02.png,/data/projectwork/swati_mam/kadid10k/images/I35.png,Jitter,NA,2,4.43,val,other,28.254267,-20.274977
KADID-10k,I35_19_04,I35,/data/projectwork/swati_mam/new model data/kadid10k/images/I35_19_04.png,/data/projectwork/swati_mam/kadid10k/images/I35.png,Jitter,NA,4,2.17,val,other,1.4318565,-10.888719
KADID-10k,I35_19_05,I35,/data/projectwork/swati_mam/new model data/kadid10k/images/I35_19_05.png,/data/projectwork/swati_mam/kadid10k/images/I35.png,Jitter,NA,5,1.53,val,other,-28.538742,-0.593467
KADID-10k,I35_02_02,I35,/data/projectwork/swati_mam/new model data/kadid10k/images/I35_02_02.png,/data/projectwork/swati_mam/kadid10k/images/I35.png,Lens blur,NA,2,3.03,val,blur,16.391363,-12.091043
KADID-10k,I35_02_03,I35,/data/projectwork/swati_mam/new model data/kadid10k/images/I35_02_03.png,/data/projectwork/swati_mam/kadid10k/images/I35.png,Lens blur,NA,3,1.9,val,blur,-8.128503,-7.850104
KADID-10k,I35_02_04,I35,/data/projectwork/swati_mam/new model data/kadid10k/images/I35_02_04.png,/data/projectwork/swati_mam/kadid10k/images/I35.png,Lens blur,NA,4,1.37,val,blur,-30.15419,-5.5196
KADID-10k,I35_02_05,I35,/data/projectwork/swati_mam/new model data/kadid10k/images/I35_02_05.png,/data/projectwork/swati_mam/kadid10k/images/I35.png,Lens blur,NA,5,1.5,val,blur,-30.700773,-5.425867
KADID-10k,I35_18_01,I35,/data/projectwork/swati_mam/new model data/kadid10k/images/I35_18_01.png,/data/projectwork/swati_mam/kadid10k/images/I35.png,Mean shift,NA,1,4.23,val,other,27.782269,-21.1413
KADID-10k,I35_18_04,I35,/data/projectwork/swati_mam/new model data/kadid10k/images/I35_18_04.png,/data/projectwork/swati_mam/kadid10k/images/I35.png,Mean shift,NA,4,4.6,val,other,24.126488,-18.294374
KADID-10k,I35_18_05,I35,/data/projectwork/swati_mam/new model data/kadid10k/images/I35_18_05.png,/data/projectwork/swati_mam/kadid10k/images/I35.png,Mean shift,NA,5,4.4,val,other,22.617918,-18.264528
KADID-10k,I35_03_01,I35,/data/projectwork/swati_mam/new model data/kadid10k/images/I35_03_01.png,/data/projectwork/swati_mam/kadid10k/images/I35.png,Motion blur,NA,1,4.7,val,blur,27.393976,-19.981876
KADID-10k,I35_03_02,I35,/data/projectwork/swati_mam/new model data/kadid10k/images/I35_03_02.png,/data/projectwork/swati_mam/kadid10k/images/I35.png,Motion blur,NA,2,4.53,val,blur,27.038645,-17.739637
KADID-10k,I35_03_04,I35,/data/projectwork/swati_mam/new model data/kadid10k/images/I35_03_04.png,/data/projectwork/swati_mam/kadid10k/images/I35.png,Motion blur,NA,4,2.47,val,blur,17.196241,-11.976813
KADID-10k,I35_03_05,I35,/data/projectwork/swati_mam/new model data/kadid10k/images/I35_03_05.png,/data/projectwork/swati_mam/kadid10k/images/I35.png,Motion blur,NA,5,1.9,val,blur,-7.1654534,-7.450675
KADID-10k,I35_14_02,I35,/data/projectwork/swati_mam/new model data/kadid10k/images/I35_14_02.png,/data/projectwork/swati_mam/kadid10k/images/I35.png,Multiplicative noise,NA,2,3.23,val,noise,22.856531,-19.347994
KADID-10k,I35_14_03,I35,/data/projectwork/swati_mam/new model data/kadid10k/images/I35_14_03.png,/data/projectwork/swati_mam/kadid10k/images/I35.png,Multiplicative noise,NA,3,2.77,val,noise,19.620327,-18.864933
KADID-10k,I35_14_04,I35,/data/projectwork/swati_mam/new model data/kadid10k/images/I35_14_04.png,/data/projectwork/swati_mam/kadid10k/images/I35.png,Multiplicative noise,NA,4,2.6,val,noise,4.0569243,-12.755571
KADID-10k,I35_14_05,I35,/data/projectwork/swati_mam/new model data/kadid10k/images/I35_14_05.png,/data/projectwork/swati_mam/kadid10k/images/I35.png,Multiplicative noise,NA,5,2.0,val,noise,-34.83608,7.87417
KADID-10k,I35_20_02,I35,/data/projectwork/swati_mam/new model data/kadid10k/images/I35_20_02.png,/data/projectwork/swati_mam/kadid10k/images/I35.png,Non-eccentricity patch,NA,2,3.87,val,other,26.740782,-18.89279
KADID-10k,I35_20_03,I35,/data/projectwork/swati_mam/new model data/kadid10k/images/I35_20_03.png,/data/projectwork/swati_mam/kadid10k/images/I35.png,Non-eccentricity patch,NA,3,3.81,val,other,27.974756,-19.228107
KADID-10k,I35_21_01,I35,/data/projectwork/swati_mam/new model data/kadid10k/images/I35_21_01.png,/data/projectwork/swati_mam/kadid10k/images/I35.png,Pixelate,NA,1,4.37,val,other,25.740736,-18.565645
KADID-10k,I35_21_03,I35,/data/projectwork/swati_mam/new model data/kadid10k/images/I35_21_03.png,/data/projectwork/swati_mam/kadid10k/images/I35.png,Pixelate,NA,3,3.43,val,other,20.056005,-17.340073
KADID-10k,I35_21_05,I35,/data/projectwork/swati_mam/new model data/kadid10k/images/I35_21_05.png,/data/projectwork/swati_mam/kadid10k/images/I35.png,Pixelate,NA,5,1.55,val,other,-20.625092,3.7860823
KADID-10k,I35_22_01,I35,/data/projectwork/swati_mam/new model data/kadid10k/images/I35_22_01.png,/data/projectwork/swati_mam/kadid10k/images/I35.png,Quantization,NA,1,3.83,val,other,23.406244,-18.305964
KADID-10k,I35_22_02,I35,/data/projectwork/swati_mam/new model data/kadid10k/images/I35_22_02.png,/data/projectwork/swati_mam/kadid10k/images/I35.png,Quantization,NA,2,3.93,val,other,22.004656,-18.151218
KADID-10k,I35_22_04,I35,/data/projectwork/swati_mam/new model data/kadid10k/images/I35_22_04.png,/data/projectwork/swati_mam/kadid10k/images/I35.png,Quantization,NA,4,3.0,val,other,20.60388,-17.708857
KADID-10k,I35_22_05,I35,/data/projectwork/swati_mam/new model data/kadid10k/images/I35_22_05.png,/data/projectwork/swati_mam/kadid10k/images/I35.png,Quantization,NA,5,2.37,val,other,3.1922476,-11.79042
KADID-10k,I35_11_01,I35,/data/projectwork/swati_mam/new model data/kadid10k/images/I35_11_01.png,/data/projectwork/swati_mam/kadid10k/images/I35.png,White noise,NA,1,3.8,val,noise,25.308893,-20.244972
KADID-10k,I35_11_03,I35,/data/projectwork/swati_mam/new model data/kadid10k/images/I35_11_03.png,/data/projectwork/swati_mam/kadid10k/images/I35.png,White noise,NA,3,3.2,val,noise,3.8787425,-12.26432
KADID-10k,I35_11_04,I35,/data/projectwork/swati_mam/new model data/kadid10k/images/I35_11_04.png,/data/projectwork/swati_mam/kadid10k/images/I35.png,White noise,NA,4,2.47,val,noise,3.666439,-12.514574
KADID-10k,I35_11_05,I35,/data/projectwork/swati_mam/new model data/kadid10k/images/I35_11_05.png,/data/projectwork/swati_mam/kadid10k/images/I35.png,White noise,NA,5,2.4,val,noise,-34.64248,7.990524
KADID-10k,I35_12_01,I35,/data/projectwork/swati_mam/new model data/kadid10k/images/I35_12_01.png,/data/projectwork/swati_mam/kadid10k/images/I35.png,White noise in color component,NA,1,4.47,val,noise,26.443224,-19.992561
KADID-10k,I35_12_02,I35,/data/projectwork/swati_mam/new model data/kadid10k/images/I35_12_02.png,/data/projectwork/swati_mam/kadid10k/images/I35.png,White noise in color component,NA,2,3.63,val,noise,20.20299,-18.63464
KADID-10k,I35_12_03,I35,/data/projectwork/swati_mam/new model data/kadid10k/images/I35_12_03.png,/data/projectwork/swati_mam/kadid10k/images/I35.png,White noise in color component,NA,3,2.7,val,noise,3.6808124,-12.148833
KADID-10k,I35_12_05,I35,/data/projectwork/swati_mam/new model data/kadid10k/images/I35_12_05.png,/data/projectwork/swati_mam/kadid10k/images/I35.png,White noise in color component,NA,5,2.17,val,noise,-34.807735,7.881669
KADID-10k,I42_16_02,I42,/data/projectwork/swati_mam/new model data/kadid10k/images/I42_16_02.png,/data/projectwork/swati_mam/kadid10k/images/I42.png,Brighten,NA,2,4.33,val,other,14.654761,4.9973083
KADID-10k,I42_16_04,I42,/data/projectwork/swati_mam/new model data/kadid10k/images/I42_16_04.png,/data/projectwork/swati_mam/kadid10k/images/I42.png,Brighten,NA,4,2.93,val,other,9.119859,-18.332884
KADID-10k,I42_16_05,I42,/data/projectwork/swati_mam/new model data/kadid10k/images/I42_16_05.png,/data/projectwork/swati_mam/kadid10k/images/I42.png,Brighten,NA,5,1.9,val,other,2.7906768,-18.610796
KADID-10k,I42_23_01,I42,/data/projectwork/swati_mam/new model data/kadid10k/images/I42_23_01.png,/data/projectwork/swati_mam/kadid10k/images/I42.png,Color block,NA,1,3.1,val,other,12.581913,6.2493477
KADID-10k,I42_23_02,I42,/data/projectwork/swati_mam/new model data/kadid10k/images/I42_23_02.png,/data/projectwork/swati_mam/kadid10k/images/I42.png,Color block,NA,2,2.37,val,other,10.925139,5.634769
KADID-10k,I42_23_05,I42,/data/projectwork/swati_mam/new model data/kadid10k/images/I42_23_05.png,/data/projectwork/swati_mam/kadid10k/images/I42.png,Color block,NA,5,1.6,val,other,13.073323,4.0441003
KADID-10k,I42_04_02,I42,/data/projectwork/swati_mam/new model data/kadid10k/images/I42_04_02.png,/data/projectwork/swati_mam/kadid10k/images/I42.png,Color diffusion,NA,2,2.33,val,other,-29.912304,-2.0184803
KADID-10k,I42_04_03,I42,/data/projectwork/swati_mam/new model data/kadid10k/images/I42_04_03.png,/data/projectwork/swati_mam/kadid10k/images/I42.png,Color diffusion,NA,3,1.37,val,other,-43.32226,4.6038356
KADID-10k,I42_04_04,I42,/data/projectwork/swati_mam/new model data/kadid10k/images/I42_04_04.png,/data/projectwork/swati_mam/kadid10k/images/I42.png,Color diffusion,NA,4,1.27,val,other,-43.44672,4.5908327
KADID-10k,I42_06_04,I42,/data/projectwork/swati_mam/new model data/kadid10k/images/I42_06_04.png,/data/projectwork/swati_mam/kadid10k/images/I42.png,Color quantization,NA,4,2.77,val,other,-23.19622,-4.992171
KADID-10k,I42_07_05,I42,/data/projectwork/swati_mam/new model data/kadid10k/images/I42_07_05.png,/data/projectwork/swati_mam/kadid10k/images/I42.png,Color saturation 1,NA,5,2.2,val,other,5.8896894,0.110313796
KADID-10k,I42_08_01,I42,/data/projectwork/swati_mam/new model data/kadid10k/images/I42_08_01.png,/data/projectwork/swati_mam/kadid10k/images/I42.png,Color saturation 2,NA,1,4.7,val,other,12.953594,6.260019
KADID-10k,I42_08_02,I42,/data/projectwork/swati_mam/new model data/kadid10k/images/I42_08_02.png,/data/projectwork/swati_mam/kadid10k/images/I42.png,Color saturation 2,NA,2,3.17,val,other,-13.039652,-6.794132
KADID-10k,I42_08_05,I42,/data/projectwork/swati_mam/new model data/kadid10k/images/I42_08_05.png,/data/projectwork/swati_mam/kadid10k/images/I42.png,Color saturation 2,NA,5,1.47,val,other,-43.969795,1.5985317
KADID-10k,I42_25_01,I42,/data/projectwork/swati_mam/new model data/kadid10k/images/I42_25_01.png,/data/projectwork/swati_mam/kadid10k/images/I42.png,Contrast change,NA,1,3.13,val,other,12.062725,7.3149986
KADID-10k,I42_25_02,I42,/data/projectwork/swati_mam/new model data/kadid10k/images/I42_25_02.png,/data/projectwork/swati_mam/kadid10k/images/I42.png,Contrast change,NA,2,3.87,val,other,12.702451,7.236888
KADID-10k,I42_25_05,I42,/data/projectwork/swati_mam/new model data/kadid10k/images/I42_25_05.png,/data/projectwork/swati_mam/kadid10k/images/I42.png,Contrast change,NA,5,3.1,val,other,2.986997,2.0220456
KADID-10k,I42_17_01,I42,/data/projectwork/swati_mam/new model data/kadid10k/images/I42_17_01.png,/data/projectwork/swati_mam/kadid10k/images/I42.png,Darken,NA,1,4.73,val,other,13.643843,6.6015854
KADID-10k,I42_17_04,I42,/data/projectwork/swati_mam/new model data/kadid10k/images/I42_17_04.png,/data/projectwork/swati_mam/kadid10k/images/I42.png,Darken,NA,4,3.66,val,other,18.3276,7.579331
KADID-10k,I42_17_05,I42,/data/projectwork/swati_mam/new model data/kadid10k/images/I42_17_05.png,/data/projectwork/swati_mam/kadid10k/images/I42.png,Darken,NA,5,1.77,val,other,17.25181,7.922187
KADID-10k,I42_15_01,I42,/data/projectwork/swati_mam/new model data/kadid10k/images/I42_15_01.png,/data/projectwork/swati_mam/kadid10k/images/I42.png,Denoise,NA,1,4.03,val,noise,15.589781,5.919741
KADID-10k,I42_15_03,I42,/data/projectwork/swati_mam/new model data/kadid10k/images/I42_15_03.png,/data/projectwork/swati_mam/kadid10k/images/I42.png,Denoise,NA,3,2.13,val,noise,5.072277,1.2424054
KADID-10k,I42_15_05,I42,/data/projectwork/swati_mam/new model data/kadid10k/images/I42_15_05.png,/data/projectwork/swati_mam/kadid10k/images/I42.png,Denoise,NA,5,1.5,val,noise,-35.798576,-2.4175172
KADID-10k,I42_01_03,I42,/data/projectwork/swati_mam/new model data/kadid10k/images/I42_01_03.png,/data/projectwork/swati_mam/kadid10k/images/I42.png,Gaussian blur,NA,3,3.23,val,blur,16.744637,6.8768625
KADID-10k,I42_01_04,I42,/data/projectwork/swati_mam/new model data/kadid10k/images/I42_01_04.png,/data/projectwork/swati_mam/kadid10k/images/I42.png,Gaussian blur,NA,4,2.07,val,blur,14.736435,6.178341
KADID-10k,I42_01_05,I42,/data/projectwork/swati_mam/new model data/kadid10k/images/I42_01_05.png,/data/projectwork/swati_mam/kadid10k/images/I42.png,Gaussian blur,NA,5,1.4,val,blur,-27.67959,-6.013882
KADID-10k,I42_24_01,I42,/data/projectwork/swati_mam/new model data/kadid10k/images/I42_24_01.png,/data/projectwork/swati_mam/kadid10k/images/I42.png,High sharpen,NA,1,3.23,val,HF/sharpen,5.4908457,3.2612996
KADID-10k,I42_24_03,I42,/data/projectwork/swati_mam/new model data/kadid10k/images/I42_24_03.png,/data/projectwork/swati_mam/kadid10k/images/I42.png,High sharpen,NA,3,2.3,val,HF/sharpen,-18.308088,3.8115249
KADID-10k,I42_10_02,I42,/data/projectwork/swati_mam/new model data/kadid10k/images/I42_10_02.png,/data/projectwork/swati_mam/kadid10k/images/I42.png,JPEG,NA,2,4.33,val,other,5.359095,2.280206
KADID-10k,I42_10_03,I42,/data/projectwork/swati_mam/new model data/kadid10k/images/I42_10_03.png,/data/projectwork/swati_mam/kadid10k/images/I42.png,JPEG,NA,3,3.8,val,other,15.394213,6.3524857
KADID-10k,I42_10_04,I42,/data/projectwork/swati_mam/new model data/kadid10k/images/I42_10_04.png,/data/projectwork/swati_mam/kadid10k/images/I42.png,JPEG,NA,4,2.3,val,other,5.0173464,2.0660474
KADID-10k,I42_10_05,I42,/data/projectwork/swati_mam/new model data/kadid10k/images/I42_10_05.png,/data/projectwork/swati_mam/kadid10k/images/I42.png,JPEG,NA,5,1.43,val,other,-5.038399,-5.5586314
KADID-10k,I42_09_01,I42,/data/projectwork/swati_mam/new model data/kadid10k/images/I42_09_01.png,/data/projectwork/swati_mam/kadid10k/images/I42.png,JPEG2000,NA,1,4.73,val,other,12.757387,5.727777
KADID-10k,I42_19_01,I42,/data/projectwork/swati_mam/new model data/kadid10k/images/I42_19_01.png,/data/projectwork/swati_mam/kadid10k/images/I42.png,Jitter,NA,1,4.37,val,other,15.946923,6.193851
KADID-10k,I42_19_02,I42,/data/projectwork/swati_mam/new model data/kadid10k/images/I42_19_02.png,/data/projectwork/swati_mam/kadid10k/images/I42.png,Jitter,NA,2,4.5,val,other,16.007734,5.981889
KADID-10k,I42_19_05,I42,/data/projectwork/swati_mam/new model data/kadid10k/images/I42_19_05.png,/data/projectwork/swati_mam/kadid10k/images/I42.png,Jitter,NA,5,1.43,val,other,-14.771673,-3.4588394
KADID-10k,I42_02_01,I42,/data/projectwork/swati_mam/new model data/kadid10k/images/I42_02_01.png,/data/projectwork/swati_mam/kadid10k/images/I42.png,Lens blur,NA,1,4.07,val,blur,16.229786,6.828846
KADID-10k,I42_02_02,I42,/data/projectwork/swati_mam/new model data/kadid10k/images/I42_02_02.png,/data/projectwork/swati_mam/kadid10k/images/I42.png,Lens blur,NA,2,3.13,val,blur,16.784895,6.858207
KADID-10k,I42_02_03,I42,/data/projectwork/swati_mam/new model data/kadid10k/images/I42_02_03.png,/data/projectwork/swati_mam/kadid10k/images/I42.png,Lens blur,NA,3,1.63,val,blur,12.716502,5.1250615
KADID-10k,I42_18_01,I42,/data/projectwork/swati_mam/new model data/kadid10k/images/I42_18_01.png,/data/projectwork/swati_mam/kadid10k/images/I42.png,Mean shift,NA,1,4.5,val,other,13.390307,5.5380335
KADID-10k,I42_18_02,I42,/data/projectwork/swati_mam/new model data/kadid10k/images/I42_18_02.png,/data/projectwork/swati_mam/kadid10k/images/I42.png,Mean shift,NA,2,4.7,val,other,13.455811,6.110971
KADID-10k,I42_18_03,I42,/data/projectwork/swati_mam/new model data/kadid10k/images/I42_18_03.png,/data/projectwork/swati_mam/kadid10k/images/I42.png,Mean shift,NA,3,4.77,val,other,12.953724,6.258193
KADID-10k,I42_18_05,I42,/data/projectwork/swati_mam/new model data/kadid10k/images/I42_18_05.png,/data/projectwork/swati_mam/kadid10k/images/I42.png,Mean shift,NA,5,3.93,val,other,5.8469152,3.8270047
KADID-10k,I42_03_01,I42,/data/projectwork/swati_mam/new model data/kadid10k/images/I42_03_01.png,/data/projectwork/swati_mam/kadid10k/images/I42.png,Motion blur,NA,1,4.77,val,blur,12.954405,6.260082
KADID-10k,I42_03_04,I42,/data/projectwork/swati_mam/new model data/kadid10k/images/I42_03_04.png,/data/projectwork/swati_mam/kadid10k/images/I42.png,Motion blur,NA,4,2.33,val,blur,17.092413,6.641136
KADID-10k,I42_14_01,I42,/data/projectwork/swati_mam/new model data/kadid10k/images/I42_14_01.png,/data/projectwork/swati_mam/kadid10k/images/I42.png,Multiplicative noise,NA,1,4.37,val,noise,12.027052,5.761042
KADID-10k,I42_14_02,I42,/data/projectwork/swati_mam/new model data/kadid10k/images/I42_14_02.png,/data/projectwork/swati_mam/kadid10k/images/I42.png,Multiplicative noise,NA,2,4.07,val,noise,2.67843,2.0207076
KADID-10k,I42_14_03,I42,/data/projectwork/swati_mam/new model data/kadid10k/images/I42_14_03.png,/data/projectwork/swati_mam/kadid10k/images/I42.png,Multiplicative noise,NA,3,3.23,val,noise,-22.848883,-5.3041286
KADID-10k,I42_14_04,I42,/data/projectwork/swati_mam/new model data/kadid10k/images/I42_14_04.png,/data/projectwork/swati_mam/kadid10k/images/I42.png,Multiplicative noise,NA,4,2.93,val,noise,-33.04708,-2.94147
KADID-10k,I42_14_05,I42,/data/projectwork/swati_mam/new model data/kadid10k/images/I42_14_05.png,/data/projectwork/swati_mam/kadid10k/images/I42.png,Multiplicative noise,NA,5,2.33,val,noise,-46.963486,-0.5000635
KADID-10k,I42_20_03,I42,/data/projectwork/swati_mam/new model data/kadid10k/images/I42_20_03.png,/data/projectwork/swati_mam/kadid10k/images/I42.png,Non-eccentricity patch,NA,3,3.3,val,other,4.664431,1.8926277
KADID-10k,I42_21_01,I42,/data/projectwork/swati_mam/new model data/kadid10k/images/I42_21_01.png,/data/projectwork/swati_mam/kadid10k/images/I42.png,Pixelate,NA,1,3.42,val,other,17.545135,7.2379036
KADID-10k,I42_21_04,I42,/data/projectwork/swati_mam/new model data/kadid10k/images/I42_21_04.png,/data/projectwork/swati_mam/kadid10k/images/I42.png,Pixelate,NA,4,2.67,val,other,-12.06715,-6.321338
KADID-10k,I42_22_02,I42,/data/projectwork/swati_mam/new model data/kadid10k/images/I42_22_02.png,/data/projectwork/swati_mam/kadid10k/images/I42.png,Quantization,NA,2,4.77,val,other,5.298123,3.4969451
KADID-10k,I42_11_02,I42,/data/projectwork/swati_mam/new model data/kadid10k/images/I42_11_02.png,/data/projectwork/swati_mam/kadid10k/images/I42.png,White noise,NA,2,3.6,val,noise,-12.6420555,-6.896101
KADID-10k,I42_11_04,I42,/data/projectwork/swati_mam/new model data/kadid10k/images/I42_11_04.png,/data/projectwork/swati_mam/kadid10k/images/I42.png,White noise,NA,4,3.0,val,noise,-35.460403,-2.5566297
KADID-10k,I42_11_05,I42,/data/projectwork/swati_mam/new model data/kadid10k/images/I42_11_05.png,/data/projectwork/swati_mam/kadid10k/images/I42.png,White noise,NA,5,2.47,val,noise,-46.482254,-0.8713957
KADID-10k,I42_12_01,I42,/data/projectwork/swati_mam/new model data/kadid10k/images/I42_12_01.png,/data/projectwork/swati_mam/kadid10k/images/I42.png,White noise in color component,NA,1,4.73,val,noise,11.777719,5.822145
KADID-10k,I42_12_02,I42,/data/projectwork/swati_mam/new model data/kadid10k/images/I42_12_02.png,/data/projectwork/swati_mam/kadid10k/images/I42.png,White noise in color component,NA,2,3.83,val,noise,-12.286588,-6.568244
KADID-10k,I45_16_03,I45,/data/projectwork/swati_mam/new model data/kadid10k/images/I45_16_03.png,/data/projectwork/swati_mam/kadid10k/images/I45.png,Brighten,NA,3,3.7,val,other,-6.318204,-4.2905154
KADID-10k,I45_16_05,I45,/data/projectwork/swati_mam/new model data/kadid10k/images/I45_16_05.png,/data/projectwork/swati_mam/kadid10k/images/I45.png,Brighten,NA,5,1.47,val,other,-12.337636,-8.377855
KADID-10k,I45_23_01,I45,/data/projectwork/swati_mam/new model data/kadid10k/images/I45_23_01.png,/data/projectwork/swati_mam/kadid10k/images/I45.png,Color block,NA,1,4.03,val,other,-2.2965841,-2.3138754
KADID-10k,I45_23_02,I45,/data/projectwork/swati_mam/new model data/kadid10k/images/I45_23_02.png,/data/projectwork/swati_mam/kadid10k/images/I45.png,Color block,NA,2,2.77,val,other,-0.14547817,0.68730754
KADID-10k,I45_23_03,I45,/data/projectwork/swati_mam/new model data/kadid10k/images/I45_23_03.png,/data/projectwork/swati_mam/kadid10k/images/I45.png,Color block,NA,3,2.4,val,other,-5.0052147,-2.860062
KADID-10k,I45_23_05,I45,/data/projectwork/swati_mam/new model data/kadid10k/images/I45_23_05.png,/data/projectwork/swati_mam/kadid10k/images/I45.png,Color block,NA,5,1.97,val,other,-5.526398,-2.941143
KADID-10k,I45_04_05,I45,/data/projectwork/swati_mam/new model data/kadid10k/images/I45_04_05.png,/data/projectwork/swati_mam/kadid10k/images/I45.png,Color diffusion,NA,5,1.3,val,other,-55.396618,-1.2256566
KADID-10k,I45_06_01,I45,/data/projectwork/swati_mam/new model data/kadid10k/images/I45_06_01.png,/data/projectwork/swati_mam/kadid10k/images/I45.png,Color quantization,NA,1,3.33,val,other,-17.39299,-2.501136
KADID-10k,I45_06_03,I45,/data/projectwork/swati_mam/new model data/kadid10k/images/I45_06_03.png,/data/projectwork/swati_mam/kadid10k/images/I45.png,Color quantization,NA,3,2.5,val,other,-26.75999,-1.1015241
KADID-10k,I45_07_02,I45,/data/projectwork/swati_mam/new model data/kadid10k/images/I45_07_02.png,/data/projectwork/swati_mam/kadid10k/images/I45.png,Color saturation 1,NA,2,2.67,val,other,-4.080879,-4.349507
KADID-10k,I45_07_03,I45,/data/projectwork/swati_mam/new model data/kadid10k/images/I45_07_03.png,/data/projectwork/swati_mam/kadid10k/images/I45.png,Color saturation 1,NA,3,2.3,val,other,-4.1303196,-4.4767566
KADID-10k,I45_07_05,I45,/data/projectwork/swati_mam/new model data/kadid10k/images/I45_07_05.png,/data/projectwork/swati_mam/kadid10k/images/I45.png,Color saturation 1,NA,5,1.93,val,other,-12.399475,-8.443779
KADID-10k,I45_08_03,I45,/data/projectwork/swati_mam/new model data/kadid10k/images/I45_08_03.png,/data/projectwork/swati_mam/kadid10k/images/I45.png,Color saturation 2,NA,3,2.63,val,other,-27.037855,-0.3560146
KADID-10k,I45_08_04,I45,/data/projectwork/swati_mam/new model data/kadid10k/images/I45_08_04.png,/data/projectwork/swati_mam/kadid10k/images/I45.png,Color saturation 2,NA,4,1.37,val,other,-51.138554,-0.12822701
KADID-10k,I45_05_01,I45,/data/projectwork/swati_mam/new model data/kadid10k/images/I45_05_01.png,/data/projectwork/swati_mam/kadid10k/images/I45.png,Color shift,NA,1,3.8,val,other,-2.495227,-3.408206
KADID-10k,I45_05_02,I45,/data/projectwork/swati_mam/new model data/kadid10k/images/I45_05_02.png,/data/projectwork/swati_mam/kadid10k/images/I45.png,Color shift,NA,2,2.69,val,other,-7.330405,-4.730907
KADID-10k,I45_05_03,I45,/data/projectwork/swati_mam/new model data/kadid10k/images/I45_05_03.png,/data/projectwork/swati_mam/kadid10k/images/I45.png,Color shift,NA,3,1.63,val,other,-7.5657864,-4.6769943
KADID-10k,I45_25_01,I45,/data/projectwork/swati_mam/new model data/kadid10k/images/I45_25_01.png,/data/projectwork/swati_mam/kadid10k/images/I45.png,Contrast change,NA,1,3.4,val,other,-3.5272417,-1.894525
KADID-10k,I45_25_02,I45,/data/projectwork/swati_mam/new model data/kadid10k/images/I45_25_02.png,/data/projectwork/swati_mam/kadid10k/images/I45.png,Contrast change,NA,2,3.8,val,other,-2.6289527,-1.551585
KADID-10k,I45_25_03,I45,/data/projectwork/swati_mam/new model data/kadid10k/images/I45_25_03.png,/data/projectwork/swati_mam/kadid10k/images/I45.png,Contrast change,NA,3,4.27,val,other,-1.9526969,-1.4032179
KADID-10k,I45_25_04,I45,/data/projectwork/swati_mam/new model data/kadid10k/images/I45_25_04.png,/data/projectwork/swati_mam/kadid10k/images/I45.png,Contrast change,NA,4,4.27,val,other,-3.761847,-3.9864962
KADID-10k,I45_17_03,I45,/data/projectwork/swati_mam/new model data/kadid10k/images/I45_17_03.png,/data/projectwork/swati_mam/kadid10k/images/I45.png,Darken,NA,3,4.17,val,other,-0.82234895,-0.4673333
KADID-10k,I45_15_04,I45,/data/projectwork/swati_mam/new model data/kadid10k/images/I45_15_04.png,/data/projectwork/swati_mam/kadid10k/images/I45.png,Denoise,NA,4,1.47,val,noise,-26.083199,-1.101842
KADID-10k,I45_15_05,I45,/data/projectwork/swati_mam/new model data/kadid10k/images/I45_15_05.png,/data/projectwork/swati_mam/kadid10k/images/I45.png,Denoise,NA,5,1.3,val,noise,-39.376797,-1.1217917
KADID-10k,I45_01_03,I45,/data/projectwork/swati_mam/new model data/kadid10k/images/I45_01_03.png,/data/projectwork/swati_mam/kadid10k/images/I45.png,Gaussian blur,NA,3,2.63,val,blur,-2.6173809,-4.042266
KADID-10k,I45_01_04,I45,/data/projectwork/swati_mam/new model data/kadid10k/images/I45_01_04.png,/data/projectwork/swati_mam/kadid10k/images/I45.png,Gaussian blur,NA,4,1.45,val,blur,-8.038774,-5.60765
KADID-10k,I45_24_02,I45,/data/projectwork/swati_mam/new model data/kadid10k/images/I45_24_02.png,/data/projectwork/swati_mam/kadid10k/images/I45.png,High sharpen,NA,2,2.53,val,HF/sharpen,-2.7810774,-0.79837066
KADID-10k,I45_24_03,I45,/data/projectwork/swati_mam/new model data/kadid10k/images/I45_24_03.png,/data/projectwork/swati_mam/kadid10k/images/I45.png,High sharpen,NA,3,2.1,val,HF/sharpen,-5.9092884,-1.7510523
KADID-10k,I45_24_04,I45,/data/projectwork/swati_mam/new model data/kadid10k/images/I45_24_04.png,/data/projectwork/swati_mam/kadid10k/images/I45.png,High sharpen,NA,4,1.53,val,HF/sharpen,-30.362282,2.83108
KADID-10k,I45_24_05,I45,/data/projectwork/swati_mam/new model data/kadid10k/images/I45_24_05.png,/data/projectwork/swati_mam/kadid10k/images/I45.png,High sharpen,NA,5,1.37,val,HF/sharpen,-40.972355,4.512692
KADID-10k,I45_13_01,I45,/data/projectwork/swati_mam/new model data/kadid10k/images/I45_13_01.png,/data/projectwork/swati_mam/kadid10k/images/I45.png,Impulse noise,NA,1,3.37,val,noise,-4.75861,-3.5805209
KADID-10k,I45_13_02,I45,/data/projectwork/swati_mam/new model data/kadid10k/images/I45_13_02.png,/data/projectwork/swati_mam/kadid10k/images/I45.png,Impulse noise,NA,2,2.8,val,noise,-17.257792,-2.056262
KADID-10k,I45_13_04,I45,/data/projectwork/swati_mam/new model data/kadid10k/images/I45_13_04.png,/data/projectwork/swati_mam/kadid10k/images/I45.png,Impulse noise,NA,4,2.37,val,noise,-42.521088,-0.6397316
KADID-10k,I45_10_02,I45,/data/projectwork/swati_mam/new model data/kadid10k/images/I45_10_02.png,/data/projectwork/swati_mam/kadid10k/images/I45.png,JPEG,NA,2,4.06,val,other,-2.6527085,-2.4427655
KADID-10k,I45_10_03,I45,/data/projectwork/swati_mam/new model data/kadid10k/images/I45_10_03.png,/data/projectwork/swati_mam/kadid10k/images/I45.png,JPEG,NA,3,3.58,val,other,-3.6246164,-2.9831817
KADID-10k,I45_10_04,I45,/data/projectwork/swati_mam/new model data/kadid10k/images/I45_10_04.png,/data/projectwork/swati_mam/kadid10k/images/I45.png,JPEG,NA,4,1.53,val,other,-15.49754,-2.6038387
KADID-10k,I45_10_05,I45,/data/projectwork/swati_mam/new model data/kadid10k/images/I45_10_05.png,/data/projectwork/swati_mam/kadid10k/images/I45.png,JPEG,NA,5,1.13,val,other,-26.37951,-1.2214055
KADID-10k,I45_09_01,I45,/data/projectwork/swati_mam/new model data/kadid10k/images/I45_09_01.png,/data/projectwork/swati_mam/kadid10k/images/I45.png,JPEG2000,NA,1,4.5,val,other,-1.7597708,-2.0575905
KADID-10k,I45_09_05,I45,/data/projectwork/swati_mam/new model data/kadid10k/images/I45_09_05.png,/data/projectwork/swati_mam/kadid10k/images/I45.png,JPEG2000,NA,5,1.13,val,other,-9.8376,-5.047909
KADID-10k,I45_19_05,I45,/data/projectwork/swati_mam/new model data/kadid10k/images/I45_19_05.png,/data/projectwork/swati_mam/kadid10k/images/I45.png,Jitter,NA,5,1.4,val,other,-15.97928,-2.5959938
KADID-10k,I45_02_03,I45,/data/projectwork/swati_mam/new model data/kadid10k/images/I45_02_03.png,/data/projectwork/swati_mam/kadid10k/images/I45.png,Lens blur,NA,3,1.5,val,blur,-8.27555,-5.619763
KADID-10k,I45_02_05,I45,/data/projectwork/swati_mam/new model data/kadid10k/images/I45_02_05.png,/data/projectwork/swati_mam/kadid10k/images/I45.png,Lens blur,NA,5,1.17,val,blur,-17.743385,-4.692126
KADID-10k,I45_18_02,I45,/data/projectwork/swati_mam/new model data/kadid10k/images/I45_18_02.png,/data/projectwork/swati_mam/kadid10k/images/I45.png,Mean shift,NA,2,4.43,val,other,-2.0270872,-1.7407848
KADID-10k,I45_18_04,I45,/data/projectwork/swati_mam/new model data/kadid10k/images/I45_18_04.png,/data/projectwork/swati_mam/kadid10k/images/I45.png,Mean shift,NA,4,4.43,val,other,-5.059587,-3.9304895
KADID-10k,I45_18_05,I45,/data/projectwork/swati_mam/new model data/kadid10k/images/I45_18_05.png,/data/projectwork/swati_mam/kadid10k/images/I45.png,Mean shift,NA,5,4.03,val,other,-5.4761224,-3.7997975
KADID-10k,I45_03_02,I45,/data/projectwork/swati_mam/new model data/kadid10k/images/I45_03_02.png,/data/projectwork/swati_mam/kadid10k/images/I45.png,Motion blur,NA,2,3.8,val,blur,-2.1030211,-2.681595
KADID-10k,I45_03_03,I45,/data/projectwork/swati_mam/new model data/kadid10k/images/I45_03_03.png,/data/projectwork/swati_mam/kadid10k/images/I45.png,Motion blur,NA,3,2.53,val,blur,-3.1236389,-4.304068
KADID-10k,I45_03_04,I45,/data/projectwork/swati_mam/new model data/kadid10k/images/I45_03_04.png,/data/projectwork/swati_mam/kadid10k/images/I45.png,Motion blur,NA,4,1.9,val,blur,-1.8983469,-3.534432
KADID-10k,I45_03_05,I45,/data/projectwork/swati_mam/new model data/kadid10k/images/I45_03_05.png,/data/projectwork/swati_mam/kadid10k/images/I45.png,Motion blur,NA,5,1.6,val,blur,-7.3659506,-5.7257557
KADID-10k,I45_14_01,I45,/data/projectwork/swati_mam/new model data/kadid10k/images/I45_14_01.png,/data/projectwork/swati_mam/kadid10k/images/I45.png,Multiplicative noise,NA,1,4.27,val,noise,-6.0498023,-3.8981729
KADID-10k,I45_14_02,I45,/data/projectwork/swati_mam/new model data/kadid10k/images/I45_14_02.png,/data/projectwork/swati_mam/kadid10k/images/I45.png,Multiplicative noise,NA,2,3.23,val,noise,-26.58932,-1.1422101
KADID-10k,I45_14_05,I45,/data/projectwork/swati_mam/new model data/kadid10k/images/I45_14_05.png,/data/projectwork/swati_mam/kadid10k/images/I45.png,Multiplicative noise,NA,5,1.73,val,noise,-49.30624,-1.8685286
KADID-10k,I45_21_01,I45,/data/projectwork/swati_mam/new model data/kadid10k/images/I45_21_01.png,/data/projectwork/swati_mam/kadid10k/images/I45.png,Pixelate,NA,1,3.77,val,other,-0.22476214,0.34692279
KADID-10k,I45_21_03,I45,/data/projectwork/swati_mam/new model data/kadid10k/images/I45_21_03.png,/data/projectwork/swati_mam/kadid10k/images/I45.png,Pixelate,NA,3,2.6,val,other,-5.742197,-4.7038403
KADID-10k,I45_21_05,I45,/data/projectwork/swati_mam/new model data/kadid10k/images/I45_21_05.png,/data/projectwork/swati_mam/kadid10k/images/I45.png,Pixelate,NA,5,1.23,val,other,-26.284842,-2.598327
KADID-10k,I45_22_02,I45,/data/projectwork/swati_mam/new model data/kadid10k/images/I45_22_02.png,/data/projectwork/swati_mam/kadid10k/images/I45.png,Quantization,NA,2,4.1,val,other,-6.691917,-4.4388585
KADID-10k,I45_22_03,I45,/data/projectwork/swati_mam/new model data/kadid10k/images/I45_22_03.png,/data/projectwork/swati_mam/kadid10k/images/I45.png,Quantization,NA,3,3.73,val,other,-16.296923,-3.0053878
KADID-10k,I45_22_05,I45,/data/projectwork/swati_mam/new model data/kadid10k/images/I45_22_05.png,/data/projectwork/swati_mam/kadid10k/images/I45.png,Quantization,NA,5,2.47,val,other,-17.454903,-2.7364767
KADID-10k,I45_11_01,I45,/data/projectwork/swati_mam/new model data/kadid10k/images/I45_11_01.png,/data/projectwork/swati_mam/kadid10k/images/I45.png,White noise,NA,1,3.97,val,noise,-17.390388,-2.3189135
KADID-10k,I45_11_03,I45,/data/projectwork/swati_mam/new model data/kadid10k/images/I45_11_03.png,/data/projectwork/swati_mam/kadid10k/images/I45.png,White noise,NA,3,2.67,val,noise,-27.526081,-0.5132139
KADID-10k,I45_11_05,I45,/data/projectwork/swati_mam/new model data/kadid10k/images/I45_11_05.png,/data/projectwork/swati_mam/kadid10k/images/I45.png,White noise,NA,5,2.33,val,noise,-47.483982,-1.8335564
KADID-10k,I45_12_04,I45,/data/projectwork/swati_mam/new model data/kadid10k/images/I45_12_04.png,/data/projectwork/swati_mam/kadid10k/images/I45.png,White noise in color component,NA,4,2.27,val,noise,-42.94595,-0.7381075
KADID-10k,I45_12_05,I45,/data/projectwork/swati_mam/new model data/kadid10k/images/I45_12_05.png,/data/projectwork/swati_mam/kadid10k/images/I45.png,White noise in color component,NA,5,2.23,val,noise,-47.509064,-1.7012838
KADID-10k,I46_16_05,I46,/data/projectwork/swati_mam/new model data/kadid10k/images/I46_16_05.png,/data/projectwork/swati_mam/kadid10k/images/I46.png,Brighten,NA,5,1.67,val,other,2.648453,0.066290416
KADID-10k,I46_23_02,I46,/data/projectwork/swati_mam/new model data/kadid10k/images/I46_23_02.png,/data/projectwork/swati_mam/kadid10k/images/I46.png,Color block,NA,2,2.57,val,other,36.750843,9.299647
KADID-10k,I46_04_02,I46,/data/projectwork/swati_mam/new model data/kadid10k/images/I46_04_02.png,/data/projectwork/swati_mam/kadid10k/images/I46.png,Color diffusion,NA,2,2.47,val,other,26.621717,8.447806
KADID-10k,I46_04_03,I46,/data/projectwork/swati_mam/new model data/kadid10k/images/I46_04_03.png,/data/projectwork/swati_mam/kadid10k/images/I46.png,Color diffusion,NA,3,1.73,val,other,-52.110252,1.8176194
KADID-10k,I46_04_04,I46,/data/projectwork/swati_mam/new model data/kadid10k/images/I46_04_04.png,/data/projectwork/swati_mam/kadid10k/images/I46.png,Color diffusion,NA,4,1.45,val,other,-52.206646,1.4530947
KADID-10k,I46_04_05,I46,/data/projectwork/swati_mam/new model data/kadid10k/images/I46_04_05.png,/data/projectwork/swati_mam/kadid10k/images/I46.png,Color diffusion,NA,5,1.5,val,other,-52.44103,0.7117938
KADID-10k,I46_06_03,I46,/data/projectwork/swati_mam/new model data/kadid10k/images/I46_06_03.png,/data/projectwork/swati_mam/kadid10k/images/I46.png,Color quantization,NA,3,3.67,val,other,31.528017,8.135775
KADID-10k,I46_06_04,I46,/data/projectwork/swati_mam/new model data/kadid10k/images/I46_06_04.png,/data/projectwork/swati_mam/kadid10k/images/I46.png,Color quantization,NA,4,3.1,val,other,14.5530815,2.0883176
KADID-10k,I46_07_04,I46,/data/projectwork/swati_mam/new model data/kadid10k/images/I46_07_04.png,/data/projectwork/swati_mam/kadid10k/images/I46.png,Color saturation 1,NA,4,1.7,val,other,28.98012,8.025605
KADID-10k,I46_08_01,I46,/data/projectwork/swati_mam/new model data/kadid10k/images/I46_08_01.png,/data/projectwork/swati_mam/kadid10k/images/I46.png,Color saturation 2,NA,1,4.6,val,other,37.336605,9.037782
KADID-10k,I46_08_02,I46,/data/projectwork/swati_mam/new model data/kadid10k/images/I46_08_02.png,/data/projectwork/swati_mam/kadid10k/images/I46.png,Color saturation 2,NA,2,3.33,val,other,30.483843,7.909611
KADID-10k,I46_08_04,I46,/data/projectwork/swati_mam/new model data/kadid10k/images/I46_08_04.png,/data/projectwork/swati_mam/kadid10k/images/I46.png,Color saturation 2,NA,4,1.37,val,other,-52.2617,0.3475314
KADID-10k,I46_08_05,I46,/data/projectwork/swati_mam/new model data/kadid10k/images/I46_08_05.png,/data/projectwork/swati_mam/kadid10k/images/I46.png,Color saturation 2,NA,5,1.3,val,other,-52.648476,-0.31406876
KADID-10k,I46_05_01,I46,/data/projectwork/swati_mam/new model data/kadid10k/images/I46_05_01.png,/data/projectwork/swati_mam/kadid10k/images/I46.png,Color shift,NA,1,4.53,val,other,34.733047,9.101203
KADID-10k,I46_05_02,I46,/data/projectwork/swati_mam/new model data/kadid10k/images/I46_05_02.png,/data/projectwork/swati_mam/kadid10k/images/I46.png,Color shift,NA,2,2.8,val,other,32.322147,8.417047
KADID-10k,I46_05_03,I46,/data/projectwork/swati_mam/new model data/kadid10k/images/I46_05_03.png,/data/projectwork/swati_mam/kadid10k/images/I46.png,Color shift,NA,3,2.37,val,other,27.35191,6.788617
KADID-10k,I46_05_05,I46,/data/projectwork/swati_mam/new model data/kadid10k/images/I46_05_05.png,/data/projectwork/swati_mam/kadid10k/images/I46.png,Color shift,NA,5,2.67,val,other,6.2568836,-3.9776092
KADID-10k,I46_25_01,I46,/data/projectwork/swati_mam/new model data/kadid10k/images/I46_25_01.png,/data/projectwork/swati_mam/kadid10k/images/I46.png,Contrast change,NA,1,3.53,val,other,39.83812,9.8344755
KADID-10k,I46_25_05,I46,/data/projectwork/swati_mam/new model data/kadid10k/images/I46_25_05.png,/data/projectwork/swati_mam/kadid10k/images/I46.png,Contrast change,NA,5,3.47,val,other,27.16537,6.6872096
KADID-10k,I46_17_01,I46,/data/projectwork/swati_mam/new model data/kadid10k/images/I46_17_01.png,/data/projectwork/swati_mam/kadid10k/images/I46.png,Darken,NA,1,4.67,val,other,37.8735,9.423574
KADID-10k,I46_17_02,I46,/data/projectwork/swati_mam/new model data/kadid10k/images/I46_17_02.png,/data/projectwork/swati_mam/kadid10k/images/I46.png,Darken,NA,2,4.63,val,other,38.123215,9.879907
KADID-10k,I46_17_03,I46,/data/projectwork/swati_mam/new model data/kadid10k/images/I46_17_03.png,/data/projectwork/swati_mam/kadid10k/images/I46.png,Darken,NA,3,4.27,val,other,38.74554,9.951796
KADID-10k,I46_15_02,I46,/data/projectwork/swati_mam/new model data/kadid10k/images/I46_15_02.png,/data/projectwork/swati_mam/kadid10k/images/I46.png,Denoise,NA,2,3.3,val,noise,35.991646,8.2934885
KADID-10k,I46_15_04,I46,/data/projectwork/swati_mam/new model data/kadid10k/images/I46_15_04.png,/data/projectwork/swati_mam/kadid10k/images/I46.png,Denoise,NA,4,1.72,val,noise,15.298245,3.269887
KADID-10k,I46_01_01,I46,/data/projectwork/swati_mam/new model data/kadid10k/images/I46_01_01.png,/data/projectwork/swati_mam/kadid10k/images/I46.png,Gaussian blur,NA,1,4.65,val,blur,37.16084,9.7424965
KADID-10k,I46_01_02,I46,/data/projectwork/swati_mam/new model data/kadid10k/images/I46_01_02.png,/data/projectwork/swati_mam/kadid10k/images/I46.png,Gaussian blur,NA,2,4.33,val,blur,35.89973,9.300738
KADID-10k,I46_24_01,I46,/data/projectwork/swati_mam/new model data/kadid10k/images/I46_24_01.png,/data/projectwork/swati_mam/kadid10k/images/I46.png,High sharpen,NA,1,3.1,val,HF/sharpen,39.112118,9.590047
KADID-10k,I46_24_02,I46,/data/projectwork/swati_mam/new model data/kadid10k/images/I46_24_02.png,/data/projectwork/swati_mam/kadid10k/images/I46.png,High sharpen,NA,2,2.33,val,HF/sharpen,34.897186,7.9114504
KADID-10k,I46_24_03,I46,/data/projectwork/swati_mam/new model data/kadid10k/images/I46_24_03.png,/data/projectwork/swati_mam/kadid10k/images/I46.png,High sharpen,NA,3,1.9,val,HF/sharpen,29.786701,6.707201
KADID-10k,I46_13_02,I46,/data/projectwork/swati_mam/new model data/kadid10k/images/I46_13_02.png,/data/projectwork/swati_mam/kadid10k/images/I46.png,Impulse noise,NA,2,3.6,val,noise,33.488552,8.707164
KADID-10k,I46_13_03,I46,/data/projectwork/swati_mam/new model data/kadid10k/images/I46_13_03.png,/data/projectwork/swati_mam/kadid10k/images/I46.png,Impulse noise,NA,3,3.37,val,noise,27.659569,7.0035114
KADID-10k,I46_13_04,I46,/data/projectwork/swati_mam/new model data/kadid10k/images/I46_13_04.png,/data/projectwork/swati_mam/kadid10k/images/I46.png,Impulse noise,NA,4,2.73,val,noise,-8.632684,0.36967078
KADID-10k,I46_13_05,I46,/data/projectwork/swati_mam/new model data/kadid10k/images/I46_13_05.png,/data/projectwork/swati_mam/kadid10k/images/I46.png,Impulse noise,NA,5,2.3,val,noise,-28.34633,2.7208917
KADID-10k,I46_10_01,I46,/data/projectwork/swati_mam/new model data/kadid10k/images/I46_10_01.png,/data/projectwork/swati_mam/kadid10k/images/I46.png,JPEG,NA,1,4.67,val,other,36.499245,9.943828
KADID-10k,I46_10_02,I46,/data/projectwork/swati_mam/new model data/kadid10k/images/I46_10_02.png,/data/projectwork/swati_mam/kadid10k/images/I46.png,JPEG,NA,2,4.43,val,other,37.259285,10.302466
KADID-10k,I46_10_03,I46,/data/projectwork/swati_mam/new model data/kadid10k/images/I46_10_03.png,/data/projectwork/swati_mam/kadid10k/images/I46.png,JPEG,NA,3,4.13,val,other,35.221638,9.303268
KADID-10k,I46_10_04,I46,/data/projectwork/swati_mam/new model data/kadid10k/images/I46_10_04.png,/data/projectwork/swati_mam/kadid10k/images/I46.png,JPEG,NA,4,2.03,val,other,28.886871,7.3795514
KADID-10k,I46_09_02,I46,/data/projectwork/swati_mam/new model data/kadid10k/images/I46_09_02.png,/data/projectwork/swati_mam/kadid10k/images/I46.png,JPEG2000,NA,2,4.1,val,other,36.055393,9.933284
KADID-10k,I46_09_04,I46,/data/projectwork/swati_mam/new model data/kadid10k/images/I46_09_04.png,/data/projectwork/swati_mam/kadid10k/images/I46.png,JPEG2000,NA,4,1.97,val,other,29.42809,8.33009
KADID-10k,I46_09_05,I46,/data/projectwork/swati_mam/new model data/kadid10k/images/I46_09_05.png,/data/projectwork/swati_mam/kadid10k/images/I46.png,JPEG2000,NA,5,1.17,val,other,7.053026,3.9046783
KADID-10k,I46_19_01,I46,/data/projectwork/swati_mam/new model data/kadid10k/images/I46_19_01.png,/data/projectwork/swati_mam/kadid10k/images/I46.png,Jitter,NA,1,4.53,val,other,38.878643,10.248922
KADID-10k,I46_19_03,I46,/data/projectwork/swati_mam/new model data/kadid10k/images/I46_19_03.png,/data/projectwork/swati_mam/kadid10k/images/I46.png,Jitter,NA,3,3.33,val,other,35.736084,8.710081
KADID-10k,I46_18_03,I46,/data/projectwork/swati_mam/new model data/kadid10k/images/I46_18_03.png,/data/projectwork/swati_mam/kadid10k/images/I46.png,Mean shift,NA,3,4.73,val,other,37.16084,9.7424965
KADID-10k,I46_18_04,I46,/data/projectwork/swati_mam/new model data/kadid10k/images/I46_18_04.png,/data/projectwork/swati_mam/kadid10k/images/I46.png,Mean shift,NA,4,4.67,val,other,36.539272,8.950519
KADID-10k,I46_18_05,I46,/data/projectwork/swati_mam/new model data/kadid10k/images/I46_18_05.png,/data/projectwork/swati_mam/kadid10k/images/I46.png,Mean shift,NA,5,3.97,val,other,38.500694,9.360228
KADID-10k,I46_03_01,I46,/data/projectwork/swati_mam/new model data/kadid10k/images/I46_03_01.png,/data/projectwork/swati_mam/kadid10k/images/I46.png,Motion blur,NA,1,4.67,val,blur,37.336628,9.037662
KADID-10k,I46_03_02,I46,/data/projectwork/swati_mam/new model data/kadid10k/images/I46_03_02.png,/data/projectwork/swati_mam/kadid10k/images/I46.png,Motion blur,NA,2,4.1,val,blur,35.375374,9.588631
KADID-10k,I46_03_04,I46,/data/projectwork/swati_mam/new model data/kadid10k/images/I46_03_04.png,/data/projectwork/swati_mam/kadid10k/images/I46.png,Motion blur,NA,4,2.0,val,blur,27.931139,7.828671
KADID-10k,I46_14_04,I46,/data/projectwork/swati_mam/new model data/kadid10k/images/I46_14_04.png,/data/projectwork/swati_mam/kadid10k/images/I46.png,Multiplicative noise,NA,4,2.5,val,noise,2.3104153,-1.8212746
KADID-10k,I46_14_05,I46,/data/projectwork/swati_mam/new model data/kadid10k/images/I46_14_05.png,/data/projectwork/swati_mam/kadid10k/images/I46.png,Multiplicative noise,NA,5,1.87,val,noise,-35.352367,2.6527522
KADID-10k,I46_20_02,I46,/data/projectwork/swati_mam/new model data/kadid10k/images/I46_20_02.png,/data/projectwork/swati_mam/kadid10k/images/I46.png,Non-eccentricity patch,NA,2,4.5,val,other,37.928974,10.281108
KADID-10k,I46_20_04,I46,/data/projectwork/swati_mam/new model data/kadid10k/images/I46_20_04.png,/data/projectwork/swati_mam/kadid10k/images/I46.png,Non-eccentricity patch,NA,4,4.23,val,other,33.615265,8.607299
KADID-10k,I46_20_05,I46,/data/projectwork/swati_mam/new model data/kadid10k/images/I46_20_05.png,/data/projectwork/swati_mam/kadid10k/images/I46.png,Non-eccentricity patch,NA,5,4.37,val,other,34.396492,8.450417
KADID-10k,I46_21_03,I46,/data/projectwork/swati_mam/new model data/kadid10k/images/I46_21_03.png,/data/projectwork/swati_mam/kadid10k/images/I46.png,Pixelate,NA,3,2.43,val,other,34.169083,9.001646
KADID-10k,I46_21_05,I46,/data/projectwork/swati_mam/new model data/kadid10k/images/I46_21_05.png,/data/projectwork/swati_mam/kadid10k/images/I46.png,Pixelate,NA,5,1.6,val,other,24.76908,20.964975
KADID-10k,I46_22_01,I46,/data/projectwork/swati_mam/new model data/kadid10k/images/I46_22_01.png,/data/projectwork/swati_mam/kadid10k/images/I46.png,Quantization,NA,1,4.57,val,other,32.73818,8.442062
KADID-10k,I46_22_02,I46,/data/projectwork/swati_mam/new model data/kadid10k/images/I46_22_02.png,/data/projectwork/swati_mam/kadid10k/images/I46.png,Quantization,NA,2,4.67,val,other,32.654667,8.377398
KADID-10k,I46_22_03,I46,/data/projectwork/swati_mam/new model data/kadid10k/images/I46_22_03.png,/data/projectwork/swati_mam/kadid10k/images/I46.png,Quantization,NA,3,4.43,val,other,31.155025,8.081939
KADID-10k,I46_22_04,I46,/data/projectwork/swati_mam/new model data/kadid10k/images/I46_22_04.png,/data/projectwork/swati_mam/kadid10k/images/I46.png,Quantization,NA,4,4.5,val,other,28.005932,7.1379867
KADID-10k,I46_11_01,I46,/data/projectwork/swati_mam/new model data/kadid10k/images/I46_11_01.png,/data/projectwork/swati_mam/kadid10k/images/I46.png,White noise,NA,1,4.23,val,noise,35.263844,8.739241
KADID-10k,I46_11_04,I46,/data/projectwork/swati_mam/new model data/kadid10k/images/I46_11_04.png,/data/projectwork/swati_mam/kadid10k/images/I46.png,White noise,NA,4,3.03,val,noise,14.415182,1.955506
KADID-10k,I46_11_05,I46,/data/projectwork/swati_mam/new model data/kadid10k/images/I46_11_05.png,/data/projectwork/swati_mam/kadid10k/images/I46.png,White noise,NA,5,2.3,val,noise,-28.017256,2.8864937
KADID-10k,I46_12_03,I46,/data/projectwork/swati_mam/new model data/kadid10k/images/I46_12_03.png,/data/projectwork/swati_mam/kadid10k/images/I46.png,White noise in color component,NA,3,3.7,val,noise,29.259127,7.4103503
KADID-10k,I46_12_04,I46,/data/projectwork/swati_mam/new model data/kadid10k/images/I46_12_04.png,/data/projectwork/swati_mam/kadid10k/images/I46.png,White noise in color component,NA,4,3.13,val,noise,-8.928613,0.33715823
KADID-10k,I46_12_05,I46,/data/projectwork/swati_mam/new model data/kadid10k/images/I46_12_05.png,/data/projectwork/swati_mam/kadid10k/images/I46.png,White noise in color component,NA,5,2.77,val,noise,-9.574228,0.22585303
KADID-10k,I65_16_01,I65,/data/projectwork/swati_mam/new model data/kadid10k/images/I65_16_01.png,/data/projectwork/swati_mam/kadid10k/images/I65.png,Brighten,NA,1,4.67,val,other,46.22095,-2.944744
KADID-10k,I65_16_02,I65,/data/projectwork/swati_mam/new model data/kadid10k/images/I65_16_02.png,/data/projectwork/swati_mam/kadid10k/images/I65.png,Brighten,NA,2,4.33,val,other,45.737682,-3.1620846
KADID-10k,I65_16_05,I65,/data/projectwork/swati_mam/new model data/kadid10k/images/I65_16_05.png,/data/projectwork/swati_mam/kadid10k/images/I65.png,Brighten,NA,5,1.71,val,other,30.884827,-10.477042
KADID-10k,I65_23_01,I65,/data/projectwork/swati_mam/new model data/kadid10k/images/I65_23_01.png,/data/projectwork/swati_mam/kadid10k/images/I65.png,Color block,NA,1,2.97,val,other,46.866463,-4.448422
KADID-10k,I65_23_02,I65,/data/projectwork/swati_mam/new model data/kadid10k/images/I65_23_02.png,/data/projectwork/swati_mam/kadid10k/images/I65.png,Color block,NA,2,3.47,val,other,47.83061,-3.4780397
KADID-10k,I65_23_03,I65,/data/projectwork/swati_mam/new model data/kadid10k/images/I65_23_03.png,/data/projectwork/swati_mam/kadid10k/images/I65.png,Color block,NA,3,3.03,val,other,44.828087,-4.4251213
KADID-10k,I65_23_05,I65,/data/projectwork/swati_mam/new model data/kadid10k/images/I65_23_05.png,/data/projectwork/swati_mam/kadid10k/images/I65.png,Color block,NA,5,1.9,val,other,32.92068,-12.6594925
KADID-10k,I65_04_01,I65,/data/projectwork/swati_mam/new model data/kadid10k/images/I65_04_01.png,/data/projectwork/swati_mam/kadid10k/images/I65.png,Color diffusion,NA,1,4.7,val,other,46.932114,-2.9827552
KADID-10k,I65_04_04,I65,/data/projectwork/swati_mam/new model data/kadid10k/images/I65_04_04.png,/data/projectwork/swati_mam/kadid10k/images/I65.png,Color diffusion,NA,4,2.5,val,other,-14.255523,-7.307663
KADID-10k,I65_06_04,I65,/data/projectwork/swati_mam/new model data/kadid10k/images/I65_06_04.png,/data/projectwork/swati_mam/kadid10k/images/I65.png,Color quantization,NA,4,3.0,val,other,16.621716,-14.101004
KADID-10k,I65_07_03,I65,/data/projectwork/swati_mam/new model data/kadid10k/images/I65_07_03.png,/data/projectwork/swati_mam/kadid10k/images/I65.png,Color saturation 1,NA,3,2.33,val,other,29.900787,-12.583608
KADID-10k,I65_07_04,I65,/data/projectwork/swati_mam/new model data/kadid10k/images/I65_07_04.png,/data/projectwork/swati_mam/kadid10k/images/I65.png,Color saturation 1,NA,4,2.6,val,other,29.613997,-12.630262
KADID-10k,I65_08_02,I65,/data/projectwork/swati_mam/new model data/kadid10k/images/I65_08_02.png,/data/projectwork/swati_mam/kadid10k/images/I65.png,Color saturation 2,NA,2,3.6,val,other,47.316357,-2.5630994
KADID-10k,I65_08_03,I65,/data/projectwork/swati_mam/new model data/kadid10k/images/I65_08_03.png,/data/projectwork/swati_mam/kadid10k/images/I65.png,Color saturation 2,NA,3,2.93,val,other,44.03477,-4.193697
KADID-10k,I65_08_05,I65,/data/projectwork/swati_mam/new model data/kadid10k/images/I65_08_05.png,/data/projectwork/swati_mam/kadid10k/images/I65.png,Color saturation 2,NA,5,1.63,val,other,14.623903,-14.4537735
KADID-10k,I65_05_01,I65,/data/projectwork/swati_mam/new model data/kadid10k/images/I65_05_01.png,/data/projectwork/swati_mam/kadid10k/images/I65.png,Color shift,NA,1,3.77,val,other,46.155155,-2.6904335
KADID-10k,I65_05_04,I65,/data/projectwork/swati_mam/new model data/kadid10k/images/I65_05_04.png,/data/projectwork/swati_mam/kadid10k/images/I65.png,Color shift,NA,4,1.97,val,other,32.97783,-12.607319
KADID-10k,I65_05_05,I65,/data/projectwork/swati_mam/new model data/kadid10k/images/I65_05_05.png,/data/projectwork/swati_mam/kadid10k/images/I65.png,Color shift,NA,5,1.73,val,other,33.083374,-12.375572
KADID-10k,I65_25_02,I65,/data/projectwork/swati_mam/new model data/kadid10k/images/I65_25_02.png,/data/projectwork/swati_mam/kadid10k/images/I65.png,Contrast change,NA,2,4.07,val,other,47.59551,-4.39198
KADID-10k,I65_17_01,I65,/data/projectwork/swati_mam/new model data/kadid10k/images/I65_17_01.png,/data/projectwork/swati_mam/kadid10k/images/I65.png,Darken,NA,1,4.63,val,other,46.738922,-3.9140162
KADID-10k,I65_17_02,I65,/data/projectwork/swati_mam/new model data/kadid10k/images/I65_17_02.png,/data/projectwork/swati_mam/kadid10k/images/I65.png,Darken,NA,2,4.47,val,other,46.555397,-4.416083
KADID-10k,I65_17_04,I65,/data/projectwork/swati_mam/new model data/kadid10k/images/I65_17_04.png,/data/projectwork/swati_mam/kadid10k/images/I65.png,Darken,NA,4,3.6,val,other,30.533869,-13.757506
KADID-10k,I65_15_03,I65,/data/projectwork/swati_mam/new model data/kadid10k/images/I65_15_03.png,/data/projectwork/swati_mam/kadid10k/images/I65.png,Denoise,NA,3,2.1,val,noise,29.864086,-11.989968
KADID-10k,I65_15_05,I65,/data/projectwork/swati_mam/new model data/kadid10k/images/I65_15_05.png,/data/projectwork/swati_mam/kadid10k/images/I65.png,Denoise,NA,5,1.47,val,noise,-24.054516,2.8074753
KADID-10k,I65_01_01,I65,/data/projectwork/swati_mam/new model data/kadid10k/images/I65_01_01.png,/data/projectwork/swati_mam/kadid10k/images/I65.png,Gaussian blur,NA,1,4.77,val,blur,46.55984,-3.3925207
KADID-10k,I65_01_04,I65,/data/projectwork/swati_mam/new model data/kadid10k/images/I65_01_04.png,/data/projectwork/swati_mam/kadid10k/images/I65.png,Gaussian blur,NA,4,1.9,val,blur,29.91536,-11.090578
KADID-10k,I65_01_05,I65,/data/projectwork/swati_mam/new model data/kadid10k/images/I65_01_05.png,/data/projectwork/swati_mam/kadid10k/images/I65.png,Gaussian blur,NA,5,1.33,val,blur,-26.013018,-5.6315413
KADID-10k,I65_24_01,I65,/data/projectwork/swati_mam/new model data/kadid10k/images/I65_24_01.png,/data/projectwork/swati_mam/kadid10k/images/I65.png,High sharpen,NA,1,3.67,val,HF/sharpen,34.1739,-12.645568
KADID-10k,I65_24_03,I65,/data/projectwork/swati_mam/new model data/kadid10k/images/I65_24_03.png,/data/projectwork/swati_mam/kadid10k/images/I65.png,High sharpen,NA,3,2.07,val,HF/sharpen,16.625011,-17.877157
KADID-10k,I65_24_04,I65,/data/projectwork/swati_mam/new model data/kadid10k/images/I65_24_04.png,/data/projectwork/swati_mam/kadid10k/images/I65.png,High sharpen,NA,4,2.0,val,HF/sharpen,16.608414,-17.893124
KADID-10k,I65_13_04,I65,/data/projectwork/swati_mam/new model data/kadid10k/images/I65_13_04.png,/data/projectwork/swati_mam/kadid10k/images/I65.png,Impulse noise,NA,4,1.83,val,noise,-27.554926,0.36745784
KADID-10k,I65_10_03,I65,/data/projectwork/swati_mam/new model data/kadid10k/images/I65_10_03.png,/data/projectwork/swati_mam/kadid10k/images/I65.png,JPEG,NA,3,3.77,val,other,45.51794,-4.535655
KADID-10k,I65_10_04,I65,/data/projectwork/swati_mam/new model data/kadid10k/images/I65_10_04.png,/data/projectwork/swati_mam/kadid10k/images/I65.png,JPEG,NA,4,1.53,val,other,16.937668,-14.335737
KADID-10k,I65_09_04,I65,/data/projectwork/swati_mam/new model data/kadid10k/images/I65_09_04.png,/data/projectwork/swati_mam/kadid10k/images/I65.png,JPEG2000,NA,4,1.9,val,other,32.35876,-11.070388
KADID-10k,I65_09_05,I65,/data/projectwork/swati_mam/new model data/kadid10k/images/I65_09_05.png,/data/projectwork/swati_mam/kadid10k/images/I65.png,JPEG2000,NA,5,1.3,val,other,15.734905,8.157717
KADID-10k,I65_19_01,I65,/data/projectwork/swati_mam/new model data/kadid10k/images/I65_19_01.png,/data/projectwork/swati_mam/kadid10k/images/I65.png,Jitter,NA,1,4.57,val,other,45.58638,-3.954337
KADID-10k,I65_19_04,I65,/data/projectwork/swati_mam/new model data/kadid10k/images/I65_19_04.png,/data/projectwork/swati_mam/kadid10k/images/I65.png,Jitter,NA,4,1.6,val,other,32.94175,-11.015559
KADID-10k,I65_19_05,I65,/data/projectwork/swati_mam/new model data/kadid10k/images/I65_19_05.png,/data/projectwork/swati_mam/kadid10k/images/I65.png,Jitter,NA,5,1.27,val,other,16.86129,-14.140852
KADID-10k,I65_02_01,I65,/data/projectwork/swati_mam/new model data/kadid10k/images/I65_02_01.png,/data/projectwork/swati_mam/kadid10k/images/I65.png,Lens blur,NA,1,3.53,val,blur,45.105873,-3.7847555
KADID-10k,I65_02_04,I65,/data/projectwork/swati_mam/new model data/kadid10k/images/I65_02_04.png,/data/projectwork/swati_mam/kadid10k/images/I65.png,Lens blur,NA,4,1.4,val,blur,1.3234118,-4.91286
KADID-10k,I65_02_05,I65,/data/projectwork/swati_mam/new model data/kadid10k/images/I65_02_05.png,/data/projectwork/swati_mam/kadid10k/images/I65.png,Lens blur,NA,5,1.13,val,blur,-26.02475,-5.808322
KADID-10k,I65_18_01,I65,/data/projectwork/swati_mam/new model data/kadid10k/images/I65_18_01.png,/data/projectwork/swati_mam/kadid10k/images/I65.png,Mean shift,NA,1,4.33,val,other,46.71968,-2.202187
KADID-10k,I65_18_03,I65,/data/projectwork/swati_mam/new model data/kadid10k/images/I65_18_03.png,/data/projectwork/swati_mam/kadid10k/images/I65.png,Mean shift,NA,3,4.5,val,other,46.55997,-3.3927572
KADID-10k,I65_18_05,I65,/data/projectwork/swati_mam/new model data/kadid10k/images/I65_18_05.png,/data/projectwork/swati_mam/kadid10k/images/I65.png,Mean shift,NA,5,3.97,val,other,30.713491,-13.43026
KADID-10k,I65_03_01,I65,/data/projectwork/swati_mam/new model data/kadid10k/images/I65_03_01.png,/data/projectwork/swati_mam/kadid10k/images/I65.png,Motion blur,NA,1,4.7,val,blur,46.993156,-3.536503
KADID-10k,I65_03_05,I65,/data/projectwork/swati_mam/new model data/kadid10k/images/I65_03_05.png,/data/projectwork/swati_mam/kadid10k/images/I65.png,Motion blur,NA,5,1.5,val,blur,32.63109,-10.931702
KADID-10k,I65_14_02,I65,/data/projectwork/swati_mam/new model data/kadid10k/images/I65_14_02.png,/data/projectwork/swati_mam/kadid10k/images/I65.png,Multiplicative noise,NA,2,3.07,val,noise,32.619884,-13.045852
KADID-10k,I65_20_01,I65,/data/projectwork/swati_mam/new model data/kadid10k/images/I65_20_01.png,/data/projectwork/swati_mam/kadid10k/images/I65.png,Non-eccentricity patch,NA,1,4.6,val,other,46.0323,-4.0699058
KADID-10k,I65_20_03,I65,/data/projectwork/swati_mam/new model data/kadid10k/images/I65_20_03.png,/data/projectwork/swati_mam/kadid10k/images/I65.png,Non-eccentricity patch,NA,3,4.2,val,other,47.321026,-3.2658
KADID-10k,I65_20_04,I65,/data/projectwork/swati_mam/new model data/kadid10k/images/I65_20_04.png,/data/projectwork/swati_mam/kadid10k/images/I65.png,Non-eccentricity patch,NA,4,4.3,val,other,48.10877,-2.7964516
KADID-10k,I65_21_01,I65,/data/projectwork/swati_mam/new model data/kadid10k/images/I65_21_01.png,/data/projectwork/swati_mam/kadid10k/images/I65.png,Pixelate,NA,1,3.9,val,other,47.29277,-4.054696
KADID-10k,I65_21_04,I65,/data/projectwork/swati_mam/new model data/kadid10k/images/I65_21_04.png,/data/projectwork/swati_mam/kadid10k/images/I65.png,Pixelate,NA,4,2.33,val,other,46.318916,-5.0885053
KADID-10k,I65_22_01,I65,/data/projectwork/swati_mam/new model data/kadid10k/images/I65_22_01.png,/data/projectwork/swati_mam/kadid10k/images/I65.png,Quantization,NA,1,4.5,val,other,45.186333,-4.262127
KADID-10k,I65_22_02,I65,/data/projectwork/swati_mam/new model data/kadid10k/images/I65_22_02.png,/data/projectwork/swati_mam/kadid10k/images/I65.png,Quantization,NA,2,3.53,val,other,32.81756,-12.145998
KADID-10k,I65_22_03,I65,/data/projectwork/swati_mam/new model data/kadid10k/images/I65_22_03.png,/data/projectwork/swati_mam/kadid10k/images/I65.png,Quantization,NA,3,3.2,val,other,31.436062,-11.091364
KADID-10k,I65_22_04,I65,/data/projectwork/swati_mam/new model data/kadid10k/images/I65_22_04.png,/data/projectwork/swati_mam/kadid10k/images/I65.png,Quantization,NA,4,2.83,val,other,16.879328,-13.020699
KADID-10k,I65_22_05,I65,/data/projectwork/swati_mam/new model data/kadid10k/images/I65_22_05.png,/data/projectwork/swati_mam/kadid10k/images/I65.png,Quantization,NA,5,2.17,val,other,0.6254232,-10.939646
KADID-10k,I65_11_02,I65,/data/projectwork/swati_mam/new model data/kadid10k/images/I65_11_02.png,/data/projectwork/swati_mam/kadid10k/images/I65.png,White noise,NA,2,3.17,val,noise,15.444216,-14.229362
KADID-10k,I65_11_03,I65,/data/projectwork/swati_mam/new model data/kadid10k/images/I65_11_03.png,/data/projectwork/swati_mam/kadid10k/images/I65.png,White noise,NA,3,2.73,val,noise,-17.48739,-0.9356403
KADID-10k,I65_11_04,I65,/data/projectwork/swati_mam/new model data/kadid10k/images/I65_11_04.png,/data/projectwork/swati_mam/kadid10k/images/I65.png,White noise,NA,4,2.33,val,noise,-27.779291,0.4264911
KADID-10k,I65_12_02,I65,/data/projectwork/swati_mam/new model data/kadid10k/images/I65_12_02.png,/data/projectwork/swati_mam/kadid10k/images/I65.png,White noise in color component,NA,2,3.47,val,noise,15.729787,-14.089395
KADID-10k,I65_12_05,I65,/data/projectwork/swati_mam/new model data/kadid10k/images/I65_12_05.png,/data/projectwork/swati_mam/kadid10k/images/I65.png,White noise in color component,NA,5,1.9,val,noise,-45.43521,-0.3924111
KADID-10k,I74_16_01,I74,/data/projectwork/swati_mam/new model data/kadid10k/images/I74_16_01.png,/data/projectwork/swati_mam/kadid10k/images/I74.png,Brighten,NA,1,4.3,val,other,27.969568,23.352308
KADID-10k,I74_16_04,I74,/data/projectwork/swati_mam/new model data/kadid10k/images/I74_16_04.png,/data/projectwork/swati_mam/kadid10k/images/I74.png,Brighten,NA,4,2.6,val,other,12.920665,18.768938
KADID-10k,I74_23_02,I74,/data/projectwork/swati_mam/new model data/kadid10k/images/I74_23_02.png,/data/projectwork/swati_mam/kadid10k/images/I74.png,Color block,NA,2,2.3,val,other,28.857029,22.135485
KADID-10k,I74_23_03,I74,/data/projectwork/swati_mam/new model data/kadid10k/images/I74_23_03.png,/data/projectwork/swati_mam/kadid10k/images/I74.png,Color block,NA,3,2.23,val,other,29.180569,22.958809
KADID-10k,I74_23_05,I74,/data/projectwork/swati_mam/new model data/kadid10k/images/I74_23_05.png,/data/projectwork/swati_mam/kadid10k/images/I74.png,Color block,NA,5,2.03,val,other,32.142223,22.826227
KADID-10k,I74_04_03,I74,/data/projectwork/swati_mam/new model data/kadid10k/images/I74_04_03.png,/data/projectwork/swati_mam/kadid10k/images/I74.png,Color diffusion,NA,3,2.47,val,other,21.789976,21.808409
KADID-10k,I74_04_04,I74,/data/projectwork/swati_mam/new model data/kadid10k/images/I74_04_04.png,/data/projectwork/swati_mam/kadid10k/images/I74.png,Color diffusion,NA,4,2.13,val,other,8.446106,15.328367
KADID-10k,I74_06_03,I74,/data/projectwork/swati_mam/new model data/kadid10k/images/I74_06_03.png,/data/projectwork/swati_mam/kadid10k/images/I74.png,Color quantization,NA,3,4.1,val,other,25.915789,23.418829
KADID-10k,I74_06_05,I74,/data/projectwork/swati_mam/new model data/kadid10k/images/I74_06_05.png,/data/projectwork/swati_mam/kadid10k/images/I74.png,Color quantization,NA,5,2.77,val,other,26.717976,24.37185
KADID-10k,I74_07_02,I74,/data/projectwork/swati_mam/new model data/kadid10k/images/I74_07_02.png,/data/projectwork/swati_mam/kadid10k/images/I74.png,Color saturation 1,NA,2,2.33,val,other,24.201492,22.269852
KADID-10k,I74_08_02,I74,/data/projectwork/swati_mam/new model data/kadid10k/images/I74_08_02.png,/data/projectwork/swati_mam/kadid10k/images/I74.png,Color saturation 2,NA,2,3.0,val,other,26.19745,23.587221
KADID-10k,I74_05_03,I74,/data/projectwork/swati_mam/new model data/kadid10k/images/I74_05_03.png,/data/projectwork/swati_mam/kadid10k/images/I74.png,Color shift,NA,3,1.8,val,other,22.599354,22.014849
KADID-10k,I74_05_05,I74,/data/projectwork/swati_mam/new model data/kadid10k/images/I74_05_05.png,/data/projectwork/swati_mam/kadid10k/images/I74.png,Color shift,NA,5,1.3,val,other,8.409664,14.65078
KADID-10k,I74_25_01,I74,/data/projectwork/swati_mam/new model data/kadid10k/images/I74_25_01.png,/data/projectwork/swati_mam/kadid10k/images/I74.png,Contrast change,NA,1,3.5,val,other,31.395666,23.178549
KADID-10k,I74_25_02,I74,/data/projectwork/swati_mam/new model data/kadid10k/images/I74_25_02.png,/data/projectwork/swati_mam/kadid10k/images/I74.png,Contrast change,NA,2,3.87,val,other,30.964537,23.25451
KADID-10k,I74_25_04,I74,/data/projectwork/swati_mam/new model data/kadid10k/images/I74_25_04.png,/data/projectwork/swati_mam/kadid10k/images/I74.png,Contrast change,NA,4,3.9,val,other,26.569094,22.518211
KADID-10k,I74_25_05,I74,/data/projectwork/swati_mam/new model data/kadid10k/images/I74_25_05.png,/data/projectwork/swati_mam/kadid10k/images/I74.png,Contrast change,NA,5,3.03,val,other,22.82788,21.886816
KADID-10k,I74_17_01,I74,/data/projectwork/swati_mam/new model data/kadid10k/images/I74_17_01.png,/data/projectwork/swati_mam/kadid10k/images/I74.png,Darken,NA,1,4.8,val,other,29.779856,23.181458
KADID-10k,I74_17_05,I74,/data/projectwork/swati_mam/new model data/kadid10k/images/I74_17_05.png,/data/projectwork/swati_mam/kadid10k/images/I74.png,Darken,NA,5,2.67,val,other,8.25729,16.006952
KADID-10k,I74_15_01,I74,/data/projectwork/swati_mam/new model data/kadid10k/images/I74_15_01.png,/data/projectwork/swati_mam/kadid10k/images/I74.png,Denoise,NA,1,4.07,val,noise,24.050364,22.639378
KADID-10k,I74_15_04,I74,/data/projectwork/swati_mam/new model data/kadid10k/images/I74_15_04.png,/data/projectwork/swati_mam/kadid10k/images/I74.png,Denoise,NA,4,1.93,val,noise,-5.601478,-11.388044
KADID-10k,I74_01_03,I74,/data/projectwork/swati_mam/new model data/kadid10k/images/I74_01_03.png,/data/projectwork/swati_mam/kadid10k/images/I74.png,Gaussian blur,NA,3,3.0,val,blur,28.77487,24.298342
KADID-10k,I74_01_04,I74,/data/projectwork/swati_mam/new model data/kadid10k/images/I74_01_04.png,/data/projectwork/swati_mam/kadid10k/images/I74.png,Gaussian blur,NA,4,2.1,val,blur,22.863783,23.137375
KADID-10k,I74_01_05,I74,/data/projectwork/swati_mam/new model data/kadid10k/images/I74_01_05.png,/data/projectwork/swati_mam/kadid10k/images/I74.png,Gaussian blur,NA,5,1.4,val,blur,-11.099212,-14.565232
KADID-10k,I74_13_01,I74,/data/projectwork/swati_mam/new model data/kadid10k/images/I74_13_01.png,/data/projectwork/swati_mam/kadid10k/images/I74.png,Impulse noise,NA,1,4.2,val,noise,28.513182,23.354975
KADID-10k,I74_13_03,I74,/data/projectwork/swati_mam/new model data/kadid10k/images/I74_13_03.png,/data/projectwork/swati_mam/kadid10k/images/I74.png,Impulse noise,NA,3,3.0,val,noise,-5.797963,-11.628307
KADID-10k,I74_13_05,I74,/data/projectwork/swati_mam/new model data/kadid10k/images/I74_13_05.png,/data/projectwork/swati_mam/kadid10k/images/I74.png,Impulse noise,NA,5,2.13,val,noise,-40.433186,0.71726227
KADID-10k,I74_10_01,I74,/data/projectwork/swati_mam/new model data/kadid10k/images/I74_10_01.png,/data/projectwork/swati_mam/kadid10k/images/I74.png,JPEG,NA,1,4.37,val,other,28.336916,22.5717
KADID-10k,I74_10_03,I74,/data/projectwork/swati_mam/new model data/kadid10k/images/I74_10_03.png,/data/projectwork/swati_mam/kadid10k/images/I74.png,JPEG,NA,3,4.13,val,other,24.671648,22.344868
KADID-10k,I74_10_04,I74,/data/projectwork/swati_mam/new model data/kadid10k/images/I74_10_04.png,/data/projectwork/swati_mam/kadid10k/images/I74.png,JPEG,NA,4,2.9,val,other,12.90527,19.012218
KADID-10k,I74_09_02,I74,/data/projectwork/swati_mam/new model data/kadid10k/images/I74_09_02.png,/data/projectwork/swati_mam/kadid10k/images/I74.png,JPEG2000,NA,2,4.57,val,other,26.16737,22.676044
KADID-10k,I74_19_01,I74,/data/projectwork/swati_mam/new model data/kadid10k/images/I74_19_01.png,/data/projectwork/swati_mam/kadid10k/images/I74.png,Jitter,NA,1,4.33,val,other,28.33794,23.644293
KADID-10k,I74_19_02,I74,/data/projectwork/swati_mam/new model data/kadid10k/images/I74_19_02.png,/data/projectwork/swati_mam/kadid10k/images/I74.png,Jitter,NA,2,4.1,val,other,26.819279,22.692324
KADID-10k,I74_19_03,I74,/data/projectwork/swati_mam/new model data/kadid10k/images/I74_19_03.png,/data/projectwork/swati_mam/kadid10k/images/I74.png,Jitter,NA,3,2.73,val,other,23.420118,22.472462
KADID-10k,I74_19_05,I74,/data/projectwork/swati_mam/new model data/kadid10k/images/I74_19_05.png,/data/projectwork/swati_mam/kadid10k/images/I74.png,Jitter,NA,5,1.53,val,other,-5.580346,-11.575532
KADID-10k,I74_02_01,I74,/data/projectwork/swati_mam/new model data/kadid10k/images/I74_02_01.png,/data/projectwork/swati_mam/kadid10k/images/I74.png,Lens blur,NA,1,4.1,val,blur,29.560589,23.935177
KADID-10k,I74_02_04,I74,/data/projectwork/swati_mam/new model data/kadid10k/images/I74_02_04.png,/data/projectwork/swati_mam/kadid10k/images/I74.png,Lens blur,NA,4,1.37,val,blur,9.49007,15.334267
KADID-10k,I74_18_01,I74,/data/projectwork/swati_mam/new model data/kadid10k/images/I74_18_01.png,/data/projectwork/swati_mam/kadid10k/images/I74.png,Mean shift,NA,1,4.2,val,other,27.512655,23.462194
KADID-10k,I74_18_05,I74,/data/projectwork/swati_mam/new model data/kadid10k/images/I74_18_05.png,/data/projectwork/swati_mam/kadid10k/images/I74.png,Mean shift,NA,5,3.87,val,other,29.371199,23.209259
KADID-10k,I74_03_02,I74,/data/projectwork/swati_mam/new model data/kadid10k/images/I74_03_02.png,/data/projectwork/swati_mam/kadid10k/images/I74.png,Motion blur,NA,2,4.33,val,blur,29.523603,23.863497
KADID-10k,I74_03_03,I74,/data/projectwork/swati_mam/new model data/kadid10k/images/I74_03_03.png,/data/projectwork/swati_mam/kadid10k/images/I74.png,Motion blur,NA,3,3.0,val,blur,27.577988,24.21623
KADID-10k,I74_14_01,I74,/data/projectwork/swati_mam/new model data/kadid10k/images/I74_14_01.png,/data/projectwork/swati_mam/kadid10k/images/I74.png,Multiplicative noise,NA,1,4.67,val,noise,28.314127,23.003656
KADID-10k,I74_14_02,I74,/data/projectwork/swati_mam/new model data/kadid10k/images/I74_14_02.png,/data/projectwork/swati_mam/kadid10k/images/I74.png,Multiplicative noise,NA,2,4.3,val,noise,23.678255,22.318594
KADID-10k,I74_14_03,I74,/data/projectwork/swati_mam/new model data/kadid10k/images/I74_14_03.png,/data/projectwork/swati_mam/kadid10k/images/I74.png,Multiplicative noise,NA,3,3.73,val,noise,9.029695,15.662427
KADID-10k,I74_14_04,I74,/data/projectwork/swati_mam/new model data/kadid10k/images/I74_14_04.png,/data/projectwork/swati_mam/kadid10k/images/I74.png,Multiplicative noise,NA,4,3.0,val,noise,-6.806762,-11.918527
KADID-10k,I74_20_01,I74,/data/projectwork/swati_mam/new model data/kadid10k/images/I74_20_01.png,/data/projectwork/swati_mam/kadid10k/images/I74.png,Non-eccentricity patch,NA,1,4.3,val,other,30.432152,23.14223
KADID-10k,I74_20_02,I74,/data/projectwork/swati_mam/new model data/kadid10k/images/I74_20_02.png,/data/projectwork/swati_mam/kadid10k/images/I74.png,Non-eccentricity patch,NA,2,3.67,val,other,27.847994,22.772093
KADID-10k,I74_20_04,I74,/data/projectwork/swati_mam/new model data/kadid10k/images/I74_20_04.png,/data/projectwork/swati_mam/kadid10k/images/I74.png,Non-eccentricity patch,NA,4,3.1,val,other,27.339607,22.263376
KADID-10k,I74_21_01,I74,/data/projectwork/swati_mam/new model data/kadid10k/images/I74_21_01.png,/data/projectwork/swati_mam/kadid10k/images/I74.png,Pixelate,NA,1,3.93,val,other,31.890972,22.865284
KADID-10k,I74_21_02,I74,/data/projectwork/swati_mam/new model data/kadid10k/images/I74_21_02.png,/data/projectwork/swati_mam/kadid10k/images/I74.png,Pixelate,NA,2,3.23,val,other,29.950537,22.308325
KADID-10k,I74_21_03,I74,/data/projectwork/swati_mam/new model data/kadid10k/images/I74_21_03.png,/data/projectwork/swati_mam/kadid10k/images/I74.png,Pixelate,NA,3,2.27,val,other,25.14255,23.01622
KADID-10k,I74_21_04,I74,/data/projectwork/swati_mam/new model data/kadid10k/images/I74_21_04.png,/data/projectwork/swati_mam/kadid10k/images/I74.png,Pixelate,NA,4,2.43,val,other,24.340553,23.403967
KADID-10k,I74_21_05,I74,/data/projectwork/swati_mam/new model data/kadid10k/images/I74_21_05.png,/data/projectwork/swati_mam/kadid10k/images/I74.png,Pixelate,NA,5,1.47,val,other,9.289894,16.38656
KADID-10k,I74_22_01,I74,/data/projectwork/swati_mam/new model data/kadid10k/images/I74_22_01.png,/data/projectwork/swati_mam/kadid10k/images/I74.png,Quantization,NA,1,4.43,val,other,27.143526,23.067703
KADID-10k,I74_22_02,I74,/data/projectwork/swati_mam/new model data/kadid10k/images/I74_22_02.png,/data/projectwork/swati_mam/kadid10k/images/I74.png,Quantization,NA,2,4.5,val,other,23.5669,21.84897
KADID-10k,I74_22_05,I74,/data/projectwork/swati_mam/new model data/kadid10k/images/I74_22_05.png,/data/projectwork/swati_mam/kadid10k/images/I74.png,Quantization,NA,5,3.67,val,other,-15.613626,-4.26511
KADID-10k,I74_11_01,I74,/data/projectwork/swati_mam/new model data/kadid10k/images/I74_11_01.png,/data/projectwork/swati_mam/kadid10k/images/I74.png,White noise,NA,1,4.4,val,noise,22.567873,22.234282
KADID-10k,I74_11_03,I74,/data/projectwork/swati_mam/new model data/kadid10k/images/I74_11_03.png,/data/projectwork/swati_mam/kadid10k/images/I74.png,White noise,NA,3,3.73,val,noise,-6.006834,-11.529014
KADID-10k,I74_11_05,I74,/data/projectwork/swati_mam/new model data/kadid10k/images/I74_11_05.png,/data/projectwork/swati_mam/kadid10k/images/I74.png,White noise,NA,5,3.23,val,noise,-41.15896,0.7488521
KADID-10k,I74_12_01,I74,/data/projectwork/swati_mam/new model data/kadid10k/images/I74_12_01.png,/data/projectwork/swati_mam/kadid10k/images/I74.png,White noise in color component,NA,1,4.37,val,noise,26.872395,23.341173
KADID-10k,I74_12_03,I74,/data/projectwork/swati_mam/new model data/kadid10k/images/I74_12_03.png,/data/projectwork/swati_mam/kadid10k/images/I74.png,White noise in color component,NA,3,4.0,val,noise,-7.24105,-11.175816
KADID-10k,I74_12_05,I74,/data/projectwork/swati_mam/new model data/kadid10k/images/I74_12_05.png,/data/projectwork/swati_mam/kadid10k/images/I74.png,White noise in color component,NA,5,3.19,val,noise,-40.906784,0.7740372
KADID-10k,I77_16_02,I77,/data/projectwork/swati_mam/new model data/kadid10k/images/I77_16_02.png,/data/projectwork/swati_mam/kadid10k/images/I77.png,Brighten,NA,2,4.13,val,other,6.7287717,11.054693
KADID-10k,I77_16_03,I77,/data/projectwork/swati_mam/new model data/kadid10k/images/I77_16_03.png,/data/projectwork/swati_mam/kadid10k/images/I77.png,Brighten,NA,3,3.77,val,other,2.9483464,9.280715
KADID-10k,I77_23_04,I77,/data/projectwork/swati_mam/new model data/kadid10k/images/I77_23_04.png,/data/projectwork/swati_mam/kadid10k/images/I77.png,Color block,NA,4,2.17,val,other,5.4898057,10.265037
KADID-10k,I77_23_05,I77,/data/projectwork/swati_mam/new model data/kadid10k/images/I77_23_05.png,/data/projectwork/swati_mam/kadid10k/images/I77.png,Color block,NA,5,2.27,val,other,5.8627276,14.080365
KADID-10k,I77_04_02,I77,/data/projectwork/swati_mam/new model data/kadid10k/images/I77_04_02.png,/data/projectwork/swati_mam/kadid10k/images/I77.png,Color diffusion,NA,2,1.93,val,other,-17.95028,32.33012
KADID-10k,I77_04_03,I77,/data/projectwork/swati_mam/new model data/kadid10k/images/I77_04_03.png,/data/projectwork/swati_mam/kadid10k/images/I77.png,Color diffusion,NA,3,1.43,val,other,-43.510475,6.1453357
KADID-10k,I77_04_04,I77,/data/projectwork/swati_mam/new model data/kadid10k/images/I77_04_04.png,/data/projectwork/swati_mam/kadid10k/images/I77.png,Color diffusion,NA,4,1.33,val,other,-43.47967,6.193399
KADID-10k,I77_06_01,I77,/data/projectwork/swati_mam/new model data/kadid10k/images/I77_06_01.png,/data/projectwork/swati_mam/kadid10k/images/I77.png,Color quantization,NA,1,4.37,val,other,-15.447156,-6.842001
KADID-10k,I77_06_04,I77,/data/projectwork/swati_mam/new model data/kadid10k/images/I77_06_04.png,/data/projectwork/swati_mam/kadid10k/images/I77.png,Color quantization,NA,4,3.27,val,other,-21.626696,-4.542477
KADID-10k,I77_06_05,I77,/data/projectwork/swati_mam/new model data/kadid10k/images/I77_06_05.png,/data/projectwork/swati_mam/kadid10k/images/I77.png,Color quantization,NA,5,2.73,val,other,-31.170425,2.142911
KADID-10k,I77_07_01,I77,/data/projectwork/swati_mam/new model data/kadid10k/images/I77_07_01.png,/data/projectwork/swati_mam/kadid10k/images/I77.png,Color saturation 1,NA,1,2.37,val,other,8.510327,10.903248
KADID-10k,I77_07_02,I77,/data/projectwork/swati_mam/new model data/kadid10k/images/I77_07_02.png,/data/projectwork/swati_mam/kadid10k/images/I77.png,Color saturation 1,NA,2,2.3,val,other,7.0033007,9.701247
KADID-10k,I77_07_04,I77,/data/projectwork/swati_mam/new model data/kadid10k/images/I77_07_04.png,/data/projectwork/swati_mam/kadid10k/images/I77.png,Color saturation 1,NA,4,2.23,val,other,1.003783,3.7941043
KADID-10k,I77_07_05,I77,/data/projectwork/swati_mam/new model data/kadid10k/images/I77_07_05.png,/data/projectwork/swati_mam/kadid10k/images/I77.png,Color saturation 1,NA,5,1.77,val,other,-11.435738,-14.269641
KADID-10k,I77_05_02,I77,/data/projectwork/swati_mam/new model data/kadid10k/images/I77_05_02.png,/data/projectwork/swati_mam/kadid10k/images/I77.png,Color shift,NA,2,2.57,val,other,3.3138065,11.3705015
KADID-10k,I77_05_04,I77,/data/projectwork/swati_mam/new model data/kadid10k/images/I77_05_04.png,/data/projectwork/swati_mam/kadid10k/images/I77.png,Color shift,NA,4,2.3,val,other,-14.969298,-8.089371
KADID-10k,I77_05_05,I77,/data/projectwork/swati_mam/new model data/kadid10k/images/I77_05_05.png,/data/projectwork/swati_mam/kadid10k/images/I77.png,Color shift,NA,5,2.33,val,other,-14.898073,-7.869526
KADID-10k,I77_25_01,I77,/data/projectwork/swati_mam/new model data/kadid10k/images/I77_25_01.png,/data/projectwork/swati_mam/kadid10k/images/I77.png,Contrast change,NA,1,3.83,val,other,2.1588762,10.596517
KADID-10k,I77_25_02,I77,/data/projectwork/swati_mam/new model data/kadid10k/images/I77_25_02.png,/data/projectwork/swati_mam/kadid10k/images/I77.png,Contrast change,NA,2,3.87,val,other,2.6556067,10.715392
KADID-10k,I77_25_03,I77,/data/projectwork/swati_mam/new model data/kadid10k/images/I77_25_03.png,/data/projectwork/swati_mam/kadid10k/images/I77.png,Contrast change,NA,3,4.4,val,other,3.5321803,10.7650585
KADID-10k,I77_25_04,I77,/data/projectwork/swati_mam/new model data/kadid10k/images/I77_25_04.png,/data/projectwork/swati_mam/kadid10k/images/I77.png,Contrast change,NA,4,4.17,val,other,6.517336,11.859105
KADID-10k,I77_25_05,I77,/data/projectwork/swati_mam/new model data/kadid10k/images/I77_25_05.png,/data/projectwork/swati_mam/kadid10k/images/I77.png,Contrast change,NA,5,3.7,val,other,5.349326,12.401762
KADID-10k,I77_17_01,I77,/data/projectwork/swati_mam/new model data/kadid10k/images/I77_17_01.png,/data/projectwork/swati_mam/kadid10k/images/I77.png,Darken,NA,1,4.5,val,other,5.864812,11.563028
KADID-10k,I77_17_04,I77,/data/projectwork/swati_mam/new model data/kadid10k/images/I77_17_04.png,/data/projectwork/swati_mam/kadid10k/images/I77.png,Darken,NA,4,3.77,val,other,5.7630415,13.97719
KADID-10k,I77_15_05,I77,/data/projectwork/swati_mam/new model data/kadid10k/images/I77_15_05.png,/data/projectwork/swati_mam/kadid10k/images/I77.png,Denoise,NA,5,1.73,val,noise,-22.374222,-5.083194
KADID-10k,I77_01_02,I77,/data/projectwork/swati_mam/new model data/kadid10k/images/I77_01_02.png,/data/projectwork/swati_mam/kadid10k/images/I77.png,Gaussian blur,NA,2,4.6,val,blur,7.369792,11.047712
KADID-10k,I77_01_03,I77,/data/projectwork/swati_mam/new model data/kadid10k/images/I77_01_03.png,/data/projectwork/swati_mam/kadid10k/images/I77.png,Gaussian blur,NA,3,2.87,val,blur,4.317621,8.428789
KADID-10k,I77_01_05,I77,/data/projectwork/swati_mam/new model data/kadid10k/images/I77_01_05.png,/data/projectwork/swati_mam/kadid10k/images/I77.png,Gaussian blur,NA,5,1.43,val,blur,-28.37854,-4.851561
KADID-10k,I77_24_01,I77,/data/projectwork/swati_mam/new model data/kadid10k/images/I77_24_01.png,/data/projectwork/swati_mam/kadid10k/images/I77.png,High sharpen,NA,1,4.03,val,HF/sharpen,4.2904763,11.652493
KADID-10k,I77_24_03,I77,/data/projectwork/swati_mam/new model data/kadid10k/images/I77_24_03.png,/data/projectwork/swati_mam/kadid10k/images/I77.png,High sharpen,NA,3,2.17,val,HF/sharpen,1.4699515,9.222574
KADID-10k,I77_24_05,I77,/data/projectwork/swati_mam/new model data/kadid10k/images/I77_24_05.png,/data/projectwork/swati_mam/kadid10k/images/I77.png,High sharpen,NA,5,1.27,val,HF/sharpen,-8.007417,4.8713026
KADID-10k,I77_13_01,I77,/data/projectwork/swati_mam/new model data/kadid10k/images/I77_13_01.png,/data/projectwork/swati_mam/kadid10k/images/I77.png,Impulse noise,NA,1,3.6,val,noise,4.492586,10.750043
KADID-10k,I77_13_04,I77,/data/projectwork/swati_mam/new model data/kadid10k/images/I77_13_04.png,/data/projectwork/swati_mam/kadid10k/images/I77.png,Impulse noise,NA,4,2.3,val,noise,-36.844177,-1.5818988
KADID-10k,I77_13_05,I77,/data/projectwork/swati_mam/new model data/kadid10k/images/I77_13_05.png,/data/projectwork/swati_mam/kadid10k/images/I77.png,Impulse noise,NA,5,2.07,val,noise,-44.53171,0.9704969
KADID-10k,I77_10_01,I77,/data/projectwork/swati_mam/new model data/kadid10k/images/I77_10_01.png,/data/projectwork/swati_mam/kadid10k/images/I77.png,JPEG,NA,1,4.47,val,other,3.0489569,8.272693
KADID-10k,I77_10_02,I77,/data/projectwork/swati_mam/new model data/kadid10k/images/I77_10_02.png,/data/projectwork/swati_mam/kadid10k/images/I77.png,JPEG,NA,2,4.37,val,other,3.0999057,8.361527
KADID-10k,I77_10_03,I77,/data/projectwork/swati_mam/new model data/kadid10k/images/I77_10_03.png,/data/projectwork/swati_mam/kadid10k/images/I77.png,JPEG,NA,3,4.3,val,other,2.4653318,6.7209835
KADID-10k,I77_10_05,I77,/data/projectwork/swati_mam/new model data/kadid10k/images/I77_10_05.png,/data/projectwork/swati_mam/kadid10k/images/I77.png,JPEG,NA,5,1.39,val,other,-21.94663,-5.61915
KADID-10k,I77_09_01,I77,/data/projectwork/swati_mam/new model data/kadid10k/images/I77_09_01.png,/data/projectwork/swati_mam/kadid10k/images/I77.png,JPEG2000,NA,1,4.83,val,other,5.6387577,10.960907
KADID-10k,I77_09_03,I77,/data/projectwork/swati_mam/new model data/kadid10k/images/I77_09_03.png,/data/projectwork/swati_mam/kadid10k/images/I77.png,JPEG2000,NA,3,3.83,val,other,4.128812,8.067851
KADID-10k,I77_09_04,I77,/data/projectwork/swati_mam/new model data/kadid10k/images/I77_09_04.png,/data/projectwork/swati_mam/kadid10k/images/I77.png,JPEG2000,NA,4,2.27,val,other,4.221296,0.5202071
KADID-10k,I77_09_05,I77,/data/projectwork/swati_mam/new model data/kadid10k/images/I77_09_05.png,/data/projectwork/swati_mam/kadid10k/images/I77.png,JPEG2000,NA,5,1.39,val,other,-13.366873,-7.88906
KADID-10k,I77_19_01,I77,/data/projectwork/swati_mam/new model data/kadid10k/images/I77_19_01.png,/data/projectwork/swati_mam/kadid10k/images/I77.png,Jitter,NA,1,4.1,val,other,8.95918,11.020665
KADID-10k,I77_19_02,I77,/data/projectwork/swati_mam/new model data/kadid10k/images/I77_19_02.png,/data/projectwork/swati_mam/kadid10k/images/I77.png,Jitter,NA,2,4.1,val,other,8.786519,10.970309
KADID-10k,I77_19_04,I77,/data/projectwork/swati_mam/new model data/kadid10k/images/I77_19_04.png,/data/projectwork/swati_mam/kadid10k/images/I77.png,Jitter,NA,4,2.23,val,other,-3.279716,-5.1194453
KADID-10k,I77_02_01,I77,/data/projectwork/swati_mam/new model data/kadid10k/images/I77_02_01.png,/data/projectwork/swati_mam/kadid10k/images/I77.png,Lens blur,NA,1,3.81,val,blur,7.569208,10.924837
KADID-10k,I77_02_02,I77,/data/projectwork/swati_mam/new model data/kadid10k/images/I77_02_02.png,/data/projectwork/swati_mam/kadid10k/images/I77.png,Lens blur,NA,2,2.8,val,blur,3.5330005,5.449342
KADID-10k,I77_02_04,I77,/data/projectwork/swati_mam/new model data/kadid10k/images/I77_02_04.png,/data/projectwork/swati_mam/kadid10k/images/I77.png,Lens blur,NA,4,1.47,val,blur,-22.721514,-6.0809436
KADID-10k,I77_02_05,I77,/data/projectwork/swati_mam/new model data/kadid10k/images/I77_02_05.png,/data/projectwork/swati_mam/kadid10k/images/I77.png,Lens blur,NA,5,1.47,val,blur,-28.390505,-4.834238
KADID-10k,I77_18_01,I77,/data/projectwork/swati_mam/new model data/kadid10k/images/I77_18_01.png,/data/projectwork/swati_mam/kadid10k/images/I77.png,Mean shift,NA,1,4.4,val,other,3.6808064,9.789819
KADID-10k,I77_18_02,I77,/data/projectwork/swati_mam/new model data/kadid10k/images/I77_18_02.png,/data/projectwork/swati_mam/kadid10k/images/I77.png,Mean shift,NA,2,4.7,val,other,4.928513,10.955245
KADID-10k,I77_18_04,I77,/data/projectwork/swati_mam/new model data/kadid10k/images/I77_18_04.png,/data/projectwork/swati_mam/kadid10k/images/I77.png,Mean shift,NA,4,4.37,val,other,2.8551848,11.105789
KADID-10k,I77_18_05,I77,/data/projectwork/swati_mam/new model data/kadid10k/images/I77_18_05.png,/data/projectwork/swati_mam/kadid10k/images/I77.png,Mean shift,NA,5,4.13,val,other,2.3210783,11.079679
KADID-10k,I77_03_01,I77,/data/projectwork/swati_mam/new model data/kadid10k/images/I77_03_01.png,/data/projectwork/swati_mam/kadid10k/images/I77.png,Motion blur,NA,1,4.65,val,blur,5.565102,11.315678
KADID-10k,I77_03_02,I77,/data/projectwork/swati_mam/new model data/kadid10k/images/I77_03_02.png,/data/projectwork/swati_mam/kadid10k/images/I77.png,Motion blur,NA,2,4.07,val,blur,6.7936845,10.709779
KADID-10k,I77_03_04,I77,/data/projectwork/swati_mam/new model data/kadid10k/images/I77_03_04.png,/data/projectwork/swati_mam/kadid10k/images/I77.png,Motion blur,NA,4,2.07,val,blur,3.5317523,5.254101
KADID-10k,I77_14_01,I77,/data/projectwork/swati_mam/new model data/kadid10k/images/I77_14_01.png,/data/projectwork/swati_mam/kadid10k/images/I77.png,Multiplicative noise,NA,1,4.57,val,noise,4.548045,9.948766
KADID-10k,I77_14_03,I77,/data/projectwork/swati_mam/new model data/kadid10k/images/I77_14_03.png,/data/projectwork/swati_mam/kadid10k/images/I77.png,Multiplicative noise,NA,3,3.63,val,noise,-15.716244,-6.0198293
KADID-10k,I77_14_04,I77,/data/projectwork/swati_mam/new model data/kadid10k/images/I77_14_04.png,/data/projectwork/swati_mam/kadid10k/images/I77.png,Multiplicative noise,NA,4,3.0,val,noise,-30.798588,2.342247
KADID-10k,I77_20_02,I77,/data/projectwork/swati_mam/new model data/kadid10k/images/I77_20_02.png,/data/projectwork/swati_mam/kadid10k/images/I77.png,Non-eccentricity patch,NA,2,4.17,val,other,5.6875033,10.519024
KADID-10k,I77_20_03,I77,/data/projectwork/swati_mam/new model data/kadid10k/images/I77_20_03.png,/data/projectwork/swati_mam/kadid10k/images/I77.png,Non-eccentricity patch,NA,3,4.17,val,other,4.709629,10.504151
KADID-10k,I77_20_04,I77,/data/projectwork/swati_mam/new model data/kadid10k/images/I77_20_04.png,/data/projectwork/swati_mam/kadid10k/images/I77.png,Non-eccentricity patch,NA,4,4.03,val,other,3.5030892,8.862425
KADID-10k,I77_21_01,I77,/data/projectwork/swati_mam/new model data/kadid10k/images/I77_21_01.png,/data/projectwork/swati_mam/kadid10k/images/I77.png,Pixelate,NA,1,3.93,val,other,6.2882824,11.7451105
KADID-10k,I77_21_02,I77,/data/projectwork/swati_mam/new model data/kadid10k/images/I77_21_02.png,/data/projectwork/swati_mam/kadid10k/images/I77.png,Pixelate,NA,2,3.0,val,other,5.9040318,12.535286
KADID-10k,I77_21_04,I77,/data/projectwork/swati_mam/new model data/kadid10k/images/I77_21_04.png,/data/projectwork/swati_mam/kadid10k/images/I77.png,Pixelate,NA,4,2.7,val,other,-15.802366,-5.7185664
KADID-10k,I77_21_05,I77,/data/projectwork/swati_mam/new model data/kadid10k/images/I77_21_05.png,/data/projectwork/swati_mam/kadid10k/images/I77.png,Pixelate,NA,5,1.77,val,other,-14.690752,-7.237192
KADID-10k,I77_22_01,I77,/data/projectwork/swati_mam/new model data/kadid10k/images/I77_22_01.png,/data/projectwork/swati_mam/kadid10k/images/I77.png,Quantization,NA,1,4.6,val,other,2.6822357,6.7286215
KADID-10k,I77_22_03,I77,/data/projectwork/swati_mam/new model data/kadid10k/images/I77_22_03.png,/data/projectwork/swati_mam/kadid10k/images/I77.png,Quantization,NA,3,4.27,val,other,-14.95122,-7.32199
KADID-10k,I77_22_05,I77,/data/projectwork/swati_mam/new model data/kadid10k/images/I77_22_05.png,/data/projectwork/swati_mam/kadid10k/images/I77.png,Quantization,NA,5,3.67,val,other,-21.725824,-4.6020336
KADID-10k,I77_12_01,I77,/data/projectwork/swati_mam/new model data/kadid10k/images/I77_12_01.png,/data/projectwork/swati_mam/kadid10k/images/I77.png,White noise in color component,NA,1,4.53,val,noise,3.9771013,9.97981
KADID-10k,I77_12_05,I77,/data/projectwork/swati_mam/new model data/kadid10k/images/I77_12_05.png,/data/projectwork/swati_mam/kadid10k/images/I77.png,White noise in color component,NA,5,2.4,val,noise,-44.697113,0.902831
KADID-10k,I81_16_04,I81,/data/projectwork/swati_mam/new model data/kadid10k/images/I81_16_04.png,/data/projectwork/swati_mam/kadid10k/images/I81.png,Brighten,NA,4,2.67,val,other,13.102039,13.7605715
KADID-10k,I81_23_01,I81,/data/projectwork/swati_mam/new model data/kadid10k/images/I81_23_01.png,/data/projectwork/swati_mam/kadid10k/images/I81.png,Color block,NA,1,2.83,val,other,15.307589,18.374533
KADID-10k,I81_23_02,I81,/data/projectwork/swati_mam/new model data/kadid10k/images/I81_23_02.png,/data/projectwork/swati_mam/kadid10k/images/I81.png,Color block,NA,2,1.9,val,other,14.861027,19.048578
KADID-10k,I81_23_05,I81,/data/projectwork/swati_mam/new model data/kadid10k/images/I81_23_05.png,/data/projectwork/swati_mam/kadid10k/images/I81.png,Color block,NA,5,2.13,val,other,-3.33606,-9.452781
KADID-10k,I81_04_05,I81,/data/projectwork/swati_mam/new model data/kadid10k/images/I81_04_05.png,/data/projectwork/swati_mam/kadid10k/images/I81.png,Color diffusion,NA,5,1.23,val,other,-43.911724,5.6990967
KADID-10k,I81_06_03,I81,/data/projectwork/swati_mam/new model data/kadid10k/images/I81_06_03.png,/data/projectwork/swati_mam/kadid10k/images/I81.png,Color quantization,NA,3,2.9,val,other,-26.722544,0.8745684
KADID-10k,I81_06_05,I81,/data/projectwork/swati_mam/new model data/kadid10k/images/I81_06_05.png,/data/projectwork/swati_mam/kadid10k/images/I81.png,Color quantization,NA,5,1.93,val,other,-39.498207,0.63981843
KADID-10k,I81_07_01,I81,/data/projectwork/swati_mam/new model data/kadid10k/images/I81_07_01.png,/data/projectwork/swati_mam/kadid10k/images/I81.png,Color saturation 1,NA,1,2.53,val,other,16.158237,19.275333
KADID-10k,I81_07_05,I81,/data/projectwork/swati_mam/new model data/kadid10k/images/I81_07_05.png,/data/projectwork/swati_mam/kadid10k/images/I81.png,Color saturation 1,NA,5,2.1,val,other,14.261152,16.157988
KADID-10k,I81_08_02,I81,/data/projectwork/swati_mam/new model data/kadid10k/images/I81_08_02.png,/data/projectwork/swati_mam/kadid10k/images/I81.png,Color saturation 2,NA,2,3.17,val,other,-2.5559452,-9.26858
KADID-10k,I81_08_03,I81,/data/projectwork/swati_mam/new model data/kadid10k/images/I81_08_03.png,/data/projectwork/swati_mam/kadid10k/images/I81.png,Color saturation 2,NA,3,2.73,val,other,-23.413805,-0.028838512
KADID-10k,I81_05_02,I81,/data/projectwork/swati_mam/new model data/kadid10k/images/I81_05_02.png,/data/projectwork/swati_mam/kadid10k/images/I81.png,Color shift,NA,2,2.47,val,other,13.061332,16.1303
KADID-10k,I81_17_03,I81,/data/projectwork/swati_mam/new model data/kadid10k/images/I81_17_03.png,/data/projectwork/swati_mam/kadid10k/images/I81.png,Darken,NA,3,4.37,val,other,14.891272,19.545967
KADID-10k,I81_17_04,I81,/data/projectwork/swati_mam/new model data/kadid10k/images/I81_17_04.png,/data/projectwork/swati_mam/kadid10k/images/I81.png,Darken,NA,4,3.73,val,other,14.24242,17.68993
KADID-10k,I81_17_05,I81,/data/projectwork/swati_mam/new model data/kadid10k/images/I81_17_05.png,/data/projectwork/swati_mam/kadid10k/images/I81.png,Darken,NA,5,2.33,val,other,-23.972569,0.414864
KADID-10k,I81_15_04,I81,/data/projectwork/swati_mam/new model data/kadid10k/images/I81_15_04.png,/data/projectwork/swati_mam/kadid10k/images/I81.png,Denoise,NA,4,1.45,val,noise,-24.32412,0.17496155
KADID-10k,I81_15_05,I81,/data/projectwork/swati_mam/new model data/kadid10k/images/I81_15_05.png,/data/projectwork/swati_mam/kadid10k/images/I81.png,Denoise,NA,5,1.23,val,noise,-34.890327,-1.0246854
KADID-10k,I81_01_01,I81,/data/projectwork/swati_mam/new model data/kadid10k/images/I81_01_01.png,/data/projectwork/swati_mam/kadid10k/images/I81.png,Gaussian blur,NA,1,4.67,val,blur,15.479302,18.986208
KADID-10k,I81_01_03,I81,/data/projectwork/swati_mam/new model data/kadid10k/images/I81_01_03.png,/data/projectwork/swati_mam/kadid10k/images/I81.png,Gaussian blur,NA,3,2.9,val,blur,12.432255,16.137072
KADID-10k,I81_01_05,I81,/data/projectwork/swati_mam/new model data/kadid10k/images/I81_01_05.png,/data/projectwork/swati_mam/kadid10k/images/I81.png,Gaussian blur,NA,5,1.2,val,blur,-28.450089,-5.499957
KADID-10k,I81_24_02,I81,/data/projectwork/swati_mam/new model data/kadid10k/images/I81_24_02.png,/data/projectwork/swati_mam/kadid10k/images/I81.png,High sharpen,NA,2,2.73,val,HF/sharpen,45.162018,-6.9561505
KADID-10k,I81_24_03,I81,/data/projectwork/swati_mam/new model data/kadid10k/images/I81_24_03.png,/data/projectwork/swati_mam/kadid10k/images/I81.png,High sharpen,NA,3,2.23,val,HF/sharpen,45.15716,-6.9602146
KADID-10k,I81_24_04,I81,/data/projectwork/swati_mam/new model data/kadid10k/images/I81_24_04.png,/data/projectwork/swati_mam/kadid10k/images/I81.png,High sharpen,NA,4,1.67,val,HF/sharpen,32.313972,-14.649305
KADID-10k,I81_13_01,I81,/data/projectwork/swati_mam/new model data/kadid10k/images/I81_13_01.png,/data/projectwork/swati_mam/kadid10k/images/I81.png,Impulse noise,NA,1,2.8,val,noise,14.534771,18.119003
KADID-10k,I81_10_05,I81,/data/projectwork/swati_mam/new model data/kadid10k/images/I81_10_05.png,/data/projectwork/swati_mam/kadid10k/images/I81.png,JPEG,NA,5,1.23,val,other,-24.589262,-0.7703519
KADID-10k,I81_09_02,I81,/data/projectwork/swati_mam/new model data/kadid10k/images/I81_09_02.png,/data/projectwork/swati_mam/kadid10k/images/I81.png,JPEG2000,NA,2,4.71,val,other,14.602698,18.997942
KADID-10k,I81_09_04,I81,/data/projectwork/swati_mam/new model data/kadid10k/images/I81_09_04.png,/data/projectwork/swati_mam/kadid10k/images/I81.png,JPEG2000,NA,4,2.47,val,other,12.821373,15.924974
KADID-10k,I81_09_05,I81,/data/projectwork/swati_mam/new model data/kadid10k/images/I81_09_05.png,/data/projectwork/swati_mam/kadid10k/images/I81.png,JPEG2000,NA,5,1.33,val,other,-10.502088,-15.360134
KADID-10k,I81_19_01,I81,/data/projectwork/swati_mam/new model data/kadid10k/images/I81_19_01.png,/data/projectwork/swati_mam/kadid10k/images/I81.png,Jitter,NA,1,4.5,val,other,15.150316,19.372866
KADID-10k,I81_19_04,I81,/data/projectwork/swati_mam/new model data/kadid10k/images/I81_19_04.png,/data/projectwork/swati_mam/kadid10k/images/I81.png,Jitter,NA,4,1.6,val,other,-2.3234196,-9.1067505
KADID-10k,I81_19_05,I81,/data/projectwork/swati_mam/new model data/kadid10k/images/I81_19_05.png,/data/projectwork/swati_mam/kadid10k/images/I81.png,Jitter,NA,5,1.17,val,other,-26.619913,-6.3549533
KADID-10k,I81_02_01,I81,/data/projectwork/swati_mam/new model data/kadid10k/images/I81_02_01.png,/data/projectwork/swati_mam/kadid10k/images/I81.png,Lens blur,NA,1,3.87,val,blur,14.070745,18.53109
KADID-10k,I81_02_03,I81,/data/projectwork/swati_mam/new model data/kadid10k/images/I81_02_03.png,/data/projectwork/swati_mam/kadid10k/images/I81.png,Lens blur,NA,3,1.8,val,blur,-10.714861,-15.062935
KADID-10k,I81_02_04,I81,/data/projectwork/swati_mam/new model data/kadid10k/images/I81_02_04.png,/data/projectwork/swati_mam/kadid10k/images/I81.png,Lens blur,NA,4,1.33,val,blur,-24.080866,-8.858552
KADID-10k,I81_18_01,I81,/data/projectwork/swati_mam/new model data/kadid10k/images/I81_18_01.png,/data/projectwork/swati_mam/kadid10k/images/I81.png,Mean shift,NA,1,4.27,val,other,16.236343,19.935347
KADID-10k,I81_18_02,I81,/data/projectwork/swati_mam/new model data/kadid10k/images/I81_18_02.png,/data/projectwork/swati_mam/kadid10k/images/I81.png,Mean shift,NA,2,4.63,val,other,15.815719,19.735325
KADID-10k,I81_18_04,I81,/data/projectwork/swati_mam/new model data/kadid10k/images/I81_18_04.png,/data/projectwork/swati_mam/kadid10k/images/I81.png,Mean shift,NA,4,4.58,val,other,15.048966,18.336994
KADID-10k,I81_03_01,I81,/data/projectwork/swati_mam/new model data/kadid10k/images/I81_03_01.png,/data/projectwork/swati_mam/kadid10k/images/I81.png,Motion blur,NA,1,4.8,val,blur,15.47968,18.985785
KADID-10k,I81_03_03,I81,/data/projectwork/swati_mam/new model data/kadid10k/images/I81_03_03.png,/data/projectwork/swati_mam/kadid10k/images/I81.png,Motion blur,NA,3,2.6,val,blur,13.559349,17.976925
KADID-10k,I81_03_04,I81,/data/projectwork/swati_mam/new model data/kadid10k/images/I81_03_04.png,/data/projectwork/swati_mam/kadid10k/images/I81.png,Motion blur,NA,4,2.17,val,blur,12.549368,16.117228
KADID-10k,I81_03_05,I81,/data/projectwork/swati_mam/new model data/kadid10k/images/I81_03_05.png,/data/projectwork/swati_mam/kadid10k/images/I81.png,Motion blur,NA,5,1.53,val,blur,-10.796857,-14.98103
KADID-10k,I81_14_02,I81,/data/projectwork/swati_mam/new model data/kadid10k/images/I81_14_02.png,/data/projectwork/swati_mam/kadid10k/images/I81.png,Multiplicative noise,NA,2,3.03,val,noise,-2.3727953,-9.197418
KADID-10k,I81_14_03,I81,/data/projectwork/swati_mam/new model data/kadid10k/images/I81_14_03.png,/data/projectwork/swati_mam/kadid10k/images/I81.png,Multiplicative noise,NA,3,2.7,val,noise,-24.108475,0.15595087
KADID-10k,I81_14_04,I81,/data/projectwork/swati_mam/new model data/kadid10k/images/I81_14_04.png,/data/projectwork/swati_mam/kadid10k/images/I81.png,Multiplicative noise,NA,4,2.2,val,noise,-37.633327,0.9523055
KADID-10k,I81_14_05,I81,/data/projectwork/swati_mam/new model data/kadid10k/images/I81_14_05.png,/data/projectwork/swati_mam/kadid10k/images/I81.png,Multiplicative noise,NA,5,1.67,val,noise,-48.112232,-1.4518017
KADID-10k,I81_20_02,I81,/data/projectwork/swati_mam/new model data/kadid10k/images/I81_20_02.png,/data/projectwork/swati_mam/kadid10k/images/I81.png,Non-eccentricity patch,NA,2,2.37,val,other,15.343834,19.74916
KADID-10k,I81_20_03,I81,/data/projectwork/swati_mam/new model data/kadid10k/images/I81_20_03.png,/data/projectwork/swati_mam/kadid10k/images/I81.png,Non-eccentricity patch,NA,3,4.07,val,other,13.393928,17.691584
KADID-10k,I81_21_04,I81,/data/projectwork/swati_mam/new model data/kadid10k/images/I81_21_04.png,/data/projectwork/swati_mam/kadid10k/images/I81.png,Pixelate,NA,4,2.0,val,other,14.527949,17.274475
KADID-10k,I81_22_02,I81,/data/projectwork/swati_mam/new model data/kadid10k/images/I81_22_02.png,/data/projectwork/swati_mam/kadid10k/images/I81.png,Quantization,NA,2,3.9,val,other,13.139869,14.593087
KADID-10k,I81_22_03,I81,/data/projectwork/swati_mam/new model data/kadid10k/images/I81_22_03.png,/data/projectwork/swati_mam/kadid10k/images/I81.png,Quantization,NA,3,3.37,val,other,13.12764,14.34976
KADID-10k,I81_11_01,I81,/data/projectwork/swati_mam/new model data/kadid10k/images/I81_11_01.png,/data/projectwork/swati_mam/kadid10k/images/I81.png,White noise,NA,1,3.33,val,noise,-2.3306727,-9.153802
KADID-10k,I81_11_02,I81,/data/projectwork/swati_mam/new model data/kadid10k/images/I81_11_02.png,/data/projectwork/swati_mam/kadid10k/images/I81.png,White noise,NA,2,2.4,val,noise,-18.154911,-0.06566464
KADID-10k,I81_11_03,I81,/data/projectwork/swati_mam/new model data/kadid10k/images/I81_11_03.png,/data/projectwork/swati_mam/kadid10k/images/I81.png,White noise,NA,3,2.73,val,noise,-26.414675,0.6559794
KADID-10k,I81_12_03,I81,/data/projectwork/swati_mam/new model data/kadid10k/images/I81_12_03.png,/data/projectwork/swati_mam/kadid10k/images/I81.png,White noise in color component,NA,3,2.67,val,noise,-37.663647,1.0644135
TID2013,i05_01_2,I05,/data/projectwork/swati_mam/new model data/tid2013/tid2013/distorted_images/i05_01_2.bmp,/data/projectwork/swati_mam/new model data/tid2013/tid2013/reference_images/I05.BMP,type_01,NA,2,5.5,val,noise,28.825525,-5.3437696
TID2013,i05_01_3,I05,/data/projectwork/swati_mam/new model data/tid2013/tid2013/distorted_images/i05_01_3.bmp,/data/projectwork/swati_mam/new model data/tid2013/tid2013/reference_images/I05.BMP,type_01,NA,3,4.84615,val,noise,16.078238,-6.978272
TID2013,i05_01_4,I05,/data/projectwork/swati_mam/new model data/tid2013/tid2013/distorted_images/i05_01_4.bmp,/data/projectwork/swati_mam/new model data/tid2013/tid2013/reference_images/I05.BMP,type_01,NA,4,4.05128,val,noise,-19.234419,3.8757906
TID2013,i05_01_5,I05,/data/projectwork/swati_mam/new model data/tid2013/tid2013/distorted_images/i05_01_5.bmp,/data/projectwork/swati_mam/new model data/tid2013/tid2013/reference_images/I05.BMP,type_01,NA,5,3.5609800000000003,val,noise,-35.9142,1.905932
TID2013,i05_02_1,I05,/data/projectwork/swati_mam/new model data/tid2013/tid2013/distorted_images/i05_02_1.bmp,/data/projectwork/swati_mam/new model data/tid2013/tid2013/reference_images/I05.BMP,type_02,NA,1,5.829269999999999,val,noise,32.85901,-4.7589774
TID2013,i05_02_2,I05,/data/projectwork/swati_mam/new model data/tid2013/tid2013/distorted_images/i05_02_2.bmp,/data/projectwork/swati_mam/new model data/tid2013/tid2013/reference_images/I05.BMP,type_02,NA,2,5.682930000000001,val,noise,29.408665,-5.468969
TID2013,i05_02_3,I05,/data/projectwork/swati_mam/new model data/tid2013/tid2013/distorted_images/i05_02_3.bmp,/data/projectwork/swati_mam/new model data/tid2013/tid2013/reference_images/I05.BMP,type_02,NA,3,5.325,val,noise,15.68114,-6.7640896
TID2013,i05_02_5,I05,/data/projectwork/swati_mam/new model data/tid2013/tid2013/distorted_images/i05_02_5.bmp,/data/projectwork/swati_mam/new model data/tid2013/tid2013/reference_images/I05.BMP,type_02,NA,5,4.25641,val,noise,-35.558468,1.9318165
TID2013,i05_03_1,I05,/data/projectwork/swati_mam/new model data/tid2013/tid2013/distorted_images/i05_03_1.bmp,/data/projectwork/swati_mam/new model data/tid2013/tid2013/reference_images/I05.BMP,type_03,NA,1,5.09756,val,noise,34.9407,-4.535109
TID2013,i05_03_2,I05,/data/projectwork/swati_mam/new model data/tid2013/tid2013/distorted_images/i05_03_2.bmp,/data/projectwork/swati_mam/new model data/tid2013/tid2013/reference_images/I05.BMP,type_03,NA,2,4.4878,val,noise,31.84843,-5.1048403
TID2013,i05_03_5,I05,/data/projectwork/swati_mam/new model data/tid2013/tid2013/distorted_images/i05_03_5.bmp,/data/projectwork/swati_mam/new model data/tid2013/tid2013/reference_images/I05.BMP,type_03,NA,5,2.375,val,noise,-19.314508,3.8648229
TID2013,i05_04_5,I05,/data/projectwork/swati_mam/new model data/tid2013/tid2013/distorted_images/i05_04_5.bmp,/data/projectwork/swati_mam/new model data/tid2013/tid2013/reference_images/I05.BMP,type_04,NA,5,4.4,val,noise,-35.81579,1.8496975
TID2013,i05_05_4,I05,/data/projectwork/swati_mam/new model data/tid2013/tid2013/distorted_images/i05_05_4.bmp,/data/projectwork/swati_mam/new model data/tid2013/tid2013/reference_images/I05.BMP,type_05,NA,4,3.81579,val,HF/sharpen,-45.466827,0.6700074
TID2013,i05_05_5,I05,/data/projectwork/swati_mam/new model data/tid2013/tid2013/distorted_images/i05_05_5.bmp,/data/projectwork/swati_mam/new model data/tid2013/tid2013/reference_images/I05.BMP,type_05,NA,5,2.92308,val,HF/sharpen,-51.604546,-2.0213544
TID2013,i05_06_1,I05,/data/projectwork/swati_mam/new model data/tid2013/tid2013/distorted_images/i05_06_1.bmp,/data/projectwork/swati_mam/new model data/tid2013/tid2013/reference_images/I05.BMP,type_06,NA,1,4.375,val,noise,33.8403,-4.3122897
TID2013,i05_06_2,I05,/data/projectwork/swati_mam/new model data/tid2013/tid2013/distorted_images/i05_06_2.bmp,/data/projectwork/swati_mam/new model data/tid2013/tid2013/reference_images/I05.BMP,type_06,NA,2,3.92308,val,noise,28.160183,-5.5457296
TID2013,i05_06_3,I05,/data/projectwork/swati_mam/new model data/tid2013/tid2013/distorted_images/i05_06_3.bmp,/data/projectwork/swati_mam/new model data/tid2013/tid2013/reference_images/I05.BMP,type_06,NA,3,3.5,val,noise,14.985325,-7.2163353
TID2013,i05_07_1,I05,/data/projectwork/swati_mam/new model data/tid2013/tid2013/distorted_images/i05_07_1.bmp,/data/projectwork/swati_mam/new model data/tid2013/tid2013/reference_images/I05.BMP,type_07,NA,1,5.275,val,noise,32.824337,-4.5798573
TID2013,i05_07_2,I05,/data/projectwork/swati_mam/new model data/tid2013/tid2013/distorted_images/i05_07_2.bmp,/data/projectwork/swati_mam/new model data/tid2013/tid2013/reference_images/I05.BMP,type_07,NA,2,5.26829,val,noise,28.740986,-5.7197323
TID2013,i05_07_3,I05,/data/projectwork/swati_mam/new model data/tid2013/tid2013/distorted_images/i05_07_3.bmp,/data/projectwork/swati_mam/new model data/tid2013/tid2013/reference_images/I05.BMP,type_07,NA,3,4.53846,val,noise,4.929848,-8.139246
TID2013,i05_08_1,I05,/data/projectwork/swati_mam/new model data/tid2013/tid2013/distorted_images/i05_08_1.bmp,/data/projectwork/swati_mam/new model data/tid2013/tid2013/reference_images/I05.BMP,type_08,NA,1,5.4,val,blur,36.69143,-3.2223186
TID2013,i05_08_2,I05,/data/projectwork/swati_mam/new model data/tid2013/tid2013/distorted_images/i05_08_2.bmp,/data/projectwork/swati_mam/new model data/tid2013/tid2013/reference_images/I05.BMP,type_08,NA,2,4.66667,val,blur,34.220238,-3.4631395
TID2013,i05_08_3,I05,/data/projectwork/swati_mam/new model data/tid2013/tid2013/distorted_images/i05_08_3.bmp,/data/projectwork/swati_mam/new model data/tid2013/tid2013/reference_images/I05.BMP,type_08,NA,3,3.65854,val,blur,28.55344,-4.611411
TID2013,i05_08_4,I05,/data/projectwork/swati_mam/new model data/tid2013/tid2013/distorted_images/i05_08_4.bmp,/data/projectwork/swati_mam/new model data/tid2013/tid2013/reference_images/I05.BMP,type_08,NA,4,2.7804900000000004,val,blur,12.724252,-4.0023217
TID2013,i05_08_5,I05,/data/projectwork/swati_mam/new model data/tid2013/tid2013/distorted_images/i05_08_5.bmp,/data/projectwork/swati_mam/new model data/tid2013/tid2013/reference_images/I05.BMP,type_08,NA,5,1.25,val,blur,-9.584864,-6.7246966
TID2013,i05_09_1,I05,/data/projectwork/swati_mam/new model data/tid2013/tid2013/distorted_images/i05_09_1.bmp,/data/projectwork/swati_mam/new model data/tid2013/tid2013/reference_images/I05.BMP,type_09,NA,1,5.825,val,other,35.514423,-3.6743784
TID2013,i05_09_2,I05,/data/projectwork/swati_mam/new model data/tid2013/tid2013/distorted_images/i05_09_2.bmp,/data/projectwork/swati_mam/new model data/tid2013/tid2013/reference_images/I05.BMP,type_09,NA,2,5.825,val,other,34.515057,-3.9092038
TID2013,i05_09_3,I05,/data/projectwork/swati_mam/new model data/tid2013/tid2013/distorted_images/i05_09_3.bmp,/data/projectwork/swati_mam/new model data/tid2013/tid2013/reference_images/I05.BMP,type_09,NA,3,5.325,val,other,34.77153,-3.8231258
TID2013,i05_09_4,I05,/data/projectwork/swati_mam/new model data/tid2013/tid2013/distorted_images/i05_09_4.bmp,/data/projectwork/swati_mam/new model data/tid2013/tid2013/reference_images/I05.BMP,type_09,NA,4,3.5,val,other,33.225304,-2.9027538
TID2013,i05_09_5,I05,/data/projectwork/swati_mam/new model data/tid2013/tid2013/distorted_images/i05_09_5.bmp,/data/projectwork/swati_mam/new model data/tid2013/tid2013/reference_images/I05.BMP,type_09,NA,5,1.36585,val,other,6.071906,-5.6751595
TID2013,i05_10_3,I05,/data/projectwork/swati_mam/new model data/tid2013/tid2013/distorted_images/i05_10_3.bmp,/data/projectwork/swati_mam/new model data/tid2013/tid2013/reference_images/I05.BMP,type_10,NA,3,4.707319999999999,val,other,33.559036,-4.7279387
TID2013,i05_10_4,I05,/data/projectwork/swati_mam/new model data/tid2013/tid2013/distorted_images/i05_10_4.bmp,/data/projectwork/swati_mam/new model data/tid2013/tid2013/reference_images/I05.BMP,type_10,NA,4,3.43902,val,other,7.8556795,-3.8245792
TID2013,i05_10_5,I05,/data/projectwork/swati_mam/new model data/tid2013/tid2013/distorted_images/i05_10_5.bmp,/data/projectwork/swati_mam/new model data/tid2013/tid2013/reference_images/I05.BMP,type_10,NA,5,1.87805,val,other,6.6862054,-2.7799153
TID2013,I05_11_1,I05,/data/projectwork/swati_mam/new model data/tid2013/tid2013/distorted_images/I05_11_1.bmp,/data/projectwork/swati_mam/new model data/tid2013/tid2013/reference_images/I05.BMP,type_11,NA,1,5.7561,val,other,36.81347,-3.7198763
TID2013,i05_11_5,I05,/data/projectwork/swati_mam/new model data/tid2013/tid2013/distorted_images/i05_11_5.bmp,/data/projectwork/swati_mam/new model data/tid2013/tid2013/reference_images/I05.BMP,type_11,NA,5,2.25,val,other,15.447434,-5.133728
TID2013,i05_12_2,I05,/data/projectwork/swati_mam/new model data/tid2013/tid2013/distorted_images/i05_12_2.bmp,/data/projectwork/swati_mam/new model data/tid2013/tid2013/reference_images/I05.BMP,type_12,NA,2,5.775,val,other,38.046074,-3.1529129
TID2013,i05_12_4,I05,/data/projectwork/swati_mam/new model data/tid2013/tid2013/distorted_images/i05_12_4.bmp,/data/projectwork/swati_mam/new model data/tid2013/tid2013/reference_images/I05.BMP,type_12,NA,4,3.8,val,other,32.121082,-4.3272405
TID2013,i05_13_3,I05,/data/projectwork/swati_mam/new model data/tid2013/tid2013/distorted_images/i05_13_3.bmp,/data/projectwork/swati_mam/new model data/tid2013/tid2013/reference_images/I05.BMP,type_13,NA,3,3.475,val,other,28.101715,-6.381076
TID2013,i05_13_4,I05,/data/projectwork/swati_mam/new model data/tid2013/tid2013/distorted_images/i05_13_4.bmp,/data/projectwork/swati_mam/new model data/tid2013/tid2013/reference_images/I05.BMP,type_13,NA,4,2.97561,val,other,27.675406,-6.137831
TID2013,i05_13_5,I05,/data/projectwork/swati_mam/new model data/tid2013/tid2013/distorted_images/i05_13_5.bmp,/data/projectwork/swati_mam/new model data/tid2013/tid2013/reference_images/I05.BMP,type_13,NA,5,1.97368,val,other,-9.138729,-1.329009
TID2013,i05_14_1,I05,/data/projectwork/swati_mam/new model data/tid2013/tid2013/distorted_images/i05_14_1.bmp,/data/projectwork/swati_mam/new model data/tid2013/tid2013/reference_images/I05.BMP,type_14,NA,1,5.926830000000001,val,other,37.51035,-3.1677032
TID2013,i05_14_2,I05,/data/projectwork/swati_mam/new model data/tid2013/tid2013/distorted_images/i05_14_2.bmp,/data/projectwork/swati_mam/new model data/tid2013/tid2013/reference_images/I05.BMP,type_14,NA,2,5.53659,val,other,35.79495,-4.524515
TID2013,i05_14_3,I05,/data/projectwork/swati_mam/new model data/tid2013/tid2013/distorted_images/i05_14_3.bmp,/data/projectwork/swati_mam/new model data/tid2013/tid2013/reference_images/I05.BMP,type_14,NA,3,5.60976,val,other,37.287792,-4.250289
TID2013,i05_14_4,I05,/data/projectwork/swati_mam/new model data/tid2013/tid2013/distorted_images/i05_14_4.bmp,/data/projectwork/swati_mam/new model data/tid2013/tid2013/reference_images/I05.BMP,type_14,NA,4,5.225,val,other,32.74598,-5.5592356
TID2013,i05_15_3,I05,/data/projectwork/swati_mam/new model data/tid2013/tid2013/distorted_images/i05_15_3.bmp,/data/projectwork/swati_mam/new model data/tid2013/tid2013/reference_images/I05.BMP,type_15,NA,3,3.31707,val,other,34.391224,-5.526989
TID2013,i05_15_4,I05,/data/projectwork/swati_mam/new model data/tid2013/tid2013/distorted_images/i05_15_4.bmp,/data/projectwork/swati_mam/new model data/tid2013/tid2013/reference_images/I05.BMP,type_15,NA,4,3.9,val,other,34.515667,-5.051427
TID2013,i05_15_5,I05,/data/projectwork/swati_mam/new model data/tid2013/tid2013/distorted_images/i05_15_5.bmp,/data/projectwork/swati_mam/new model data/tid2013/tid2013/reference_images/I05.BMP,type_15,NA,5,3.84615,val,other,36.19301,-3.0369105
TID2013,i05_16_1,I05,/data/projectwork/swati_mam/new model data/tid2013/tid2013/distorted_images/i05_16_1.bmp,/data/projectwork/swati_mam/new model data/tid2013/tid2013/reference_images/I05.BMP,type_16,NA,1,6.15,val,other,36.41472,-4.0972466
TID2013,i05_16_2,I05,/data/projectwork/swati_mam/new model data/tid2013/tid2013/distorted_images/i05_16_2.bmp,/data/projectwork/swati_mam/new model data/tid2013/tid2013/reference_images/I05.BMP,type_16,NA,2,5.95,val,other,37.3899,-2.6507785
TID2013,i05_16_4,I05,/data/projectwork/swati_mam/new model data/tid2013/tid2013/distorted_images/i05_16_4.bmp,/data/projectwork/swati_mam/new model data/tid2013/tid2013/reference_images/I05.BMP,type_16,NA,4,5.09756,val,other,34.831852,-5.543712
TID2013,i05_17_2,I05,/data/projectwork/swati_mam/new model data/tid2013/tid2013/distorted_images/i05_17_2.bmp,/data/projectwork/swati_mam/new model data/tid2013/tid2013/reference_images/I05.BMP,type_17,NA,2,6.829269999999999,val,other,34.045773,-5.1766953
TID2013,i05_17_4,I05,/data/projectwork/swati_mam/new model data/tid2013/tid2013/distorted_images/i05_17_4.bmp,/data/projectwork/swati_mam/new model data/tid2013/tid2013/reference_images/I05.BMP,type_17,NA,4,6.560980000000001,val,other,28.844767,-6.359939
TID2013,i05_18_2,I05,/data/projectwork/swati_mam/new model data/tid2013/tid2013/distorted_images/i05_18_2.bmp,/data/projectwork/swati_mam/new model data/tid2013/tid2013/reference_images/I05.BMP,type_18,NA,2,4.2051300000000005,val,other,38.186222,-2.6767433
TID2013,i05_18_3,I05,/data/projectwork/swati_mam/new model data/tid2013/tid2013/distorted_images/i05_18_3.bmp,/data/projectwork/swati_mam/new model data/tid2013/tid2013/reference_images/I05.BMP,type_18,NA,3,3.74359,val,other,37.970192,-2.5353234
TID2013,i05_18_4,I05,/data/projectwork/swati_mam/new model data/tid2013/tid2013/distorted_images/i05_18_4.bmp,/data/projectwork/swati_mam/new model data/tid2013/tid2013/reference_images/I05.BMP,type_18,NA,4,3.53846,val,other,36.81102,-2.6662638
TID2013,i05_19_3,I05,/data/projectwork/swati_mam/new model data/tid2013/tid2013/distorted_images/i05_19_3.bmp,/data/projectwork/swati_mam/new model data/tid2013/tid2013/reference_images/I05.BMP,type_19,NA,3,4.225,val,noise,26.709726,-5.861696
TID2013,i05_19_4,I05,/data/projectwork/swati_mam/new model data/tid2013/tid2013/distorted_images/i05_19_4.bmp,/data/projectwork/swati_mam/new model data/tid2013/tid2013/reference_images/I05.BMP,type_19,NA,4,3.65,val,noise,5.0927353,-8.306922
TID2013,i05_20_2,I05,/data/projectwork/swati_mam/new model data/tid2013/tid2013/distorted_images/i05_20_2.bmp,/data/projectwork/swati_mam/new model data/tid2013/tid2013/reference_images/I05.BMP,type_20,NA,2,5.560980000000001,val,noise,35.833324,-4.069161
TID2013,i05_20_5,I05,/data/projectwork/swati_mam/new model data/tid2013/tid2013/distorted_images/i05_20_5.bmp,/data/projectwork/swati_mam/new model data/tid2013/tid2013/reference_images/I05.BMP,type_20,NA,5,3.28205,val,noise,15.512988,-5.2481637
TID2013,i05_21_1,I05,/data/projectwork/swati_mam/new model data/tid2013/tid2013/distorted_images/i05_21_1.bmp,/data/projectwork/swati_mam/new model data/tid2013/tid2013/reference_images/I05.BMP,type_21,NA,1,5.6,val,other,36.22944,-3.5439754
TID2013,i05_21_3,I05,/data/projectwork/swati_mam/new model data/tid2013/tid2013/distorted_images/i05_21_3.bmp,/data/projectwork/swati_mam/new model data/tid2013/tid2013/reference_images/I05.BMP,type_21,NA,3,4.36585,val,other,28.34295,-5.390283
TID2013,i05_21_4,I05,/data/projectwork/swati_mam/new model data/tid2013/tid2013/distorted_images/i05_21_4.bmp,/data/projectwork/swati_mam/new model data/tid2013/tid2013/reference_images/I05.BMP,type_21,NA,4,3.35,val,other,14.936894,-6.169399
TID2013,i05_22_1,I05,/data/projectwork/swati_mam/new model data/tid2013/tid2013/distorted_images/i05_22_1.bmp,/data/projectwork/swati_mam/new model data/tid2013/tid2013/reference_images/I05.BMP,type_22,NA,1,5.275,val,other,34.522163,-4.5857306
TID2013,i05_22_4,I05,/data/projectwork/swati_mam/new model data/tid2013/tid2013/distorted_images/i05_22_4.bmp,/data/projectwork/swati_mam/new model data/tid2013/tid2013/reference_images/I05.BMP,type_22,NA,4,4.1,val,other,27.309568,-6.0031385
TID2013,i05_22_5,I05,/data/projectwork/swati_mam/new model data/tid2013/tid2013/distorted_images/i05_22_5.bmp,/data/projectwork/swati_mam/new model data/tid2013/tid2013/reference_images/I05.BMP,type_22,NA,5,3.17073,val,other,15.484536,-6.7365823
TID2013,i05_23_2,I05,/data/projectwork/swati_mam/new model data/tid2013/tid2013/distorted_images/i05_23_2.bmp,/data/projectwork/swati_mam/new model data/tid2013/tid2013/reference_images/I05.BMP,type_23,NA,2,5.575,val,blur,33.68107,-3.7342727
TID2013,i05_23_3,I05,/data/projectwork/swati_mam/new model data/tid2013/tid2013/distorted_images/i05_23_3.bmp,/data/projectwork/swati_mam/new model data/tid2013/tid2013/reference_images/I05.BMP,type_23,NA,3,5.63415,val,blur,30.494114,-5.0849867
TID2013,i05_23_5,I05,/data/projectwork/swati_mam/new model data/tid2013/tid2013/distorted_images/i05_23_5.bmp,/data/projectwork/swati_mam/new model data/tid2013/tid2013/reference_images/I05.BMP,type_23,NA,5,5.439019999999999,val,blur,16.467316,-7.8103313
TID2013,i05_24_1,I05,/data/projectwork/swati_mam/new model data/tid2013/tid2013/distorted_images/i05_24_1.bmp,/data/projectwork/swati_mam/new model data/tid2013/tid2013/reference_images/I05.BMP,type_24,NA,1,5.525,val,other,37.40794,-3.5591936
TID2013,i05_24_3,I05,/data/projectwork/swati_mam/new model data/tid2013/tid2013/distorted_images/i05_24_3.bmp,/data/projectwork/swati_mam/new model data/tid2013/tid2013/reference_images/I05.BMP,type_24,NA,3,5.2,val,other,38.296726,-3.2814445
TID2013,i05_24_5,I05,/data/projectwork/swati_mam/new model data/tid2013/tid2013/distorted_images/i05_24_5.bmp,/data/projectwork/swati_mam/new model data/tid2013/tid2013/reference_images/I05.BMP,type_24,NA,5,2.60976,val,other,32.86258,-3.443699
TID2013,I24_01_1,I24,/data/projectwork/swati_mam/new model data/tid2013/tid2013/distorted_images/I24_01_1.bmp,/data/projectwork/swati_mam/new model data/tid2013/tid2013/reference_images/I24.BMP,type_01,NA,1,5.88571,val,noise,5.87878,-5.0063734
TID2013,i24_01_2,I24,/data/projectwork/swati_mam/new model data/tid2013/tid2013/distorted_images/i24_01_2.bmp,/data/projectwork/swati_mam/new model data/tid2013/tid2013/reference_images/I24.BMP,type_01,NA,2,5.05556,val,noise,-12.03268,-1.9388596
TID2013,i24_01_3,I24,/data/projectwork/swati_mam/new model data/tid2013/tid2013/distorted_images/i24_01_3.bmp,/data/projectwork/swati_mam/new model data/tid2013/tid2013/reference_images/I24.BMP,type_01,NA,3,4.72222,val,noise,-31.540932,-1.9256644
TID2013,i24_01_5,I24,/data/projectwork/swati_mam/new model data/tid2013/tid2013/distorted_images/i24_01_5.bmp,/data/projectwork/swati_mam/new model data/tid2013/tid2013/reference_images/I24.BMP,type_01,NA,5,3.58333,val,noise,-49.75988,-2.0520494
TID2013,i24_02_2,I24,/data/projectwork/swati_mam/new model data/tid2013/tid2013/distorted_images/i24_02_2.bmp,/data/projectwork/swati_mam/new model data/tid2013/tid2013/reference_images/I24.BMP,type_02,NA,2,5.91176,val,noise,-12.8893385,-1.7984614
TID2013,i24_02_4,I24,/data/projectwork/swati_mam/new model data/tid2013/tid2013/distorted_images/i24_02_4.bmp,/data/projectwork/swati_mam/new model data/tid2013/tid2013/reference_images/I24.BMP,type_02,NA,4,5.08571,val,noise,-44.71271,-0.90643346
TID2013,i24_03_3,I24,/data/projectwork/swati_mam/new model data/tid2013/tid2013/distorted_images/i24_03_3.bmp,/data/projectwork/swati_mam/new model data/tid2013/tid2013/reference_images/I24.BMP,type_03,NA,3,3.82857,val,noise,-24.961689,1.7794502
TID2013,i24_03_4,I24,/data/projectwork/swati_mam/new model data/tid2013/tid2013/distorted_images/i24_03_4.bmp,/data/projectwork/swati_mam/new model data/tid2013/tid2013/reference_images/I24.BMP,type_03,NA,4,3.28571,val,noise,-34.07693,-2.4433253
TID2013,i24_03_5,I24,/data/projectwork/swati_mam/new model data/tid2013/tid2013/distorted_images/i24_03_5.bmp,/data/projectwork/swati_mam/new model data/tid2013/tid2013/reference_images/I24.BMP,type_03,NA,5,2.69444,val,noise,-45.54358,-0.8679327
TID2013,i24_04_1,I24,/data/projectwork/swati_mam/new model data/tid2013/tid2013/distorted_images/i24_04_1.bmp,/data/projectwork/swati_mam/new model data/tid2013/tid2013/reference_images/I24.BMP,type_04,NA,1,5.85714,val,noise,8.240696,-5.031088
TID2013,i24_04_2,I24,/data/projectwork/swati_mam/new model data/tid2013/tid2013/distorted_images/i24_04_2.bmp,/data/projectwork/swati_mam/new model data/tid2013/tid2013/reference_images/I24.BMP,type_04,NA,2,5.83333,val,noise,4.1308575,-5.531746
TID2013,i24_04_5,I24,/data/projectwork/swati_mam/new model data/tid2013/tid2013/distorted_images/i24_04_5.bmp,/data/projectwork/swati_mam/new model data/tid2013/tid2013/reference_images/I24.BMP,type_04,NA,5,4.57143,val,noise,-44.76982,-1.5094573
TID2013,i24_05_1,I24,/data/projectwork/swati_mam/new model data/tid2013/tid2013/distorted_images/i24_05_1.bmp,/data/projectwork/swati_mam/new model data/tid2013/tid2013/reference_images/I24.BMP,type_05,NA,1,5.80556,val,HF/sharpen,4.3567634,-5.2998934
TID2013,i24_05_2,I24,/data/projectwork/swati_mam/new model data/tid2013/tid2013/distorted_images/i24_05_2.bmp,/data/projectwork/swati_mam/new model data/tid2013/tid2013/reference_images/I24.BMP,type_05,NA,2,5.33333,val,HF/sharpen,-13.009621,-1.6942911
TID2013,i24_05_3,I24,/data/projectwork/swati_mam/new model data/tid2013/tid2013/distorted_images/i24_05_3.bmp,/data/projectwork/swati_mam/new model data/tid2013/tid2013/reference_images/I24.BMP,type_05,NA,3,5.13889,val,HF/sharpen,-41.369167,-0.966077
TID2013,i24_05_5,I24,/data/projectwork/swati_mam/new model data/tid2013/tid2013/distorted_images/i24_05_5.bmp,/data/projectwork/swati_mam/new model data/tid2013/tid2013/reference_images/I24.BMP,type_05,NA,5,3.25,val,HF/sharpen,-52.512123,-1.9191606
TID2013,i24_06_1,I24,/data/projectwork/swati_mam/new model data/tid2013/tid2013/distorted_images/i24_06_1.bmp,/data/projectwork/swati_mam/new model data/tid2013/tid2013/reference_images/I24.BMP,type_06,NA,1,4.64706,val,noise,7.482229,-4.635263
TID2013,i24_06_3,I24,/data/projectwork/swati_mam/new model data/tid2013/tid2013/distorted_images/i24_06_3.bmp,/data/projectwork/swati_mam/new model data/tid2013/tid2013/reference_images/I24.BMP,type_06,NA,3,3.97143,val,noise,-11.498905,-2.0948956
TID2013,i24_06_5,I24,/data/projectwork/swati_mam/new model data/tid2013/tid2013/distorted_images/i24_06_5.bmp,/data/projectwork/swati_mam/new model data/tid2013/tid2013/reference_images/I24.BMP,type_06,NA,5,3.28571,val,noise,-45.924652,-1.5546137
TID2013,i24_07_1,I24,/data/projectwork/swati_mam/new model data/tid2013/tid2013/distorted_images/i24_07_1.bmp,/data/projectwork/swati_mam/new model data/tid2013/tid2013/reference_images/I24.BMP,type_07,NA,1,5.52778,val,noise,8.079418,-4.800419
TID2013,i24_08_1,I24,/data/projectwork/swati_mam/new model data/tid2013/tid2013/distorted_images/i24_08_1.bmp,/data/projectwork/swati_mam/new model data/tid2013/tid2013/reference_images/I24.BMP,type_08,NA,1,5.94444,val,blur,10.1898985,-4.96821
TID2013,i24_08_2,I24,/data/projectwork/swati_mam/new model data/tid2013/tid2013/distorted_images/i24_08_2.bmp,/data/projectwork/swati_mam/new model data/tid2013/tid2013/reference_images/I24.BMP,type_08,NA,2,4.971430000000001,val,blur,7.4976597,-5.123757
TID2013,i24_08_3,I24,/data/projectwork/swati_mam/new model data/tid2013/tid2013/distorted_images/i24_08_3.bmp,/data/projectwork/swati_mam/new model data/tid2013/tid2013/reference_images/I24.BMP,type_08,NA,3,4.05714,val,blur,3.256043,-5.191223
TID2013,i24_08_4,I24,/data/projectwork/swati_mam/new model data/tid2013/tid2013/distorted_images/i24_08_4.bmp,/data/projectwork/swati_mam/new model data/tid2013/tid2013/reference_images/I24.BMP,type_08,NA,4,3.17647,val,blur,-13.138506,-3.7221813
TID2013,i24_09_1,I24,/data/projectwork/swati_mam/new model data/tid2013/tid2013/distorted_images/i24_09_1.bmp,/data/projectwork/swati_mam/new model data/tid2013/tid2013/reference_images/I24.BMP,type_09,NA,1,6.0,val,other,11.106628,-4.7521214
TID2013,i24_09_2,I24,/data/projectwork/swati_mam/new model data/tid2013/tid2013/distorted_images/i24_09_2.bmp,/data/projectwork/swati_mam/new model data/tid2013/tid2013/reference_images/I24.BMP,type_09,NA,2,5.29412,val,other,9.107526,-4.78872
TID2013,i24_09_3,I24,/data/projectwork/swati_mam/new model data/tid2013/tid2013/distorted_images/i24_09_3.bmp,/data/projectwork/swati_mam/new model data/tid2013/tid2013/reference_images/I24.BMP,type_09,NA,3,4.52778,val,other,3.474183,-5.0699763
TID2013,i24_09_4,I24,/data/projectwork/swati_mam/new model data/tid2013/tid2013/distorted_images/i24_09_4.bmp,/data/projectwork/swati_mam/new model data/tid2013/tid2013/reference_images/I24.BMP,type_09,NA,4,3.38889,val,other,-13.157994,-3.7187562
TID2013,i24_10_2,I24,/data/projectwork/swati_mam/new model data/tid2013/tid2013/distorted_images/i24_10_2.bmp,/data/projectwork/swati_mam/new model data/tid2013/tid2013/reference_images/I24.BMP,type_10,NA,2,5.82857,val,other,12.394728,-5.1874733
TID2013,I24_11_1,I24,/data/projectwork/swati_mam/new model data/tid2013/tid2013/distorted_images/I24_11_1.bmp,/data/projectwork/swati_mam/new model data/tid2013/tid2013/reference_images/I24.BMP,type_11,NA,1,5.4,val,other,9.145511,-5.085348
TID2013,i24_11_5,I24,/data/projectwork/swati_mam/new model data/tid2013/tid2013/distorted_images/i24_11_5.bmp,/data/projectwork/swati_mam/new model data/tid2013/tid2013/reference_images/I24.BMP,type_11,NA,5,0.91667,val,other,-27.428936,-5.357753
TID2013,i24_12_1,I24,/data/projectwork/swati_mam/new model data/tid2013/tid2013/distorted_images/i24_12_1.bmp,/data/projectwork/swati_mam/new model data/tid2013/tid2013/reference_images/I24.BMP,type_12,NA,1,5.68571,val,other,13.241254,-4.87642
TID2013,i24_12_2,I24,/data/projectwork/swati_mam/new model data/tid2013/tid2013/distorted_images/i24_12_2.bmp,/data/projectwork/swati_mam/new model data/tid2013/tid2013/reference_images/I24.BMP,type_12,NA,2,6.08571,val,other,12.95796,-4.969708
TID2013,i24_12_3,I24,/data/projectwork/swati_mam/new model data/tid2013/tid2013/distorted_images/i24_12_3.bmp,/data/projectwork/swati_mam/new model data/tid2013/tid2013/reference_images/I24.BMP,type_12,NA,3,5.48485,val,other,11.7056675,-3.9477596
TID2013,i24_12_4,I24,/data/projectwork/swati_mam/new model data/tid2013/tid2013/distorted_images/i24_12_4.bmp,/data/projectwork/swati_mam/new model data/tid2013/tid2013/reference_images/I24.BMP,type_12,NA,4,3.5,val,other,3.232832,-6.206101
TID2013,i24_12_5,I24,/data/projectwork/swati_mam/new model data/tid2013/tid2013/distorted_images/i24_12_5.bmp,/data/projectwork/swati_mam/new model data/tid2013/tid2013/reference_images/I24.BMP,type_12,NA,5,2.58333,val,other,4.642925,-3.6185718
TID2013,i24_13_5,I24,/data/projectwork/swati_mam/new model data/tid2013/tid2013/distorted_images/i24_13_5.bmp,/data/projectwork/swati_mam/new model data/tid2013/tid2013/reference_images/I24.BMP,type_13,NA,5,2.5,val,other,-0.36306253,-2.1006029
TID2013,i24_14_4,I24,/data/projectwork/swati_mam/new model data/tid2013/tid2013/distorted_images/i24_14_4.bmp,/data/projectwork/swati_mam/new model data/tid2013/tid2013/reference_images/I24.BMP,type_14,NA,4,5.13889,val,other,11.455768,-5.6081862
TID2013,i24_15_1,I24,/data/projectwork/swati_mam/new model data/tid2013/tid2013/distorted_images/i24_15_1.bmp,/data/projectwork/swati_mam/new model data/tid2013/tid2013/reference_images/I24.BMP,type_15,NA,1,4.02778,val,other,10.109425,-5.710894
TID2013,i24_15_2,I24,/data/projectwork/swati_mam/new model data/tid2013/tid2013/distorted_images/i24_15_2.bmp,/data/projectwork/swati_mam/new model data/tid2013/tid2013/reference_images/I24.BMP,type_15,NA,2,4.4,val,other,9.994723,-6.050921
TID2013,i24_15_3,I24,/data/projectwork/swati_mam/new model data/tid2013/tid2013/distorted_images/i24_15_3.bmp,/data/projectwork/swati_mam/new model data/tid2013/tid2013/reference_images/I24.BMP,type_15,NA,3,3.88571,val,other,10.393547,-6.196444
TID2013,i24_15_5,I24,/data/projectwork/swati_mam/new model data/tid2013/tid2013/distorted_images/i24_15_5.bmp,/data/projectwork/swati_mam/new model data/tid2013/tid2013/reference_images/I24.BMP,type_15,NA,5,3.38889,val,other,7.7483697,-5.763797
TID2013,i24_16_3,I24,/data/projectwork/swati_mam/new model data/tid2013/tid2013/distorted_images/i24_16_3.bmp,/data/projectwork/swati_mam/new model data/tid2013/tid2013/reference_images/I24.BMP,type_16,NA,3,5.45714,val,other,12.0250845,-4.5573926
TID2013,i24_17_1,I24,/data/projectwork/swati_mam/new model data/tid2013/tid2013/distorted_images/i24_17_1.bmp,/data/projectwork/swati_mam/new model data/tid2013/tid2013/reference_images/I24.BMP,type_17,NA,1,5.75,val,other,10.512249,-4.9162874
TID2013,i24_17_2,I24,/data/projectwork/swati_mam/new model data/tid2013/tid2013/distorted_images/i24_17_2.bmp,/data/projectwork/swati_mam/new model data/tid2013/tid2013/reference_images/I24.BMP,type_17,NA,2,6.47222,val,other,27.014034,-4.122552
TID2013,i24_17_4,I24,/data/projectwork/swati_mam/new model data/tid2013/tid2013/distorted_images/i24_17_4.bmp,/data/projectwork/swati_mam/new model data/tid2013/tid2013/reference_images/I24.BMP,type_17,NA,4,6.72222,val,other,27.299215,-4.2715096
TID2013,i24_18_4,I24,/data/projectwork/swati_mam/new model data/tid2013/tid2013/distorted_images/i24_18_4.bmp,/data/projectwork/swati_mam/new model data/tid2013/tid2013/reference_images/I24.BMP,type_18,NA,4,4.11429,val,other,3.831405,-5.6602316
TID2013,i24_19_1,I24,/data/projectwork/swati_mam/new model data/tid2013/tid2013/distorted_images/i24_19_1.bmp,/data/projectwork/swati_mam/new model data/tid2013/tid2013/reference_images/I24.BMP,type_19,NA,1,5.57143,val,noise,4.602429,-5.5186224
TID2013,i24_19_5,I24,/data/projectwork/swati_mam/new model data/tid2013/tid2013/distorted_images/i24_19_5.bmp,/data/projectwork/swati_mam/new model data/tid2013/tid2013/reference_images/I24.BMP,type_19,NA,5,3.85714,val,noise,-48.66394,-1.9079326
TID2013,i24_20_1,I24,/data/projectwork/swati_mam/new model data/tid2013/tid2013/distorted_images/i24_20_1.bmp,/data/projectwork/swati_mam/new model data/tid2013/tid2013/reference_images/I24.BMP,type_20,NA,1,6.14286,val,noise,11.490606,-4.8279805
TID2013,i24_20_2,I24,/data/projectwork/swati_mam/new model data/tid2013/tid2013/distorted_images/i24_20_2.bmp,/data/projectwork/swati_mam/new model data/tid2013/tid2013/reference_images/I24.BMP,type_20,NA,2,5.61111,val,noise,12.845327,-5.392145
TID2013,i24_20_3,I24,/data/projectwork/swati_mam/new model data/tid2013/tid2013/distorted_images/i24_20_3.bmp,/data/projectwork/swati_mam/new model data/tid2013/tid2013/reference_images/I24.BMP,type_20,NA,3,5.17143,val,noise,12.439775,-6.1205506
TID2013,i24_21_1,I24,/data/projectwork/swati_mam/new model data/tid2013/tid2013/distorted_images/i24_21_1.bmp,/data/projectwork/swati_mam/new model data/tid2013/tid2013/reference_images/I24.BMP,type_21,NA,1,5.77778,val,other,10.997993,-4.95329
TID2013,i24_21_3,I24,/data/projectwork/swati_mam/new model data/tid2013/tid2013/distorted_images/i24_21_3.bmp,/data/projectwork/swati_mam/new model data/tid2013/tid2013/reference_images/I24.BMP,type_21,NA,3,4.14286,val,other,-13.295609,-2.1000059
TID2013,i24_21_4,I24,/data/projectwork/swati_mam/new model data/tid2013/tid2013/distorted_images/i24_21_4.bmp,/data/projectwork/swati_mam/new model data/tid2013/tid2013/reference_images/I24.BMP,type_21,NA,4,3.36111,val,other,-29.677973,-3.1919763
TID2013,i24_22_2,I24,/data/projectwork/swati_mam/new model data/tid2013/tid2013/distorted_images/i24_22_2.bmp,/data/projectwork/swati_mam/new model data/tid2013/tid2013/reference_images/I24.BMP,type_22,NA,2,5.02941,val,other,-12.200899,-2.1772335
TID2013,i24_22_3,I24,/data/projectwork/swati_mam/new model data/tid2013/tid2013/distorted_images/i24_22_3.bmp,/data/projectwork/swati_mam/new model data/tid2013/tid2013/reference_images/I24.BMP,type_22,NA,3,4.61765,val,other,-13.844948,-1.7077479
TID2013,i24_22_4,I24,/data/projectwork/swati_mam/new model data/tid2013/tid2013/distorted_images/i24_22_4.bmp,/data/projectwork/swati_mam/new model data/tid2013/tid2013/reference_images/I24.BMP,type_22,NA,4,3.33333,val,other,-27.940058,-1.9293984
TID2013,i24_23_1,I24,/data/projectwork/swati_mam/new model data/tid2013/tid2013/distorted_images/i24_23_1.bmp,/data/projectwork/swati_mam/new model data/tid2013/tid2013/reference_images/I24.BMP,type_23,NA,1,5.8,val,blur,9.472635,-4.8855553
TID2013,i24_23_2,I24,/data/projectwork/swati_mam/new model data/tid2013/tid2013/distorted_images/i24_23_2.bmp,/data/projectwork/swati_mam/new model data/tid2013/tid2013/reference_images/I24.BMP,type_23,NA,2,6.02778,val,blur,4.6656985,-5.3589005
TID2013,i24_23_4,I24,/data/projectwork/swati_mam/new model data/tid2013/tid2013/distorted_images/i24_23_4.bmp,/data/projectwork/swati_mam/new model data/tid2013/tid2013/reference_images/I24.BMP,type_23,NA,4,5.08824,val,blur,-13.997066,-1.975697
TID2013,i24_23_5,I24,/data/projectwork/swati_mam/new model data/tid2013/tid2013/distorted_images/i24_23_5.bmp,/data/projectwork/swati_mam/new model data/tid2013/tid2013/reference_images/I24.BMP,type_23,NA,5,2.29412,val,blur,-31.9424,-4.4214005
TID2013,i24_24_2,I24,/data/projectwork/swati_mam/new model data/tid2013/tid2013/distorted_images/i24_24_2.bmp,/data/projectwork/swati_mam/new model data/tid2013/tid2013/reference_images/I24.BMP,type_24,NA,2,5.34286,val,other,11.996449,-5.2749887
TID2013,i24_24_3,I24,/data/projectwork/swati_mam/new model data/tid2013/tid2013/distorted_images/i24_24_3.bmp,/data/projectwork/swati_mam/new model data/tid2013/tid2013/reference_images/I24.BMP,type_24,NA,3,4.34286,val,other,9.230787,-5.751441
TID2013,i24_24_4,I24,/data/projectwork/swati_mam/new model data/tid2013/tid2013/distorted_images/i24_24_4.bmp,/data/projectwork/swati_mam/new model data/tid2013/tid2013/reference_images/I24.BMP,type_24,NA,4,2.74286,val,other,-9.203629,-6.459104
TID2013,i24_24_5,I24,/data/projectwork/swati_mam/new model data/tid2013/tid2013/distorted_images/i24_24_5.bmp,/data/projectwork/swati_mam/new model data/tid2013/tid2013/reference_images/I24.BMP,type_24,NA,5,0.41667,val,other,-27.176186,-5.5933905
TID2013,I25_01_1,I25,/data/projectwork/swati_mam/new model data/tid2013/tid2013/distorted_images/I25_01_1.bmp,/data/projectwork/swati_mam/new model data/tid2013/tid2013/reference_images/i25.bmp,type_01,NA,1,5.14286,val,noise,-11.711403,37.16588
TID2013,i25_01_2,I25,/data/projectwork/swati_mam/new model data/tid2013/tid2013/distorted_images/i25_01_2.bmp,/data/projectwork/swati_mam/new model data/tid2013/tid2013/reference_images/i25.bmp,type_01,NA,2,4.67647,val,noise,-13.531325,36.916843
TID2013,i25_01_4,I25,/data/projectwork/swati_mam/new model data/tid2013/tid2013/distorted_images/i25_01_4.bmp,/data/projectwork/swati_mam/new model data/tid2013/tid2013/reference_images/i25.bmp,type_01,NA,4,3.88571,val,noise,-16.761078,34.15041
TID2013,i25_03_3,I25,/data/projectwork/swati_mam/new model data/tid2013/tid2013/distorted_images/i25_03_3.bmp,/data/projectwork/swati_mam/new model data/tid2013/tid2013/reference_images/i25.bmp,type_03,NA,3,3.25,val,noise,-14.490852,36.456287
TID2013,i25_03_4,I25,/data/projectwork/swati_mam/new model data/tid2013/tid2013/distorted_images/i25_03_4.bmp,/data/projectwork/swati_mam/new model data/tid2013/tid2013/reference_images/i25.bmp,type_03,NA,4,2.9142900000000003,val,noise,-13.845444,35.58309
TID2013,i25_04_1,I25,/data/projectwork/swati_mam/new model data/tid2013/tid2013/distorted_images/i25_04_1.bmp,/data/projectwork/swati_mam/new model data/tid2013/tid2013/reference_images/i25.bmp,type_04,NA,1,6.39394,val,noise,-11.5473795,37.570477
TID2013,i25_04_2,I25,/data/projectwork/swati_mam/new model data/tid2013/tid2013/distorted_images/i25_04_2.bmp,/data/projectwork/swati_mam/new model data/tid2013/tid2013/reference_images/i25.bmp,type_04,NA,2,6.16667,val,noise,-13.052234,37.24461
TID2013,i25_04_5,I25,/data/projectwork/swati_mam/new model data/tid2013/tid2013/distorted_images/i25_04_5.bmp,/data/projectwork/swati_mam/new model data/tid2013/tid2013/reference_images/i25.bmp,type_04,NA,5,5.23529,val,noise,-41.565525,7.089509
TID2013,i25_05_2,I25,/data/projectwork/swati_mam/new model data/tid2013/tid2013/distorted_images/i25_05_2.bmp,/data/projectwork/swati_mam/new model data/tid2013/tid2013/reference_images/i25.bmp,type_05,NA,2,5.25714,val,HF/sharpen,-13.787084,36.34308
TID2013,i25_05_3,I25,/data/projectwork/swati_mam/new model data/tid2013/tid2013/distorted_images/i25_05_3.bmp,/data/projectwork/swati_mam/new model data/tid2013/tid2013/reference_images/i25.bmp,type_05,NA,3,4.61111,val,HF/sharpen,-16.464413,34.497456
TID2013,i25_05_4,I25,/data/projectwork/swati_mam/new model data/tid2013/tid2013/distorted_images/i25_05_4.bmp,/data/projectwork/swati_mam/new model data/tid2013/tid2013/reference_images/i25.bmp,type_05,NA,4,3.85714,val,HF/sharpen,-41.870903,6.3558826
TID2013,i25_05_5,I25,/data/projectwork/swati_mam/new model data/tid2013/tid2013/distorted_images/i25_05_5.bmp,/data/projectwork/swati_mam/new model data/tid2013/tid2013/reference_images/i25.bmp,type_05,NA,5,2.75,val,HF/sharpen,-49.73321,-1.074439
TID2013,i25_06_3,I25,/data/projectwork/swati_mam/new model data/tid2013/tid2013/distorted_images/i25_06_3.bmp,/data/projectwork/swati_mam/new model data/tid2013/tid2013/reference_images/i25.bmp,type_06,NA,3,3.705880000000001,val,noise,-41.42823,7.3776984
TID2013,i25_06_4,I25,/data/projectwork/swati_mam/new model data/tid2013/tid2013/distorted_images/i25_06_4.bmp,/data/projectwork/swati_mam/new model data/tid2013/tid2013/reference_images/i25.bmp,type_06,NA,4,3.47222,val,noise,-42.20566,5.349594
TID2013,i25_06_5,I25,/data/projectwork/swati_mam/new model data/tid2013/tid2013/distorted_images/i25_06_5.bmp,/data/projectwork/swati_mam/new model data/tid2013/tid2013/reference_images/i25.bmp,type_06,NA,5,3.02778,val,noise,-48.198444,-0.13690959
TID2013,i25_07_3,I25,/data/projectwork/swati_mam/new model data/tid2013/tid2013/distorted_images/i25_07_3.bmp,/data/projectwork/swati_mam/new model data/tid2013/tid2013/reference_images/i25.bmp,type_07,NA,3,3.0303,val,noise,-15.37553,35.39499
TID2013,i25_07_5,I25,/data/projectwork/swati_mam/new model data/tid2013/tid2013/distorted_images/i25_07_5.bmp,/data/projectwork/swati_mam/new model data/tid2013/tid2013/reference_images/i25.bmp,type_07,NA,5,2.74286,val,noise,-42.0283,6.602055
TID2013,i25_08_2,I25,/data/projectwork/swati_mam/new model data/tid2013/tid2013/distorted_images/i25_08_2.bmp,/data/projectwork/swati_mam/new model data/tid2013/tid2013/reference_images/i25.bmp,type_08,NA,2,5.05556,val,blur,23.705416,7.862056
TID2013,i25_08_4,I25,/data/projectwork/swati_mam/new model data/tid2013/tid2013/distorted_images/i25_08_4.bmp,/data/projectwork/swati_mam/new model data/tid2013/tid2013/reference_images/i25.bmp,type_08,NA,4,3.17647,val,blur,22.847677,7.5034595
TID2013,i25_09_2,I25,/data/projectwork/swati_mam/new model data/tid2013/tid2013/distorted_images/i25_09_2.bmp,/data/projectwork/swati_mam/new model data/tid2013/tid2013/reference_images/i25.bmp,type_09,NA,2,5.2,val,other,-9.023655,39.23345
TID2013,i25_09_3,I25,/data/projectwork/swati_mam/new model data/tid2013/tid2013/distorted_images/i25_09_3.bmp,/data/projectwork/swati_mam/new model data/tid2013/tid2013/reference_images/i25.bmp,type_09,NA,3,4.22857,val,other,-8.114948,39.80087
TID2013,i25_09_4,I25,/data/projectwork/swati_mam/new model data/tid2013/tid2013/distorted_images/i25_09_4.bmp,/data/projectwork/swati_mam/new model data/tid2013/tid2013/reference_images/i25.bmp,type_09,NA,4,3.11765,val,other,23.357533,7.792611
TID2013,i25_09_5,I25,/data/projectwork/swati_mam/new model data/tid2013/tid2013/distorted_images/i25_09_5.bmp,/data/projectwork/swati_mam/new model data/tid2013/tid2013/reference_images/i25.bmp,type_09,NA,5,1.33333,val,other,23.07984,7.653571
TID2013,i25_10_1,I25,/data/projectwork/swati_mam/new model data/tid2013/tid2013/distorted_images/i25_10_1.bmp,/data/projectwork/swati_mam/new model data/tid2013/tid2013/reference_images/i25.bmp,type_10,NA,1,5.85714,val,other,-7.318382,38.200935
TID2013,i25_10_2,I25,/data/projectwork/swati_mam/new model data/tid2013/tid2013/distorted_images/i25_10_2.bmp,/data/projectwork/swati_mam/new model data/tid2013/tid2013/reference_images/i25.bmp,type_10,NA,2,5.57143,val,other,-8.962914,37.29312
TID2013,i25_10_4,I25,/data/projectwork/swati_mam/new model data/tid2013/tid2013/distorted_images/i25_10_4.bmp,/data/projectwork/swati_mam/new model data/tid2013/tid2013/reference_images/i25.bmp,type_10,NA,4,2.14706,val,other,-12.496824,40.08267
TID2013,i25_10_5,I25,/data/projectwork/swati_mam/new model data/tid2013/tid2013/distorted_images/i25_10_5.bmp,/data/projectwork/swati_mam/new model data/tid2013/tid2013/reference_images/i25.bmp,type_10,NA,5,1.47222,val,other,-9.807162,40.155884
TID2013,i25_11_2,I25,/data/projectwork/swati_mam/new model data/tid2013/tid2013/distorted_images/i25_11_2.bmp,/data/projectwork/swati_mam/new model data/tid2013/tid2013/reference_images/i25.bmp,type_11,NA,2,5.86111,val,other,-7.8845673,38.943
TID2013,i25_11_3,I25,/data/projectwork/swati_mam/new model data/tid2013/tid2013/distorted_images/i25_11_3.bmp,/data/projectwork/swati_mam/new model data/tid2013/tid2013/reference_images/i25.bmp,type_11,NA,3,5.36111,val,other,-12.139844,36.717754
TID2013,i25_11_4,I25,/data/projectwork/swati_mam/new model data/tid2013/tid2013/distorted_images/i25_11_4.bmp,/data/projectwork/swati_mam/new model data/tid2013/tid2013/reference_images/i25.bmp,type_11,NA,4,4.97222,val,other,-13.080652,35.55309
TID2013,i25_11_5,I25,/data/projectwork/swati_mam/new model data/tid2013/tid2013/distorted_images/i25_11_5.bmp,/data/projectwork/swati_mam/new model data/tid2013/tid2013/reference_images/i25.bmp,type_11,NA,5,4.6,val,other,-13.53387,38.853718
TID2013,i25_12_1,I25,/data/projectwork/swati_mam/new model data/tid2013/tid2013/distorted_images/i25_12_1.bmp,/data/projectwork/swati_mam/new model data/tid2013/tid2013/reference_images/i25.bmp,type_12,NA,1,6.02778,val,other,-6.7222247,38.499535
TID2013,i25_12_2,I25,/data/projectwork/swati_mam/new model data/tid2013/tid2013/distorted_images/i25_12_2.bmp,/data/projectwork/swati_mam/new model data/tid2013/tid2013/reference_images/i25.bmp,type_12,NA,2,5.8,val,other,-6.7002754,38.197453
TID2013,i25_12_3,I25,/data/projectwork/swati_mam/new model data/tid2013/tid2013/distorted_images/i25_12_3.bmp,/data/projectwork/swati_mam/new model data/tid2013/tid2013/reference_images/i25.bmp,type_12,NA,3,4.83333,val,other,-6.841279,38.039536
TID2013,i25_12_5,I25,/data/projectwork/swati_mam/new model data/tid2013/tid2013/distorted_images/i25_12_5.bmp,/data/projectwork/swati_mam/new model data/tid2013/tid2013/reference_images/i25.bmp,type_12,NA,5,4.66667,val,other,-6.270378,38.590736
TID2013,I25_13_1,I25,/data/projectwork/swati_mam/new model data/tid2013/tid2013/distorted_images/I25_13_1.bmp,/data/projectwork/swati_mam/new model data/tid2013/tid2013/reference_images/i25.bmp,type_13,NA,1,4.82857,val,other,-11.548331,37.707355
TID2013,i25_13_2,I25,/data/projectwork/swati_mam/new model data/tid2013/tid2013/distorted_images/i25_13_2.bmp,/data/projectwork/swati_mam/new model data/tid2013/tid2013/reference_images/i25.bmp,type_13,NA,2,5.71429,val,other,-12.664206,36.007435
TID2013,i25_13_3,I25,/data/projectwork/swati_mam/new model data/tid2013/tid2013/distorted_images/i25_13_3.bmp,/data/projectwork/swati_mam/new model data/tid2013/tid2013/reference_images/i25.bmp,type_13,NA,3,3.68571,val,other,-14.505982,37.355076
TID2013,i25_14_1,I25,/data/projectwork/swati_mam/new model data/tid2013/tid2013/distorted_images/i25_14_1.bmp,/data/projectwork/swati_mam/new model data/tid2013/tid2013/reference_images/i25.bmp,type_14,NA,1,5.71429,val,other,-13.034913,36.426178
TID2013,i25_15_1,I25,/data/projectwork/swati_mam/new model data/tid2013/tid2013/distorted_images/i25_15_1.bmp,/data/projectwork/swati_mam/new model data/tid2013/tid2013/reference_images/i25.bmp,type_15,NA,1,3.2777800000000004,val,other,-15.433267,38.0259
TID2013,i25_15_4,I25,/data/projectwork/swati_mam/new model data/tid2013/tid2013/distorted_images/i25_15_4.bmp,/data/projectwork/swati_mam/new model data/tid2013/tid2013/reference_images/i25.bmp,type_15,NA,4,3.97059,val,other,-12.537612,38.173164
TID2013,i25_15_5,I25,/data/projectwork/swati_mam/new model data/tid2013/tid2013/distorted_images/i25_15_5.bmp,/data/projectwork/swati_mam/new model data/tid2013/tid2013/reference_images/i25.bmp,type_15,NA,5,4.14286,val,other,-14.004145,37.054916
TID2013,i25_16_2,I25,/data/projectwork/swati_mam/new model data/tid2013/tid2013/distorted_images/i25_16_2.bmp,/data/projectwork/swati_mam/new model data/tid2013/tid2013/reference_images/i25.bmp,type_16,NA,2,6.41667,val,other,-8.7754,39.41904
TID2013,i25_16_3,I25,/data/projectwork/swati_mam/new model data/tid2013/tid2013/distorted_images/i25_16_3.bmp,/data/projectwork/swati_mam/new model data/tid2013/tid2013/reference_images/i25.bmp,type_16,NA,3,5.7714300000000005,val,other,-14.381879,35.962486
TID2013,i25_16_5,I25,/data/projectwork/swati_mam/new model data/tid2013/tid2013/distorted_images/i25_16_5.bmp,/data/projectwork/swati_mam/new model data/tid2013/tid2013/reference_images/i25.bmp,type_16,NA,5,4.4705900000000005,val,other,-15.467163,36.7216
TID2013,i25_17_1,I25,/data/projectwork/swati_mam/new model data/tid2013/tid2013/distorted_images/i25_17_1.bmp,/data/projectwork/swati_mam/new model data/tid2013/tid2013/reference_images/i25.bmp,type_17,NA,1,5.61111,val,other,-8.595346,38.808487
TID2013,i25_17_3,I25,/data/projectwork/swati_mam/new model data/tid2013/tid2013/distorted_images/i25_17_3.bmp,/data/projectwork/swati_mam/new model data/tid2013/tid2013/reference_images/i25.bmp,type_17,NA,3,4.48571,val,other,-7.510254,39.213127
TID2013,i25_17_4,I25,/data/projectwork/swati_mam/new model data/tid2013/tid2013/distorted_images/i25_17_4.bmp,/data/projectwork/swati_mam/new model data/tid2013/tid2013/reference_images/i25.bmp,type_17,NA,4,6.38889,val,other,-13.500532,37.62876
TID2013,i25_18_1,I25,/data/projectwork/swati_mam/new model data/tid2013/tid2013/distorted_images/i25_18_1.bmp,/data/projectwork/swati_mam/new model data/tid2013/tid2013/reference_images/i25.bmp,type_18,NA,1,5.61111,val,other,-10.182128,37.811356
TID2013,i25_18_2,I25,/data/projectwork/swati_mam/new model data/tid2013/tid2013/distorted_images/i25_18_2.bmp,/data/projectwork/swati_mam/new model data/tid2013/tid2013/reference_images/i25.bmp,type_18,NA,2,5.05882,val,other,-9.827429,37.525936
TID2013,i25_18_5,I25,/data/projectwork/swati_mam/new model data/tid2013/tid2013/distorted_images/i25_18_5.bmp,/data/projectwork/swati_mam/new model data/tid2013/tid2013/reference_images/i25.bmp,type_18,NA,5,2.67647,val,other,-12.302608,39.772278
TID2013,i25_19_3,I25,/data/projectwork/swati_mam/new model data/tid2013/tid2013/distorted_images/i25_19_3.bmp,/data/projectwork/swati_mam/new model data/tid2013/tid2013/reference_images/i25.bmp,type_19,NA,3,3.83333,val,noise,-15.204075,36.189533
TID2013,i25_20_1,I25,/data/projectwork/swati_mam/new model data/tid2013/tid2013/distorted_images/i25_20_1.bmp,/data/projectwork/swati_mam/new model data/tid2013/tid2013/reference_images/i25.bmp,type_20,NA,1,5.67647,val,noise,-11.679122,38.14449
TID2013,i25_20_2,I25,/data/projectwork/swati_mam/new model data/tid2013/tid2013/distorted_images/i25_20_2.bmp,/data/projectwork/swati_mam/new model data/tid2013/tid2013/reference_images/i25.bmp,type_20,NA,2,5.54286,val,noise,-14.100485,37.931522
TID2013,i25_20_3,I25,/data/projectwork/swati_mam/new model data/tid2013/tid2013/distorted_images/i25_20_3.bmp,/data/projectwork/swati_mam/new model data/tid2013/tid2013/reference_images/i25.bmp,type_20,NA,3,5.0,val,noise,-10.888904,38.665436
TID2013,i25_20_4,I25,/data/projectwork/swati_mam/new model data/tid2013/tid2013/distorted_images/i25_20_4.bmp,/data/projectwork/swati_mam/new model data/tid2013/tid2013/reference_images/i25.bmp,type_20,NA,4,4.97222,val,noise,-13.596849,37.998817
TID2013,i25_21_1,I25,/data/projectwork/swati_mam/new model data/tid2013/tid2013/distorted_images/i25_21_1.bmp,/data/projectwork/swati_mam/new model data/tid2013/tid2013/reference_images/i25.bmp,type_21,NA,1,5.17143,val,other,-12.126854,38.185246
TID2013,i25_22_1,I25,/data/projectwork/swati_mam/new model data/tid2013/tid2013/distorted_images/i25_22_1.bmp,/data/projectwork/swati_mam/new model data/tid2013/tid2013/reference_images/i25.bmp,type_22,NA,1,4.80556,val,other,-12.292985,37.207973
TID2013,i25_22_2,I25,/data/projectwork/swati_mam/new model data/tid2013/tid2013/distorted_images/i25_22_2.bmp,/data/projectwork/swati_mam/new model data/tid2013/tid2013/reference_images/i25.bmp,type_22,NA,2,4.25,val,other,-12.499537,37.56513
TID2013,i25_22_3,I25,/data/projectwork/swati_mam/new model data/tid2013/tid2013/distorted_images/i25_22_3.bmp,/data/projectwork/swati_mam/new model data/tid2013/tid2013/reference_images/i25.bmp,type_22,NA,3,3.79412,val,other,-14.714682,35.969814
TID2013,i25_22_4,I25,/data/projectwork/swati_mam/new model data/tid2013/tid2013/distorted_images/i25_22_4.bmp,/data/projectwork/swati_mam/new model data/tid2013/tid2013/reference_images/i25.bmp,type_22,NA,4,3.4,val,other,-15.795136,35.328518
TID2013,i25_22_5,I25,/data/projectwork/swati_mam/new model data/tid2013/tid2013/distorted_images/i25_22_5.bmp,/data/projectwork/swati_mam/new model data/tid2013/tid2013/reference_images/i25.bmp,type_22,NA,5,2.79412,val,other,-16.836288,34.076565
TID2013,i25_23_1,I25,/data/projectwork/swati_mam/new model data/tid2013/tid2013/distorted_images/i25_23_1.bmp,/data/projectwork/swati_mam/new model data/tid2013/tid2013/reference_images/i25.bmp,type_23,NA,1,6.30556,val,blur,-9.575117,37.99043
TID2013,i25_23_2,I25,/data/projectwork/swati_mam/new model data/tid2013/tid2013/distorted_images/i25_23_2.bmp,/data/projectwork/swati_mam/new model data/tid2013/tid2013/reference_images/i25.bmp,type_23,NA,2,6.27778,val,blur,-9.026516,38.046726
TID2013,i25_23_3,I25,/data/projectwork/swati_mam/new model data/tid2013/tid2013/distorted_images/i25_23_3.bmp,/data/projectwork/swati_mam/new model data/tid2013/tid2013/reference_images/i25.bmp,type_23,NA,3,6.17143,val,blur,-8.851059,38.252647
TID2013,i25_23_4,I25,/data/projectwork/swati_mam/new model data/tid2013/tid2013/distorted_images/i25_23_4.bmp,/data/projectwork/swati_mam/new model data/tid2013/tid2013/reference_images/i25.bmp,type_23,NA,4,6.14286,val,blur,-9.166136,38.482708
TID2013,i25_23_5,I25,/data/projectwork/swati_mam/new model data/tid2013/tid2013/distorted_images/i25_23_5.bmp,/data/projectwork/swati_mam/new model data/tid2013/tid2013/reference_images/i25.bmp,type_23,NA,5,5.971430000000001,val,blur,-9.638379,38.549664
TID2013,i25_24_1,I25,/data/projectwork/swati_mam/new model data/tid2013/tid2013/distorted_images/i25_24_1.bmp,/data/projectwork/swati_mam/new model data/tid2013/tid2013/reference_images/i25.bmp,type_24,NA,1,5.65714,val,other,-8.284953,37.89269
TID2013,i25_24_4,I25,/data/projectwork/swati_mam/new model data/tid2013/tid2013/distorted_images/i25_24_4.bmp,/data/projectwork/swati_mam/new model data/tid2013/tid2013/reference_images/i25.bmp,type_24,NA,4,4.02778,val,other,-7.5806527,39.53879
