dataset,image_id,ref_id,distortion_type,severity_or_level,distorted_path,group
KADID-10k,I26_16_03,I26,Brighten,3,/data/projectwork/swati_mam/new model data/kadid10k/images/I26_16_03.png,other
KADID-10k,I26_16_04,I26,Brighten,4,/data/projectwork/swati_mam/new model data/kadid10k/images/I26_16_04.png,other
KADID-10k,I26_23_01,I26,Color block,1,/data/projectwork/swati_mam/new model data/kadid10k/images/I26_23_01.png,other
KADID-10k,I26_23_02,I26,Color block,2,/data/projectwork/swati_mam/new model data/kadid10k/images/I26_23_02.png,other
KADID-10k,I26_23_03,I26,Color block,3,/data/projectwork/swati_mam/new model data/kadid10k/images/I26_23_03.png,other
KADID-10k,I26_04_01,I26,Color diffusion,1,/data/projectwork/swati_mam/new model data/kadid10k/images/I26_04_01.png,other
KADID-10k,I26_04_03,I26,Color diffusion,3,/data/projectwork/swati_mam/new model data/kadid10k/images/I26_04_03.png,other
KADID-10k,I26_06_01,I26,Color quantization,1,/data/projectwork/swati_mam/new model data/kadid10k/images/I26_06_01.png,other
KADID-10k,I26_06_04,I26,Color quantization,4,/data/projectwork/swati_mam/new model data/kadid10k/images/I26_06_04.png,other
KADID-10k,I26_07_04,I26,Color saturation 1,4,/data/projectwork/swati_mam/new model data/kadid10k/images/I26_07_04.png,other
KADID-10k,I26_07_05,I26,Color saturation 1,5,/data/projectwork/swati_mam/new model data/kadid10k/images/I26_07_05.png,other
KADID-10k,I26_08_01,I26,Color saturation 2,1,/data/projectwork/swati_mam/new model data/kadid10k/images/I26_08_01.png,other
KADID-10k,I26_08_03,I26,Color saturation 2,3,/data/projectwork/swati_mam/new model data/kadid10k/images/I26_08_03.png,other
KADID-10k,I26_08_05,I26,Color saturation 2,5,/data/projectwork/swati_mam/new model data/kadid10k/images/I26_08_05.png,other
KADID-10k,I26_05_01,I26,Color shift,1,/data/projectwork/swati_mam/new model data/kadid10k/images/I26_05_01.png,other
KADID-10k,I26_05_02,I26,Color shift,2,/data/projectwork/swati_mam/new model data/kadid10k/images/I26_05_02.png,other
KADID-10k,I26_05_03,I26,Color shift,3,/data/projectwork/swati_mam/new model data/kadid10k/images/I26_05_03.png,other
KADID-10k,I26_25_05,I26,Contrast change,5,/data/projectwork/swati_mam/new model data/kadid10k/images/I26_25_05.png,other
KADID-10k,I26_17_02,I26,Darken,2,/data/projectwork/swati_mam/new model data/kadid10k/images/I26_17_02.png,other
KADID-10k,I26_17_04,I26,Darken,4,/data/projectwork/swati_mam/new model data/kadid10k/images/I26_17_04.png,other
KADID-10k,I26_17_05,I26,Darken,5,/data/projectwork/swati_mam/new model data/kadid10k/images/I26_17_05.png,other
KADID-10k,I26_15_04,I26,Denoise,4,/data/projectwork/swati_mam/new model data/kadid10k/images/I26_15_04.png,noise
KADID-10k,I26_15_05,I26,Denoise,5,/data/projectwork/swati_mam/new model data/kadid10k/images/I26_15_05.png,noise
KADID-10k,I26_01_02,I26,Gaussian blur,2,/data/projectwork/swati_mam/new model data/kadid10k/images/I26_01_02.png,blur
KADID-10k,I26_01_05,I26,Gaussian blur,5,/data/projectwork/swati_mam/new model data/kadid10k/images/I26_01_05.png,blur
KADID-10k,I26_24_02,I26,High sharpen,2,/data/projectwork/swati_mam/new model data/kadid10k/images/I26_24_02.png,HF/sharpen
KADID-10k,I26_24_04,I26,High sharpen,4,/data/projectwork/swati_mam/new model data/kadid10k/images/I26_24_04.png,HF/sharpen
KADID-10k,I26_24_05,I26,High sharpen,5,/data/projectwork/swati_mam/new model data/kadid10k/images/I26_24_05.png,HF/sharpen
KADID-10k,I26_13_04,I26,Impulse noise,4,/data/projectwork/swati_mam/new model data/kadid10k/images/I26_13_04.png,noise
KADID-10k,I26_10_01,I26,JPEG,1,/data/projectwork/swati_mam/new model data/kadid10k/images/I26_10_01.png,other
KADID-10k,I26_10_02,I26,JPEG,2,/data/projectwork/swati_mam/new model data/kadid10k/images/I26_10_02.png,other
KADID-10k,I26_10_03,I26,JPEG,3,/data/projectwork/swati_mam/new model data/kadid10k/images/I26_10_03.png,other
KADID-10k,I26_10_05,I26,JPEG,5,/data/projectwork/swati_mam/new model data/kadid10k/images/I26_10_05.png,other
KADID-10k,I26_09_01,I26,JPEG2000,1,/data/projectwork/swati_mam/new model data/kadid10k/images/I26_09_01.png,other
KADID-10k,I26_09_02,I26,JPEG2000,2,/data/projectwork/swati_mam/new model data/kadid10k/images/I26_09_02.png,other
KADID-10k,I26_09_04,I26,JPEG2000,4,/data/projectwork/swati_mam/new model data/kadid10k/images/I26_09_04.png,other
KADID-10k,I26_19_02,I26,Jitter,2,/data/projectwork/swati_mam/new model data/kadid10k/images/I26_19_02.png,other
KADID-10k,I26_19_04,I26,Jitter,4,/data/projectwork/swati_mam/new model data/kadid10k/images/I26_19_04.png,other
KADID-10k,I26_02_02,I26,Lens blur,2,/data/projectwork/swati_mam/new model data/kadid10k/images/I26_02_02.png,blur
KADID-10k,I26_02_04,I26,Lens blur,4,/data/projectwork/swati_mam/new model data/kadid10k/images/I26_02_04.png,blur
KADID-10k,I26_02_05,I26,Lens blur,5,/data/projectwork/swati_mam/new model data/kadid10k/images/I26_02_05.png,blur
KADID-10k,I26_18_01,I26,Mean shift,1,/data/projectwork/swati_mam/new model data/kadid10k/images/I26_18_01.png,other
KADID-10k,I26_18_02,I26,Mean shift,2,/data/projectwork/swati_mam/new model data/kadid10k/images/I26_18_02.png,other
KADID-10k,I26_18_04,I26,Mean shift,4,/data/projectwork/swati_mam/new model data/kadid10k/images/I26_18_04.png,other
KADID-10k,I26_14_02,I26,Multiplicative noise,2,/data/projectwork/swati_mam/new model data/kadid10k/images/I26_14_02.png,noise
KADID-10k,I26_14_05,I26,Multiplicative noise,5,/data/projectwork/swati_mam/new model data/kadid10k/images/I26_14_05.png,noise
KADID-10k,I26_20_01,I26,Non-eccentricity patch,1,/data/projectwork/swati_mam/new model data/kadid10k/images/I26_20_01.png,other
KADID-10k,I26_20_02,I26,Non-eccentricity patch,2,/data/projectwork/swati_mam/new model data/kadid10k/images/I26_20_02.png,other
KADID-10k,I26_21_01,I26,Pixelate,1,/data/projectwork/swati_mam/new model data/kadid10k/images/I26_21_01.png,other
KADID-10k,I26_21_03,I26,Pixelate,3,/data/projectwork/swati_mam/new model data/kadid10k/images/I26_21_03.png,other
KADID-10k,I26_21_05,I26,Pixelate,5,/data/projectwork/swati_mam/new model data/kadid10k/images/I26_21_05.png,other
KADID-10k,I26_22_02,I26,Quantization,2,/data/projectwork/swati_mam/new model data/kadid10k/images/I26_22_02.png,other
KADID-10k,I26_22_04,I26,Quantization,4,/data/projectwork/swati_mam/new model data/kadid10k/images/I26_22_04.png,other
KADID-10k,I26_11_01,I26,White noise,1,/data/projectwork/swati_mam/new model data/kadid10k/images/I26_11_01.png,noise
KADID-10k,I26_11_04,I26,White noise,4,/data/projectwork/swati_mam/new model data/kadid10k/images/I26_11_04.png,noise
KADID-10k,I26_12_04,I26,White noise in color component,4,/data/projectwork/swati_mam/new model data/kadid10k/images/I26_12_04.png,noise
KADID-10k,I26_12_05,I26,White noise in color component,5,/data/projectwork/swati_mam/new model data/kadid10k/images/I26_12_05.png,noise
KADID-10k,I27_16_02,I27,Brighten,2,/data/projectwork/swati_mam/new model data/kadid10k/images/I27_16_02.png,other
KADID-10k,I27_16_04,I27,Brighten,4,/data/projectwork/swati_mam/new model data/kadid10k/images/I27_16_04.png,other
KADID-10k,I27_16_05,I27,Brighten,5,/data/projectwork/swati_mam/new model data/kadid10k/images/I27_16_05.png,other
KADID-10k,I27_23_02,I27,Color block,2,/data/projectwork/swati_mam/new model data/kadid10k/images/I27_23_02.png,other
KADID-10k,I27_04_01,I27,Color diffusion,1,/data/projectwork/swati_mam/new model data/kadid10k/images/I27_04_01.png,other
KADID-10k,I27_04_02,I27,Color diffusion,2,/data/projectwork/swati_mam/new model data/kadid10k/images/I27_04_02.png,other
KADID-10k,I27_04_04,I27,Color diffusion,4,/data/projectwork/swati_mam/new model data/kadid10k/images/I27_04_04.png,other
KADID-10k,I27_04_05,I27,Color diffusion,5,/data/projectwork/swati_mam/new model data/kadid10k/images/I27_04_05.png,other
KADID-10k,I27_06_01,I27,Color quantization,1,/data/projectwork/swati_mam/new model data/kadid10k/images/I27_06_01.png,other
KADID-10k,I27_06_02,I27,Color quantization,2,/data/projectwork/swati_mam/new model data/kadid10k/images/I27_06_02.png,other
KADID-10k,I27_06_03,I27,Color quantization,3,/data/projectwork/swati_mam/new model data/kadid10k/images/I27_06_03.png,other
KADID-10k,I27_06_05,I27,Color quantization,5,/data/projectwork/swati_mam/new model data/kadid10k/images/I27_06_05.png,other
KADID-10k,I27_07_03,I27,Color saturation 1,3,/data/projectwork/swati_mam/new model data/kadid10k/images/I27_07_03.png,other
KADID-10k,I27_07_04,I27,Color saturation 1,4,/data/projectwork/swati_mam/new model data/kadid10k/images/I27_07_04.png,other
KADID-10k,I27_05_01,I27,Color shift,1,/data/projectwork/swati_mam/new model data/kadid10k/images/I27_05_01.png,other
KADID-10k,I27_05_02,I27,Color shift,2,/data/projectwork/swati_mam/new model data/kadid10k/images/I27_05_02.png,other
KADID-10k,I27_05_04,I27,Color shift,4,/data/projectwork/swati_mam/new model data/kadid10k/images/I27_05_04.png,other
KADID-10k,I27_25_03,I27,Contrast change,3,/data/projectwork/swati_mam/new model data/kadid10k/images/I27_25_03.png,other
KADID-10k,I27_25_04,I27,Contrast change,4,/data/projectwork/swati_mam/new model data/kadid10k/images/I27_25_04.png,other
KADID-10k,I27_25_05,I27,Contrast change,5,/data/projectwork/swati_mam/new model data/kadid10k/images/I27_25_05.png,other
KADID-10k,I27_17_03,I27,Darken,3,/data/projectwork/swati_mam/new model data/kadid10k/images/I27_17_03.png,other
KADID-10k,I27_17_04,I27,Darken,4,/data/projectwork/swati_mam/new model data/kadid10k/images/I27_17_04.png,other
KADID-10k,I27_15_01,I27,Denoise,1,/data/projectwork/swati_mam/new model data/kadid10k/images/I27_15_01.png,noise
KADID-10k,I27_15_02,I27,Denoise,2,/data/projectwork/swati_mam/new model data/kadid10k/images/I27_15_02.png,noise
KADID-10k,I27_15_04,I27,Denoise,4,/data/projectwork/swati_mam/new model data/kadid10k/images/I27_15_04.png,noise
KADID-10k,I27_15_05,I27,Denoise,5,/data/projectwork/swati_mam/new model data/kadid10k/images/I27_15_05.png,noise
KADID-10k,I27_01_01,I27,Gaussian blur,1,/data/projectwork/swati_mam/new model data/kadid10k/images/I27_01_01.png,blur
KADID-10k,I27_01_03,I27,Gaussian blur,3,/data/projectwork/swati_mam/new model data/kadid10k/images/I27_01_03.png,blur
KADID-10k,I27_01_04,I27,Gaussian blur,4,/data/projectwork/swati_mam/new model data/kadid10k/images/I27_01_04.png,blur
KADID-10k,I27_01_05,I27,Gaussian blur,5,/data/projectwork/swati_mam/new model data/kadid10k/images/I27_01_05.png,blur
KADID-10k,I27_24_02,I27,High sharpen,2,/data/projectwork/swati_mam/new model data/kadid10k/images/I27_24_02.png,HF/sharpen
KADID-10k,I27_24_03,I27,High sharpen,3,/data/projectwork/swati_mam/new model data/kadid10k/images/I27_24_03.png,HF/sharpen
KADID-10k,I27_24_05,I27,High sharpen,5,/data/projectwork/swati_mam/new model data/kadid10k/images/I27_24_05.png,HF/sharpen
KADID-10k,I27_13_01,I27,Impulse noise,1,/data/projectwork/swati_mam/new model data/kadid10k/images/I27_13_01.png,noise
KADID-10k,I27_13_04,I27,Impulse noise,4,/data/projectwork/swati_mam/new model data/kadid10k/images/I27_13_04.png,noise
KADID-10k,I27_10_03,I27,JPEG,3,/data/projectwork/swati_mam/new model data/kadid10k/images/I27_10_03.png,other
KADID-10k,I27_10_04,I27,JPEG,4,/data/projectwork/swati_mam/new model data/kadid10k/images/I27_10_04.png,other
KADID-10k,I27_10_05,I27,JPEG,5,/data/projectwork/swati_mam/new model data/kadid10k/images/I27_10_05.png,other
KADID-10k,I27_09_01,I27,JPEG2000,1,/data/projectwork/swati_mam/new model data/kadid10k/images/I27_09_01.png,other
KADID-10k,I27_09_02,I27,JPEG2000,2,/data/projectwork/swati_mam/new model data/kadid10k/images/I27_09_02.png,other
KADID-10k,I27_09_04,I27,JPEG2000,4,/data/projectwork/swati_mam/new model data/kadid10k/images/I27_09_04.png,other
KADID-10k,I27_09_05,I27,JPEG2000,5,/data/projectwork/swati_mam/new model data/kadid10k/images/I27_09_05.png,other
KADID-10k,I27_19_04,I27,Jitter,4,/data/projectwork/swati_mam/new model data/kadid10k/images/I27_19_04.png,other
KADID-10k,I27_02_04,I27,Lens blur,4,/data/projectwork/swati_mam/new model data/kadid10k/images/I27_02_04.png,blur
KADID-10k,I27_02_05,I27,Lens blur,5,/data/projectwork/swati_mam/new model data/kadid10k/images/I27_02_05.png,blur
KADID-10k,I27_18_01,I27,Mean shift,1,/data/projectwork/swati_mam/new model data/kadid10k/images/I27_18_01.png,other
KADID-10k,I27_18_02,I27,Mean shift,2,/data/projectwork/swati_mam/new model data/kadid10k/images/I27_18_02.png,other
KADID-10k,I27_18_03,I27,Mean shift,3,/data/projectwork/swati_mam/new model data/kadid10k/images/I27_18_03.png,other
KADID-10k,I27_18_05,I27,Mean shift,5,/data/projectwork/swati_mam/new model data/kadid10k/images/I27_18_05.png,other
KADID-10k,I27_03_01,I27,Motion blur,1,/data/projectwork/swati_mam/new model data/kadid10k/images/I27_03_01.png,blur
KADID-10k,I27_03_04,I27,Motion blur,4,/data/projectwork/swati_mam/new model data/kadid10k/images/I27_03_04.png,blur
KADID-10k,I27_14_01,I27,Multiplicative noise,1,/data/projectwork/swati_mam/new model data/kadid10k/images/I27_14_01.png,noise
KADID-10k,I27_14_02,I27,Multiplicative noise,2,/data/projectwork/swati_mam/new model data/kadid10k/images/I27_14_02.png,noise
KADID-10k,I27_14_03,I27,Multiplicative noise,3,/data/projectwork/swati_mam/new model data/kadid10k/images/I27_14_03.png,noise
KADID-10k,I27_14_05,I27,Multiplicative noise,5,/data/projectwork/swati_mam/new model data/kadid10k/images/I27_14_05.png,noise
KADID-10k,I27_20_02,I27,Non-eccentricity patch,2,/data/projectwork/swati_mam/new model data/kadid10k/images/I27_20_02.png,other
KADID-10k,I27_20_03,I27,Non-eccentricity patch,3,/data/projectwork/swati_mam/new model data/kadid10k/images/I27_20_03.png,other
KADID-10k,I27_20_04,I27,Non-eccentricity patch,4,/data/projectwork/swati_mam/new model data/kadid10k/images/I27_20_04.png,other
KADID-10k,I27_21_02,I27,Pixelate,2,/data/projectwork/swati_mam/new model data/kadid10k/images/I27_21_02.png,other
KADID-10k,I27_21_04,I27,Pixelate,4,/data/projectwork/swati_mam/new model data/kadid10k/images/I27_21_04.png,other
KADID-10k,I27_22_02,I27,Quantization,2,/data/projectwork/swati_mam/new model data/kadid10k/images/I27_22_02.png,other
KADID-10k,I27_22_03,I27,Quantization,3,/data/projectwork/swati_mam/new model data/kadid10k/images/I27_22_03.png,other
KADID-10k,I27_22_05,I27,Quantization,5,/data/projectwork/swati_mam/new model data/kadid10k/images/I27_22_05.png,other
KADID-10k,I27_11_01,I27,White noise,1,/data/projectwork/swati_mam/new model data/kadid10k/images/I27_11_01.png,noise
KADID-10k,I27_11_03,I27,White noise,3,/data/projectwork/swati_mam/new model data/kadid10k/images/I27_11_03.png,noise
KADID-10k,I27_11_04,I27,White noise,4,/data/projectwork/swati_mam/new model data/kadid10k/images/I27_11_04.png,noise
KADID-10k,I27_11_05,I27,White noise,5,/data/projectwork/swati_mam/new model data/kadid10k/images/I27_11_05.png,noise
KADID-10k,I27_12_03,I27,White noise in color component,3,/data/projectwork/swati_mam/new model data/kadid10k/images/I27_12_03.png,noise
KADID-10k,I28_16_01,I28,Brighten,1,/data/projectwork/swati_mam/new model data/kadid10k/images/I28_16_01.png,other
KADID-10k,I28_16_02,I28,Brighten,2,/data/projectwork/swati_mam/new model data/kadid10k/images/I28_16_02.png,other
KADID-10k,I28_16_05,I28,Brighten,5,/data/projectwork/swati_mam/new model data/kadid10k/images/I28_16_05.png,other
KADID-10k,I28_23_02,I28,Color block,2,/data/projectwork/swati_mam/new model data/kadid10k/images/I28_23_02.png,other
KADID-10k,I28_23_04,I28,Color block,4,/data/projectwork/swati_mam/new model data/kadid10k/images/I28_23_04.png,other
KADID-10k,I28_23_05,I28,Color block,5,/data/projectwork/swati_mam/new model data/kadid10k/images/I28_23_05.png,other
KADID-10k,I28_04_01,I28,Color diffusion,1,/data/projectwork/swati_mam/new model data/kadid10k/images/I28_04_01.png,other
KADID-10k,I28_04_02,I28,Color diffusion,2,/data/projectwork/swati_mam/new model data/kadid10k/images/I28_04_02.png,other
KADID-10k,I28_06_01,I28,Color quantization,1,/data/projectwork/swati_mam/new model data/kadid10k/images/I28_06_01.png,other
KADID-10k,I28_06_02,I28,Color quantization,2,/data/projectwork/swati_mam/new model data/kadid10k/images/I28_06_02.png,other
KADID-10k,I28_07_01,I28,Color saturation 1,1,/data/projectwork/swati_mam/new model data/kadid10k/images/I28_07_01.png,other
KADID-10k,I28_07_02,I28,Color saturation 1,2,/data/projectwork/swati_mam/new model data/kadid10k/images/I28_07_02.png,other
KADID-10k,I28_07_03,I28,Color saturation 1,3,/data/projectwork/swati_mam/new model data/kadid10k/images/I28_07_03.png,other
KADID-10k,I28_07_04,I28,Color saturation 1,4,/data/projectwork/swati_mam/new model data/kadid10k/images/I28_07_04.png,other
KADID-10k,I28_07_05,I28,Color saturation 1,5,/data/projectwork/swati_mam/new model data/kadid10k/images/I28_07_05.png,other
KADID-10k,I28_08_01,I28,Color saturation 2,1,/data/projectwork/swati_mam/new model data/kadid10k/images/I28_08_01.png,other
KADID-10k,I28_08_03,I28,Color saturation 2,3,/data/projectwork/swati_mam/new model data/kadid10k/images/I28_08_03.png,other
KADID-10k,I28_05_02,I28,Color shift,2,/data/projectwork/swati_mam/new model data/kadid10k/images/I28_05_02.png,other
KADID-10k,I28_05_03,I28,Color shift,3,/data/projectwork/swati_mam/new model data/kadid10k/images/I28_05_03.png,other
KADID-10k,I28_25_01,I28,Contrast change,1,/data/projectwork/swati_mam/new model data/kadid10k/images/I28_25_01.png,other
KADID-10k,I28_25_02,I28,Contrast change,2,/data/projectwork/swati_mam/new model data/kadid10k/images/I28_25_02.png,other
KADID-10k,I28_25_03,I28,Contrast change,3,/data/projectwork/swati_mam/new model data/kadid10k/images/I28_25_03.png,other
KADID-10k,I28_25_05,I28,Contrast change,5,/data/projectwork/swati_mam/new model data/kadid10k/images/I28_25_05.png,other
KADID-10k,I28_17_01,I28,Darken,1,/data/projectwork/swati_mam/new model data/kadid10k/images/I28_17_01.png,other
KADID-10k,I28_17_02,I28,Darken,2,/data/projectwork/swati_mam/new model data/kadid10k/images/I28_17_02.png,other
KADID-10k,I28_17_03,I28,Darken,3,/data/projectwork/swati_mam/new model data/kadid10k/images/I28_17_03.png,other
KADID-10k,I28_17_05,I28,Darken,5,/data/projectwork/swati_mam/new model data/kadid10k/images/I28_17_05.png,other
KADID-10k,I28_15_02,I28,Denoise,2,/data/projectwork/swati_mam/new model data/kadid10k/images/I28_15_02.png,noise
KADID-10k,I28_15_03,I28,Denoise,3,/data/projectwork/swati_mam/new model data/kadid10k/images/I28_15_03.png,noise
KADID-10k,I28_15_04,I28,Denoise,4,/data/projectwork/swati_mam/new model data/kadid10k/images/I28_15_04.png,noise
KADID-10k,I28_15_05,I28,Denoise,5,/data/projectwork/swati_mam/new model data/kadid10k/images/I28_15_05.png,noise
KADID-10k,I28_01_01,I28,Gaussian blur,1,/data/projectwork/swati_mam/new model data/kadid10k/images/I28_01_01.png,blur
KADID-10k,I28_01_03,I28,Gaussian blur,3,/data/projectwork/swati_mam/new model data/kadid10k/images/I28_01_03.png,blur
KADID-10k,I28_01_04,I28,Gaussian blur,4,/data/projectwork/swati_mam/new model data/kadid10k/images/I28_01_04.png,blur
KADID-10k,I28_24_01,I28,High sharpen,1,/data/projectwork/swati_mam/new model data/kadid10k/images/I28_24_01.png,HF/sharpen
KADID-10k,I28_24_02,I28,High sharpen,2,/data/projectwork/swati_mam/new model data/kadid10k/images/I28_24_02.png,HF/sharpen
KADID-10k,I28_24_03,I28,High sharpen,3,/data/projectwork/swati_mam/new model data/kadid10k/images/I28_24_03.png,HF/sharpen
KADID-10k,I28_24_04,I28,High sharpen,4,/data/projectwork/swati_mam/new model data/kadid10k/images/I28_24_04.png,HF/sharpen
KADID-10k,I28_24_05,I28,High sharpen,5,/data/projectwork/swati_mam/new model data/kadid10k/images/I28_24_05.png,HF/sharpen
KADID-10k,I28_13_01,I28,Impulse noise,1,/data/projectwork/swati_mam/new model data/kadid10k/images/I28_13_01.png,noise
KADID-10k,I28_13_02,I28,Impulse noise,2,/data/projectwork/swati_mam/new model data/kadid10k/images/I28_13_02.png,noise
KADID-10k,I28_13_03,I28,Impulse noise,3,/data/projectwork/swati_mam/new model data/kadid10k/images/I28_13_03.png,noise
KADID-10k,I28_13_05,I28,Impulse noise,5,/data/projectwork/swati_mam/new model data/kadid10k/images/I28_13_05.png,noise
KADID-10k,I28_10_02,I28,JPEG,2,/data/projectwork/swati_mam/new model data/kadid10k/images/I28_10_02.png,other
KADID-10k,I28_10_04,I28,JPEG,4,/data/projectwork/swati_mam/new model data/kadid10k/images/I28_10_04.png,other
KADID-10k,I28_10_05,I28,JPEG,5,/data/projectwork/swati_mam/new model data/kadid10k/images/I28_10_05.png,other
KADID-10k,I28_09_02,I28,JPEG2000,2,/data/projectwork/swati_mam/new model data/kadid10k/images/I28_09_02.png,other
KADID-10k,I28_09_03,I28,JPEG2000,3,/data/projectwork/swati_mam/new model data/kadid10k/images/I28_09_03.png,other
KADID-10k,I28_09_04,I28,JPEG2000,4,/data/projectwork/swati_mam/new model data/kadid10k/images/I28_09_04.png,other
KADID-10k,I28_09_05,I28,JPEG2000,5,/data/projectwork/swati_mam/new model data/kadid10k/images/I28_09_05.png,other
KADID-10k,I28_19_01,I28,Jitter,1,/data/projectwork/swati_mam/new model data/kadid10k/images/I28_19_01.png,other
KADID-10k,I28_19_02,I28,Jitter,2,/data/projectwork/swati_mam/new model data/kadid10k/images/I28_19_02.png,other
KADID-10k,I28_19_03,I28,Jitter,3,/data/projectwork/swati_mam/new model data/kadid10k/images/I28_19_03.png,other
KADID-10k,I28_19_04,I28,Jitter,4,/data/projectwork/swati_mam/new model data/kadid10k/images/I28_19_04.png,other
KADID-10k,I28_19_05,I28,Jitter,5,/data/projectwork/swati_mam/new model data/kadid10k/images/I28_19_05.png,other
KADID-10k,I28_02_02,I28,Lens blur,2,/data/projectwork/swati_mam/new model data/kadid10k/images/I28_02_02.png,blur
KADID-10k,I28_02_03,I28,Lens blur,3,/data/projectwork/swati_mam/new model data/kadid10k/images/I28_02_03.png,blur
KADID-10k,I28_02_04,I28,Lens blur,4,/data/projectwork/swati_mam/new model data/kadid10k/images/I28_02_04.png,blur
KADID-10k,I28_02_05,I28,Lens blur,5,/data/projectwork/swati_mam/new model data/kadid10k/images/I28_02_05.png,blur
KADID-10k,I28_18_02,I28,Mean shift,2,/data/projectwork/swati_mam/new model data/kadid10k/images/I28_18_02.png,other
KADID-10k,I28_18_05,I28,Mean shift,5,/data/projectwork/swati_mam/new model data/kadid10k/images/I28_18_05.png,other
KADID-10k,I28_03_02,I28,Motion blur,2,/data/projectwork/swati_mam/new model data/kadid10k/images/I28_03_02.png,blur
KADID-10k,I28_03_03,I28,Motion blur,3,/data/projectwork/swati_mam/new model data/kadid10k/images/I28_03_03.png,blur
KADID-10k,I28_03_05,I28,Motion blur,5,/data/projectwork/swati_mam/new model data/kadid10k/images/I28_03_05.png,blur
KADID-10k,I28_14_02,I28,Multiplicative noise,2,/data/projectwork/swati_mam/new model data/kadid10k/images/I28_14_02.png,noise
KADID-10k,I28_14_04,I28,Multiplicative noise,4,/data/projectwork/swati_mam/new model data/kadid10k/images/I28_14_04.png,noise
KADID-10k,I28_20_01,I28,Non-eccentricity patch,1,/data/projectwork/swati_mam/new model data/kadid10k/images/I28_20_01.png,other
KADID-10k,I28_20_02,I28,Non-eccentricity patch,2,/data/projectwork/swati_mam/new model data/kadid10k/images/I28_20_02.png,other
KADID-10k,I28_20_03,I28,Non-eccentricity patch,3,/data/projectwork/swati_mam/new model data/kadid10k/images/I28_20_03.png,other
KADID-10k,I28_20_04,I28,Non-eccentricity patch,4,/data/projectwork/swati_mam/new model data/kadid10k/images/I28_20_04.png,other
KADID-10k,I28_20_05,I28,Non-eccentricity patch,5,/data/projectwork/swati_mam/new model data/kadid10k/images/I28_20_05.png,other
KADID-10k,I28_21_01,I28,Pixelate,1,/data/projectwork/swati_mam/new model data/kadid10k/images/I28_21_01.png,other
KADID-10k,I28_21_04,I28,Pixelate,4,/data/projectwork/swati_mam/new model data/kadid10k/images/I28_21_04.png,other
KADID-10k,I28_22_01,I28,Quantization,1,/data/projectwork/swati_mam/new model data/kadid10k/images/I28_22_01.png,other
KADID-10k,I28_22_02,I28,Quantization,2,/data/projectwork/swati_mam/new model data/kadid10k/images/I28_22_02.png,other
KADID-10k,I28_22_03,I28,Quantization,3,/data/projectwork/swati_mam/new model data/kadid10k/images/I28_22_03.png,other
KADID-10k,I28_22_04,I28,Quantization,4,/data/projectwork/swati_mam/new model data/kadid10k/images/I28_22_04.png,other
KADID-10k,I28_22_05,I28,Quantization,5,/data/projectwork/swati_mam/new model data/kadid10k/images/I28_22_05.png,other
KADID-10k,I28_11_01,I28,White noise,1,/data/projectwork/swati_mam/new model data/kadid10k/images/I28_11_01.png,noise
KADID-10k,I28_11_02,I28,White noise,2,/data/projectwork/swati_mam/new model data/kadid10k/images/I28_11_02.png,noise
KADID-10k,I28_11_03,I28,White noise,3,/data/projectwork/swati_mam/new model data/kadid10k/images/I28_11_03.png,noise
KADID-10k,I28_11_04,I28,White noise,4,/data/projectwork/swati_mam/new model data/kadid10k/images/I28_11_04.png,noise
KADID-10k,I28_12_01,I28,White noise in color component,1,/data/projectwork/swati_mam/new model data/kadid10k/images/I28_12_01.png,noise
KADID-10k,I28_12_02,I28,White noise in color component,2,/data/projectwork/swati_mam/new model data/kadid10k/images/I28_12_02.png,noise
KADID-10k,I28_12_05,I28,White noise in color component,5,/data/projectwork/swati_mam/new model data/kadid10k/images/I28_12_05.png,noise
KADID-10k,I30_16_01,I30,Brighten,1,/data/projectwork/swati_mam/new model data/kadid10k/images/I30_16_01.png,other
KADID-10k,I30_16_02,I30,Brighten,2,/data/projectwork/swati_mam/new model data/kadid10k/images/I30_16_02.png,other
KADID-10k,I30_16_03,I30,Brighten,3,/data/projectwork/swati_mam/new model data/kadid10k/images/I30_16_03.png,other
KADID-10k,I30_23_01,I30,Color block,1,/data/projectwork/swati_mam/new model data/kadid10k/images/I30_23_01.png,other
KADID-10k,I30_23_02,I30,Color block,2,/data/projectwork/swati_mam/new model data/kadid10k/images/I30_23_02.png,other
KADID-10k,I30_23_03,I30,Color block,3,/data/projectwork/swati_mam/new model data/kadid10k/images/I30_23_03.png,other
KADID-10k,I30_23_04,I30,Color block,4,/data/projectwork/swati_mam/new model data/kadid10k/images/I30_23_04.png,other
KADID-10k,I30_06_01,I30,Color quantization,1,/data/projectwork/swati_mam/new model data/kadid10k/images/I30_06_01.png,other
KADID-10k,I30_06_04,I30,Color quantization,4,/data/projectwork/swati_mam/new model data/kadid10k/images/I30_06_04.png,other
KADID-10k,I30_06_05,I30,Color quantization,5,/data/projectwork/swati_mam/new model data/kadid10k/images/I30_06_05.png,other
KADID-10k,I30_07_04,I30,Color saturation 1,4,/data/projectwork/swati_mam/new model data/kadid10k/images/I30_07_04.png,other
KADID-10k,I30_05_01,I30,Color shift,1,/data/projectwork/swati_mam/new model data/kadid10k/images/I30_05_01.png,other
KADID-10k,I30_05_04,I30,Color shift,4,/data/projectwork/swati_mam/new model data/kadid10k/images/I30_05_04.png,other
KADID-10k,I30_05_05,I30,Color shift,5,/data/projectwork/swati_mam/new model data/kadid10k/images/I30_05_05.png,other
KADID-10k,I30_25_01,I30,Contrast change,1,/data/projectwork/swati_mam/new model data/kadid10k/images/I30_25_01.png,other
KADID-10k,I30_25_02,I30,Contrast change,2,/data/projectwork/swati_mam/new model data/kadid10k/images/I30_25_02.png,other
KADID-10k,I30_25_04,I30,Contrast change,4,/data/projectwork/swati_mam/new model data/kadid10k/images/I30_25_04.png,other
KADID-10k,I30_25_05,I30,Contrast change,5,/data/projectwork/swati_mam/new model data/kadid10k/images/I30_25_05.png,other
KADID-10k,I30_17_01,I30,Darken,1,/data/projectwork/swati_mam/new model data/kadid10k/images/I30_17_01.png,other
KADID-10k,I30_17_02,I30,Darken,2,/data/projectwork/swati_mam/new model data/kadid10k/images/I30_17_02.png,other
KADID-10k,I30_17_05,I30,Darken,5,/data/projectwork/swati_mam/new model data/kadid10k/images/I30_17_05.png,other
KADID-10k,I30_15_01,I30,Denoise,1,/data/projectwork/swati_mam/new model data/kadid10k/images/I30_15_01.png,noise
KADID-10k,I30_15_02,I30,Denoise,2,/data/projectwork/swati_mam/new model data/kadid10k/images/I30_15_02.png,noise
KADID-10k,I30_15_03,I30,Denoise,3,/data/projectwork/swati_mam/new model data/kadid10k/images/I30_15_03.png,noise
KADID-10k,I30_15_04,I30,Denoise,4,/data/projectwork/swati_mam/new model data/kadid10k/images/I30_15_04.png,noise
KADID-10k,I30_15_05,I30,Denoise,5,/data/projectwork/swati_mam/new model data/kadid10k/images/I30_15_05.png,noise
KADID-10k,I30_01_01,I30,Gaussian blur,1,/data/projectwork/swati_mam/new model data/kadid10k/images/I30_01_01.png,blur
KADID-10k,I30_01_02,I30,Gaussian blur,2,/data/projectwork/swati_mam/new model data/kadid10k/images/I30_01_02.png,blur
KADID-10k,I30_01_03,I30,Gaussian blur,3,/data/projectwork/swati_mam/new model data/kadid10k/images/I30_01_03.png,blur
KADID-10k,I30_01_04,I30,Gaussian blur,4,/data/projectwork/swati_mam/new model data/kadid10k/images/I30_01_04.png,blur
KADID-10k,I30_01_05,I30,Gaussian blur,5,/data/projectwork/swati_mam/new model data/kadid10k/images/I30_01_05.png,blur
KADID-10k,I30_24_01,I30,High sharpen,1,/data/projectwork/swati_mam/new model data/kadid10k/images/I30_24_01.png,HF/sharpen
KADID-10k,I30_24_03,I30,High sharpen,3,/data/projectwork/swati_mam/new model data/kadid10k/images/I30_24_03.png,HF/sharpen
KADID-10k,I30_24_04,I30,High sharpen,4,/data/projectwork/swati_mam/new model data/kadid10k/images/I30_24_04.png,HF/sharpen
KADID-10k,I30_13_01,I30,Impulse noise,1,/data/projectwork/swati_mam/new model data/kadid10k/images/I30_13_01.png,noise
KADID-10k,I30_13_02,I30,Impulse noise,2,/data/projectwork/swati_mam/new model data/kadid10k/images/I30_13_02.png,noise
KADID-10k,I30_13_04,I30,Impulse noise,4,/data/projectwork/swati_mam/new model data/kadid10k/images/I30_13_04.png,noise
KADID-10k,I30_13_05,I30,Impulse noise,5,/data/projectwork/swati_mam/new model data/kadid10k/images/I30_13_05.png,noise
KADID-10k,I30_10_01,I30,JPEG,1,/data/projectwork/swati_mam/new model data/kadid10k/images/I30_10_01.png,other
KADID-10k,I30_10_03,I30,JPEG,3,/data/projectwork/swati_mam/new model data/kadid10k/images/I30_10_03.png,other
KADID-10k,I30_09_01,I30,JPEG2000,1,/data/projectwork/swati_mam/new model data/kadid10k/images/I30_09_01.png,other
KADID-10k,I30_09_03,I30,JPEG2000,3,/data/projectwork/swati_mam/new model data/kadid10k/images/I30_09_03.png,other
KADID-10k,I30_19_01,I30,Jitter,1,/data/projectwork/swati_mam/new model data/kadid10k/images/I30_19_01.png,other
KADID-10k,I30_19_02,I30,Jitter,2,/data/projectwork/swati_mam/new model data/kadid10k/images/I30_19_02.png,other
KADID-10k,I30_19_04,I30,Jitter,4,/data/projectwork/swati_mam/new model data/kadid10k/images/I30_19_04.png,other
KADID-10k,I30_02_03,I30,Lens blur,3,/data/projectwork/swati_mam/new model data/kadid10k/images/I30_02_03.png,blur
KADID-10k,I30_02_04,I30,Lens blur,4,/data/projectwork/swati_mam/new model data/kadid10k/images/I30_02_04.png,blur
KADID-10k,I30_18_02,I30,Mean shift,2,/data/projectwork/swati_mam/new model data/kadid10k/images/I30_18_02.png,other
KADID-10k,I30_18_03,I30,Mean shift,3,/data/projectwork/swati_mam/new model data/kadid10k/images/I30_18_03.png,other
KADID-10k,I30_18_05,I30,Mean shift,5,/data/projectwork/swati_mam/new model data/kadid10k/images/I30_18_05.png,other
KADID-10k,I30_03_01,I30,Motion blur,1,/data/projectwork/swati_mam/new model data/kadid10k/images/I30_03_01.png,blur
KADID-10k,I30_03_03,I30,Motion blur,3,/data/projectwork/swati_mam/new model data/kadid10k/images/I30_03_03.png,blur
KADID-10k,I30_03_04,I30,Motion blur,4,/data/projectwork/swati_mam/new model data/kadid10k/images/I30_03_04.png,blur
KADID-10k,I30_14_02,I30,Multiplicative noise,2,/data/projectwork/swati_mam/new model data/kadid10k/images/I30_14_02.png,noise
KADID-10k,I30_20_03,I30,Non-eccentricity patch,3,/data/projectwork/swati_mam/new model data/kadid10k/images/I30_20_03.png,other
KADID-10k,I30_20_04,I30,Non-eccentricity patch,4,/data/projectwork/swati_mam/new model data/kadid10k/images/I30_20_04.png,other
KADID-10k,I30_20_05,I30,Non-eccentricity patch,5,/data/projectwork/swati_mam/new model data/kadid10k/images/I30_20_05.png,other
KADID-10k,I30_21_01,I30,Pixelate,1,/data/projectwork/swati_mam/new model data/kadid10k/images/I30_21_01.png,other
KADID-10k,I30_21_02,I30,Pixelate,2,/data/projectwork/swati_mam/new model data/kadid10k/images/I30_21_02.png,other
KADID-10k,I30_21_03,I30,Pixelate,3,/data/projectwork/swati_mam/new model data/kadid10k/images/I30_21_03.png,other
KADID-10k,I30_21_04,I30,Pixelate,4,/data/projectwork/swati_mam/new model data/kadid10k/images/I30_21_04.png,other
KADID-10k,I30_22_01,I30,Quantization,1,/data/projectwork/swati_mam/new model data/kadid10k/images/I30_22_01.png,other
KADID-10k,I30_22_02,I30,Quantization,2,/data/projectwork/swati_mam/new model data/kadid10k/images/I30_22_02.png,other
KADID-10k,I30_11_01,I30,White noise,1,/data/projectwork/swati_mam/new model data/kadid10k/images/I30_11_01.png,noise
KADID-10k,I30_11_04,I30,White noise,4,/data/projectwork/swati_mam/new model data/kadid10k/images/I30_11_04.png,noise
KADID-10k,I30_11_05,I30,White noise,5,/data/projectwork/swati_mam/new model data/kadid10k/images/I30_11_05.png,noise
KADID-10k,I30_12_01,I30,White noise in color component,1,/data/projectwork/swati_mam/new model data/kadid10k/images/I30_12_01.png,noise
KADID-10k,I30_12_03,I30,White noise in color component,3,/data/projectwork/swati_mam/new model data/kadid10k/images/I30_12_03.png,noise
KADID-10k,I35_16_01,I35,Brighten,1,/data/projectwork/swati_mam/new model data/kadid10k/images/I35_16_01.png,other
KADID-10k,I35_16_04,I35,Brighten,4,/data/projectwork/swati_mam/new model data/kadid10k/images/I35_16_04.png,other
KADID-10k,I35_23_01,I35,Color block,1,/data/projectwork/swati_mam/new model data/kadid10k/images/I35_23_01.png,other
KADID-10k,I35_23_02,I35,Color block,2,/data/projectwork/swati_mam/new model data/kadid10k/images/I35_23_02.png,other
KADID-10k,I35_23_03,I35,Color block,3,/data/projectwork/swati_mam/new model data/kadid10k/images/I35_23_03.png,other
KADID-10k,I35_04_04,I35,Color diffusion,4,/data/projectwork/swati_mam/new model data/kadid10k/images/I35_04_04.png,other
KADID-10k,I35_04_05,I35,Color diffusion,5,/data/projectwork/swati_mam/new model data/kadid10k/images/I35_04_05.png,other
KADID-10k,I35_06_02,I35,Color quantization,2,/data/projectwork/swati_mam/new model data/kadid10k/images/I35_06_02.png,other
KADID-10k,I35_06_04,I35,Color quantization,4,/data/projectwork/swati_mam/new model data/kadid10k/images/I35_06_04.png,other
KADID-10k,I35_06_05,I35,Color quantization,5,/data/projectwork/swati_mam/new model data/kadid10k/images/I35_06_05.png,other
KADID-10k,I35_07_03,I35,Color saturation 1,3,/data/projectwork/swati_mam/new model data/kadid10k/images/I35_07_03.png,other
KADID-10k,I35_08_01,I35,Color saturation 2,1,/data/projectwork/swati_mam/new model data/kadid10k/images/I35_08_01.png,other
KADID-10k,I35_08_02,I35,Color saturation 2,2,/data/projectwork/swati_mam/new model data/kadid10k/images/I35_08_02.png,other
KADID-10k,I35_08_03,I35,Color saturation 2,3,/data/projectwork/swati_mam/new model data/kadid10k/images/I35_08_03.png,other
KADID-10k,I35_08_04,I35,Color saturation 2,4,/data/projectwork/swati_mam/new model data/kadid10k/images/I35_08_04.png,other
KADID-10k,I35_08_05,I35,Color saturation 2,5,/data/projectwork/swati_mam/new model data/kadid10k/images/I35_08_05.png,other
KADID-10k,I35_05_01,I35,Color shift,1,/data/projectwork/swati_mam/new model data/kadid10k/images/I35_05_01.png,other
KADID-10k,I35_05_02,I35,Color shift,2,/data/projectwork/swati_mam/new model data/kadid10k/images/I35_05_02.png,other
KADID-10k,I35_05_03,I35,Color shift,3,/data/projectwork/swati_mam/new model data/kadid10k/images/I35_05_03.png,other
KADID-10k,I35_05_05,I35,Color shift,5,/data/projectwork/swati_mam/new model data/kadid10k/images/I35_05_05.png,other
KADID-10k,I35_25_01,I35,Contrast change,1,/data/projectwork/swati_mam/new model data/kadid10k/images/I35_25_01.png,other
KADID-10k,I35_25_02,I35,Contrast change,2,/data/projectwork/swati_mam/new model data/kadid10k/images/I35_25_02.png,other
KADID-10k,I35_25_04,I35,Contrast change,4,/data/projectwork/swati_mam/new model data/kadid10k/images/I35_25_04.png,other
KADID-10k,I35_17_03,I35,Darken,3,/data/projectwork/swati_mam/new model data/kadid10k/images/I35_17_03.png,other
KADID-10k,I35_17_04,I35,Darken,4,/data/projectwork/swati_mam/new model data/kadid10k/images/I35_17_04.png,other
KADID-10k,I35_17_05,I35,Darken,5,/data/projectwork/swati_mam/new model data/kadid10k/images/I35_17_05.png,other
KADID-10k,I35_15_03,I35,Denoise,3,/data/projectwork/swati_mam/new model data/kadid10k/images/I35_15_03.png,noise
KADID-10k,I35_15_04,I35,Denoise,4,/data/projectwork/swati_mam/new model data/kadid10k/images/I35_15_04.png,noise
KADID-10k,I35_15_05,I35,Denoise,5,/data/projectwork/swati_mam/new model data/kadid10k/images/I35_15_05.png,noise
KADID-10k,I35_01_02,I35,Gaussian blur,2,/data/projectwork/swati_mam/new model data/kadid10k/images/I35_01_02.png,blur
KADID-10k,I35_01_03,I35,Gaussian blur,3,/data/projectwork/swati_mam/new model data/kadid10k/images/I35_01_03.png,blur
KADID-10k,I35_01_04,I35,Gaussian blur,4,/data/projectwork/swati_mam/new model data/kadid10k/images/I35_01_04.png,blur
KADID-10k,I35_01_05,I35,Gaussian blur,5,/data/projectwork/swati_mam/new model data/kadid10k/images/I35_01_05.png,blur
KADID-10k,I35_24_01,I35,High sharpen,1,/data/projectwork/swati_mam/new model data/kadid10k/images/I35_24_01.png,HF/sharpen
KADID-10k,I35_24_03,I35,High sharpen,3,/data/projectwork/swati_mam/new model data/kadid10k/images/I35_24_03.png,HF/sharpen
KADID-10k,I35_24_04,I35,High sharpen,4,/data/projectwork/swati_mam/new model data/kadid10k/images/I35_24_04.png,HF/sharpen
KADID-10k,I35_13_01,I35,Impulse noise,1,/data/projectwork/swati_mam/new model data/kadid10k/images/I35_13_01.png,noise
KADID-10k,I35_13_02,I35,Impulse noise,2,/data/projectwork/swati_mam/new model data/kadid10k/images/I35_13_02.png,noise
KADID-10k,I35_10_02,I35,JPEG,2,/data/projectwork/swati_mam/new model data/kadid10k/images/I35_10_02.png,other
KADID-10k,I35_10_03,I35,JPEG,3,/data/projectwork/swati_mam/new model data/kadid10k/images/I35_10_03.png,other
KADID-10k,I35_09_01,I35,JPEG2000,1,/data/projectwork/swati_mam/new model data/kadid10k/images/I35_09_01.png,other
KADID-10k,I35_09_02,I35,JPEG2000,2,/data/projectwork/swati_mam/new model data/kadid10k/images/I35_09_02.png,other
KADID-10k,I35_09_03,I35,JPEG2000,3,/data/projectwork/swati_mam/new model data/kadid10k/images/I35_09_03.png,other
KADID-10k,I35_09_04,I35,JPEG2000,4,/data/projectwork/swati_mam/new model data/kadid10k/images/I35_09_04.png,other
KADID-10k,I35_19_01,I35,Jitter,1,/data/projectwork/swati_mam/new model data/kadid10k/images/I35_19_01.png,other
KADID-10k,I35_19_02,I35,Jitter,2,/data/projectwork/swati_mam/new model data/kadid10k/images/I35_19_02.png,other
KADID-10k,I35_19_04,I35,Jitter,4,/data/projectwork/swati_mam/new model data/kadid10k/images/I35_19_04.png,other
KADID-10k,I35_19_05,I35,Jitter,5,/data/projectwork/swati_mam/new model data/kadid10k/images/I35_19_05.png,other
KADID-10k,I35_02_02,I35,Lens blur,2,/data/projectwork/swati_mam/new model data/kadid10k/images/I35_02_02.png,blur
KADID-10k,I35_02_03,I35,Lens blur,3,/data/projectwork/swati_mam/new model data/kadid10k/images/I35_02_03.png,blur
KADID-10k,I35_02_04,I35,Lens blur,4,/data/projectwork/swati_mam/new model data/kadid10k/images/I35_02_04.png,blur
KADID-10k,I35_02_05,I35,Lens blur,5,/data/projectwork/swati_mam/new model data/kadid10k/images/I35_02_05.png,blur
KADID-10k,I35_18_01,I35,Mean shift,1,/data/projectwork/swati_mam/new model data/kadid10k/images/I35_18_01.png,other
KADID-10k,I35_18_04,I35,Mean shift,4,/data/projectwork/swati_mam/new model data/kadid10k/images/I35_18_04.png,other
KADID-10k,I35_18_05,I35,Mean shift,5,/data/projectwork/swati_mam/new model data/kadid10k/images/I35_18_05.png,other
KADID-10k,I35_03_01,I35,Motion blur,1,/data/projectwork/swati_mam/new model data/kadid10k/images/I35_03_01.png,blur
KADID-10k,I35_03_02,I35,Motion blur,2,/data/projectwork/swati_mam/new model data/kadid10k/images/I35_03_02.png,blur
KADID-10k,I35_03_04,I35,Motion blur,4,/data/projectwork/swati_mam/new model data/kadid10k/images/I35_03_04.png,blur
KADID-10k,I35_03_05,I35,Motion blur,5,/data/projectwork/swati_mam/new model data/kadid10k/images/I35_03_05.png,blur
KADID-10k,I35_14_02,I35,Multiplicative noise,2,/data/projectwork/swati_mam/new model data/kadid10k/images/I35_14_02.png,noise
KADID-10k,I35_14_03,I35,Multiplicative noise,3,/data/projectwork/swati_mam/new model data/kadid10k/images/I35_14_03.png,noise
KADID-10k,I35_14_04,I35,Multiplicative noise,4,/data/projectwork/swati_mam/new model data/kadid10k/images/I35_14_04.png,noise
KADID-10k,I35_14_05,I35,Multiplicative noise,5,/data/projectwork/swati_mam/new model data/kadid10k/images/I35_14_05.png,noise
KADID-10k,I35_20_02,I35,Non-eccentricity patch,2,/data/projectwork/swati_mam/new model data/kadid10k/images/I35_20_02.png,other
KADID-10k,I35_20_03,I35,Non-eccentricity patch,3,/data/projectwork/swati_mam/new model data/kadid10k/images/I35_20_03.png,other
KADID-10k,I35_21_01,I35,Pixelate,1,/data/projectwork/swati_mam/new model data/kadid10k/images/I35_21_01.png,other
KADID-10k,I35_21_03,I35,Pixelate,3,/data/projectwork/swati_mam/new model data/kadid10k/images/I35_21_03.png,other
KADID-10k,I35_21_05,I35,Pixelate,5,/data/projectwork/swati_mam/new model data/kadid10k/images/I35_21_05.png,other
KADID-10k,I35_22_01,I35,Quantization,1,/data/projectwork/swati_mam/new model data/kadid10k/images/I35_22_01.png,other
KADID-10k,I35_22_02,I35,Quantization,2,/data/projectwork/swati_mam/new model data/kadid10k/images/I35_22_02.png,other
KADID-10k,I35_22_04,I35,Quantization,4,/data/projectwork/swati_mam/new model data/kadid10k/images/I35_22_04.png,other
KADID-10k,I35_22_05,I35,Quantization,5,/data/projectwork/swati_mam/new model data/kadid10k/images/I35_22_05.png,other
KADID-10k,I35_11_01,I35,White noise,1,/data/projectwork/swati_mam/new model data/kadid10k/images/I35_11_01.png,noise
KADID-10k,I35_11_03,I35,White noise,3,/data/projectwork/swati_mam/new model data/kadid10k/images/I35_11_03.png,noise
KADID-10k,I35_11_04,I35,White noise,4,/data/projectwork/swati_mam/new model data/kadid10k/images/I35_11_04.png,noise
KADID-10k,I35_11_05,I35,White noise,5,/data/projectwork/swati_mam/new model data/kadid10k/images/I35_11_05.png,noise
KADID-10k,I35_12_01,I35,White noise in color component,1,/data/projectwork/swati_mam/new model data/kadid10k/images/I35_12_01.png,noise
KADID-10k,I35_12_02,I35,White noise in color component,2,/data/projectwork/swati_mam/new model data/kadid10k/images/I35_12_02.png,noise
KADID-10k,I35_12_03,I35,White noise in color component,3,/data/projectwork/swati_mam/new model data/kadid10k/images/I35_12_03.png,noise
KADID-10k,I35_12_05,I35,White noise in color component,5,/data/projectwork/swati_mam/new model data/kadid10k/images/I35_12_05.png,noise
KADID-10k,I42_16_02,I42,Brighten,2,/data/projectwork/swati_mam/new model data/kadid10k/images/I42_16_02.png,other
KADID-10k,I42_16_04,I42,Brighten,4,/data/projectwork/swati_mam/new model data/kadid10k/images/I42_16_04.png,other
KADID-10k,I42_16_05,I42,Brighten,5,/data/projectwork/swati_mam/new model data/kadid10k/images/I42_16_05.png,other
KADID-10k,I42_23_01,I42,Color block,1,/data/projectwork/swati_mam/new model data/kadid10k/images/I42_23_01.png,other
KADID-10k,I42_23_02,I42,Color block,2,/data/projectwork/swati_mam/new model data/kadid10k/images/I42_23_02.png,other
KADID-10k,I42_23_05,I42,Color block,5,/data/projectwork/swati_mam/new model data/kadid10k/images/I42_23_05.png,other
KADID-10k,I42_04_02,I42,Color diffusion,2,/data/projectwork/swati_mam/new model data/kadid10k/images/I42_04_02.png,other
KADID-10k,I42_04_03,I42,Color diffusion,3,/data/projectwork/swati_mam/new model data/kadid10k/images/I42_04_03.png,other
KADID-10k,I42_04_04,I42,Color diffusion,4,/data/projectwork/swati_mam/new model data/kadid10k/images/I42_04_04.png,other
KADID-10k,I42_06_04,I42,Color quantization,4,/data/projectwork/swati_mam/new model data/kadid10k/images/I42_06_04.png,other
KADID-10k,I42_07_05,I42,Color saturation 1,5,/data/projectwork/swati_mam/new model data/kadid10k/images/I42_07_05.png,other
KADID-10k,I42_08_01,I42,Color saturation 2,1,/data/projectwork/swati_mam/new model data/kadid10k/images/I42_08_01.png,other
KADID-10k,I42_08_02,I42,Color saturation 2,2,/data/projectwork/swati_mam/new model data/kadid10k/images/I42_08_02.png,other
KADID-10k,I42_08_05,I42,Color saturation 2,5,/data/projectwork/swati_mam/new model data/kadid10k/images/I42_08_05.png,other
KADID-10k,I42_25_01,I42,Contrast change,1,/data/projectwork/swati_mam/new model data/kadid10k/images/I42_25_01.png,other
KADID-10k,I42_25_02,I42,Contrast change,2,/data/projectwork/swati_mam/new model data/kadid10k/images/I42_25_02.png,other
KADID-10k,I42_25_05,I42,Contrast change,5,/data/projectwork/swati_mam/new model data/kadid10k/images/I42_25_05.png,other
KADID-10k,I42_17_01,I42,Darken,1,/data/projectwork/swati_mam/new model data/kadid10k/images/I42_17_01.png,other
KADID-10k,I42_17_04,I42,Darken,4,/data/projectwork/swati_mam/new model data/kadid10k/images/I42_17_04.png,other
KADID-10k,I42_17_05,I42,Darken,5,/data/projectwork/swati_mam/new model data/kadid10k/images/I42_17_05.png,other
KADID-10k,I42_15_01,I42,Denoise,1,/data/projectwork/swati_mam/new model data/kadid10k/images/I42_15_01.png,noise
KADID-10k,I42_15_03,I42,Denoise,3,/data/projectwork/swati_mam/new model data/kadid10k/images/I42_15_03.png,noise
KADID-10k,I42_15_05,I42,Denoise,5,/data/projectwork/swati_mam/new model data/kadid10k/images/I42_15_05.png,noise
KADID-10k,I42_01_03,I42,Gaussian blur,3,/data/projectwork/swati_mam/new model data/kadid10k/images/I42_01_03.png,blur
KADID-10k,I42_01_04,I42,Gaussian blur,4,/data/projectwork/swati_mam/new model data/kadid10k/images/I42_01_04.png,blur
KADID-10k,I42_01_05,I42,Gaussian blur,5,/data/projectwork/swati_mam/new model data/kadid10k/images/I42_01_05.png,blur
KADID-10k,I42_24_01,I42,High sharpen,1,/data/projectwork/swati_mam/new model data/kadid10k/images/I42_24_01.png,HF/sharpen
KADID-10k,I42_24_03,I42,High sharpen,3,/data/projectwork/swati_mam/new model data/kadid10k/images/I42_24_03.png,HF/sharpen
KADID-10k,I42_10_02,I42,JPEG,2,/data/projectwork/swati_mam/new model data/kadid10k/images/I42_10_02.png,other
KADID-10k,I42_10_03,I42,JPEG,3,/data/projectwork/swati_mam/new model data/kadid10k/images/I42_10_03.png,other
KADID-10k,I42_10_04,I42,JPEG,4,/data/projectwork/swati_mam/new model data/kadid10k/images/I42_10_04.png,other
KADID-10k,I42_10_05,I42,JPEG,5,/data/projectwork/swati_mam/new model data/kadid10k/images/I42_10_05.png,other
KADID-10k,I42_09_01,I42,JPEG2000,1,/data/projectwork/swati_mam/new model data/kadid10k/images/I42_09_01.png,other
KADID-10k,I42_19_01,I42,Jitter,1,/data/projectwork/swati_mam/new model data/kadid10k/images/I42_19_01.png,other
KADID-10k,I42_19_02,I42,Jitter,2,/data/projectwork/swati_mam/new model data/kadid10k/images/I42_19_02.png,other
KADID-10k,I42_19_05,I42,Jitter,5,/data/projectwork/swati_mam/new model data/kadid10k/images/I42_19_05.png,other
KADID-10k,I42_02_01,I42,Lens blur,1,/data/projectwork/swati_mam/new model data/kadid10k/images/I42_02_01.png,blur
KADID-10k,I42_02_02,I42,Lens blur,2,/data/projectwork/swati_mam/new model data/kadid10k/images/I42_02_02.png,blur
KADID-10k,I42_02_03,I42,Lens blur,3,/data/projectwork/swati_mam/new model data/kadid10k/images/I42_02_03.png,blur
KADID-10k,I42_18_01,I42,Mean shift,1,/data/projectwork/swati_mam/new model data/kadid10k/images/I42_18_01.png,other
KADID-10k,I42_18_02,I42,Mean shift,2,/data/projectwork/swati_mam/new model data/kadid10k/images/I42_18_02.png,other
KADID-10k,I42_18_03,I42,Mean shift,3,/data/projectwork/swati_mam/new model data/kadid10k/images/I42_18_03.png,other
KADID-10k,I42_18_05,I42,Mean shift,5,/data/projectwork/swati_mam/new model data/kadid10k/images/I42_18_05.png,other
KADID-10k,I42_03_01,I42,Motion blur,1,/data/projectwork/swati_mam/new model data/kadid10k/images/I42_03_01.png,blur
KADID-10k,I42_03_04,I42,Motion blur,4,/data/projectwork/swati_mam/new model data/kadid10k/images/I42_03_04.png,blur
KADID-10k,I42_14_01,I42,Multiplicative noise,1,/data/projectwork/swati_mam/new model data/kadid10k/images/I42_14_01.png,noise
KADID-10k,I42_14_02,I42,Multiplicative noise,2,/data/projectwork/swati_mam/new model data/kadid10k/images/I42_14_02.png,noise
KADID-10k,I42_14_03,I42,Multiplicative noise,3,/data/projectwork/swati_mam/new model data/kadid10k/images/I42_14_03.png,noise
KADID-10k,I42_14_04,I42,Multiplicative noise,4,/data/projectwork/swati_mam/new model data/kadid10k/images/I42_14_04.png,noise
KADID-10k,I42_14_05,I42,Multiplicative noise,5,/data/projectwork/swati_mam/new model data/kadid10k/images/I42_14_05.png,noise
KADID-10k,I42_20_03,I42,Non-eccentricity patch,3,/data/projectwork/swati_mam/new model data/kadid10k/images/I42_20_03.png,other
KADID-10k,I42_21_01,I42,Pixelate,1,/data/projectwork/swati_mam/new model data/kadid10k/images/I42_21_01.png,other
KADID-10k,I42_21_04,I42,Pixelate,4,/data/projectwork/swati_mam/new model data/kadid10k/images/I42_21_04.png,other
KADID-10k,I42_22_02,I42,Quantization,2,/data/projectwork/swati_mam/new model data/kadid10k/images/I42_22_02.png,other
KADID-10k,I42_11_02,I42,White noise,2,/data/projectwork/swati_mam/new model data/kadid10k/images/I42_11_02.png,noise
KADID-10k,I42_11_04,I42,White noise,4,/data/projectwork/swati_mam/new model data/kadid10k/images/I42_11_04.png,noise
KADID-10k,I42_11_05,I42,White noise,5,/data/projectwork/swati_mam/new model data/kadid10k/images/I42_11_05.png,noise
KADID-10k,I42_12_01,I42,White noise in color component,1,/data/projectwork/swati_mam/new model data/kadid10k/images/I42_12_01.png,noise
KADID-10k,I42_12_02,I42,White noise in color component,2,/data/projectwork/swati_mam/new model data/kadid10k/images/I42_12_02.png,noise
KADID-10k,I45_16_03,I45,Brighten,3,/data/projectwork/swati_mam/new model data/kadid10k/images/I45_16_03.png,other
KADID-10k,I45_16_05,I45,Brighten,5,/data/projectwork/swati_mam/new model data/kadid10k/images/I45_16_05.png,other
KADID-10k,I45_23_01,I45,Color block,1,/data/projectwork/swati_mam/new model data/kadid10k/images/I45_23_01.png,other
KADID-10k,I45_23_02,I45,Color block,2,/data/projectwork/swati_mam/new model data/kadid10k/images/I45_23_02.png,other
KADID-10k,I45_23_03,I45,Color block,3,/data/projectwork/swati_mam/new model data/kadid10k/images/I45_23_03.png,other
KADID-10k,I45_23_05,I45,Color block,5,/data/projectwork/swati_mam/new model data/kadid10k/images/I45_23_05.png,other
KADID-10k,I45_04_05,I45,Color diffusion,5,/data/projectwork/swati_mam/new model data/kadid10k/images/I45_04_05.png,other
KADID-10k,I45_06_01,I45,Color quantization,1,/data/projectwork/swati_mam/new model data/kadid10k/images/I45_06_01.png,other
KADID-10k,I45_06_03,I45,Color quantization,3,/data/projectwork/swati_mam/new model data/kadid10k/images/I45_06_03.png,other
KADID-10k,I45_07_02,I45,Color saturation 1,2,/data/projectwork/swati_mam/new model data/kadid10k/images/I45_07_02.png,other
KADID-10k,I45_07_03,I45,Color saturation 1,3,/data/projectwork/swati_mam/new model data/kadid10k/images/I45_07_03.png,other
KADID-10k,I45_07_05,I45,Color saturation 1,5,/data/projectwork/swati_mam/new model data/kadid10k/images/I45_07_05.png,other
KADID-10k,I45_08_03,I45,Color saturation 2,3,/data/projectwork/swati_mam/new model data/kadid10k/images/I45_08_03.png,other
KADID-10k,I45_08_04,I45,Color saturation 2,4,/data/projectwork/swati_mam/new model data/kadid10k/images/I45_08_04.png,other
KADID-10k,I45_05_01,I45,Color shift,1,/data/projectwork/swati_mam/new model data/kadid10k/images/I45_05_01.png,other
KADID-10k,I45_05_02,I45,Color shift,2,/data/projectwork/swati_mam/new model data/kadid10k/images/I45_05_02.png,other
KADID-10k,I45_05_03,I45,Color shift,3,/data/projectwork/swati_mam/new model data/kadid10k/images/I45_05_03.png,other
KADID-10k,I45_25_01,I45,Contrast change,1,/data/projectwork/swati_mam/new model data/kadid10k/images/I45_25_01.png,other
KADID-10k,I45_25_02,I45,Contrast change,2,/data/projectwork/swati_mam/new model data/kadid10k/images/I45_25_02.png,other
KADID-10k,I45_25_03,I45,Contrast change,3,/data/projectwork/swati_mam/new model data/kadid10k/images/I45_25_03.png,other
KADID-10k,I45_25_04,I45,Contrast change,4,/data/projectwork/swati_mam/new model data/kadid10k/images/I45_25_04.png,other
KADID-10k,I45_17_03,I45,Darken,3,/data/projectwork/swati_mam/new model data/kadid10k/images/I45_17_03.png,other
KADID-10k,I45_15_04,I45,Denoise,4,/data/projectwork/swati_mam/new model data/kadid10k/images/I45_15_04.png,noise
KADID-10k,I45_15_05,I45,Denoise,5,/data/projectwork/swati_mam/new model data/kadid10k/images/I45_15_05.png,noise
KADID-10k,I45_01_03,I45,Gaussian blur,3,/data/projectwork/swati_mam/new model data/kadid10k/images/I45_01_03.png,blur
KADID-10k,I45_01_04,I45,Gaussian blur,4,/data/projectwork/swati_mam/new model data/kadid10k/images/I45_01_04.png,blur
KADID-10k,I45_24_02,I45,High sharpen,2,/data/projectwork/swati_mam/new model data/kadid10k/images/I45_24_02.png,HF/sharpen
KADID-10k,I45_24_03,I45,High sharpen,3,/data/projectwork/swati_mam/new model data/kadid10k/images/I45_24_03.png,HF/sharpen
KADID-10k,I45_24_04,I45,High sharpen,4,/data/projectwork/swati_mam/new model data/kadid10k/images/I45_24_04.png,HF/sharpen
KADID-10k,I45_24_05,I45,High sharpen,5,/data/projectwork/swati_mam/new model data/kadid10k/images/I45_24_05.png,HF/sharpen
KADID-10k,I45_13_01,I45,Impulse noise,1,/data/projectwork/swati_mam/new model data/kadid10k/images/I45_13_01.png,noise
KADID-10k,I45_13_02,I45,Impulse noise,2,/data/projectwork/swati_mam/new model data/kadid10k/images/I45_13_02.png,noise
KADID-10k,I45_13_04,I45,Impulse noise,4,/data/projectwork/swati_mam/new model data/kadid10k/images/I45_13_04.png,noise
KADID-10k,I45_10_02,I45,JPEG,2,/data/projectwork/swati_mam/new model data/kadid10k/images/I45_10_02.png,other
KADID-10k,I45_10_03,I45,JPEG,3,/data/projectwork/swati_mam/new model data/kadid10k/images/I45_10_03.png,other
KADID-10k,I45_10_04,I45,JPEG,4,/data/projectwork/swati_mam/new model data/kadid10k/images/I45_10_04.png,other
KADID-10k,I45_10_05,I45,JPEG,5,/data/projectwork/swati_mam/new model data/kadid10k/images/I45_10_05.png,other
KADID-10k,I45_09_01,I45,JPEG2000,1,/data/projectwork/swati_mam/new model data/kadid10k/images/I45_09_01.png,other
KADID-10k,I45_09_05,I45,JPEG2000,5,/data/projectwork/swati_mam/new model data/kadid10k/images/I45_09_05.png,other
KADID-10k,I45_19_05,I45,Jitter,5,/data/projectwork/swati_mam/new model data/kadid10k/images/I45_19_05.png,other
KADID-10k,I45_02_03,I45,Lens blur,3,/data/projectwork/swati_mam/new model data/kadid10k/images/I45_02_03.png,blur
KADID-10k,I45_02_05,I45,Lens blur,5,/data/projectwork/swati_mam/new model data/kadid10k/images/I45_02_05.png,blur
KADID-10k,I45_18_02,I45,Mean shift,2,/data/projectwork/swati_mam/new model data/kadid10k/images/I45_18_02.png,other
KADID-10k,I45_18_04,I45,Mean shift,4,/data/projectwork/swati_mam/new model data/kadid10k/images/I45_18_04.png,other
KADID-10k,I45_18_05,I45,Mean shift,5,/data/projectwork/swati_mam/new model data/kadid10k/images/I45_18_05.png,other
KADID-10k,I45_03_02,I45,Motion blur,2,/data/projectwork/swati_mam/new model data/kadid10k/images/I45_03_02.png,blur
KADID-10k,I45_03_03,I45,Motion blur,3,/data/projectwork/swati_mam/new model data/kadid10k/images/I45_03_03.png,blur
KADID-10k,I45_03_04,I45,Motion blur,4,/data/projectwork/swati_mam/new model data/kadid10k/images/I45_03_04.png,blur
KADID-10k,I45_03_05,I45,Motion blur,5,/data/projectwork/swati_mam/new model data/kadid10k/images/I45_03_05.png,blur
KADID-10k,I45_14_01,I45,Multiplicative noise,1,/data/projectwork/swati_mam/new model data/kadid10k/images/I45_14_01.png,noise
KADID-10k,I45_14_02,I45,Multiplicative noise,2,/data/projectwork/swati_mam/new model data/kadid10k/images/I45_14_02.png,noise
KADID-10k,I45_14_05,I45,Multiplicative noise,5,/data/projectwork/swati_mam/new model data/kadid10k/images/I45_14_05.png,noise
KADID-10k,I45_21_01,I45,Pixelate,1,/data/projectwork/swati_mam/new model data/kadid10k/images/I45_21_01.png,other
KADID-10k,I45_21_03,I45,Pixelate,3,/data/projectwork/swati_mam/new model data/kadid10k/images/I45_21_03.png,other
KADID-10k,I45_21_05,I45,Pixelate,5,/data/projectwork/swati_mam/new model data/kadid10k/images/I45_21_05.png,other
KADID-10k,I45_22_02,I45,Quantization,2,/data/projectwork/swati_mam/new model data/kadid10k/images/I45_22_02.png,other
KADID-10k,I45_22_03,I45,Quantization,3,/data/projectwork/swati_mam/new model data/kadid10k/images/I45_22_03.png,other
KADID-10k,I45_22_05,I45,Quantization,5,/data/projectwork/swati_mam/new model data/kadid10k/images/I45_22_05.png,other
KADID-10k,I45_11_01,I45,White noise,1,/data/projectwork/swati_mam/new model data/kadid10k/images/I45_11_01.png,noise
KADID-10k,I45_11_03,I45,White noise,3,/data/projectwork/swati_mam/new model data/kadid10k/images/I45_11_03.png,noise
KADID-10k,I45_11_05,I45,White noise,5,/data/projectwork/swati_mam/new model data/kadid10k/images/I45_11_05.png,noise
KADID-10k,I45_12_04,I45,White noise in color component,4,/data/projectwork/swati_mam/new model data/kadid10k/images/I45_12_04.png,noise
KADID-10k,I45_12_05,I45,White noise in color component,5,/data/projectwork/swati_mam/new model data/kadid10k/images/I45_12_05.png,noise
KADID-10k,I46_16_05,I46,Brighten,5,/data/projectwork/swati_mam/new model data/kadid10k/images/I46_16_05.png,other
KADID-10k,I46_23_02,I46,Color block,2,/data/projectwork/swati_mam/new model data/kadid10k/images/I46_23_02.png,other
KADID-10k,I46_04_02,I46,Color diffusion,2,/data/projectwork/swati_mam/new model data/kadid10k/images/I46_04_02.png,other
KADID-10k,I46_04_03,I46,Color diffusion,3,/data/projectwork/swati_mam/new model data/kadid10k/images/I46_04_03.png,other
KADID-10k,I46_04_04,I46,Color diffusion,4,/data/projectwork/swati_mam/new model data/kadid10k/images/I46_04_04.png,other
KADID-10k,I46_04_05,I46,Color diffusion,5,/data/projectwork/swati_mam/new model data/kadid10k/images/I46_04_05.png,other
KADID-10k,I46_06_03,I46,Color quantization,3,/data/projectwork/swati_mam/new model data/kadid10k/images/I46_06_03.png,other
KADID-10k,I46_06_04,I46,Color quantization,4,/data/projectwork/swati_mam/new model data/kadid10k/images/I46_06_04.png,other
KADID-10k,I46_07_04,I46,Color saturation 1,4,/data/projectwork/swati_mam/new model data/kadid10k/images/I46_07_04.png,other
KADID-10k,I46_08_01,I46,Color saturation 2,1,/data/projectwork/swati_mam/new model data/kadid10k/images/I46_08_01.png,other
KADID-10k,I46_08_02,I46,Color saturation 2,2,/data/projectwork/swati_mam/new model data/kadid10k/images/I46_08_02.png,other
KADID-10k,I46_08_04,I46,Color saturation 2,4,/data/projectwork/swati_mam/new model data/kadid10k/images/I46_08_04.png,other
KADID-10k,I46_08_05,I46,Color saturation 2,5,/data/projectwork/swati_mam/new model data/kadid10k/images/I46_08_05.png,other
KADID-10k,I46_05_01,I46,Color shift,1,/data/projectwork/swati_mam/new model data/kadid10k/images/I46_05_01.png,other
KADID-10k,I46_05_02,I46,Color shift,2,/data/projectwork/swati_mam/new model data/kadid10k/images/I46_05_02.png,other
KADID-10k,I46_05_03,I46,Color shift,3,/data/projectwork/swati_mam/new model data/kadid10k/images/I46_05_03.png,other
KADID-10k,I46_05_05,I46,Color shift,5,/data/projectwork/swati_mam/new model data/kadid10k/images/I46_05_05.png,other
KADID-10k,I46_25_01,I46,Contrast change,1,/data/projectwork/swati_mam/new model data/kadid10k/images/I46_25_01.png,other
KADID-10k,I46_25_05,I46,Contrast change,5,/data/projectwork/swati_mam/new model data/kadid10k/images/I46_25_05.png,other
KADID-10k,I46_17_01,I46,Darken,1,/data/projectwork/swati_mam/new model data/kadid10k/images/I46_17_01.png,other
KADID-10k,I46_17_02,I46,Darken,2,/data/projectwork/swati_mam/new model data/kadid10k/images/I46_17_02.png,other
KADID-10k,I46_17_03,I46,Darken,3,/data/projectwork/swati_mam/new model data/kadid10k/images/I46_17_03.png,other
KADID-10k,I46_15_02,I46,Denoise,2,/data/projectwork/swati_mam/new model data/kadid10k/images/I46_15_02.png,noise
KADID-10k,I46_15_04,I46,Denoise,4,/data/projectwork/swati_mam/new model data/kadid10k/images/I46_15_04.png,noise
KADID-10k,I46_01_01,I46,Gaussian blur,1,/data/projectwork/swati_mam/new model data/kadid10k/images/I46_01_01.png,blur
KADID-10k,I46_01_02,I46,Gaussian blur,2,/data/projectwork/swati_mam/new model data/kadid10k/images/I46_01_02.png,blur
KADID-10k,I46_24_01,I46,High sharpen,1,/data/projectwork/swati_mam/new model data/kadid10k/images/I46_24_01.png,HF/sharpen
KADID-10k,I46_24_02,I46,High sharpen,2,/data/projectwork/swati_mam/new model data/kadid10k/images/I46_24_02.png,HF/sharpen
KADID-10k,I46_24_03,I46,High sharpen,3,/data/projectwork/swati_mam/new model data/kadid10k/images/I46_24_03.png,HF/sharpen
KADID-10k,I46_13_02,I46,Impulse noise,2,/data/projectwork/swati_mam/new model data/kadid10k/images/I46_13_02.png,noise
KADID-10k,I46_13_03,I46,Impulse noise,3,/data/projectwork/swati_mam/new model data/kadid10k/images/I46_13_03.png,noise
KADID-10k,I46_13_04,I46,Impulse noise,4,/data/projectwork/swati_mam/new model data/kadid10k/images/I46_13_04.png,noise
KADID-10k,I46_13_05,I46,Impulse noise,5,/data/projectwork/swati_mam/new model data/kadid10k/images/I46_13_05.png,noise
KADID-10k,I46_10_01,I46,JPEG,1,/data/projectwork/swati_mam/new model data/kadid10k/images/I46_10_01.png,other
KADID-10k,I46_10_02,I46,JPEG,2,/data/projectwork/swati_mam/new model data/kadid10k/images/I46_10_02.png,other
KADID-10k,I46_10_03,I46,JPEG,3,/data/projectwork/swati_mam/new model data/kadid10k/images/I46_10_03.png,other
KADID-10k,I46_10_04,I46,JPEG,4,/data/projectwork/swati_mam/new model data/kadid10k/images/I46_10_04.png,other
KADID-10k,I46_09_02,I46,JPEG2000,2,/data/projectwork/swati_mam/new model data/kadid10k/images/I46_09_02.png,other
KADID-10k,I46_09_04,I46,JPEG2000,4,/data/projectwork/swati_mam/new model data/kadid10k/images/I46_09_04.png,other
KADID-10k,I46_09_05,I46,JPEG2000,5,/data/projectwork/swati_mam/new model data/kadid10k/images/I46_09_05.png,other
KADID-10k,I46_19_01,I46,Jitter,1,/data/projectwork/swati_mam/new model data/kadid10k/images/I46_19_01.png,other
KADID-10k,I46_19_03,I46,Jitter,3,/data/projectwork/swati_mam/new model data/kadid10k/images/I46_19_03.png,other
KADID-10k,I46_18_03,I46,Mean shift,3,/data/projectwork/swati_mam/new model data/kadid10k/images/I46_18_03.png,other
KADID-10k,I46_18_04,I46,Mean shift,4,/data/projectwork/swati_mam/new model data/kadid10k/images/I46_18_04.png,other
KADID-10k,I46_18_05,I46,Mean shift,5,/data/projectwork/swati_mam/new model data/kadid10k/images/I46_18_05.png,other
KADID-10k,I46_03_01,I46,Motion blur,1,/data/projectwork/swati_mam/new model data/kadid10k/images/I46_03_01.png,blur
KADID-10k,I46_03_02,I46,Motion blur,2,/data/projectwork/swati_mam/new model data/kadid10k/images/I46_03_02.png,blur
KADID-10k,I46_03_04,I46,Motion blur,4,/data/projectwork/swati_mam/new model data/kadid10k/images/I46_03_04.png,blur
KADID-10k,I46_14_04,I46,Multiplicative noise,4,/data/projectwork/swati_mam/new model data/kadid10k/images/I46_14_04.png,noise
KADID-10k,I46_14_05,I46,Multiplicative noise,5,/data/projectwork/swati_mam/new model data/kadid10k/images/I46_14_05.png,noise
KADID-10k,I46_20_02,I46,Non-eccentricity patch,2,/data/projectwork/swati_mam/new model data/kadid10k/images/I46_20_02.png,other
KADID-10k,I46_20_04,I46,Non-eccentricity patch,4,/data/projectwork/swati_mam/new model data/kadid10k/images/I46_20_04.png,other
KADID-10k,I46_20_05,I46,Non-eccentricity patch,5,/data/projectwork/swati_mam/new model data/kadid10k/images/I46_20_05.png,other
KADID-10k,I46_21_03,I46,Pixelate,3,/data/projectwork/swati_mam/new model data/kadid10k/images/I46_21_03.png,other
KADID-10k,I46_21_05,I46,Pixelate,5,/data/projectwork/swati_mam/new model data/kadid10k/images/I46_21_05.png,other
KADID-10k,I46_22_01,I46,Quantization,1,/data/projectwork/swati_mam/new model data/kadid10k/images/I46_22_01.png,other
KADID-10k,I46_22_02,I46,Quantization,2,/data/projectwork/swati_mam/new model data/kadid10k/images/I46_22_02.png,other
KADID-10k,I46_22_03,I46,Quantization,3,/data/projectwork/swati_mam/new model data/kadid10k/images/I46_22_03.png,other
KADID-10k,I46_22_04,I46,Quantization,4,/data/projectwork/swati_mam/new model data/kadid10k/images/I46_22_04.png,other
KADID-10k,I46_11_01,I46,White noise,1,/data/projectwork/swati_mam/new model data/kadid10k/images/I46_11_01.png,noise
KADID-10k,I46_11_04,I46,White noise,4,/data/projectwork/swati_mam/new model data/kadid10k/images/I46_11_04.png,noise
KADID-10k,I46_11_05,I46,White noise,5,/data/projectwork/swati_mam/new model data/kadid10k/images/I46_11_05.png,noise
KADID-10k,I46_12_03,I46,White noise in color component,3,/data/projectwork/swati_mam/new model data/kadid10k/images/I46_12_03.png,noise
KADID-10k,I46_12_04,I46,White noise in color component,4,/data/projectwork/swati_mam/new model data/kadid10k/images/I46_12_04.png,noise
KADID-10k,I46_12_05,I46,White noise in color component,5,/data/projectwork/swati_mam/new model data/kadid10k/images/I46_12_05.png,noise
KADID-10k,I65_16_01,I65,Brighten,1,/data/projectwork/swati_mam/new model data/kadid10k/images/I65_16_01.png,other
KADID-10k,I65_16_02,I65,Brighten,2,/data/projectwork/swati_mam/new model data/kadid10k/images/I65_16_02.png,other
KADID-10k,I65_16_05,I65,Brighten,5,/data/projectwork/swati_mam/new model data/kadid10k/images/I65_16_05.png,other
KADID-10k,I65_23_01,I65,Color block,1,/data/projectwork/swati_mam/new model data/kadid10k/images/I65_23_01.png,other
KADID-10k,I65_23_02,I65,Color block,2,/data/projectwork/swati_mam/new model data/kadid10k/images/I65_23_02.png,other
KADID-10k,I65_23_03,I65,Color block,3,/data/projectwork/swati_mam/new model data/kadid10k/images/I65_23_03.png,other
KADID-10k,I65_23_05,I65,Color block,5,/data/projectwork/swati_mam/new model data/kadid10k/images/I65_23_05.png,other
KADID-10k,I65_04_01,I65,Color diffusion,1,/data/projectwork/swati_mam/new model data/kadid10k/images/I65_04_01.png,other
KADID-10k,I65_04_04,I65,Color diffusion,4,/data/projectwork/swati_mam/new model data/kadid10k/images/I65_04_04.png,other
KADID-10k,I65_06_04,I65,Color quantization,4,/data/projectwork/swati_mam/new model data/kadid10k/images/I65_06_04.png,other
KADID-10k,I65_07_03,I65,Color saturation 1,3,/data/projectwork/swati_mam/new model data/kadid10k/images/I65_07_03.png,other
KADID-10k,I65_07_04,I65,Color saturation 1,4,/data/projectwork/swati_mam/new model data/kadid10k/images/I65_07_04.png,other
KADID-10k,I65_08_02,I65,Color saturation 2,2,/data/projectwork/swati_mam/new model data/kadid10k/images/I65_08_02.png,other
KADID-10k,I65_08_03,I65,Color saturation 2,3,/data/projectwork/swati_mam/new model data/kadid10k/images/I65_08_03.png,other
KADID-10k,I65_08_05,I65,Color saturation 2,5,/data/projectwork/swati_mam/new model data/kadid10k/images/I65_08_05.png,other
KADID-10k,I65_05_01,I65,Color shift,1,/data/projectwork/swati_mam/new model data/kadid10k/images/I65_05_01.png,other
KADID-10k,I65_05_04,I65,Color shift,4,/data/projectwork/swati_mam/new model data/kadid10k/images/I65_05_04.png,other
KADID-10k,I65_05_05,I65,Color shift,5,/data/projectwork/swati_mam/new model data/kadid10k/images/I65_05_05.png,other
KADID-10k,I65_25_02,I65,Contrast change,2,/data/projectwork/swati_mam/new model data/kadid10k/images/I65_25_02.png,other
KADID-10k,I65_17_01,I65,Darken,1,/data/projectwork/swati_mam/new model data/kadid10k/images/I65_17_01.png,other
KADID-10k,I65_17_02,I65,Darken,2,/data/projectwork/swati_mam/new model data/kadid10k/images/I65_17_02.png,other
KADID-10k,I65_17_04,I65,Darken,4,/data/projectwork/swati_mam/new model data/kadid10k/images/I65_17_04.png,other
KADID-10k,I65_15_03,I65,Denoise,3,/data/projectwork/swati_mam/new model data/kadid10k/images/I65_15_03.png,noise
KADID-10k,I65_15_05,I65,Denoise,5,/data/projectwork/swati_mam/new model data/kadid10k/images/I65_15_05.png,noise
KADID-10k,I65_01_01,I65,Gaussian blur,1,/data/projectwork/swati_mam/new model data/kadid10k/images/I65_01_01.png,blur
KADID-10k,I65_01_04,I65,Gaussian blur,4,/data/projectwork/swati_mam/new model data/kadid10k/images/I65_01_04.png,blur
KADID-10k,I65_01_05,I65,Gaussian blur,5,/data/projectwork/swati_mam/new model data/kadid10k/images/I65_01_05.png,blur
KADID-10k,I65_24_01,I65,High sharpen,1,/data/projectwork/swati_mam/new model data/kadid10k/images/I65_24_01.png,HF/sharpen
KADID-10k,I65_24_03,I65,High sharpen,3,/data/projectwork/swati_mam/new model data/kadid10k/images/I65_24_03.png,HF/sharpen
KADID-10k,I65_24_04,I65,High sharpen,4,/data/projectwork/swati_mam/new model data/kadid10k/images/I65_24_04.png,HF/sharpen
KADID-10k,I65_13_04,I65,Impulse noise,4,/data/projectwork/swati_mam/new model data/kadid10k/images/I65_13_04.png,noise
KADID-10k,I65_10_03,I65,JPEG,3,/data/projectwork/swati_mam/new model data/kadid10k/images/I65_10_03.png,other
KADID-10k,I65_10_04,I65,JPEG,4,/data/projectwork/swati_mam/new model data/kadid10k/images/I65_10_04.png,other
KADID-10k,I65_09_04,I65,JPEG2000,4,/data/projectwork/swati_mam/new model data/kadid10k/images/I65_09_04.png,other
KADID-10k,I65_09_05,I65,JPEG2000,5,/data/projectwork/swati_mam/new model data/kadid10k/images/I65_09_05.png,other
KADID-10k,I65_19_01,I65,Jitter,1,/data/projectwork/swati_mam/new model data/kadid10k/images/I65_19_01.png,other
KADID-10k,I65_19_04,I65,Jitter,4,/data/projectwork/swati_mam/new model data/kadid10k/images/I65_19_04.png,other
KADID-10k,I65_19_05,I65,Jitter,5,/data/projectwork/swati_mam/new model data/kadid10k/images/I65_19_05.png,other
KADID-10k,I65_02_01,I65,Lens blur,1,/data/projectwork/swati_mam/new model data/kadid10k/images/I65_02_01.png,blur
KADID-10k,I65_02_04,I65,Lens blur,4,/data/projectwork/swati_mam/new model data/kadid10k/images/I65_02_04.png,blur
KADID-10k,I65_02_05,I65,Lens blur,5,/data/projectwork/swati_mam/new model data/kadid10k/images/I65_02_05.png,blur
KADID-10k,I65_18_01,I65,Mean shift,1,/data/projectwork/swati_mam/new model data/kadid10k/images/I65_18_01.png,other
KADID-10k,I65_18_03,I65,Mean shift,3,/data/projectwork/swati_mam/new model data/kadid10k/images/I65_18_03.png,other
KADID-10k,I65_18_05,I65,Mean shift,5,/data/projectwork/swati_mam/new model data/kadid10k/images/I65_18_05.png,other
KADID-10k,I65_03_01,I65,Motion blur,1,/data/projectwork/swati_mam/new model data/kadid10k/images/I65_03_01.png,blur
KADID-10k,I65_03_05,I65,Motion blur,5,/data/projectwork/swati_mam/new model data/kadid10k/images/I65_03_05.png,blur
KADID-10k,I65_14_02,I65,Multiplicative noise,2,/data/projectwork/swati_mam/new model data/kadid10k/images/I65_14_02.png,noise
KADID-10k,I65_20_01,I65,Non-eccentricity patch,1,/data/projectwork/swati_mam/new model data/kadid10k/images/I65_20_01.png,other
KADID-10k,I65_20_03,I65,Non-eccentricity patch,3,/data/projectwork/swati_mam/new model data/kadid10k/images/I65_20_03.png,other
KADID-10k,I65_20_04,I65,Non-eccentricity patch,4,/data/projectwork/swati_mam/new model data/kadid10k/images/I65_20_04.png,other
KADID-10k,I65_21_01,I65,Pixelate,1,/data/projectwork/swati_mam/new model data/kadid10k/images/I65_21_01.png,other
KADID-10k,I65_21_04,I65,Pixelate,4,/data/projectwork/swati_mam/new model data/kadid10k/images/I65_21_04.png,other
KADID-10k,I65_22_01,I65,Quantization,1,/data/projectwork/swati_mam/new model data/kadid10k/images/I65_22_01.png,other
KADID-10k,I65_22_02,I65,Quantization,2,/data/projectwork/swati_mam/new model data/kadid10k/images/I65_22_02.png,other
KADID-10k,I65_22_03,I65,Quantization,3,/data/projectwork/swati_mam/new model data/kadid10k/images/I65_22_03.png,other
KADID-10k,I65_22_04,I65,Quantization,4,/data/projectwork/swati_mam/new model data/kadid10k/images/I65_22_04.png,other
KADID-10k,I65_22_05,I65,Quantization,5,/data/projectwork/swati_mam/new model data/kadid10k/images/I65_22_05.png,other
KADID-10k,I65_11_02,I65,White noise,2,/data/projectwork/swati_mam/new model data/kadid10k/images/I65_11_02.png,noise
KADID-10k,I65_11_03,I65,White noise,3,/data/projectwork/swati_mam/new model data/kadid10k/images/I65_11_03.png,noise
KADID-10k,I65_11_04,I65,White noise,4,/data/projectwork/swati_mam/new model data/kadid10k/images/I65_11_04.png,noise
KADID-10k,I65_12_02,I65,White noise in color component,2,/data/projectwork/swati_mam/new model data/kadid10k/images/I65_12_02.png,noise
KADID-10k,I65_12_05,I65,White noise in color component,5,/data/projectwork/swati_mam/new model data/kadid10k/images/I65_12_05.png,noise
KADID-10k,I74_16_01,I74,Brighten,1,/data/projectwork/swati_mam/new model data/kadid10k/images/I74_16_01.png,other
KADID-10k,I74_16_04,I74,Brighten,4,/data/projectwork/swati_mam/new model data/kadid10k/images/I74_16_04.png,other
KADID-10k,I74_23_02,I74,Color block,2,/data/projectwork/swati_mam/new model data/kadid10k/images/I74_23_02.png,other
KADID-10k,I74_23_03,I74,Color block,3,/data/projectwork/swati_mam/new model data/kadid10k/images/I74_23_03.png,other
KADID-10k,I74_23_05,I74,Color block,5,/data/projectwork/swati_mam/new model data/kadid10k/images/I74_23_05.png,other
KADID-10k,I74_04_03,I74,Color diffusion,3,/data/projectwork/swati_mam/new model data/kadid10k/images/I74_04_03.png,other
KADID-10k,I74_04_04,I74,Color diffusion,4,/data/projectwork/swati_mam/new model data/kadid10k/images/I74_04_04.png,other
KADID-10k,I74_06_03,I74,Color quantization,3,/data/projectwork/swati_mam/new model data/kadid10k/images/I74_06_03.png,other
KADID-10k,I74_06_05,I74,Color quantization,5,/data/projectwork/swati_mam/new model data/kadid10k/images/I74_06_05.png,other
KADID-10k,I74_07_02,I74,Color saturation 1,2,/data/projectwork/swati_mam/new model data/kadid10k/images/I74_07_02.png,other
KADID-10k,I74_08_02,I74,Color saturation 2,2,/data/projectwork/swati_mam/new model data/kadid10k/images/I74_08_02.png,other
KADID-10k,I74_05_03,I74,Color shift,3,/data/projectwork/swati_mam/new model data/kadid10k/images/I74_05_03.png,other
KADID-10k,I74_05_05,I74,Color shift,5,/data/projectwork/swati_mam/new model data/kadid10k/images/I74_05_05.png,other
KADID-10k,I74_25_01,I74,Contrast change,1,/data/projectwork/swati_mam/new model data/kadid10k/images/I74_25_01.png,other
KADID-10k,I74_25_02,I74,Contrast change,2,/data/projectwork/swati_mam/new model data/kadid10k/images/I74_25_02.png,other
KADID-10k,I74_25_04,I74,Contrast change,4,/data/projectwork/swati_mam/new model data/kadid10k/images/I74_25_04.png,other
KADID-10k,I74_25_05,I74,Contrast change,5,/data/projectwork/swati_mam/new model data/kadid10k/images/I74_25_05.png,other
KADID-10k,I74_17_01,I74,Darken,1,/data/projectwork/swati_mam/new model data/kadid10k/images/I74_17_01.png,other
KADID-10k,I74_17_05,I74,Darken,5,/data/projectwork/swati_mam/new model data/kadid10k/images/I74_17_05.png,other
KADID-10k,I74_15_01,I74,Denoise,1,/data/projectwork/swati_mam/new model data/kadid10k/images/I74_15_01.png,noise
KADID-10k,I74_15_04,I74,Denoise,4,/data/projectwork/swati_mam/new model data/kadid10k/images/I74_15_04.png,noise
KADID-10k,I74_01_03,I74,Gaussian blur,3,/data/projectwork/swati_mam/new model data/kadid10k/images/I74_01_03.png,blur
KADID-10k,I74_01_04,I74,Gaussian blur,4,/data/projectwork/swati_mam/new model data/kadid10k/images/I74_01_04.png,blur
KADID-10k,I74_01_05,I74,Gaussian blur,5,/data/projectwork/swati_mam/new model data/kadid10k/images/I74_01_05.png,blur
KADID-10k,I74_13_01,I74,Impulse noise,1,/data/projectwork/swati_mam/new model data/kadid10k/images/I74_13_01.png,noise
KADID-10k,I74_13_03,I74,Impulse noise,3,/data/projectwork/swati_mam/new model data/kadid10k/images/I74_13_03.png,noise
KADID-10k,I74_13_05,I74,Impulse noise,5,/data/projectwork/swati_mam/new model data/kadid10k/images/I74_13_05.png,noise
KADID-10k,I74_10_01,I74,JPEG,1,/data/projectwork/swati_mam/new model data/kadid10k/images/I74_10_01.png,other
KADID-10k,I74_10_03,I74,JPEG,3,/data/projectwork/swati_mam/new model data/kadid10k/images/I74_10_03.png,other
KADID-10k,I74_10_04,I74,JPEG,4,/data/projectwork/swati_mam/new model data/kadid10k/images/I74_10_04.png,other
KADID-10k,I74_09_02,I74,JPEG2000,2,/data/projectwork/swati_mam/new model data/kadid10k/images/I74_09_02.png,other
KADID-10k,I74_19_01,I74,Jitter,1,/data/projectwork/swati_mam/new model data/kadid10k/images/I74_19_01.png,other
KADID-10k,I74_19_02,I74,Jitter,2,/data/projectwork/swati_mam/new model data/kadid10k/images/I74_19_02.png,other
KADID-10k,I74_19_03,I74,Jitter,3,/data/projectwork/swati_mam/new model data/kadid10k/images/I74_19_03.png,other
KADID-10k,I74_19_05,I74,Jitter,5,/data/projectwork/swati_mam/new model data/kadid10k/images/I74_19_05.png,other
KADID-10k,I74_02_01,I74,Lens blur,1,/data/projectwork/swati_mam/new model data/kadid10k/images/I74_02_01.png,blur
KADID-10k,I74_02_04,I74,Lens blur,4,/data/projectwork/swati_mam/new model data/kadid10k/images/I74_02_04.png,blur
KADID-10k,I74_18_01,I74,Mean shift,1,/data/projectwork/swati_mam/new model data/kadid10k/images/I74_18_01.png,other
KADID-10k,I74_18_05,I74,Mean shift,5,/data/projectwork/swati_mam/new model data/kadid10k/images/I74_18_05.png,other
KADID-10k,I74_03_02,I74,Motion blur,2,/data/projectwork/swati_mam/new model data/kadid10k/images/I74_03_02.png,blur
KADID-10k,I74_03_03,I74,Motion blur,3,/data/projectwork/swati_mam/new model data/kadid10k/images/I74_03_03.png,blur
KADID-10k,I74_14_01,I74,Multiplicative noise,1,/data/projectwork/swati_mam/new model data/kadid10k/images/I74_14_01.png,noise
KADID-10k,I74_14_02,I74,Multiplicative noise,2,/data/projectwork/swati_mam/new model data/kadid10k/images/I74_14_02.png,noise
KADID-10k,I74_14_03,I74,Multiplicative noise,3,/data/projectwork/swati_mam/new model data/kadid10k/images/I74_14_03.png,noise
KADID-10k,I74_14_04,I74,Multiplicative noise,4,/data/projectwork/swati_mam/new model data/kadid10k/images/I74_14_04.png,noise
KADID-10k,I74_20_01,I74,Non-eccentricity patch,1,/data/projectwork/swati_mam/new model data/kadid10k/images/I74_20_01.png,other
KADID-10k,I74_20_02,I74,Non-eccentricity patch,2,/data/projectwork/swati_mam/new model data/kadid10k/images/I74_20_02.png,other
KADID-10k,I74_20_04,I74,Non-eccentricity patch,4,/data/projectwork/swati_mam/new model data/kadid10k/images/I74_20_04.png,other
KADID-10k,I74_21_01,I74,Pixelate,1,/data/projectwork/swati_mam/new model data/kadid10k/images/I74_21_01.png,other
KADID-10k,I74_21_02,I74,Pixelate,2,/data/projectwork/swati_mam/new model data/kadid10k/images/I74_21_02.png,other
KADID-10k,I74_21_03,I74,Pixelate,3,/data/projectwork/swati_mam/new model data/kadid10k/images/I74_21_03.png,other
KADID-10k,I74_21_04,I74,Pixelate,4,/data/projectwork/swati_mam/new model data/kadid10k/images/I74_21_04.png,other
KADID-10k,I74_21_05,I74,Pixelate,5,/data/projectwork/swati_mam/new model data/kadid10k/images/I74_21_05.png,other
KADID-10k,I74_22_01,I74,Quantization,1,/data/projectwork/swati_mam/new model data/kadid10k/images/I74_22_01.png,other
KADID-10k,I74_22_02,I74,Quantization,2,/data/projectwork/swati_mam/new model data/kadid10k/images/I74_22_02.png,other
KADID-10k,I74_22_05,I74,Quantization,5,/data/projectwork/swati_mam/new model data/kadid10k/images/I74_22_05.png,other
KADID-10k,I74_11_01,I74,White noise,1,/data/projectwork/swati_mam/new model data/kadid10k/images/I74_11_01.png,noise
KADID-10k,I74_11_03,I74,White noise,3,/data/projectwork/swati_mam/new model data/kadid10k/images/I74_11_03.png,noise
KADID-10k,I74_11_05,I74,White noise,5,/data/projectwork/swati_mam/new model data/kadid10k/images/I74_11_05.png,noise
KADID-10k,I74_12_01,I74,White noise in color component,1,/data/projectwork/swati_mam/new model data/kadid10k/images/I74_12_01.png,noise
KADID-10k,I74_12_03,I74,White noise in color component,3,/data/projectwork/swati_mam/new model data/kadid10k/images/I74_12_03.png,noise
KADID-10k,I74_12_05,I74,White noise in color component,5,/data/projectwork/swati_mam/new model data/kadid10k/images/I74_12_05.png,noise
KADID-10k,I77_16_02,I77,Brighten,2,/data/projectwork/swati_mam/new model data/kadid10k/images/I77_16_02.png,other
KADID-10k,I77_16_03,I77,Brighten,3,/data/projectwork/swati_mam/new model data/kadid10k/images/I77_16_03.png,other
KADID-10k,I77_23_04,I77,Color block,4,/data/projectwork/swati_mam/new model data/kadid10k/images/I77_23_04.png,other
KADID-10k,I77_23_05,I77,Color block,5,/data/projectwork/swati_mam/new model data/kadid10k/images/I77_23_05.png,other
KADID-10k,I77_04_02,I77,Color diffusion,2,/data/projectwork/swati_mam/new model data/kadid10k/images/I77_04_02.png,other
KADID-10k,I77_04_03,I77,Color diffusion,3,/data/projectwork/swati_mam/new model data/kadid10k/images/I77_04_03.png,other
KADID-10k,I77_04_04,I77,Color diffusion,4,/data/projectwork/swati_mam/new model data/kadid10k/images/I77_04_04.png,other
KADID-10k,I77_06_01,I77,Color quantization,1,/data/projectwork/swati_mam/new model data/kadid10k/images/I77_06_01.png,other
KADID-10k,I77_06_04,I77,Color quantization,4,/data/projectwork/swati_mam/new model data/kadid10k/images/I77_06_04.png,other
KADID-10k,I77_06_05,I77,Color quantization,5,/data/projectwork/swati_mam/new model data/kadid10k/images/I77_06_05.png,other
KADID-10k,I77_07_01,I77,Color saturation 1,1,/data/projectwork/swati_mam/new model data/kadid10k/images/I77_07_01.png,other
KADID-10k,I77_07_02,I77,Color saturation 1,2,/data/projectwork/swati_mam/new model data/kadid10k/images/I77_07_02.png,other
KADID-10k,I77_07_04,I77,Color saturation 1,4,/data/projectwork/swati_mam/new model data/kadid10k/images/I77_07_04.png,other
KADID-10k,I77_07_05,I77,Color saturation 1,5,/data/projectwork/swati_mam/new model data/kadid10k/images/I77_07_05.png,other
KADID-10k,I77_05_02,I77,Color shift,2,/data/projectwork/swati_mam/new model data/kadid10k/images/I77_05_02.png,other
KADID-10k,I77_05_04,I77,Color shift,4,/data/projectwork/swati_mam/new model data/kadid10k/images/I77_05_04.png,other
KADID-10k,I77_05_05,I77,Color shift,5,/data/projectwork/swati_mam/new model data/kadid10k/images/I77_05_05.png,other
KADID-10k,I77_25_01,I77,Contrast change,1,/data/projectwork/swati_mam/new model data/kadid10k/images/I77_25_01.png,other
KADID-10k,I77_25_02,I77,Contrast change,2,/data/projectwork/swati_mam/new model data/kadid10k/images/I77_25_02.png,other
KADID-10k,I77_25_03,I77,Contrast change,3,/data/projectwork/swati_mam/new model data/kadid10k/images/I77_25_03.png,other
KADID-10k,I77_25_04,I77,Contrast change,4,/data/projectwork/swati_mam/new model data/kadid10k/images/I77_25_04.png,other
KADID-10k,I77_25_05,I77,Contrast change,5,/data/projectwork/swati_mam/new model data/kadid10k/images/I77_25_05.png,other
KADID-10k,I77_17_01,I77,Darken,1,/data/projectwork/swati_mam/new model data/kadid10k/images/I77_17_01.png,other
KADID-10k,I77_17_04,I77,Darken,4,/data/projectwork/swati_mam/new model data/kadid10k/images/I77_17_04.png,other
KADID-10k,I77_15_05,I77,Denoise,5,/data/projectwork/swati_mam/new model data/kadid10k/images/I77_15_05.png,noise
KADID-10k,I77_01_02,I77,Gaussian blur,2,/data/projectwork/swati_mam/new model data/kadid10k/images/I77_01_02.png,blur
KADID-10k,I77_01_03,I77,Gaussian blur,3,/data/projectwork/swati_mam/new model data/kadid10k/images/I77_01_03.png,blur
KADID-10k,I77_01_05,I77,Gaussian blur,5,/data/projectwork/swati_mam/new model data/kadid10k/images/I77_01_05.png,blur
KADID-10k,I77_24_01,I77,High sharpen,1,/data/projectwork/swati_mam/new model data/kadid10k/images/I77_24_01.png,HF/sharpen
KADID-10k,I77_24_03,I77,High sharpen,3,/data/projectwork/swati_mam/new model data/kadid10k/images/I77_24_03.png,HF/sharpen
KADID-10k,I77_24_05,I77,High sharpen,5,/data/projectwork/swati_mam/new model data/kadid10k/images/I77_24_05.png,HF/sharpen
KADID-10k,I77_13_01,I77,Impulse noise,1,/data/projectwork/swati_mam/new model data/kadid10k/images/I77_13_01.png,noise
KADID-10k,I77_13_04,I77,Impulse noise,4,/data/projectwork/swati_mam/new model data/kadid10k/images/I77_13_04.png,noise
KADID-10k,I77_13_05,I77,Impulse noise,5,/data/projectwork/swati_mam/new model data/kadid10k/images/I77_13_05.png,noise
KADID-10k,I77_10_01,I77,JPEG,1,/data/projectwork/swati_mam/new model data/kadid10k/images/I77_10_01.png,other
KADID-10k,I77_10_02,I77,JPEG,2,/data/projectwork/swati_mam/new model data/kadid10k/images/I77_10_02.png,other
KADID-10k,I77_10_03,I77,JPEG,3,/data/projectwork/swati_mam/new model data/kadid10k/images/I77_10_03.png,other
KADID-10k,I77_10_05,I77,JPEG,5,/data/projectwork/swati_mam/new model data/kadid10k/images/I77_10_05.png,other
KADID-10k,I77_09_01,I77,JPEG2000,1,/data/projectwork/swati_mam/new model data/kadid10k/images/I77_09_01.png,other
KADID-10k,I77_09_03,I77,JPEG2000,3,/data/projectwork/swati_mam/new model data/kadid10k/images/I77_09_03.png,other
KADID-10k,I77_09_04,I77,JPEG2000,4,/data/projectwork/swati_mam/new model data/kadid10k/images/I77_09_04.png,other
KADID-10k,I77_09_05,I77,JPEG2000,5,/data/projectwork/swati_mam/new model data/kadid10k/images/I77_09_05.png,other
KADID-10k,I77_19_01,I77,Jitter,1,/data/projectwork/swati_mam/new model data/kadid10k/images/I77_19_01.png,other
KADID-10k,I77_19_02,I77,Jitter,2,/data/projectwork/swati_mam/new model data/kadid10k/images/I77_19_02.png,other
KADID-10k,I77_19_04,I77,Jitter,4,/data/projectwork/swati_mam/new model data/kadid10k/images/I77_19_04.png,other
KADID-10k,I77_02_01,I77,Lens blur,1,/data/projectwork/swati_mam/new model data/kadid10k/images/I77_02_01.png,blur
KADID-10k,I77_02_02,I77,Lens blur,2,/data/projectwork/swati_mam/new model data/kadid10k/images/I77_02_02.png,blur
KADID-10k,I77_02_04,I77,Lens blur,4,/data/projectwork/swati_mam/new model data/kadid10k/images/I77_02_04.png,blur
KADID-10k,I77_02_05,I77,Lens blur,5,/data/projectwork/swati_mam/new model data/kadid10k/images/I77_02_05.png,blur
KADID-10k,I77_18_01,I77,Mean shift,1,/data/projectwork/swati_mam/new model data/kadid10k/images/I77_18_01.png,other
KADID-10k,I77_18_02,I77,Mean shift,2,/data/projectwork/swati_mam/new model data/kadid10k/images/I77_18_02.png,other
KADID-10k,I77_18_04,I77,Mean shift,4,/data/projectwork/swati_mam/new model data/kadid10k/images/I77_18_04.png,other
KADID-10k,I77_18_05,I77,Mean shift,5,/data/projectwork/swati_mam/new model data/kadid10k/images/I77_18_05.png,other
KADID-10k,I77_03_01,I77,Motion blur,1,/data/projectwork/swati_mam/new model data/kadid10k/images/I77_03_01.png,blur
KADID-10k,I77_03_02,I77,Motion blur,2,/data/projectwork/swati_mam/new model data/kadid10k/images/I77_03_02.png,blur
KADID-10k,I77_03_04,I77,Motion blur,4,/data/projectwork/swati_mam/new model data/kadid10k/images/I77_03_04.png,blur
KADID-10k,I77_14_01,I77,Multiplicative noise,1,/data/projectwork/swati_mam/new model data/kadid10k/images/I77_14_01.png,noise
KADID-10k,I77_14_03,I77,Multiplicative noise,3,/data/projectwork/swati_mam/new model data/kadid10k/images/I77_14_03.png,noise
KADID-10k,I77_14_04,I77,Multiplicative noise,4,/data/projectwork/swati_mam/new model data/kadid10k/images/I77_14_04.png,noise
KADID-10k,I77_20_02,I77,Non-eccentricity patch,2,/data/projectwork/swati_mam/new model data/kadid10k/images/I77_20_02.png,other
KADID-10k,I77_20_03,I77,Non-eccentricity patch,3,/data/projectwork/swati_mam/new model data/kadid10k/images/I77_20_03.png,other
KADID-10k,I77_20_04,I77,Non-eccentricity patch,4,/data/projectwork/swati_mam/new model data/kadid10k/images/I77_20_04.png,other
KADID-10k,I77_21_01,I77,Pixelate,1,/data/projectwork/swati_mam/new model data/kadid10k/images/I77_21_01.png,other
KADID-10k,I77_21_02,I77,Pixelate,2,/data/projectwork/swati_mam/new model data/kadid10k/images/I77_21_02.png,other
KADID-10k,I77_21_04,I77,Pixelate,4,/data/projectwork/swati_mam/new model data/kadid10k/images/I77_21_04.png,other
KADID-10k,I77_21_05,I77,Pixelate,5,/data/projectwork/swati_mam/new model data/kadid10k/images/I77_21_05.png,other
KADID-10k,I77_22_01,I77,Quantization,1,/data/projectwork/swati_mam/new model data/kadid10k/images/I77_22_01.png,other
KADID-10k,I77_22_03,I77,Quantization,3,/data/projectwork/swati_mam/new model data/kadid10k/images/I77_22_03.png,other
KADID-10k,I77_22_05,I77,Quantization,5,/data/projectwork/swati_mam/new model data/kadid10k/images/I77_22_05.png,other
KADID-10k,I77_12_01,I77,White noise in color component,1,/data/projectwork/swati_mam/new model data/kadid10k/images/I77_12_01.png,noise
KADID-10k,I77_12_05,I77,White noise in color component,5,/data/projectwork/swati_mam/new model data/kadid10k/images/I77_12_05.png,noise
KADID-10k,I81_16_04,I81,Brighten,4,/data/projectwork/swati_mam/new model data/kadid10k/images/I81_16_04.png,other
KADID-10k,I81_23_01,I81,Color block,1,/data/projectwork/swati_mam/new model data/kadid10k/images/I81_23_01.png,other
KADID-10k,I81_23_02,I81,Color block,2,/data/projectwork/swati_mam/new model data/kadid10k/images/I81_23_02.png,other
KADID-10k,I81_23_05,I81,Color block,5,/data/projectwork/swati_mam/new model data/kadid10k/images/I81_23_05.png,other
KADID-10k,I81_04_05,I81,Color diffusion,5,/data/projectwork/swati_mam/new model data/kadid10k/images/I81_04_05.png,other
KADID-10k,I81_06_03,I81,Color quantization,3,/data/projectwork/swati_mam/new model data/kadid10k/images/I81_06_03.png,other
KADID-10k,I81_06_05,I81,Color quantization,5,/data/projectwork/swati_mam/new model data/kadid10k/images/I81_06_05.png,other
KADID-10k,I81_07_01,I81,Color saturation 1,1,/data/projectwork/swati_mam/new model data/kadid10k/images/I81_07_01.png,other
KADID-10k,I81_07_05,I81,Color saturation 1,5,/data/projectwork/swati_mam/new model data/kadid10k/images/I81_07_05.png,other
KADID-10k,I81_08_02,I81,Color saturation 2,2,/data/projectwork/swati_mam/new model data/kadid10k/images/I81_08_02.png,other
KADID-10k,I81_08_03,I81,Color saturation 2,3,/data/projectwork/swati_mam/new model data/kadid10k/images/I81_08_03.png,other
KADID-10k,I81_05_02,I81,Color shift,2,/data/projectwork/swati_mam/new model data/kadid10k/images/I81_05_02.png,other
KADID-10k,I81_17_03,I81,Darken,3,/data/projectwork/swati_mam/new model data/kadid10k/images/I81_17_03.png,other
KADID-10k,I81_17_04,I81,Darken,4,/data/projectwork/swati_mam/new model data/kadid10k/images/I81_17_04.png,other
KADID-10k,I81_17_05,I81,Darken,5,/data/projectwork/swati_mam/new model data/kadid10k/images/I81_17_05.png,other
KADID-10k,I81_15_04,I81,Denoise,4,/data/projectwork/swati_mam/new model data/kadid10k/images/I81_15_04.png,noise
KADID-10k,I81_15_05,I81,Denoise,5,/data/projectwork/swati_mam/new model data/kadid10k/images/I81_15_05.png,noise
KADID-10k,I81_01_01,I81,Gaussian blur,1,/data/projectwork/swati_mam/new model data/kadid10k/images/I81_01_01.png,blur
KADID-10k,I81_01_03,I81,Gaussian blur,3,/data/projectwork/swati_mam/new model data/kadid10k/images/I81_01_03.png,blur
KADID-10k,I81_01_05,I81,Gaussian blur,5,/data/projectwork/swati_mam/new model data/kadid10k/images/I81_01_05.png,blur
KADID-10k,I81_24_02,I81,High sharpen,2,/data/projectwork/swati_mam/new model data/kadid10k/images/I81_24_02.png,HF/sharpen
KADID-10k,I81_24_03,I81,High sharpen,3,/data/projectwork/swati_mam/new model data/kadid10k/images/I81_24_03.png,HF/sharpen
KADID-10k,I81_24_04,I81,High sharpen,4,/data/projectwork/swati_mam/new model data/kadid10k/images/I81_24_04.png,HF/sharpen
KADID-10k,I81_13_01,I81,Impulse noise,1,/data/projectwork/swati_mam/new model data/kadid10k/images/I81_13_01.png,noise
KADID-10k,I81_10_05,I81,JPEG,5,/data/projectwork/swati_mam/new model data/kadid10k/images/I81_10_05.png,other
KADID-10k,I81_09_02,I81,JPEG2000,2,/data/projectwork/swati_mam/new model data/kadid10k/images/I81_09_02.png,other
KADID-10k,I81_09_04,I81,JPEG2000,4,/data/projectwork/swati_mam/new model data/kadid10k/images/I81_09_04.png,other
KADID-10k,I81_09_05,I81,JPEG2000,5,/data/projectwork/swati_mam/new model data/kadid10k/images/I81_09_05.png,other
KADID-10k,I81_19_01,I81,Jitter,1,/data/projectwork/swati_mam/new model data/kadid10k/images/I81_19_01.png,other
KADID-10k,I81_19_04,I81,Jitter,4,/data/projectwork/swati_mam/new model data/kadid10k/images/I81_19_04.png,other
KADID-10k,I81_19_05,I81,Jitter,5,/data/projectwork/swati_mam/new model data/kadid10k/images/I81_19_05.png,other
KADID-10k,I81_02_01,I81,Lens blur,1,/data/projectwork/swati_mam/new model data/kadid10k/images/I81_02_01.png,blur
KADID-10k,I81_02_03,I81,Lens blur,3,/data/projectwork/swati_mam/new model data/kadid10k/images/I81_02_03.png,blur
KADID-10k,I81_02_04,I81,Lens blur,4,/data/projectwork/swati_mam/new model data/kadid10k/images/I81_02_04.png,blur
KADID-10k,I81_18_01,I81,Mean shift,1,/data/projectwork/swati_mam/new model data/kadid10k/images/I81_18_01.png,other
KADID-10k,I81_18_02,I81,Mean shift,2,/data/projectwork/swati_mam/new model data/kadid10k/images/I81_18_02.png,other
KADID-10k,I81_18_04,I81,Mean shift,4,/data/projectwork/swati_mam/new model data/kadid10k/images/I81_18_04.png,other
KADID-10k,I81_03_01,I81,Motion blur,1,/data/projectwork/swati_mam/new model data/kadid10k/images/I81_03_01.png,blur
KADID-10k,I81_03_03,I81,Motion blur,3,/data/projectwork/swati_mam/new model data/kadid10k/images/I81_03_03.png,blur
KADID-10k,I81_03_04,I81,Motion blur,4,/data/projectwork/swati_mam/new model data/kadid10k/images/I81_03_04.png,blur
KADID-10k,I81_03_05,I81,Motion blur,5,/data/projectwork/swati_mam/new model data/kadid10k/images/I81_03_05.png,blur
KADID-10k,I81_14_02,I81,Multiplicative noise,2,/data/projectwork/swati_mam/new model data/kadid10k/images/I81_14_02.png,noise
KADID-10k,I81_14_03,I81,Multiplicative noise,3,/data/projectwork/swati_mam/new model data/kadid10k/images/I81_14_03.png,noise
KADID-10k,I81_14_04,I81,Multiplicative noise,4,/data/projectwork/swati_mam/new model data/kadid10k/images/I81_14_04.png,noise
KADID-10k,I81_14_05,I81,Multiplicative noise,5,/data/projectwork/swati_mam/new model data/kadid10k/images/I81_14_05.png,noise
KADID-10k,I81_20_02,I81,Non-eccentricity patch,2,/data/projectwork/swati_mam/new model data/kadid10k/images/I81_20_02.png,other
KADID-10k,I81_20_03,I81,Non-eccentricity patch,3,/data/projectwork/swati_mam/new model data/kadid10k/images/I81_20_03.png,other
KADID-10k,I81_21_04,I81,Pixelate,4,/data/projectwork/swati_mam/new model data/kadid10k/images/I81_21_04.png,other
KADID-10k,I81_22_02,I81,Quantization,2,/data/projectwork/swati_mam/new model data/kadid10k/images/I81_22_02.png,other
KADID-10k,I81_22_03,I81,Quantization,3,/data/projectwork/swati_mam/new model data/kadid10k/images/I81_22_03.png,other
KADID-10k,I81_11_01,I81,White noise,1,/data/projectwork/swati_mam/new model data/kadid10k/images/I81_11_01.png,noise
KADID-10k,I81_11_02,I81,White noise,2,/data/projectwork/swati_mam/new model data/kadid10k/images/I81_11_02.png,noise
KADID-10k,I81_11_03,I81,White noise,3,/data/projectwork/swati_mam/new model data/kadid10k/images/I81_11_03.png,noise
KADID-10k,I81_12_03,I81,White noise in color component,3,/data/projectwork/swati_mam/new model data/kadid10k/images/I81_12_03.png,noise
TID2013,i05_01_2,I05,type_01,2,/data/projectwork/swati_mam/new model data/tid2013/tid2013/distorted_images/i05_01_2.bmp,noise
TID2013,i05_01_3,I05,type_01,3,/data/projectwork/swati_mam/new model data/tid2013/tid2013/distorted_images/i05_01_3.bmp,noise
TID2013,i05_01_4,I05,type_01,4,/data/projectwork/swati_mam/new model data/tid2013/tid2013/distorted_images/i05_01_4.bmp,noise
TID2013,i05_01_5,I05,type_01,5,/data/projectwork/swati_mam/new model data/tid2013/tid2013/distorted_images/i05_01_5.bmp,noise
TID2013,i05_02_1,I05,type_02,1,/data/projectwork/swati_mam/new model data/tid2013/tid2013/distorted_images/i05_02_1.bmp,noise
TID2013,i05_02_2,I05,type_02,2,/data/projectwork/swati_mam/new model data/tid2013/tid2013/distorted_images/i05_02_2.bmp,noise
TID2013,i05_02_3,I05,type_02,3,/data/projectwork/swati_mam/new model data/tid2013/tid2013/distorted_images/i05_02_3.bmp,noise
TID2013,i05_02_5,I05,type_02,5,/data/projectwork/swati_mam/new model data/tid2013/tid2013/distorted_images/i05_02_5.bmp,noise
TID2013,i05_03_1,I05,type_03,1,/data/projectwork/swati_mam/new model data/tid2013/tid2013/distorted_images/i05_03_1.bmp,noise
TID2013,i05_03_2,I05,type_03,2,/data/projectwork/swati_mam/new model data/tid2013/tid2013/distorted_images/i05_03_2.bmp,noise
TID2013,i05_03_5,I05,type_03,5,/data/projectwork/swati_mam/new model data/tid2013/tid2013/distorted_images/i05_03_5.bmp,noise
TID2013,i05_04_5,I05,type_04,5,/data/projectwork/swati_mam/new model data/tid2013/tid2013/distorted_images/i05_04_5.bmp,noise
TID2013,i05_05_4,I05,type_05,4,/data/projectwork/swati_mam/new model data/tid2013/tid2013/distorted_images/i05_05_4.bmp,HF/sharpen
TID2013,i05_05_5,I05,type_05,5,/data/projectwork/swati_mam/new model data/tid2013/tid2013/distorted_images/i05_05_5.bmp,HF/sharpen
TID2013,i05_06_1,I05,type_06,1,/data/projectwork/swati_mam/new model data/tid2013/tid2013/distorted_images/i05_06_1.bmp,noise
TID2013,i05_06_2,I05,type_06,2,/data/projectwork/swati_mam/new model data/tid2013/tid2013/distorted_images/i05_06_2.bmp,noise
TID2013,i05_06_3,I05,type_06,3,/data/projectwork/swati_mam/new model data/tid2013/tid2013/distorted_images/i05_06_3.bmp,noise
TID2013,i05_07_1,I05,type_07,1,/data/projectwork/swati_mam/new model data/tid2013/tid2013/distorted_images/i05_07_1.bmp,noise
TID2013,i05_07_2,I05,type_07,2,/data/projectwork/swati_mam/new model data/tid2013/tid2013/distorted_images/i05_07_2.bmp,noise
TID2013,i05_07_3,I05,type_07,3,/data/projectwork/swati_mam/new model data/tid2013/tid2013/distorted_images/i05_07_3.bmp,noise
TID2013,i05_08_1,I05,type_08,1,/data/projectwork/swati_mam/new model data/tid2013/tid2013/distorted_images/i05_08_1.bmp,blur
TID2013,i05_08_2,I05,type_08,2,/data/projectwork/swati_mam/new model data/tid2013/tid2013/distorted_images/i05_08_2.bmp,blur
TID2013,i05_08_3,I05,type_08,3,/data/projectwork/swati_mam/new model data/tid2013/tid2013/distorted_images/i05_08_3.bmp,blur
TID2013,i05_08_4,I05,type_08,4,/data/projectwork/swati_mam/new model data/tid2013/tid2013/distorted_images/i05_08_4.bmp,blur
TID2013,i05_08_5,I05,type_08,5,/data/projectwork/swati_mam/new model data/tid2013/tid2013/distorted_images/i05_08_5.bmp,blur
TID2013,i05_09_1,I05,type_09,1,/data/projectwork/swati_mam/new model data/tid2013/tid2013/distorted_images/i05_09_1.bmp,other
TID2013,i05_09_2,I05,type_09,2,/data/projectwork/swati_mam/new model data/tid2013/tid2013/distorted_images/i05_09_2.bmp,other
TID2013,i05_09_3,I05,type_09,3,/data/projectwork/swati_mam/new model data/tid2013/tid2013/distorted_images/i05_09_3.bmp,other
TID2013,i05_09_4,I05,type_09,4,/data/projectwork/swati_mam/new model data/tid2013/tid2013/distorted_images/i05_09_4.bmp,other
TID2013,i05_09_5,I05,type_09,5,/data/projectwork/swati_mam/new model data/tid2013/tid2013/distorted_images/i05_09_5.bmp,other
TID2013,i05_10_3,I05,type_10,3,/data/projectwork/swati_mam/new model data/tid2013/tid2013/distorted_images/i05_10_3.bmp,other
TID2013,i05_10_4,I05,type_10,4,/data/projectwork/swati_mam/new model data/tid2013/tid2013/distorted_images/i05_10_4.bmp,other
TID2013,i05_10_5,I05,type_10,5,/data/projectwork/swati_mam/new model data/tid2013/tid2013/distorted_images/i05_10_5.bmp,other
TID2013,I05_11_1,I05,type_11,1,/data/projectwork/swati_mam/new model data/tid2013/tid2013/distorted_images/I05_11_1.bmp,other
TID2013,i05_11_5,I05,type_11,5,/data/projectwork/swati_mam/new model data/tid2013/tid2013/distorted_images/i05_11_5.bmp,other
TID2013,i05_12_2,I05,type_12,2,/data/projectwork/swati_mam/new model data/tid2013/tid2013/distorted_images/i05_12_2.bmp,other
TID2013,i05_12_4,I05,type_12,4,/data/projectwork/swati_mam/new model data/tid2013/tid2013/distorted_images/i05_12_4.bmp,other
TID2013,i05_13_3,I05,type_13,3,/data/projectwork/swati_mam/new model data/tid2013/tid2013/distorted_images/i05_13_3.bmp,other
TID2013,i05_13_4,I05,type_13,4,/data/projectwork/swati_mam/new model data/tid2013/tid2013/distorted_images/i05_13_4.bmp,other
TID2013,i05_13_5,I05,type_13,5,/data/projectwork/swati_mam/new model data/tid2013/tid2013/distorted_images/i05_13_5.bmp,other
TID2013,i05_14_1,I05,type_14,1,/data/projectwork/swati_mam/new model data/tid2013/tid2013/distorted_images/i05_14_1.bmp,other
TID2013,i05_14_2,I05,type_14,2,/data/projectwork/swati_mam/new model data/tid2013/tid2013/distorted_images/i05_14_2.bmp,other
TID2013,i05_14_3,I05,type_14,3,/data/projectwork/swati_mam/new model data/tid2013/tid2013/distorted_images/i05_14_3.bmp,other
TID2013,i05_14_4,I05,type_14,4,/data/projectwork/swati_mam/new model data/tid2013/tid2013/distorted_images/i05_14_4.bmp,other
TID2013,i05_15_3,I05,type_15,3,/data/projectwork/swati_mam/new model data/tid2013/tid2013/distorted_images/i05_15_3.bmp,other
TID2013,i05_15_4,I05,type_15,4,/data/projectwork/swati_mam/new model data/tid2013/tid2013/distorted_images/i05_15_4.bmp,other
TID2013,i05_15_5,I05,type_15,5,/data/projectwork/swati_mam/new model data/tid2013/tid2013/distorted_images/i05_15_5.bmp,other
TID2013,i05_16_1,I05,type_16,1,/data/projectwork/swati_mam/new model data/tid2013/tid2013/distorted_images/i05_16_1.bmp,other
TID2013,i05_16_2,I05,type_16,2,/data/projectwork/swati_mam/new model data/tid2013/tid2013/distorted_images/i05_16_2.bmp,other
TID2013,i05_16_4,I05,type_16,4,/data/projectwork/swati_mam/new model data/tid2013/tid2013/distorted_images/i05_16_4.bmp,other
TID2013,i05_17_2,I05,type_17,2,/data/projectwork/swati_mam/new model data/tid2013/tid2013/distorted_images/i05_17_2.bmp,other
TID2013,i05_17_4,I05,type_17,4,/data/projectwork/swati_mam/new model data/tid2013/tid2013/distorted_images/i05_17_4.bmp,other
TID2013,i05_18_2,I05,type_18,2,/data/projectwork/swati_mam/new model data/tid2013/tid2013/distorted_images/i05_18_2.bmp,other
TID2013,i05_18_3,I05,type_18,3,/data/projectwork/swati_mam/new model data/tid2013/tid2013/distorted_images/i05_18_3.bmp,other
TID2013,i05_18_4,I05,type_18,4,/data/projectwork/swati_mam/new model data/tid2013/tid2013/distorted_images/i05_18_4.bmp,other
TID2013,i05_19_3,I05,type_19,3,/data/projectwork/swati_mam/new model data/tid2013/tid2013/distorted_images/i05_19_3.bmp,noise
TID2013,i05_19_4,I05,type_19,4,/data/projectwork/swati_mam/new model data/tid2013/tid2013/distorted_images/i05_19_4.bmp,noise
TID2013,i05_20_2,I05,type_20,2,/data/projectwork/swati_mam/new model data/tid2013/tid2013/distorted_images/i05_20_2.bmp,noise
TID2013,i05_20_5,I05,type_20,5,/data/projectwork/swati_mam/new model data/tid2013/tid2013/distorted_images/i05_20_5.bmp,noise
TID2013,i05_21_1,I05,type_21,1,/data/projectwork/swati_mam/new model data/tid2013/tid2013/distorted_images/i05_21_1.bmp,other
TID2013,i05_21_3,I05,type_21,3,/data/projectwork/swati_mam/new model data/tid2013/tid2013/distorted_images/i05_21_3.bmp,other
TID2013,i05_21_4,I05,type_21,4,/data/projectwork/swati_mam/new model data/tid2013/tid2013/distorted_images/i05_21_4.bmp,other
TID2013,i05_22_1,I05,type_22,1,/data/projectwork/swati_mam/new model data/tid2013/tid2013/distorted_images/i05_22_1.bmp,other
TID2013,i05_22_4,I05,type_22,4,/data/projectwork/swati_mam/new model data/tid2013/tid2013/distorted_images/i05_22_4.bmp,other
TID2013,i05_22_5,I05,type_22,5,/data/projectwork/swati_mam/new model data/tid2013/tid2013/distorted_images/i05_22_5.bmp,other
TID2013,i05_23_2,I05,type_23,2,/data/projectwork/swati_mam/new model data/tid2013/tid2013/distorted_images/i05_23_2.bmp,blur
TID2013,i05_23_3,I05,type_23,3,/data/projectwork/swati_mam/new model data/tid2013/tid2013/distorted_images/i05_23_3.bmp,blur
TID2013,i05_23_5,I05,type_23,5,/data/projectwork/swati_mam/new model data/tid2013/tid2013/distorted_images/i05_23_5.bmp,blur
TID2013,i05_24_1,I05,type_24,1,/data/projectwork/swati_mam/new model data/tid2013/tid2013/distorted_images/i05_24_1.bmp,other
TID2013,i05_24_3,I05,type_24,3,/data/projectwork/swati_mam/new model data/tid2013/tid2013/distorted_images/i05_24_3.bmp,other
TID2013,i05_24_5,I05,type_24,5,/data/projectwork/swati_mam/new model data/tid2013/tid2013/distorted_images/i05_24_5.bmp,other
TID2013,I24_01_1,I24,type_01,1,/data/projectwork/swati_mam/new model data/tid2013/tid2013/distorted_images/I24_01_1.bmp,noise
TID2013,i24_01_2,I24,type_01,2,/data/projectwork/swati_mam/new model data/tid2013/tid2013/distorted_images/i24_01_2.bmp,noise
TID2013,i24_01_3,I24,type_01,3,/data/projectwork/swati_mam/new model data/tid2013/tid2013/distorted_images/i24_01_3.bmp,noise
TID2013,i24_01_5,I24,type_01,5,/data/projectwork/swati_mam/new model data/tid2013/tid2013/distorted_images/i24_01_5.bmp,noise
TID2013,i24_02_2,I24,type_02,2,/data/projectwork/swati_mam/new model data/tid2013/tid2013/distorted_images/i24_02_2.bmp,noise
TID2013,i24_02_4,I24,type_02,4,/data/projectwork/swati_mam/new model data/tid2013/tid2013/distorted_images/i24_02_4.bmp,noise
TID2013,i24_03_3,I24,type_03,3,/data/projectwork/swati_mam/new model data/tid2013/tid2013/distorted_images/i24_03_3.bmp,noise
TID2013,i24_03_4,I24,type_03,4,/data/projectwork/swati_mam/new model data/tid2013/tid2013/distorted_images/i24_03_4.bmp,noise
TID2013,i24_03_5,I24,type_03,5,/data/projectwork/swati_mam/new model data/tid2013/tid2013/distorted_images/i24_03_5.bmp,noise
TID2013,i24_04_1,I24,type_04,1,/data/projectwork/swati_mam/new model data/tid2013/tid2013/distorted_images/i24_04_1.bmp,noise
TID2013,i24_04_2,I24,type_04,2,/data/projectwork/swati_mam/new model data/tid2013/tid2013/distorted_images/i24_04_2.bmp,noise
TID2013,i24_04_5,I24,type_04,5,/data/projectwork/swati_mam/new model data/tid2013/tid2013/distorted_images/i24_04_5.bmp,noise
TID2013,i24_05_1,I24,type_05,1,/data/projectwork/swati_mam/new model data/tid2013/tid2013/distorted_images/i24_05_1.bmp,HF/sharpen
TID2013,i24_05_2,I24,type_05,2,/data/projectwork/swati_mam/new model data/tid2013/tid2013/distorted_images/i24_05_2.bmp,HF/sharpen
TID2013,i24_05_3,I24,type_05,3,/data/projectwork/swati_mam/new model data/tid2013/tid2013/distorted_images/i24_05_3.bmp,HF/sharpen
TID2013,i24_05_5,I24,type_05,5,/data/projectwork/swati_mam/new model data/tid2013/tid2013/distorted_images/i24_05_5.bmp,HF/sharpen
TID2013,i24_06_1,I24,type_06,1,/data/projectwork/swati_mam/new model data/tid2013/tid2013/distorted_images/i24_06_1.bmp,noise
TID2013,i24_06_3,I24,type_06,3,/data/projectwork/swati_mam/new model data/tid2013/tid2013/distorted_images/i24_06_3.bmp,noise
TID2013,i24_06_5,I24,type_06,5,/data/projectwork/swati_mam/new model data/tid2013/tid2013/distorted_images/i24_06_5.bmp,noise
TID2013,i24_07_1,I24,type_07,1,/data/projectwork/swati_mam/new model data/tid2013/tid2013/distorted_images/i24_07_1.bmp,noise
TID2013,i24_08_1,I24,type_08,1,/data/projectwork/swati_mam/new model data/tid2013/tid2013/distorted_images/i24_08_1.bmp,blur
TID2013,i24_08_2,I24,type_08,2,/data/projectwork/swati_mam/new model data/tid2013/tid2013/distorted_images/i24_08_2.bmp,blur
TID2013,i24_08_3,I24,type_08,3,/data/projectwork/swati_mam/new model data/tid2013/tid2013/distorted_images/i24_08_3.bmp,blur
TID2013,i24_08_4,I24,type_08,4,/data/projectwork/swati_mam/new model data/tid2013/tid2013/distorted_images/i24_08_4.bmp,blur
TID2013,i24_09_1,I24,type_09,1,/data/projectwork/swati_mam/new model data/tid2013/tid2013/distorted_images/i24_09_1.bmp,other
TID2013,i24_09_2,I24,type_09,2,/data/projectwork/swati_mam/new model data/tid2013/tid2013/distorted_images/i24_09_2.bmp,other
TID2013,i24_09_3,I24,type_09,3,/data/projectwork/swati_mam/new model data/tid2013/tid2013/distorted_images/i24_09_3.bmp,other
TID2013,i24_09_4,I24,type_09,4,/data/projectwork/swati_mam/new model data/tid2013/tid2013/distorted_images/i24_09_4.bmp,other
TID2013,i24_10_2,I24,type_10,2,/data/projectwork/swati_mam/new model data/tid2013/tid2013/distorted_images/i24_10_2.bmp,other
TID2013,I24_11_1,I24,type_11,1,/data/projectwork/swati_mam/new model data/tid2013/tid2013/distorted_images/I24_11_1.bmp,other
TID2013,i24_11_5,I24,type_11,5,/data/projectwork/swati_mam/new model data/tid2013/tid2013/distorted_images/i24_11_5.bmp,other
TID2013,i24_12_1,I24,type_12,1,/data/projectwork/swati_mam/new model data/tid2013/tid2013/distorted_images/i24_12_1.bmp,other
TID2013,i24_12_2,I24,type_12,2,/data/projectwork/swati_mam/new model data/tid2013/tid2013/distorted_images/i24_12_2.bmp,other
TID2013,i24_12_3,I24,type_12,3,/data/projectwork/swati_mam/new model data/tid2013/tid2013/distorted_images/i24_12_3.bmp,other
TID2013,i24_12_4,I24,type_12,4,/data/projectwork/swati_mam/new model data/tid2013/tid2013/distorted_images/i24_12_4.bmp,other
TID2013,i24_12_5,I24,type_12,5,/data/projectwork/swati_mam/new model data/tid2013/tid2013/distorted_images/i24_12_5.bmp,other
TID2013,i24_13_5,I24,type_13,5,/data/projectwork/swati_mam/new model data/tid2013/tid2013/distorted_images/i24_13_5.bmp,other
TID2013,i24_14_4,I24,type_14,4,/data/projectwork/swati_mam/new model data/tid2013/tid2013/distorted_images/i24_14_4.bmp,other
TID2013,i24_15_1,I24,type_15,1,/data/projectwork/swati_mam/new model data/tid2013/tid2013/distorted_images/i24_15_1.bmp,other
TID2013,i24_15_2,I24,type_15,2,/data/projectwork/swati_mam/new model data/tid2013/tid2013/distorted_images/i24_15_2.bmp,other
TID2013,i24_15_3,I24,type_15,3,/data/projectwork/swati_mam/new model data/tid2013/tid2013/distorted_images/i24_15_3.bmp,other
TID2013,i24_15_5,I24,type_15,5,/data/projectwork/swati_mam/new model data/tid2013/tid2013/distorted_images/i24_15_5.bmp,other
TID2013,i24_16_3,I24,type_16,3,/data/projectwork/swati_mam/new model data/tid2013/tid2013/distorted_images/i24_16_3.bmp,other
TID2013,i24_17_1,I24,type_17,1,/data/projectwork/swati_mam/new model data/tid2013/tid2013/distorted_images/i24_17_1.bmp,other
TID2013,i24_17_2,I24,type_17,2,/data/projectwork/swati_mam/new model data/tid2013/tid2013/distorted_images/i24_17_2.bmp,other
TID2013,i24_17_4,I24,type_17,4,/data/projectwork/swati_mam/new model data/tid2013/tid2013/distorted_images/i24_17_4.bmp,other
TID2013,i24_18_4,I24,type_18,4,/data/projectwork/swati_mam/new model data/tid2013/tid2013/distorted_images/i24_18_4.bmp,other
TID2013,i24_19_1,I24,type_19,1,/data/projectwork/swati_mam/new model data/tid2013/tid2013/distorted_images/i24_19_1.bmp,noise
TID2013,i24_19_5,I24,type_19,5,/data/projectwork/swati_mam/new model data/tid2013/tid2013/distorted_images/i24_19_5.bmp,noise
TID2013,i24_20_1,I24,type_20,1,/data/projectwork/swati_mam/new model data/tid2013/tid2013/distorted_images/i24_20_1.bmp,noise
TID2013,i24_20_2,I24,type_20,2,/data/projectwork/swati_mam/new model data/tid2013/tid2013/distorted_images/i24_20_2.bmp,noise
TID2013,i24_20_3,I24,type_20,3,/data/projectwork/swati_mam/new model data/tid2013/tid2013/distorted_images/i24_20_3.bmp,noise
TID2013,i24_21_1,I24,type_21,1,/data/projectwork/swati_mam/new model data/tid2013/tid2013/distorted_images/i24_21_1.bmp,other
TID2013,i24_21_3,I24,type_21,3,/data/projectwork/swati_mam/new model data/tid2013/tid2013/distorted_images/i24_21_3.bmp,other
TID2013,i24_21_4,I24,type_21,4,/data/projectwork/swati_mam/new model data/tid2013/tid2013/distorted_images/i24_21_4.bmp,other
TID2013,i24_22_2,I24,type_22,2,/data/projectwork/swati_mam/new model data/tid2013/tid2013/distorted_images/i24_22_2.bmp,other
TID2013,i24_22_3,I24,type_22,3,/data/projectwork/swati_mam/new model data/tid2013/tid2013/distorted_images/i24_22_3.bmp,other
TID2013,i24_22_4,I24,type_22,4,/data/projectwork/swati_mam/new model data/tid2013/tid2013/distorted_images/i24_22_4.bmp,other
TID2013,i24_23_1,I24,type_23,1,/data/projectwork/swati_mam/new model data/tid2013/tid2013/distorted_images/i24_23_1.bmp,blur
TID2013,i24_23_2,I24,type_23,2,/data/projectwork/swati_mam/new model data/tid2013/tid2013/distorted_images/i24_23_2.bmp,blur
TID2013,i24_23_4,I24,type_23,4,/data/projectwork/swati_mam/new model data/tid2013/tid2013/distorted_images/i24_23_4.bmp,blur
TID2013,i24_23_5,I24,type_23,5,/data/projectwork/swati_mam/new model data/tid2013/tid2013/distorted_images/i24_23_5.bmp,blur
TID2013,i24_24_2,I24,type_24,2,/data/projectwork/swati_mam/new model data/tid2013/tid2013/distorted_images/i24_24_2.bmp,other
TID2013,i24_24_3,I24,type_24,3,/data/projectwork/swati_mam/new model data/tid2013/tid2013/distorted_images/i24_24_3.bmp,other
TID2013,i24_24_4,I24,type_24,4,/data/projectwork/swati_mam/new model data/tid2013/tid2013/distorted_images/i24_24_4.bmp,other
TID2013,i24_24_5,I24,type_24,5,/data/projectwork/swati_mam/new model data/tid2013/tid2013/distorted_images/i24_24_5.bmp,other
TID2013,I25_01_1,I25,type_01,1,/data/projectwork/swati_mam/new model data/tid2013/tid2013/distorted_images/I25_01_1.bmp,noise
TID2013,i25_01_2,I25,type_01,2,/data/projectwork/swati_mam/new model data/tid2013/tid2013/distorted_images/i25_01_2.bmp,noise
TID2013,i25_01_4,I25,type_01,4,/data/projectwork/swati_mam/new model data/tid2013/tid2013/distorted_images/i25_01_4.bmp,noise
TID2013,i25_03_3,I25,type_03,3,/data/projectwork/swati_mam/new model data/tid2013/tid2013/distorted_images/i25_03_3.bmp,noise
TID2013,i25_03_4,I25,type_03,4,/data/projectwork/swati_mam/new model data/tid2013/tid2013/distorted_images/i25_03_4.bmp,noise
TID2013,i25_04_1,I25,type_04,1,/data/projectwork/swati_mam/new model data/tid2013/tid2013/distorted_images/i25_04_1.bmp,noise
TID2013,i25_04_2,I25,type_04,2,/data/projectwork/swati_mam/new model data/tid2013/tid2013/distorted_images/i25_04_2.bmp,noise
TID2013,i25_04_5,I25,type_04,5,/data/projectwork/swati_mam/new model data/tid2013/tid2013/distorted_images/i25_04_5.bmp,noise
TID2013,i25_05_2,I25,type_05,2,/data/projectwork/swati_mam/new model data/tid2013/tid2013/distorted_images/i25_05_2.bmp,HF/sharpen
TID2013,i25_05_3,I25,type_05,3,/data/projectwork/swati_mam/new model data/tid2013/tid2013/distorted_images/i25_05_3.bmp,HF/sharpen
TID2013,i25_05_4,I25,type_05,4,/data/projectwork/swati_mam/new model data/tid2013/tid2013/distorted_images/i25_05_4.bmp,HF/sharpen
TID2013,i25_05_5,I25,type_05,5,/data/projectwork/swati_mam/new model data/tid2013/tid2013/distorted_images/i25_05_5.bmp,HF/sharpen
TID2013,i25_06_3,I25,type_06,3,/data/projectwork/swati_mam/new model data/tid2013/tid2013/distorted_images/i25_06_3.bmp,noise
TID2013,i25_06_4,I25,type_06,4,/data/projectwork/swati_mam/new model data/tid2013/tid2013/distorted_images/i25_06_4.bmp,noise
TID2013,i25_06_5,I25,type_06,5,/data/projectwork/swati_mam/new model data/tid2013/tid2013/distorted_images/i25_06_5.bmp,noise
TID2013,i25_07_3,I25,type_07,3,/data/projectwork/swati_mam/new model data/tid2013/tid2013/distorted_images/i25_07_3.bmp,noise
TID2013,i25_07_5,I25,type_07,5,/data/projectwork/swati_mam/new model data/tid2013/tid2013/distorted_images/i25_07_5.bmp,noise
TID2013,i25_08_2,I25,type_08,2,/data/projectwork/swati_mam/new model data/tid2013/tid2013/distorted_images/i25_08_2.bmp,blur
TID2013,i25_08_4,I25,type_08,4,/data/projectwork/swati_mam/new model data/tid2013/tid2013/distorted_images/i25_08_4.bmp,blur
TID2013,i25_09_2,I25,type_09,2,/data/projectwork/swati_mam/new model data/tid2013/tid2013/distorted_images/i25_09_2.bmp,other
TID2013,i25_09_3,I25,type_09,3,/data/projectwork/swati_mam/new model data/tid2013/tid2013/distorted_images/i25_09_3.bmp,other
TID2013,i25_09_4,I25,type_09,4,/data/projectwork/swati_mam/new model data/tid2013/tid2013/distorted_images/i25_09_4.bmp,other
TID2013,i25_09_5,I25,type_09,5,/data/projectwork/swati_mam/new model data/tid2013/tid2013/distorted_images/i25_09_5.bmp,other
TID2013,i25_10_1,I25,type_10,1,/data/projectwork/swati_mam/new model data/tid2013/tid2013/distorted_images/i25_10_1.bmp,other
TID2013,i25_10_2,I25,type_10,2,/data/projectwork/swati_mam/new model data/tid2013/tid2013/distorted_images/i25_10_2.bmp,other
TID2013,i25_10_4,I25,type_10,4,/data/projectwork/swati_mam/new model data/tid2013/tid2013/distorted_images/i25_10_4.bmp,other
TID2013,i25_10_5,I25,type_10,5,/data/projectwork/swati_mam/new model data/tid2013/tid2013/distorted_images/i25_10_5.bmp,other
TID2013,i25_11_2,I25,type_11,2,/data/projectwork/swati_mam/new model data/tid2013/tid2013/distorted_images/i25_11_2.bmp,other
TID2013,i25_11_3,I25,type_11,3,/data/projectwork/swati_mam/new model data/tid2013/tid2013/distorted_images/i25_11_3.bmp,other
TID2013,i25_11_4,I25,type_11,4,/data/projectwork/swati_mam/new model data/tid2013/tid2013/distorted_images/i25_11_4.bmp,other
TID2013,i25_11_5,I25,type_11,5,/data/projectwork/swati_mam/new model data/tid2013/tid2013/distorted_images/i25_11_5.bmp,other
TID2013,i25_12_1,I25,type_12,1,/data/projectwork/swati_mam/new model data/tid2013/tid2013/distorted_images/i25_12_1.bmp,other
TID2013,i25_12_2,I25,type_12,2,/data/projectwork/swati_mam/new model data/tid2013/tid2013/distorted_images/i25_12_2.bmp,other
TID2013,i25_12_3,I25,type_12,3,/data/projectwork/swati_mam/new model data/tid2013/tid2013/distorted_images/i25_12_3.bmp,other
TID2013,i25_12_5,I25,type_12,5,/data/projectwork/swati_mam/new model data/tid2013/tid2013/distorted_images/i25_12_5.bmp,other
TID2013,I25_13_1,I25,type_13,1,/data/projectwork/swati_mam/new model data/tid2013/tid2013/distorted_images/I25_13_1.bmp,other
TID2013,i25_13_2,I25,type_13,2,/data/projectwork/swati_mam/new model data/tid2013/tid2013/distorted_images/i25_13_2.bmp,other
TID2013,i25_13_3,I25,type_13,3,/data/projectwork/swati_mam/new model data/tid2013/tid2013/distorted_images/i25_13_3.bmp,other
TID2013,i25_14_1,I25,type_14,1,/data/projectwork/swati_mam/new model data/tid2013/tid2013/distorted_images/i25_14_1.bmp,other
TID2013,i25_15_1,I25,type_15,1,/data/projectwork/swati_mam/new model data/tid2013/tid2013/distorted_images/i25_15_1.bmp,other
TID2013,i25_15_4,I25,type_15,4,/data/projectwork/swati_mam/new model data/tid2013/tid2013/distorted_images/i25_15_4.bmp,other
TID2013,i25_15_5,I25,type_15,5,/data/projectwork/swati_mam/new model data/tid2013/tid2013/distorted_images/i25_15_5.bmp,other
TID2013,i25_16_2,I25,type_16,2,/data/projectwork/swati_mam/new model data/tid2013/tid2013/distorted_images/i25_16_2.bmp,other
TID2013,i25_16_3,I25,type_16,3,/data/projectwork/swati_mam/new model data/tid2013/tid2013/distorted_images/i25_16_3.bmp,other
TID2013,i25_16_5,I25,type_16,5,/data/projectwork/swati_mam/new model data/tid2013/tid2013/distorted_images/i25_16_5.bmp,other
TID2013,i25_17_1,I25,type_17,1,/data/projectwork/swati_mam/new model data/tid2013/tid2013/distorted_images/i25_17_1.bmp,other
TID2013,i25_17_3,I25,type_17,3,/data/projectwork/swati_mam/new model data/tid2013/tid2013/distorted_images/i25_17_3.bmp,other
TID2013,i25_17_4,I25,type_17,4,/data/projectwork/swati_mam/new model data/tid2013/tid2013/distorted_images/i25_17_4.bmp,other
TID2013,i25_18_1,I25,type_18,1,/data/projectwork/swati_mam/new model data/tid2013/tid2013/distorted_images/i25_18_1.bmp,other
TID2013,i25_18_2,I25,type_18,2,/data/projectwork/swati_mam/new model data/tid2013/tid2013/distorted_images/i25_18_2.bmp,other
TID2013,i25_18_5,I25,type_18,5,/data/projectwork/swati_mam/new model data/tid2013/tid2013/distorted_images/i25_18_5.bmp,other
TID2013,i25_19_3,I25,type_19,3,/data/projectwork/swati_mam/new model data/tid2013/tid2013/distorted_images/i25_19_3.bmp,noise
TID2013,i25_20_1,I25,type_20,1,/data/projectwork/swati_mam/new model data/tid2013/tid2013/distorted_images/i25_20_1.bmp,noise
TID2013,i25_20_2,I25,type_20,2,/data/projectwork/swati_mam/new model data/tid2013/tid2013/distorted_images/i25_20_2.bmp,noise
TID2013,i25_20_3,I25,type_20,3,/data/projectwork/swati_mam/new model data/tid2013/tid2013/distorted_images/i25_20_3.bmp,noise
TID2013,i25_20_4,I25,type_20,4,/data/projectwork/swati_mam/new model data/tid2013/tid2013/distorted_images/i25_20_4.bmp,noise
TID2013,i25_21_1,I25,type_21,1,/data/projectwork/swati_mam/new model data/tid2013/tid2013/distorted_images/i25_21_1.bmp,other
TID2013,i25_22_1,I25,type_22,1,/data/projectwork/swati_mam/new model data/tid2013/tid2013/distorted_images/i25_22_1.bmp,other
TID2013,i25_22_2,I25,type_22,2,/data/projectwork/swati_mam/new model data/tid2013/tid2013/distorted_images/i25_22_2.bmp,other
TID2013,i25_22_3,I25,type_22,3,/data/projectwork/swati_mam/new model data/tid2013/tid2013/distorted_images/i25_22_3.bmp,other
TID2013,i25_22_4,I25,type_22,4,/data/projectwork/swati_mam/new model data/tid2013/tid2013/distorted_images/i25_22_4.bmp,other
TID2013,i25_22_5,I25,type_22,5,/data/projectwork/swati_mam/new model data/tid2013/tid2013/distorted_images/i25_22_5.bmp,other
TID2013,i25_23_1,I25,type_23,1,/data/projectwork/swati_mam/new model data/tid2013/tid2013/distorted_images/i25_23_1.bmp,blur
TID2013,i25_23_2,I25,type_23,2,/data/projectwork/swati_mam/new model data/tid2013/tid2013/distorted_images/i25_23_2.bmp,blur
TID2013,i25_23_3,I25,type_23,3,/data/projectwork/swati_mam/new model data/tid2013/tid2013/distorted_images/i25_23_3.bmp,blur
TID2013,i25_23_4,I25,type_23,4,/data/projectwork/swati_mam/new model data/tid2013/tid2013/distorted_images/i25_23_4.bmp,blur
TID2013,i25_23_5,I25,type_23,5,/data/projectwork/swati_mam/new model data/tid2013/tid2013/distorted_images/i25_23_5.bmp,blur
TID2013,i25_24_1,I25,type_24,1,/data/projectwork/swati_mam/new model data/tid2013/tid2013/distorted_images/i25_24_1.bmp,other
TID2013,i25_24_4,I25,type_24,4,/data/projectwork/swati_mam/new model data/tid2013/tid2013/distorted_images/i25_24_4.bmp,other
