dataset,ref_id,distorted_path,ref_path,distortion_type,severity_or_level,mos_or_dmos,mos_std,distortion_code,distorted_filename,split
TID2013,I01,/data/projectwork/swati_mam/new model data/tid2013/tid2013/distorted_images/I01_01_1.bmp,/data/projectwork/swati_mam/new model data/tid2013/tid2013/reference_images/I01.BMP,type_01,1,5.51429,0.13013,01,I01_01_1.bmp,holdout
TID2013,I01,/data/projectwork/swati_mam/new model data/tid2013/tid2013/distorted_images/i01_01_2.bmp,/data/projectwork/swati_mam/new model data/tid2013/tid2013/reference_images/I01.BMP,type_01,2,5.56757,0.16008,01,i01_01_2.bmp,holdout
TID2013,I01,/data/projectwork/swati_mam/new model data/tid2013/tid2013/distorted_images/i01_01_3.bmp,/data/projectwork/swati_mam/new model data/tid2013/tid2013/reference_images/I01.BMP,type_01,3,4.94444,0.15186,01,i01_01_3.bmp,holdout
TID2013,I01,/data/projectwork/swati_mam/new model data/tid2013/tid2013/distorted_images/i01_01_4.bmp,/data/projectwork/swati_mam/new model data/tid2013/tid2013/reference_images/I01.BMP,type_01,4,4.37838,0.1104599999999999,01,i01_01_4.bmp,holdout
TID2013,I01,/data/projectwork/swati_mam/new model data/tid2013/tid2013/distorted_images/i01_01_5.bmp,/data/projectwork/swati_mam/new model data/tid2013/tid2013/reference_images/I01.BMP,type_01,5,3.86486,0.1022899999999999,01,i01_01_5.bmp,holdout
TID2013,I01,/data/projectwork/swati_mam/new model data/tid2013/tid2013/distorted_images/i01_02_1.bmp,/data/projectwork/swati_mam/new model data/tid2013/tid2013/reference_images/I01.BMP,type_02,1,6.028569999999999,0.16896,02,i01_02_1.bmp,holdout
TID2013,I01,/data/projectwork/swati_mam/new model data/tid2013/tid2013/distorted_images/i01_02_2.bmp,/data/projectwork/swati_mam/new model data/tid2013/tid2013/reference_images/I01.BMP,type_02,2,6.10811,0.17001,02,i01_02_2.bmp,holdout
TID2013,I01,/data/projectwork/swati_mam/new model data/tid2013/tid2013/distorted_images/i01_02_3.bmp,/data/projectwork/swati_mam/new model data/tid2013/tid2013/reference_images/I01.BMP,type_02,3,5.38889,0.16795,02,i01_02_3.bmp,holdout
TID2013,I01,/data/projectwork/swati_mam/new model data/tid2013/tid2013/distorted_images/i01_02_4.bmp,/data/projectwork/swati_mam/new model data/tid2013/tid2013/reference_images/I01.BMP,type_02,4,4.71429,0.1035799999999999,02,i01_02_4.bmp,holdout
TID2013,I01,/data/projectwork/swati_mam/new model data/tid2013/tid2013/distorted_images/i01_02_5.bmp,/data/projectwork/swati_mam/new model data/tid2013/tid2013/reference_images/I01.BMP,type_02,5,4.36111,0.13695,02,i01_02_5.bmp,holdout
TID2013,I01,/data/projectwork/swati_mam/new model data/tid2013/tid2013/distorted_images/i01_03_1.bmp,/data/projectwork/swati_mam/new model data/tid2013/tid2013/reference_images/I01.BMP,type_03,1,4.7714300000000005,0.12832,03,i01_03_1.bmp,holdout
TID2013,I01,/data/projectwork/swati_mam/new model data/tid2013/tid2013/distorted_images/i01_03_2.bmp,/data/projectwork/swati_mam/new model data/tid2013/tid2013/reference_images/I01.BMP,type_03,2,4.27027,0.13594,03,i01_03_2.bmp,holdout
TID2013,I01,/data/projectwork/swati_mam/new model data/tid2013/tid2013/distorted_images/i01_03_3.bmp,/data/projectwork/swati_mam/new model data/tid2013/tid2013/reference_images/I01.BMP,type_03,3,3.7027,0.10719,03,i01_03_3.bmp,holdout
TID2013,I01,/data/projectwork/swati_mam/new model data/tid2013/tid2013/distorted_images/i01_03_4.bmp,/data/projectwork/swati_mam/new model data/tid2013/tid2013/reference_images/I01.BMP,type_03,4,3.19444,0.09477,03,i01_03_4.bmp,holdout
TID2013,I01,/data/projectwork/swati_mam/new model data/tid2013/tid2013/distorted_images/i01_03_5.bmp,/data/projectwork/swati_mam/new model data/tid2013/tid2013/reference_images/I01.BMP,type_03,5,2.71429,0.09537,03,i01_03_5.bmp,holdout
TID2013,I01,/data/projectwork/swati_mam/new model data/tid2013/tid2013/distorted_images/i01_04_1.bmp,/data/projectwork/swati_mam/new model data/tid2013/tid2013/reference_images/I01.BMP,type_04,1,5.971430000000001,0.13694,04,i01_04_1.bmp,holdout
TID2013,I01,/data/projectwork/swati_mam/new model data/tid2013/tid2013/distorted_images/i01_04_2.bmp,/data/projectwork/swati_mam/new model data/tid2013/tid2013/reference_images/I01.BMP,type_04,2,5.75676,0.15946,04,i01_04_2.bmp,holdout
TID2013,I01,/data/projectwork/swati_mam/new model data/tid2013/tid2013/distorted_images/i01_04_3.bmp,/data/projectwork/swati_mam/new model data/tid2013/tid2013/reference_images/I01.BMP,type_04,3,5.27027,0.17368,04,i01_04_3.bmp,holdout
TID2013,I01,/data/projectwork/swati_mam/new model data/tid2013/tid2013/distorted_images/i01_04_4.bmp,/data/projectwork/swati_mam/new model data/tid2013/tid2013/reference_images/I01.BMP,type_04,4,5.24324,0.16398,04,i01_04_4.bmp,holdout
TID2013,I01,/data/projectwork/swati_mam/new model data/tid2013/tid2013/distorted_images/i01_04_5.bmp,/data/projectwork/swati_mam/new model data/tid2013/tid2013/reference_images/I01.BMP,type_04,5,4.71429,0.13138,04,i01_04_5.bmp,holdout
TID2013,I01,/data/projectwork/swati_mam/new model data/tid2013/tid2013/distorted_images/i01_05_1.bmp,/data/projectwork/swati_mam/new model data/tid2013/tid2013/reference_images/I01.BMP,type_05,1,5.91892,0.15934,05,i01_05_1.bmp,holdout
TID2013,I01,/data/projectwork/swati_mam/new model data/tid2013/tid2013/distorted_images/i01_05_2.bmp,/data/projectwork/swati_mam/new model data/tid2013/tid2013/reference_images/I01.BMP,type_05,2,5.7027,0.1703599999999999,05,i01_05_2.bmp,holdout
TID2013,I01,/data/projectwork/swati_mam/new model data/tid2013/tid2013/distorted_images/i01_05_3.bmp,/data/projectwork/swati_mam/new model data/tid2013/tid2013/reference_images/I01.BMP,type_05,3,5.08333,0.13249,05,i01_05_3.bmp,holdout
TID2013,I01,/data/projectwork/swati_mam/new model data/tid2013/tid2013/distorted_images/i01_05_4.bmp,/data/projectwork/swati_mam/new model data/tid2013/tid2013/reference_images/I01.BMP,type_05,4,4.13889,0.09744,05,i01_05_4.bmp,holdout
TID2013,I01,/data/projectwork/swati_mam/new model data/tid2013/tid2013/distorted_images/i01_05_5.bmp,/data/projectwork/swati_mam/new model data/tid2013/tid2013/reference_images/I01.BMP,type_05,5,3.13889,0.09744,05,i01_05_5.bmp,holdout
TID2013,I01,/data/projectwork/swati_mam/new model data/tid2013/tid2013/distorted_images/i01_06_1.bmp,/data/projectwork/swati_mam/new model data/tid2013/tid2013/reference_images/I01.BMP,type_06,1,4.0,0.11467,06,i01_06_1.bmp,holdout
TID2013,I01,/data/projectwork/swati_mam/new model data/tid2013/tid2013/distorted_images/i01_06_2.bmp,/data/projectwork/swati_mam/new model data/tid2013/tid2013/reference_images/I01.BMP,type_06,2,3.89189,0.16566,06,i01_06_2.bmp,holdout
TID2013,I01,/data/projectwork/swati_mam/new model data/tid2013/tid2013/distorted_images/i01_06_3.bmp,/data/projectwork/swati_mam/new model data/tid2013/tid2013/reference_images/I01.BMP,type_06,3,3.72973,0.1057099999999999,06,i01_06_3.bmp,holdout
TID2013,I01,/data/projectwork/swati_mam/new model data/tid2013/tid2013/distorted_images/i01_06_4.bmp,/data/projectwork/swati_mam/new model data/tid2013/tid2013/reference_images/I01.BMP,type_06,4,3.48571,0.08448,06,i01_06_4.bmp,holdout
TID2013,I01,/data/projectwork/swati_mam/new model data/tid2013/tid2013/distorted_images/i01_06_5.bmp,/data/projectwork/swati_mam/new model data/tid2013/tid2013/reference_images/I01.BMP,type_06,5,2.94444,0.11072,06,i01_06_5.bmp,holdout
TID2013,I01,/data/projectwork/swati_mam/new model data/tid2013/tid2013/distorted_images/i01_07_1.bmp,/data/projectwork/swati_mam/new model data/tid2013/tid2013/reference_images/I01.BMP,type_07,1,5.08333,0.15404,07,i01_07_1.bmp,holdout
TID2013,I01,/data/projectwork/swati_mam/new model data/tid2013/tid2013/distorted_images/i01_07_2.bmp,/data/projectwork/swati_mam/new model data/tid2013/tid2013/reference_images/I01.BMP,type_07,2,4.75,0.13249,07,i01_07_2.bmp,holdout
TID2013,I01,/data/projectwork/swati_mam/new model data/tid2013/tid2013/distorted_images/i01_07_3.bmp,/data/projectwork/swati_mam/new model data/tid2013/tid2013/reference_images/I01.BMP,type_07,3,4.0,0.1111099999999999,07,i01_07_3.bmp,holdout
TID2013,I01,/data/projectwork/swati_mam/new model data/tid2013/tid2013/distorted_images/i01_07_4.bmp,/data/projectwork/swati_mam/new model data/tid2013/tid2013/reference_images/I01.BMP,type_07,4,3.22222,0.11188,07,i01_07_4.bmp,holdout
TID2013,I01,/data/projectwork/swati_mam/new model data/tid2013/tid2013/distorted_images/i01_07_5.bmp,/data/projectwork/swati_mam/new model data/tid2013/tid2013/reference_images/I01.BMP,type_07,5,2.19444,0.1166599999999999,07,i01_07_5.bmp,holdout
TID2013,I01,/data/projectwork/swati_mam/new model data/tid2013/tid2013/distorted_images/i01_08_1.bmp,/data/projectwork/swati_mam/new model data/tid2013/tid2013/reference_images/I01.BMP,type_08,1,5.18919,0.13151,08,i01_08_1.bmp,holdout
TID2013,I01,/data/projectwork/swati_mam/new model data/tid2013/tid2013/distorted_images/i01_08_2.bmp,/data/projectwork/swati_mam/new model data/tid2013/tid2013/reference_images/I01.BMP,type_08,2,4.47222,0.13314,08,i01_08_2.bmp,holdout
TID2013,I01,/data/projectwork/swati_mam/new model data/tid2013/tid2013/distorted_images/i01_08_3.bmp,/data/projectwork/swati_mam/new model data/tid2013/tid2013/reference_images/I01.BMP,type_08,3,3.4864900000000003,0.1185599999999999,08,i01_08_3.bmp,holdout
TID2013,I01,/data/projectwork/swati_mam/new model data/tid2013/tid2013/distorted_images/i01_08_4.bmp,/data/projectwork/swati_mam/new model data/tid2013/tid2013/reference_images/I01.BMP,type_08,4,3.0,0.09035,08,i01_08_4.bmp,holdout
TID2013,I01,/data/projectwork/swati_mam/new model data/tid2013/tid2013/distorted_images/i01_08_5.bmp,/data/projectwork/swati_mam/new model data/tid2013/tid2013/reference_images/I01.BMP,type_08,5,2.11111,0.1095599999999999,08,i01_08_5.bmp,holdout
TID2013,I01,/data/projectwork/swati_mam/new model data/tid2013/tid2013/distorted_images/i01_09_1.bmp,/data/projectwork/swati_mam/new model data/tid2013/tid2013/reference_images/I01.BMP,type_09,1,6.08333,0.18162,09,i01_09_1.bmp,holdout
TID2013,I01,/data/projectwork/swati_mam/new model data/tid2013/tid2013/distorted_images/i01_09_2.bmp,/data/projectwork/swati_mam/new model data/tid2013/tid2013/reference_images/I01.BMP,type_09,2,5.16667,0.15466,09,i01_09_2.bmp,holdout
TID2013,I01,/data/projectwork/swati_mam/new model data/tid2013/tid2013/distorted_images/i01_09_3.bmp,/data/projectwork/swati_mam/new model data/tid2013/tid2013/reference_images/I01.BMP,type_09,3,4.42857,0.1231299999999999,09,i01_09_3.bmp,holdout
TID2013,I01,/data/projectwork/swati_mam/new model data/tid2013/tid2013/distorted_images/i01_09_4.bmp,/data/projectwork/swati_mam/new model data/tid2013/tid2013/reference_images/I01.BMP,type_09,4,2.81081,0.10701,09,i01_09_4.bmp,holdout
TID2013,I01,/data/projectwork/swati_mam/new model data/tid2013/tid2013/distorted_images/i01_09_5.bmp,/data/projectwork/swati_mam/new model data/tid2013/tid2013/reference_images/I01.BMP,type_09,5,1.54054,0.11205,09,i01_09_5.bmp,holdout
TID2013,I01,/data/projectwork/swati_mam/new model data/tid2013/tid2013/distorted_images/i01_10_1.bmp,/data/projectwork/swati_mam/new model data/tid2013/tid2013/reference_images/I01.BMP,type_10,1,5.97297,0.15519,10,i01_10_1.bmp,holdout
TID2013,I01,/data/projectwork/swati_mam/new model data/tid2013/tid2013/distorted_images/i01_10_2.bmp,/data/projectwork/swati_mam/new model data/tid2013/tid2013/reference_images/I01.BMP,type_10,2,5.94595,0.16192,10,i01_10_2.bmp,holdout
TID2013,I01,/data/projectwork/swati_mam/new model data/tid2013/tid2013/distorted_images/i01_10_3.bmp,/data/projectwork/swati_mam/new model data/tid2013/tid2013/reference_images/I01.BMP,type_10,3,4.91667,0.15404,10,i01_10_3.bmp,holdout
TID2013,I01,/data/projectwork/swati_mam/new model data/tid2013/tid2013/distorted_images/i01_10_4.bmp,/data/projectwork/swati_mam/new model data/tid2013/tid2013/reference_images/I01.BMP,type_10,4,3.21622,0.10902,10,i01_10_4.bmp,holdout
TID2013,I01,/data/projectwork/swati_mam/new model data/tid2013/tid2013/distorted_images/i01_10_5.bmp,/data/projectwork/swati_mam/new model data/tid2013/tid2013/reference_images/I01.BMP,type_10,5,2.08108,0.15934,10,i01_10_5.bmp,holdout
TID2013,I01,/data/projectwork/swati_mam/new model data/tid2013/tid2013/distorted_images/I01_11_1.bmp,/data/projectwork/swati_mam/new model data/tid2013/tid2013/reference_images/I01.BMP,type_11,1,5.91429,0.16349,11,I01_11_1.bmp,holdout
TID2013,I01,/data/projectwork/swati_mam/new model data/tid2013/tid2013/distorted_images/i01_11_2.bmp,/data/projectwork/swati_mam/new model data/tid2013/tid2013/reference_images/I01.BMP,type_11,2,5.675680000000001,0.14329,11,i01_11_2.bmp,holdout
TID2013,I01,/data/projectwork/swati_mam/new model data/tid2013/tid2013/distorted_images/i01_11_3.bmp,/data/projectwork/swati_mam/new model data/tid2013/tid2013/reference_images/I01.BMP,type_11,3,4.69444,0.12922,11,i01_11_3.bmp,holdout
TID2013,I01,/data/projectwork/swati_mam/new model data/tid2013/tid2013/distorted_images/i01_11_4.bmp,/data/projectwork/swati_mam/new model data/tid2013/tid2013/reference_images/I01.BMP,type_11,4,3.67568,0.10847,11,i01_11_4.bmp,holdout
TID2013,I01,/data/projectwork/swati_mam/new model data/tid2013/tid2013/distorted_images/i01_11_5.bmp,/data/projectwork/swati_mam/new model data/tid2013/tid2013/reference_images/I01.BMP,type_11,5,1.45946,0.11839,11,i01_11_5.bmp,holdout
TID2013,I01,/data/projectwork/swati_mam/new model data/tid2013/tid2013/distorted_images/i01_12_1.bmp,/data/projectwork/swati_mam/new model data/tid2013/tid2013/reference_images/I01.BMP,type_12,1,5.94595,0.15734,12,i01_12_1.bmp,holdout
TID2013,I01,/data/projectwork/swati_mam/new model data/tid2013/tid2013/distorted_images/i01_12_2.bmp,/data/projectwork/swati_mam/new model data/tid2013/tid2013/reference_images/I01.BMP,type_12,2,5.86486,0.16732,12,i01_12_2.bmp,holdout
TID2013,I01,/data/projectwork/swati_mam/new model data/tid2013/tid2013/distorted_images/i01_12_3.bmp,/data/projectwork/swati_mam/new model data/tid2013/tid2013/reference_images/I01.BMP,type_12,3,4.21622,0.13315,12,i01_12_3.bmp,holdout
TID2013,I01,/data/projectwork/swati_mam/new model data/tid2013/tid2013/distorted_images/i01_12_4.bmp,/data/projectwork/swati_mam/new model data/tid2013/tid2013/reference_images/I01.BMP,type_12,4,3.83333,0.13889,12,i01_12_4.bmp,holdout
TID2013,I01,/data/projectwork/swati_mam/new model data/tid2013/tid2013/distorted_images/i01_12_5.bmp,/data/projectwork/swati_mam/new model data/tid2013/tid2013/reference_images/I01.BMP,type_12,5,3.43243,0.1180599999999999,12,i01_12_5.bmp,holdout
TID2013,I01,/data/projectwork/swati_mam/new model data/tid2013/tid2013/distorted_images/I01_13_1.bmp,/data/projectwork/swati_mam/new model data/tid2013/tid2013/reference_images/I01.BMP,type_13,1,5.45946,0.13565,13,I01_13_1.bmp,holdout
TID2013,I01,/data/projectwork/swati_mam/new model data/tid2013/tid2013/distorted_images/i01_13_2.bmp,/data/projectwork/swati_mam/new model data/tid2013/tid2013/reference_images/I01.BMP,type_13,2,3.91429,0.09365,13,i01_13_2.bmp,holdout
TID2013,I01,/data/projectwork/swati_mam/new model data/tid2013/tid2013/distorted_images/i01_13_3.bmp,/data/projectwork/swati_mam/new model data/tid2013/tid2013/reference_images/I01.BMP,type_13,3,3.2777800000000004,0.09305,13,i01_13_3.bmp,holdout
TID2013,I01,/data/projectwork/swati_mam/new model data/tid2013/tid2013/distorted_images/i01_13_4.bmp,/data/projectwork/swati_mam/new model data/tid2013/tid2013/reference_images/I01.BMP,type_13,4,3.16667,0.1145299999999999,13,i01_13_4.bmp,holdout
TID2013,I01,/data/projectwork/swati_mam/new model data/tid2013/tid2013/distorted_images/i01_13_5.bmp,/data/projectwork/swati_mam/new model data/tid2013/tid2013/reference_images/I01.BMP,type_13,5,3.10811,0.09955,13,i01_13_5.bmp,holdout
TID2013,I01,/data/projectwork/swati_mam/new model data/tid2013/tid2013/distorted_images/i01_14_1.bmp,/data/projectwork/swati_mam/new model data/tid2013/tid2013/reference_images/I01.BMP,type_14,1,5.69444,0.12922,14,i01_14_1.bmp,holdout
TID2013,I01,/data/projectwork/swati_mam/new model data/tid2013/tid2013/distorted_images/i01_14_2.bmp,/data/projectwork/swati_mam/new model data/tid2013/tid2013/reference_images/I01.BMP,type_14,2,6.05405,0.14777,14,i01_14_2.bmp,holdout
TID2013,I01,/data/projectwork/swati_mam/new model data/tid2013/tid2013/distorted_images/i01_14_3.bmp,/data/projectwork/swati_mam/new model data/tid2013/tid2013/reference_images/I01.BMP,type_14,3,5.75676,0.12908,14,i01_14_3.bmp,holdout
TID2013,I01,/data/projectwork/swati_mam/new model data/tid2013/tid2013/distorted_images/i01_14_4.bmp,/data/projectwork/swati_mam/new model data/tid2013/tid2013/reference_images/I01.BMP,type_14,4,5.55556,0.1329,14,i01_14_4.bmp,holdout
TID2013,I01,/data/projectwork/swati_mam/new model data/tid2013/tid2013/distorted_images/i01_14_5.bmp,/data/projectwork/swati_mam/new model data/tid2013/tid2013/reference_images/I01.BMP,type_14,5,4.4705900000000005,0.1264,14,i01_14_5.bmp,holdout
TID2013,I01,/data/projectwork/swati_mam/new model data/tid2013/tid2013/distorted_images/i01_15_1.bmp,/data/projectwork/swati_mam/new model data/tid2013/tid2013/reference_images/I01.BMP,type_15,1,2.83333,0.12729,15,i01_15_1.bmp,holdout
TID2013,I01,/data/projectwork/swati_mam/new model data/tid2013/tid2013/distorted_images/i01_15_2.bmp,/data/projectwork/swati_mam/new model data/tid2013/tid2013/reference_images/I01.BMP,type_15,2,2.82857,0.12445,15,i01_15_2.bmp,holdout
TID2013,I01,/data/projectwork/swati_mam/new model data/tid2013/tid2013/distorted_images/i01_15_3.bmp,/data/projectwork/swati_mam/new model data/tid2013/tid2013/reference_images/I01.BMP,type_15,3,3.10811,0.15659,15,i01_15_3.bmp,holdout
TID2013,I01,/data/projectwork/swati_mam/new model data/tid2013/tid2013/distorted_images/i01_15_4.bmp,/data/projectwork/swati_mam/new model data/tid2013/tid2013/reference_images/I01.BMP,type_15,4,3.58333,0.13249,15,i01_15_4.bmp,holdout
TID2013,I01,/data/projectwork/swati_mam/new model data/tid2013/tid2013/distorted_images/i01_15_5.bmp,/data/projectwork/swati_mam/new model data/tid2013/tid2013/reference_images/I01.BMP,type_15,5,3.89189,0.15185,15,i01_15_5.bmp,holdout
TID2013,I01,/data/projectwork/swati_mam/new model data/tid2013/tid2013/distorted_images/i01_16_1.bmp,/data/projectwork/swati_mam/new model data/tid2013/tid2013/reference_images/I01.BMP,type_16,1,5.80556,0.14604,16,i01_16_1.bmp,holdout
TID2013,I01,/data/projectwork/swati_mam/new model data/tid2013/tid2013/distorted_images/i01_16_2.bmp,/data/projectwork/swati_mam/new model data/tid2013/tid2013/reference_images/I01.BMP,type_16,2,6.05405,0.21263,16,i01_16_2.bmp,holdout
TID2013,I01,/data/projectwork/swati_mam/new model data/tid2013/tid2013/distorted_images/i01_16_3.bmp,/data/projectwork/swati_mam/new model data/tid2013/tid2013/reference_images/I01.BMP,type_16,3,4.88889,0.12897,16,i01_16_3.bmp,holdout
TID2013,I01,/data/projectwork/swati_mam/new model data/tid2013/tid2013/distorted_images/i01_16_4.bmp,/data/projectwork/swati_mam/new model data/tid2013/tid2013/reference_images/I01.BMP,type_16,4,5.02778,0.14952,16,i01_16_4.bmp,holdout
TID2013,I01,/data/projectwork/swati_mam/new model data/tid2013/tid2013/distorted_images/i01_16_5.bmp,/data/projectwork/swati_mam/new model data/tid2013/tid2013/reference_images/I01.BMP,type_16,5,4.19444,0.1166599999999999,16,i01_16_5.bmp,holdout
TID2013,I01,/data/projectwork/swati_mam/new model data/tid2013/tid2013/distorted_images/i01_17_1.bmp,/data/projectwork/swati_mam/new model data/tid2013/tid2013/reference_images/I01.BMP,type_17,1,5.35135,0.16755,17,i01_17_1.bmp,holdout
TID2013,I01,/data/projectwork/swati_mam/new model data/tid2013/tid2013/distorted_images/i01_17_2.bmp,/data/projectwork/swati_mam/new model data/tid2013/tid2013/reference_images/I01.BMP,type_17,2,6.62162,0.2240199999999999,17,i01_17_2.bmp,holdout
TID2013,I01,/data/projectwork/swati_mam/new model data/tid2013/tid2013/distorted_images/i01_17_3.bmp,/data/projectwork/swati_mam/new model data/tid2013/tid2013/reference_images/I01.BMP,type_17,3,4.08108,0.11705,17,i01_17_3.bmp,holdout
TID2013,I01,/data/projectwork/swati_mam/new model data/tid2013/tid2013/distorted_images/i01_17_4.bmp,/data/projectwork/swati_mam/new model data/tid2013/tid2013/reference_images/I01.BMP,type_17,4,6.24324,0.25182,17,i01_17_4.bmp,holdout
TID2013,I01,/data/projectwork/swati_mam/new model data/tid2013/tid2013/distorted_images/i01_17_5.bmp,/data/projectwork/swati_mam/new model data/tid2013/tid2013/reference_images/I01.BMP,type_17,5,2.97143,0.11055,17,i01_17_5.bmp,holdout
TID2013,I01,/data/projectwork/swati_mam/new model data/tid2013/tid2013/distorted_images/i01_18_1.bmp,/data/projectwork/swati_mam/new model data/tid2013/tid2013/reference_images/I01.BMP,type_18,1,4.62162,0.14976,18,i01_18_1.bmp,holdout
TID2013,I01,/data/projectwork/swati_mam/new model data/tid2013/tid2013/distorted_images/i01_18_2.bmp,/data/projectwork/swati_mam/new model data/tid2013/tid2013/reference_images/I01.BMP,type_18,2,4.22222,0.1527099999999999,18,i01_18_2.bmp,holdout
TID2013,I01,/data/projectwork/swati_mam/new model data/tid2013/tid2013/distorted_images/i01_18_3.bmp,/data/projectwork/swati_mam/new model data/tid2013/tid2013/reference_images/I01.BMP,type_18,3,3.771430000000001,0.12832,18,i01_18_3.bmp,holdout
TID2013,I01,/data/projectwork/swati_mam/new model data/tid2013/tid2013/distorted_images/i01_18_4.bmp,/data/projectwork/swati_mam/new model data/tid2013/tid2013/reference_images/I01.BMP,type_18,4,3.47222,0.13881,18,i01_18_4.bmp,holdout
TID2013,I01,/data/projectwork/swati_mam/new model data/tid2013/tid2013/distorted_images/i01_18_5.bmp,/data/projectwork/swati_mam/new model data/tid2013/tid2013/reference_images/I01.BMP,type_18,5,3.41667,0.14367,18,i01_18_5.bmp,holdout
TID2013,I01,/data/projectwork/swati_mam/new model data/tid2013/tid2013/distorted_images/i01_19_1.bmp,/data/projectwork/swati_mam/new model data/tid2013/tid2013/reference_images/I01.BMP,type_19,1,5.94444,0.17098,19,i01_19_1.bmp,holdout
TID2013,I01,/data/projectwork/swati_mam/new model data/tid2013/tid2013/distorted_images/i01_19_2.bmp,/data/projectwork/swati_mam/new model data/tid2013/tid2013/reference_images/I01.BMP,type_19,2,5.47222,0.1074799999999999,19,i01_19_2.bmp,holdout
TID2013,I01,/data/projectwork/swati_mam/new model data/tid2013/tid2013/distorted_images/i01_19_3.bmp,/data/projectwork/swati_mam/new model data/tid2013/tid2013/reference_images/I01.BMP,type_19,3,5.08108,0.14493,19,i01_19_3.bmp,holdout
TID2013,I01,/data/projectwork/swati_mam/new model data/tid2013/tid2013/distorted_images/i01_19_4.bmp,/data/projectwork/swati_mam/new model data/tid2013/tid2013/reference_images/I01.BMP,type_19,4,4.52778,0.12721,19,i01_19_4.bmp,holdout
TID2013,I01,/data/projectwork/swati_mam/new model data/tid2013/tid2013/distorted_images/i01_19_5.bmp,/data/projectwork/swati_mam/new model data/tid2013/tid2013/reference_images/I01.BMP,type_19,5,3.94444,0.11072,19,i01_19_5.bmp,holdout
TID2013,I01,/data/projectwork/swati_mam/new model data/tid2013/tid2013/distorted_images/i01_20_1.bmp,/data/projectwork/swati_mam/new model data/tid2013/tid2013/reference_images/I01.BMP,type_20,1,5.85714,0.14648,20,i01_20_1.bmp,holdout
TID2013,I01,/data/projectwork/swati_mam/new model data/tid2013/tid2013/distorted_images/i01_20_2.bmp,/data/projectwork/swati_mam/new model data/tid2013/tid2013/reference_images/I01.BMP,type_20,2,5.83333,0.13889,20,i01_20_2.bmp,holdout
TID2013,I01,/data/projectwork/swati_mam/new model data/tid2013/tid2013/distorted_images/i01_20_3.bmp,/data/projectwork/swati_mam/new model data/tid2013/tid2013/reference_images/I01.BMP,type_20,3,6.02778,0.12099,20,i01_20_3.bmp,holdout
TID2013,I01,/data/projectwork/swati_mam/new model data/tid2013/tid2013/distorted_images/i01_20_4.bmp,/data/projectwork/swati_mam/new model data/tid2013/tid2013/reference_images/I01.BMP,type_20,4,5.08333,0.09919,20,i01_20_4.bmp,holdout
TID2013,I01,/data/projectwork/swati_mam/new model data/tid2013/tid2013/distorted_images/i01_20_5.bmp,/data/projectwork/swati_mam/new model data/tid2013/tid2013/reference_images/I01.BMP,type_20,5,4.33333,0.12423,20,i01_20_5.bmp,holdout
TID2013,I01,/data/projectwork/swati_mam/new model data/tid2013/tid2013/distorted_images/i01_21_1.bmp,/data/projectwork/swati_mam/new model data/tid2013/tid2013/reference_images/I01.BMP,type_21,1,5.7027,0.16601,21,i01_21_1.bmp,holdout
TID2013,I01,/data/projectwork/swati_mam/new model data/tid2013/tid2013/distorted_images/i01_21_2.bmp,/data/projectwork/swati_mam/new model data/tid2013/tid2013/reference_images/I01.BMP,type_21,2,5.27778,0.10101,21,i01_21_2.bmp,holdout
TID2013,I01,/data/projectwork/swati_mam/new model data/tid2013/tid2013/distorted_images/i01_21_3.bmp,/data/projectwork/swati_mam/new model data/tid2013/tid2013/reference_images/I01.BMP,type_21,3,4.675680000000001,0.12119,21,i01_21_3.bmp,holdout
TID2013,I01,/data/projectwork/swati_mam/new model data/tid2013/tid2013/distorted_images/i01_21_4.bmp,/data/projectwork/swati_mam/new model data/tid2013/tid2013/reference_images/I01.BMP,type_21,4,4.05714,0.13964,21,i01_21_4.bmp,holdout
TID2013,I01,/data/projectwork/swati_mam/new model data/tid2013/tid2013/distorted_images/i01_21_5.bmp,/data/projectwork/swati_mam/new model data/tid2013/tid2013/reference_images/I01.BMP,type_21,5,3.05405,0.11432,21,i01_21_5.bmp,holdout
TID2013,I01,/data/projectwork/swati_mam/new model data/tid2013/tid2013/distorted_images/i01_22_1.bmp,/data/projectwork/swati_mam/new model data/tid2013/tid2013/reference_images/I01.BMP,type_22,1,5.55556,0.1329,22,i01_22_1.bmp,holdout
TID2013,I01,/data/projectwork/swati_mam/new model data/tid2013/tid2013/distorted_images/i01_22_2.bmp,/data/projectwork/swati_mam/new model data/tid2013/tid2013/reference_images/I01.BMP,type_22,2,5.18919,0.14218,22,i01_22_2.bmp,holdout
TID2013,I01,/data/projectwork/swati_mam/new model data/tid2013/tid2013/distorted_images/i01_22_3.bmp,/data/projectwork/swati_mam/new model data/tid2013/tid2013/reference_images/I01.BMP,type_22,3,4.30556,0.10985,22,i01_22_3.bmp,holdout
TID2013,I01,/data/projectwork/swati_mam/new model data/tid2013/tid2013/distorted_images/i01_22_4.bmp,/data/projectwork/swati_mam/new model data/tid2013/tid2013/reference_images/I01.BMP,type_22,4,3.16216,0.10477,22,i01_22_4.bmp,holdout
TID2013,I01,/data/projectwork/swati_mam/new model data/tid2013/tid2013/distorted_images/i01_22_5.bmp,/data/projectwork/swati_mam/new model data/tid2013/tid2013/reference_images/I01.BMP,type_22,5,2.19444,0.10259,22,i01_22_5.bmp,holdout
TID2013,I01,/data/projectwork/swati_mam/new model data/tid2013/tid2013/distorted_images/i01_23_1.bmp,/data/projectwork/swati_mam/new model data/tid2013/tid2013/reference_images/I01.BMP,type_23,1,6.28571,0.13138,23,i01_23_1.bmp,holdout
TID2013,I01,/data/projectwork/swati_mam/new model data/tid2013/tid2013/distorted_images/i01_23_2.bmp,/data/projectwork/swati_mam/new model data/tid2013/tid2013/reference_images/I01.BMP,type_23,2,5.61111,0.14314,23,i01_23_2.bmp,holdout
TID2013,I01,/data/projectwork/swati_mam/new model data/tid2013/tid2013/distorted_images/i01_23_3.bmp,/data/projectwork/swati_mam/new model data/tid2013/tid2013/reference_images/I01.BMP,type_23,3,5.77778,0.13095,23,i01_23_3.bmp,holdout
TID2013,I01,/data/projectwork/swati_mam/new model data/tid2013/tid2013/distorted_images/i01_23_4.bmp,/data/projectwork/swati_mam/new model data/tid2013/tid2013/reference_images/I01.BMP,type_23,4,4.80556,0.1231,23,i01_23_4.bmp,holdout
TID2013,I01,/data/projectwork/swati_mam/new model data/tid2013/tid2013/distorted_images/i01_23_5.bmp,/data/projectwork/swati_mam/new model data/tid2013/tid2013/reference_images/I01.BMP,type_23,5,2.40541,0.12361,23,i01_23_5.bmp,holdout
TID2013,I01,/data/projectwork/swati_mam/new model data/tid2013/tid2013/distorted_images/i01_24_1.bmp,/data/projectwork/swati_mam/new model data/tid2013/tid2013/reference_images/I01.BMP,type_24,1,5.7027,0.16601,24,i01_24_1.bmp,holdout
TID2013,I01,/data/projectwork/swati_mam/new model data/tid2013/tid2013/distorted_images/i01_24_2.bmp,/data/projectwork/swati_mam/new model data/tid2013/tid2013/reference_images/I01.BMP,type_24,2,5.58333,0.15404,24,i01_24_2.bmp,holdout
TID2013,I01,/data/projectwork/swati_mam/new model data/tid2013/tid2013/distorted_images/i01_24_3.bmp,/data/projectwork/swati_mam/new model data/tid2013/tid2013/reference_images/I01.BMP,type_24,3,5.10811,0.1469599999999999,24,i01_24_3.bmp,holdout
TID2013,I01,/data/projectwork/swati_mam/new model data/tid2013/tid2013/distorted_images/i01_24_4.bmp,/data/projectwork/swati_mam/new model data/tid2013/tid2013/reference_images/I01.BMP,type_24,4,3.08108,0.10382,24,i01_24_4.bmp,holdout
TID2013,I01,/data/projectwork/swati_mam/new model data/tid2013/tid2013/distorted_images/i01_24_5.bmp,/data/projectwork/swati_mam/new model data/tid2013/tid2013/reference_images/I01.BMP,type_24,5,0.45946,0.11839,24,i01_24_5.bmp,holdout
TID2013,I02,/data/projectwork/swati_mam/new model data/tid2013/tid2013/distorted_images/I02_01_1.bmp,/data/projectwork/swati_mam/new model data/tid2013/tid2013/reference_images/I02.BMP,type_01,1,5.74286,0.12995,01,I02_01_1.bmp,train
TID2013,I02,/data/projectwork/swati_mam/new model data/tid2013/tid2013/distorted_images/i02_01_2.bmp,/data/projectwork/swati_mam/new model data/tid2013/tid2013/reference_images/I02.BMP,type_01,2,5.34286,0.13366,01,i02_01_2.bmp,train
TID2013,I02,/data/projectwork/swati_mam/new model data/tid2013/tid2013/distorted_images/i02_01_3.bmp,/data/projectwork/swati_mam/new model data/tid2013/tid2013/reference_images/I02.BMP,type_01,3,5.22222,0.1185799999999999,01,i02_01_3.bmp,train
TID2013,I02,/data/projectwork/swati_mam/new model data/tid2013/tid2013/distorted_images/i02_01_4.bmp,/data/projectwork/swati_mam/new model data/tid2013/tid2013/reference_images/I02.BMP,type_01,4,4.19444,0.09477,01,i02_01_4.bmp,train
TID2013,I02,/data/projectwork/swati_mam/new model data/tid2013/tid2013/distorted_images/i02_01_5.bmp,/data/projectwork/swati_mam/new model data/tid2013/tid2013/reference_images/I02.BMP,type_01,5,3.97297,0.11135,01,i02_01_5.bmp,train
TID2013,I02,/data/projectwork/swati_mam/new model data/tid2013/tid2013/distorted_images/i02_02_1.bmp,/data/projectwork/swati_mam/new model data/tid2013/tid2013/reference_images/I02.BMP,type_02,1,6.05556,0.16641,02,i02_02_1.bmp,train
TID2013,I02,/data/projectwork/swati_mam/new model data/tid2013/tid2013/distorted_images/i02_02_2.bmp,/data/projectwork/swati_mam/new model data/tid2013/tid2013/reference_images/I02.BMP,type_02,2,6.05405,0.15263,02,i02_02_2.bmp,train
TID2013,I02,/data/projectwork/swati_mam/new model data/tid2013/tid2013/distorted_images/i02_02_3.bmp,/data/projectwork/swati_mam/new model data/tid2013/tid2013/reference_images/I02.BMP,type_02,3,5.88889,0.12897,02,i02_02_3.bmp,train
TID2013,I02,/data/projectwork/swati_mam/new model data/tid2013/tid2013/distorted_images/i02_02_4.bmp,/data/projectwork/swati_mam/new model data/tid2013/tid2013/reference_images/I02.BMP,type_02,4,5.2973,0.10719,02,i02_02_4.bmp,train
TID2013,I02,/data/projectwork/swati_mam/new model data/tid2013/tid2013/distorted_images/i02_02_5.bmp,/data/projectwork/swati_mam/new model data/tid2013/tid2013/reference_images/I02.BMP,type_02,5,4.38889,0.1196599999999999,02,i02_02_5.bmp,train
TID2013,I02,/data/projectwork/swati_mam/new model data/tid2013/tid2013/distorted_images/i02_03_1.bmp,/data/projectwork/swati_mam/new model data/tid2013/tid2013/reference_images/I02.BMP,type_03,1,4.8,0.11285,03,i02_03_1.bmp,train
TID2013,I02,/data/projectwork/swati_mam/new model data/tid2013/tid2013/distorted_images/i02_03_2.bmp,/data/projectwork/swati_mam/new model data/tid2013/tid2013/reference_images/I02.BMP,type_03,2,4.43243,0.13535,03,i02_03_2.bmp,train
TID2013,I02,/data/projectwork/swati_mam/new model data/tid2013/tid2013/distorted_images/i02_03_3.bmp,/data/projectwork/swati_mam/new model data/tid2013/tid2013/reference_images/I02.BMP,type_03,3,3.83784,0.09755,03,i02_03_3.bmp,train
TID2013,I02,/data/projectwork/swati_mam/new model data/tid2013/tid2013/distorted_images/i02_03_4.bmp,/data/projectwork/swati_mam/new model data/tid2013/tid2013/reference_images/I02.BMP,type_03,4,3.5277800000000004,0.0832,03,i02_03_4.bmp,train
TID2013,I02,/data/projectwork/swati_mam/new model data/tid2013/tid2013/distorted_images/i02_03_5.bmp,/data/projectwork/swati_mam/new model data/tid2013/tid2013/reference_images/I02.BMP,type_03,5,2.91892,0.0965299999999999,03,i02_03_5.bmp,train
TID2013,I02,/data/projectwork/swati_mam/new model data/tid2013/tid2013/distorted_images/i02_04_1.bmp,/data/projectwork/swati_mam/new model data/tid2013/tid2013/reference_images/I02.BMP,type_04,1,6.28571,0.15424,04,i02_04_1.bmp,train
TID2013,I02,/data/projectwork/swati_mam/new model data/tid2013/tid2013/distorted_images/i02_04_2.bmp,/data/projectwork/swati_mam/new model data/tid2013/tid2013/reference_images/I02.BMP,type_04,2,6.16216,0.13521,04,i02_04_2.bmp,train
TID2013,I02,/data/projectwork/swati_mam/new model data/tid2013/tid2013/distorted_images/i02_04_3.bmp,/data/projectwork/swati_mam/new model data/tid2013/tid2013/reference_images/I02.BMP,type_04,3,5.19444,0.14065,04,i02_04_3.bmp,train
TID2013,I02,/data/projectwork/swati_mam/new model data/tid2013/tid2013/distorted_images/i02_04_4.bmp,/data/projectwork/swati_mam/new model data/tid2013/tid2013/reference_images/I02.BMP,type_04,4,4.74286,0.11671,04,i02_04_4.bmp,train
TID2013,I02,/data/projectwork/swati_mam/new model data/tid2013/tid2013/distorted_images/i02_04_5.bmp,/data/projectwork/swati_mam/new model data/tid2013/tid2013/reference_images/I02.BMP,type_04,5,4.28571,0.1250099999999999,04,i02_04_5.bmp,train
TID2013,I02,/data/projectwork/swati_mam/new model data/tid2013/tid2013/distorted_images/i02_05_1.bmp,/data/projectwork/swati_mam/new model data/tid2013/tid2013/reference_images/I02.BMP,type_05,1,6.11765,0.14861,05,i02_05_1.bmp,train
TID2013,I02,/data/projectwork/swati_mam/new model data/tid2013/tid2013/distorted_images/i02_05_2.bmp,/data/projectwork/swati_mam/new model data/tid2013/tid2013/reference_images/I02.BMP,type_05,2,6.11111,0.12284,05,i02_05_2.bmp,train
TID2013,I02,/data/projectwork/swati_mam/new model data/tid2013/tid2013/distorted_images/i02_05_3.bmp,/data/projectwork/swati_mam/new model data/tid2013/tid2013/reference_images/I02.BMP,type_05,3,5.43243,0.1180599999999999,05,i02_05_3.bmp,train
TID2013,I02,/data/projectwork/swati_mam/new model data/tid2013/tid2013/distorted_images/i02_05_4.bmp,/data/projectwork/swati_mam/new model data/tid2013/tid2013/reference_images/I02.BMP,type_05,4,4.37838,0.12297,05,i02_05_4.bmp,train
TID2013,I02,/data/projectwork/swati_mam/new model data/tid2013/tid2013/distorted_images/i02_05_5.bmp,/data/projectwork/swati_mam/new model data/tid2013/tid2013/reference_images/I02.BMP,type_05,5,3.41667,0.08217,05,i02_05_5.bmp,train
TID2013,I02,/data/projectwork/swati_mam/new model data/tid2013/tid2013/distorted_images/i02_06_1.bmp,/data/projectwork/swati_mam/new model data/tid2013/tid2013/reference_images/I02.BMP,type_06,1,4.55556,0.12696,06,i02_06_1.bmp,train
TID2013,I02,/data/projectwork/swati_mam/new model data/tid2013/tid2013/distorted_images/i02_06_2.bmp,/data/projectwork/swati_mam/new model data/tid2013/tid2013/reference_images/I02.BMP,type_06,2,4.27778,0.1083799999999999,06,i02_06_2.bmp,train
TID2013,I02,/data/projectwork/swati_mam/new model data/tid2013/tid2013/distorted_images/i02_06_3.bmp,/data/projectwork/swati_mam/new model data/tid2013/tid2013/reference_images/I02.BMP,type_06,3,3.72973,0.11241,06,i02_06_3.bmp,train
TID2013,I02,/data/projectwork/swati_mam/new model data/tid2013/tid2013/distorted_images/i02_06_4.bmp,/data/projectwork/swati_mam/new model data/tid2013/tid2013/reference_images/I02.BMP,type_06,4,3.48571,0.08448,06,i02_06_4.bmp,train
TID2013,I02,/data/projectwork/swati_mam/new model data/tid2013/tid2013/distorted_images/i02_06_5.bmp,/data/projectwork/swati_mam/new model data/tid2013/tid2013/reference_images/I02.BMP,type_06,5,3.10811,0.0836,06,i02_06_5.bmp,train
TID2013,I02,/data/projectwork/swati_mam/new model data/tid2013/tid2013/distorted_images/i02_07_1.bmp,/data/projectwork/swati_mam/new model data/tid2013/tid2013/reference_images/I02.BMP,type_07,1,5.91429,0.1169099999999999,07,i02_07_1.bmp,train
TID2013,I02,/data/projectwork/swati_mam/new model data/tid2013/tid2013/distorted_images/i02_07_2.bmp,/data/projectwork/swati_mam/new model data/tid2013/tid2013/reference_images/I02.BMP,type_07,2,5.58333,0.13249,07,i02_07_2.bmp,train
TID2013,I02,/data/projectwork/swati_mam/new model data/tid2013/tid2013/distorted_images/i02_07_3.bmp,/data/projectwork/swati_mam/new model data/tid2013/tid2013/reference_images/I02.BMP,type_07,3,3.76471,0.10238,07,i02_07_3.bmp,train
TID2013,I02,/data/projectwork/swati_mam/new model data/tid2013/tid2013/distorted_images/i02_07_4.bmp,/data/projectwork/swati_mam/new model data/tid2013/tid2013/reference_images/I02.BMP,type_07,4,3.75676,0.1040099999999999,07,i02_07_4.bmp,train
TID2013,I02,/data/projectwork/swati_mam/new model data/tid2013/tid2013/distorted_images/i02_07_5.bmp,/data/projectwork/swati_mam/new model data/tid2013/tid2013/reference_images/I02.BMP,type_07,5,2.85714,0.10799,07,i02_07_5.bmp,train
TID2013,I02,/data/projectwork/swati_mam/new model data/tid2013/tid2013/distorted_images/i02_08_1.bmp,/data/projectwork/swati_mam/new model data/tid2013/tid2013/reference_images/I02.BMP,type_08,1,6.10811,0.1419,08,i02_08_1.bmp,train
TID2013,I02,/data/projectwork/swati_mam/new model data/tid2013/tid2013/distorted_images/i02_08_2.bmp,/data/projectwork/swati_mam/new model data/tid2013/tid2013/reference_images/I02.BMP,type_08,2,5.16667,0.1145299999999999,08,i02_08_2.bmp,train
TID2013,I02,/data/projectwork/swati_mam/new model data/tid2013/tid2013/distorted_images/i02_08_3.bmp,/data/projectwork/swati_mam/new model data/tid2013/tid2013/reference_images/I02.BMP,type_08,3,4.54286,0.0842,08,i02_08_3.bmp,train
TID2013,I02,/data/projectwork/swati_mam/new model data/tid2013/tid2013/distorted_images/i02_08_4.bmp,/data/projectwork/swati_mam/new model data/tid2013/tid2013/reference_images/I02.BMP,type_08,4,3.83784,0.10477,08,i02_08_4.bmp,train
TID2013,I02,/data/projectwork/swati_mam/new model data/tid2013/tid2013/distorted_images/i02_08_5.bmp,/data/projectwork/swati_mam/new model data/tid2013/tid2013/reference_images/I02.BMP,type_08,5,3.02703,0.09735,08,i02_08_5.bmp,train
TID2013,I02,/data/projectwork/swati_mam/new model data/tid2013/tid2013/distorted_images/i02_09_1.bmp,/data/projectwork/swati_mam/new model data/tid2013/tid2013/reference_images/I02.BMP,type_09,1,6.0,0.15649,09,i02_09_1.bmp,train
TID2013,I02,/data/projectwork/swati_mam/new model data/tid2013/tid2013/distorted_images/i02_09_2.bmp,/data/projectwork/swati_mam/new model data/tid2013/tid2013/reference_images/I02.BMP,type_09,2,5.51429,0.14212,09,i02_09_2.bmp,train
TID2013,I02,/data/projectwork/swati_mam/new model data/tid2013/tid2013/distorted_images/i02_09_3.bmp,/data/projectwork/swati_mam/new model data/tid2013/tid2013/reference_images/I02.BMP,type_09,3,4.52778,0.12721,09,i02_09_3.bmp,train
TID2013,I02,/data/projectwork/swati_mam/new model data/tid2013/tid2013/distorted_images/i02_09_4.bmp,/data/projectwork/swati_mam/new model data/tid2013/tid2013/reference_images/I02.BMP,type_09,4,3.64865,0.1095599999999999,09,i02_09_4.bmp,train
TID2013,I02,/data/projectwork/swati_mam/new model data/tid2013/tid2013/distorted_images/i02_09_5.bmp,/data/projectwork/swati_mam/new model data/tid2013/tid2013/reference_images/I02.BMP,type_09,5,2.41667,0.08217,09,i02_09_5.bmp,train
TID2013,I02,/data/projectwork/swati_mam/new model data/tid2013/tid2013/distorted_images/i02_10_1.bmp,/data/projectwork/swati_mam/new model data/tid2013/tid2013/reference_images/I02.BMP,type_10,1,6.0,0.18331,10,i02_10_1.bmp,train
TID2013,I02,/data/projectwork/swati_mam/new model data/tid2013/tid2013/distorted_images/i02_10_2.bmp,/data/projectwork/swati_mam/new model data/tid2013/tid2013/reference_images/I02.BMP,type_10,2,5.97222,0.13314,10,i02_10_2.bmp,train
TID2013,I02,/data/projectwork/swati_mam/new model data/tid2013/tid2013/distorted_images/i02_10_3.bmp,/data/projectwork/swati_mam/new model data/tid2013/tid2013/reference_images/I02.BMP,type_10,3,5.43243,0.14065,10,i02_10_3.bmp,train
TID2013,I02,/data/projectwork/swati_mam/new model data/tid2013/tid2013/distorted_images/i02_10_4.bmp,/data/projectwork/swati_mam/new model data/tid2013/tid2013/reference_images/I02.BMP,type_10,4,3.5,0.1145299999999999,10,i02_10_4.bmp,train
TID2013,I02,/data/projectwork/swati_mam/new model data/tid2013/tid2013/distorted_images/i02_10_5.bmp,/data/projectwork/swati_mam/new model data/tid2013/tid2013/reference_images/I02.BMP,type_10,5,2.71429,0.08639,10,i02_10_5.bmp,train
TID2013,I02,/data/projectwork/swati_mam/new model data/tid2013/tid2013/distorted_images/I02_11_1.bmp,/data/projectwork/swati_mam/new model data/tid2013/tid2013/reference_images/I02.BMP,type_11,1,5.91667,0.16375,11,I02_11_1.bmp,train
TID2013,I02,/data/projectwork/swati_mam/new model data/tid2013/tid2013/distorted_images/i02_11_2.bmp,/data/projectwork/swati_mam/new model data/tid2013/tid2013/reference_images/I02.BMP,type_11,2,4.80556,0.10259,11,i02_11_2.bmp,train
TID2013,I02,/data/projectwork/swati_mam/new model data/tid2013/tid2013/distorted_images/i02_11_3.bmp,/data/projectwork/swati_mam/new model data/tid2013/tid2013/reference_images/I02.BMP,type_11,3,2.97297,0.09735,11,i02_11_3.bmp,train
TID2013,I02,/data/projectwork/swati_mam/new model data/tid2013/tid2013/distorted_images/i02_11_4.bmp,/data/projectwork/swati_mam/new model data/tid2013/tid2013/reference_images/I02.BMP,type_11,4,1.91892,0.08864,11,i02_11_4.bmp,train
TID2013,I02,/data/projectwork/swati_mam/new model data/tid2013/tid2013/distorted_images/i02_11_5.bmp,/data/projectwork/swati_mam/new model data/tid2013/tid2013/reference_images/I02.BMP,type_11,5,1.27778,0.1083799999999999,11,i02_11_5.bmp,train
TID2013,I02,/data/projectwork/swati_mam/new model data/tid2013/tid2013/distorted_images/i02_12_1.bmp,/data/projectwork/swati_mam/new model data/tid2013/tid2013/reference_images/I02.BMP,type_12,1,5.30556,0.1350599999999999,12,i02_12_1.bmp,train
TID2013,I02,/data/projectwork/swati_mam/new model data/tid2013/tid2013/distorted_images/i02_12_2.bmp,/data/projectwork/swati_mam/new model data/tid2013/tid2013/reference_images/I02.BMP,type_12,2,4.43243,0.12985,12,i02_12_2.bmp,train
TID2013,I02,/data/projectwork/swati_mam/new model data/tid2013/tid2013/distorted_images/i02_12_3.bmp,/data/projectwork/swati_mam/new model data/tid2013/tid2013/reference_images/I02.BMP,type_12,3,3.08108,0.0965299999999999,12,i02_12_3.bmp,train
TID2013,I02,/data/projectwork/swati_mam/new model data/tid2013/tid2013/distorted_images/i02_12_4.bmp,/data/projectwork/swati_mam/new model data/tid2013/tid2013/reference_images/I02.BMP,type_12,4,2.67568,0.1150099999999999,12,i02_12_4.bmp,train
TID2013,I02,/data/projectwork/swati_mam/new model data/tid2013/tid2013/distorted_images/i02_12_5.bmp,/data/projectwork/swati_mam/new model data/tid2013/tid2013/reference_images/I02.BMP,type_12,5,2.37143,0.09112,12,i02_12_5.bmp,train
TID2013,I02,/data/projectwork/swati_mam/new model data/tid2013/tid2013/distorted_images/I02_13_1.bmp,/data/projectwork/swati_mam/new model data/tid2013/tid2013/reference_images/I02.BMP,type_13,1,4.47222,0.0832,13,I02_13_1.bmp,train
TID2013,I02,/data/projectwork/swati_mam/new model data/tid2013/tid2013/distorted_images/i02_13_2.bmp,/data/projectwork/swati_mam/new model data/tid2013/tid2013/reference_images/I02.BMP,type_13,2,4.0,0.10393,13,i02_13_2.bmp,train
TID2013,I02,/data/projectwork/swati_mam/new model data/tid2013/tid2013/distorted_images/i02_13_3.bmp,/data/projectwork/swati_mam/new model data/tid2013/tid2013/reference_images/I02.BMP,type_13,3,3.38889,0.0984299999999999,13,i02_13_3.bmp,train
TID2013,I02,/data/projectwork/swati_mam/new model data/tid2013/tid2013/distorted_images/i02_13_4.bmp,/data/projectwork/swati_mam/new model data/tid2013/tid2013/reference_images/I02.BMP,type_13,4,2.89189,0.09192,13,i02_13_4.bmp,train
TID2013,I02,/data/projectwork/swati_mam/new model data/tid2013/tid2013/distorted_images/i02_13_5.bmp,/data/projectwork/swati_mam/new model data/tid2013/tid2013/reference_images/I02.BMP,type_13,5,3.61111,0.08125,13,i02_13_5.bmp,train
TID2013,I02,/data/projectwork/swati_mam/new model data/tid2013/tid2013/distorted_images/i02_14_1.bmp,/data/projectwork/swati_mam/new model data/tid2013/tid2013/reference_images/I02.BMP,type_14,1,5.75,0.15897,14,i02_14_1.bmp,train
TID2013,I02,/data/projectwork/swati_mam/new model data/tid2013/tid2013/distorted_images/i02_14_2.bmp,/data/projectwork/swati_mam/new model data/tid2013/tid2013/reference_images/I02.BMP,type_14,2,6.08108,0.14989,14,i02_14_2.bmp,train
TID2013,I02,/data/projectwork/swati_mam/new model data/tid2013/tid2013/distorted_images/i02_14_3.bmp,/data/projectwork/swati_mam/new model data/tid2013/tid2013/reference_images/I02.BMP,type_14,3,5.11429,0.13863,14,i02_14_3.bmp,train
TID2013,I02,/data/projectwork/swati_mam/new model data/tid2013/tid2013/distorted_images/i02_14_4.bmp,/data/projectwork/swati_mam/new model data/tid2013/tid2013/reference_images/I02.BMP,type_14,4,5.31429,0.1263099999999999,14,i02_14_4.bmp,train
TID2013,I02,/data/projectwork/swati_mam/new model data/tid2013/tid2013/distorted_images/i02_14_5.bmp,/data/projectwork/swati_mam/new model data/tid2013/tid2013/reference_images/I02.BMP,type_14,5,4.21622,0.15822,14,i02_14_5.bmp,train
TID2013,I02,/data/projectwork/swati_mam/new model data/tid2013/tid2013/distorted_images/i02_15_1.bmp,/data/projectwork/swati_mam/new model data/tid2013/tid2013/reference_images/I02.BMP,type_15,1,3.4,0.09214,15,i02_15_1.bmp,train
TID2013,I02,/data/projectwork/swati_mam/new model data/tid2013/tid2013/distorted_images/i02_15_2.bmp,/data/projectwork/swati_mam/new model data/tid2013/tid2013/reference_images/I02.BMP,type_15,2,3.62162,0.11688,15,i02_15_2.bmp,train
TID2013,I02,/data/projectwork/swati_mam/new model data/tid2013/tid2013/distorted_images/i02_15_3.bmp,/data/projectwork/swati_mam/new model data/tid2013/tid2013/reference_images/I02.BMP,type_15,3,3.83333,0.10758,15,i02_15_3.bmp,train
TID2013,I02,/data/projectwork/swati_mam/new model data/tid2013/tid2013/distorted_images/i02_15_4.bmp,/data/projectwork/swati_mam/new model data/tid2013/tid2013/reference_images/I02.BMP,type_15,4,3.83784,0.10477,15,i02_15_4.bmp,train
TID2013,I02,/data/projectwork/swati_mam/new model data/tid2013/tid2013/distorted_images/i02_15_5.bmp,/data/projectwork/swati_mam/new model data/tid2013/tid2013/reference_images/I02.BMP,type_15,5,4.2,0.10537,15,i02_15_5.bmp,train
TID2013,I02,/data/projectwork/swati_mam/new model data/tid2013/tid2013/distorted_images/i02_16_1.bmp,/data/projectwork/swati_mam/new model data/tid2013/tid2013/reference_images/I02.BMP,type_16,1,5.94595,0.16637,16,i02_16_1.bmp,train
TID2013,I02,/data/projectwork/swati_mam/new model data/tid2013/tid2013/distorted_images/i02_16_2.bmp,/data/projectwork/swati_mam/new model data/tid2013/tid2013/reference_images/I02.BMP,type_16,2,6.08333,0.14367,16,i02_16_2.bmp,train
TID2013,I02,/data/projectwork/swati_mam/new model data/tid2013/tid2013/distorted_images/i02_16_3.bmp,/data/projectwork/swati_mam/new model data/tid2013/tid2013/reference_images/I02.BMP,type_16,3,5.324319999999999,0.2060199999999999,16,i02_16_3.bmp,train
TID2013,I02,/data/projectwork/swati_mam/new model data/tid2013/tid2013/distorted_images/i02_16_4.bmp,/data/projectwork/swati_mam/new model data/tid2013/tid2013/reference_images/I02.BMP,type_16,4,5.13889,0.1627,16,i02_16_4.bmp,train
TID2013,I02,/data/projectwork/swati_mam/new model data/tid2013/tid2013/distorted_images/i02_16_5.bmp,/data/projectwork/swati_mam/new model data/tid2013/tid2013/reference_images/I02.BMP,type_16,5,4.56757,0.14065,16,i02_16_5.bmp,train
TID2013,I02,/data/projectwork/swati_mam/new model data/tid2013/tid2013/distorted_images/i02_17_1.bmp,/data/projectwork/swati_mam/new model data/tid2013/tid2013/reference_images/I02.BMP,type_17,1,5.91667,0.12028,17,i02_17_1.bmp,train
TID2013,I02,/data/projectwork/swati_mam/new model data/tid2013/tid2013/distorted_images/i02_17_2.bmp,/data/projectwork/swati_mam/new model data/tid2013/tid2013/reference_images/I02.BMP,type_17,2,5.68571,0.17506,17,i02_17_2.bmp,train
TID2013,I02,/data/projectwork/swati_mam/new model data/tid2013/tid2013/distorted_images/i02_17_3.bmp,/data/projectwork/swati_mam/new model data/tid2013/tid2013/reference_images/I02.BMP,type_17,3,4.83784,0.12969,17,i02_17_3.bmp,train
TID2013,I02,/data/projectwork/swati_mam/new model data/tid2013/tid2013/distorted_images/i02_17_4.bmp,/data/projectwork/swati_mam/new model data/tid2013/tid2013/reference_images/I02.BMP,type_17,4,4.7714300000000005,0.1620599999999999,17,i02_17_4.bmp,train
TID2013,I02,/data/projectwork/swati_mam/new model data/tid2013/tid2013/distorted_images/i02_17_5.bmp,/data/projectwork/swati_mam/new model data/tid2013/tid2013/reference_images/I02.BMP,type_17,5,3.91667,0.10668,17,i02_17_5.bmp,train
TID2013,I02,/data/projectwork/swati_mam/new model data/tid2013/tid2013/distorted_images/i02_18_1.bmp,/data/projectwork/swati_mam/new model data/tid2013/tid2013/reference_images/I02.BMP,type_18,1,5.97222,0.14426,18,i02_18_1.bmp,train
TID2013,I02,/data/projectwork/swati_mam/new model data/tid2013/tid2013/distorted_images/i02_18_2.bmp,/data/projectwork/swati_mam/new model data/tid2013/tid2013/reference_images/I02.BMP,type_18,2,5.59459,0.18114,18,i02_18_2.bmp,train
TID2013,I02,/data/projectwork/swati_mam/new model data/tid2013/tid2013/distorted_images/i02_18_3.bmp,/data/projectwork/swati_mam/new model data/tid2013/tid2013/reference_images/I02.BMP,type_18,3,4.82857,0.1590099999999999,18,i02_18_3.bmp,train
TID2013,I02,/data/projectwork/swati_mam/new model data/tid2013/tid2013/distorted_images/i02_18_4.bmp,/data/projectwork/swati_mam/new model data/tid2013/tid2013/reference_images/I02.BMP,type_18,4,4.91892,0.14989,18,i02_18_4.bmp,train
TID2013,I02,/data/projectwork/swati_mam/new model data/tid2013/tid2013/distorted_images/i02_18_5.bmp,/data/projectwork/swati_mam/new model data/tid2013/tid2013/reference_images/I02.BMP,type_18,5,4.54286,0.11671,18,i02_18_5.bmp,train
TID2013,I02,/data/projectwork/swati_mam/new model data/tid2013/tid2013/distorted_images/i02_19_1.bmp,/data/projectwork/swati_mam/new model data/tid2013/tid2013/reference_images/I02.BMP,type_19,1,5.77778,0.13095,19,i02_19_1.bmp,train
TID2013,I02,/data/projectwork/swati_mam/new model data/tid2013/tid2013/distorted_images/i02_19_2.bmp,/data/projectwork/swati_mam/new model data/tid2013/tid2013/reference_images/I02.BMP,type_19,2,5.43243,0.1117,19,i02_19_2.bmp,train
TID2013,I02,/data/projectwork/swati_mam/new model data/tid2013/tid2013/distorted_images/i02_19_3.bmp,/data/projectwork/swati_mam/new model data/tid2013/tid2013/reference_images/I02.BMP,type_19,3,4.83333,0.15466,19,i02_19_3.bmp,train
TID2013,I02,/data/projectwork/swati_mam/new model data/tid2013/tid2013/distorted_images/i02_19_4.bmp,/data/projectwork/swati_mam/new model data/tid2013/tid2013/reference_images/I02.BMP,type_19,4,4.22222,0.09711,19,i02_19_4.bmp,train
TID2013,I02,/data/projectwork/swati_mam/new model data/tid2013/tid2013/distorted_images/i02_19_5.bmp,/data/projectwork/swati_mam/new model data/tid2013/tid2013/reference_images/I02.BMP,type_19,5,3.75676,0.08886,19,i02_19_5.bmp,train
TID2013,I02,/data/projectwork/swati_mam/new model data/tid2013/tid2013/distorted_images/i02_20_1.bmp,/data/projectwork/swati_mam/new model data/tid2013/tid2013/reference_images/I02.BMP,type_20,1,6.05405,0.15734,20,i02_20_1.bmp,train
TID2013,I02,/data/projectwork/swati_mam/new model data/tid2013/tid2013/distorted_images/i02_20_2.bmp,/data/projectwork/swati_mam/new model data/tid2013/tid2013/reference_images/I02.BMP,type_20,2,6.17143,0.1640599999999999,20,i02_20_2.bmp,train
TID2013,I02,/data/projectwork/swati_mam/new model data/tid2013/tid2013/distorted_images/i02_20_3.bmp,/data/projectwork/swati_mam/new model data/tid2013/tid2013/reference_images/I02.BMP,type_20,3,5.30556,0.1350599999999999,20,i02_20_3.bmp,train
TID2013,I02,/data/projectwork/swati_mam/new model data/tid2013/tid2013/distorted_images/i02_20_4.bmp,/data/projectwork/swati_mam/new model data/tid2013/tid2013/reference_images/I02.BMP,type_20,4,4.0,0.09035,20,i02_20_4.bmp,train
TID2013,I02,/data/projectwork/swati_mam/new model data/tid2013/tid2013/distorted_images/i02_20_5.bmp,/data/projectwork/swati_mam/new model data/tid2013/tid2013/reference_images/I02.BMP,type_20,5,2.80556,0.10259,20,i02_20_5.bmp,train
TID2013,I02,/data/projectwork/swati_mam/new model data/tid2013/tid2013/distorted_images/i02_21_1.bmp,/data/projectwork/swati_mam/new model data/tid2013/tid2013/reference_images/I02.BMP,type_21,1,5.97297,0.173,21,i02_21_1.bmp,train
TID2013,I02,/data/projectwork/swati_mam/new model data/tid2013/tid2013/distorted_images/i02_21_2.bmp,/data/projectwork/swati_mam/new model data/tid2013/tid2013/reference_images/I02.BMP,type_21,2,5.2973,0.12599,21,i02_21_2.bmp,train
TID2013,I02,/data/projectwork/swati_mam/new model data/tid2013/tid2013/distorted_images/i02_21_3.bmp,/data/projectwork/swati_mam/new model data/tid2013/tid2013/reference_images/I02.BMP,type_21,3,4.6,0.1225599999999999,21,i02_21_3.bmp,train
TID2013,I02,/data/projectwork/swati_mam/new model data/tid2013/tid2013/distorted_images/i02_21_4.bmp,/data/projectwork/swati_mam/new model data/tid2013/tid2013/reference_images/I02.BMP,type_21,4,3.2777800000000004,0.07465,21,i02_21_4.bmp,train
TID2013,I02,/data/projectwork/swati_mam/new model data/tid2013/tid2013/distorted_images/i02_21_5.bmp,/data/projectwork/swati_mam/new model data/tid2013/tid2013/reference_images/I02.BMP,type_21,5,2.36111,0.08005,21,i02_21_5.bmp,train
TID2013,I02,/data/projectwork/swati_mam/new model data/tid2013/tid2013/distorted_images/i02_22_1.bmp,/data/projectwork/swati_mam/new model data/tid2013/tid2013/reference_images/I02.BMP,type_22,1,5.51351,0.15107,22,i02_22_1.bmp,train
TID2013,I02,/data/projectwork/swati_mam/new model data/tid2013/tid2013/distorted_images/i02_22_2.bmp,/data/projectwork/swati_mam/new model data/tid2013/tid2013/reference_images/I02.BMP,type_22,2,5.24324,0.15002,22,i02_22_2.bmp,train
TID2013,I02,/data/projectwork/swati_mam/new model data/tid2013/tid2013/distorted_images/i02_22_3.bmp,/data/projectwork/swati_mam/new model data/tid2013/tid2013/reference_images/I02.BMP,type_22,3,4.48571,0.08448,22,i02_22_3.bmp,train
TID2013,I02,/data/projectwork/swati_mam/new model data/tid2013/tid2013/distorted_images/i02_22_4.bmp,/data/projectwork/swati_mam/new model data/tid2013/tid2013/reference_images/I02.BMP,type_22,4,3.80556,0.09477,22,i02_22_4.bmp,train
TID2013,I02,/data/projectwork/swati_mam/new model data/tid2013/tid2013/distorted_images/i02_22_5.bmp,/data/projectwork/swati_mam/new model data/tid2013/tid2013/reference_images/I02.BMP,type_22,5,2.22222,0.08881,22,i02_22_5.bmp,train
TID2013,I02,/data/projectwork/swati_mam/new model data/tid2013/tid2013/distorted_images/i02_23_1.bmp,/data/projectwork/swati_mam/new model data/tid2013/tid2013/reference_images/I02.BMP,type_23,1,6.77778,0.15768,23,i02_23_1.bmp,train
TID2013,I02,/data/projectwork/swati_mam/new model data/tid2013/tid2013/distorted_images/i02_23_2.bmp,/data/projectwork/swati_mam/new model data/tid2013/tid2013/reference_images/I02.BMP,type_23,2,5.54054,0.11839,23,i02_23_2.bmp,train
TID2013,I02,/data/projectwork/swati_mam/new model data/tid2013/tid2013/distorted_images/i02_23_3.bmp,/data/projectwork/swati_mam/new model data/tid2013/tid2013/reference_images/I02.BMP,type_23,3,3.44444,0.09973,23,i02_23_3.bmp,train
TID2013,I02,/data/projectwork/swati_mam/new model data/tid2013/tid2013/distorted_images/i02_23_4.bmp,/data/projectwork/swati_mam/new model data/tid2013/tid2013/reference_images/I02.BMP,type_23,4,2.16216,0.08975,23,i02_23_4.bmp,train
TID2013,I02,/data/projectwork/swati_mam/new model data/tid2013/tid2013/distorted_images/i02_23_5.bmp,/data/projectwork/swati_mam/new model data/tid2013/tid2013/reference_images/I02.BMP,type_23,5,0.81081,0.11988,23,i02_23_5.bmp,train
TID2013,I02,/data/projectwork/swati_mam/new model data/tid2013/tid2013/distorted_images/i02_24_1.bmp,/data/projectwork/swati_mam/new model data/tid2013/tid2013/reference_images/I02.BMP,type_24,1,6.08108,0.18081,24,i02_24_1.bmp,train
TID2013,I02,/data/projectwork/swati_mam/new model data/tid2013/tid2013/distorted_images/i02_24_2.bmp,/data/projectwork/swati_mam/new model data/tid2013/tid2013/reference_images/I02.BMP,type_24,2,4.91667,0.11369,24,i02_24_2.bmp,train
TID2013,I02,/data/projectwork/swati_mam/new model data/tid2013/tid2013/distorted_images/i02_24_3.bmp,/data/projectwork/swati_mam/new model data/tid2013/tid2013/reference_images/I02.BMP,type_24,3,3.0,0.09623,24,i02_24_3.bmp,train
TID2013,I02,/data/projectwork/swati_mam/new model data/tid2013/tid2013/distorted_images/i02_24_4.bmp,/data/projectwork/swati_mam/new model data/tid2013/tid2013/reference_images/I02.BMP,type_24,4,2.11111,0.10227,24,i02_24_4.bmp,train
TID2013,I02,/data/projectwork/swati_mam/new model data/tid2013/tid2013/distorted_images/i02_24_5.bmp,/data/projectwork/swati_mam/new model data/tid2013/tid2013/reference_images/I02.BMP,type_24,5,0.89189,0.12552,24,i02_24_5.bmp,train
TID2013,I03,/data/projectwork/swati_mam/new model data/tid2013/tid2013/distorted_images/I03_01_1.bmp,/data/projectwork/swati_mam/new model data/tid2013/tid2013/reference_images/I03.BMP,type_01,1,5.76923,0.09905,01,I03_01_1.bmp,train
TID2013,I03,/data/projectwork/swati_mam/new model data/tid2013/tid2013/distorted_images/i03_01_2.bmp,/data/projectwork/swati_mam/new model data/tid2013/tid2013/reference_images/I03.BMP,type_01,2,5.10526,0.08145,01,i03_01_2.bmp,train
TID2013,I03,/data/projectwork/swati_mam/new model data/tid2013/tid2013/distorted_images/i03_01_3.bmp,/data/projectwork/swati_mam/new model data/tid2013/tid2013/reference_images/I03.BMP,type_01,3,4.68421,0.10595,01,i03_01_3.bmp,train
TID2013,I03,/data/projectwork/swati_mam/new model data/tid2013/tid2013/distorted_images/i03_01_4.bmp,/data/projectwork/swati_mam/new model data/tid2013/tid2013/reference_images/I03.BMP,type_01,4,4.25,0.0984299999999999,01,i03_01_4.bmp,train
TID2013,I03,/data/projectwork/swati_mam/new model data/tid2013/tid2013/distorted_images/i03_01_5.bmp,/data/projectwork/swati_mam/new model data/tid2013/tid2013/reference_images/I03.BMP,type_01,5,3.925,0.10833,01,i03_01_5.bmp,train
TID2013,I03,/data/projectwork/swati_mam/new model data/tid2013/tid2013/distorted_images/i03_02_1.bmp,/data/projectwork/swati_mam/new model data/tid2013/tid2013/reference_images/I03.BMP,type_02,1,6.18421,0.12814,02,i03_02_1.bmp,train
TID2013,I03,/data/projectwork/swati_mam/new model data/tid2013/tid2013/distorted_images/i03_02_2.bmp,/data/projectwork/swati_mam/new model data/tid2013/tid2013/reference_images/I03.BMP,type_02,2,6.28205,0.09559,02,i03_02_2.bmp,train
TID2013,I03,/data/projectwork/swati_mam/new model data/tid2013/tid2013/distorted_images/i03_02_3.bmp,/data/projectwork/swati_mam/new model data/tid2013/tid2013/reference_images/I03.BMP,type_02,3,5.25,0.1045799999999999,02,i03_02_3.bmp,train
TID2013,I03,/data/projectwork/swati_mam/new model data/tid2013/tid2013/distorted_images/i03_02_4.bmp,/data/projectwork/swati_mam/new model data/tid2013/tid2013/reference_images/I03.BMP,type_02,4,5.0,0.1,02,i03_02_4.bmp,train
TID2013,I03,/data/projectwork/swati_mam/new model data/tid2013/tid2013/distorted_images/i03_02_5.bmp,/data/projectwork/swati_mam/new model data/tid2013/tid2013/reference_images/I03.BMP,type_02,5,4.6,0.12145,02,i03_02_5.bmp,train
TID2013,I03,/data/projectwork/swati_mam/new model data/tid2013/tid2013/distorted_images/i03_03_1.bmp,/data/projectwork/swati_mam/new model data/tid2013/tid2013/reference_images/I03.BMP,type_03,1,4.65,0.11484,03,i03_03_1.bmp,train
TID2013,I03,/data/projectwork/swati_mam/new model data/tid2013/tid2013/distorted_images/i03_03_2.bmp,/data/projectwork/swati_mam/new model data/tid2013/tid2013/reference_images/I03.BMP,type_03,2,4.076919999999999,0.105,03,i03_03_2.bmp,train
TID2013,I03,/data/projectwork/swati_mam/new model data/tid2013/tid2013/distorted_images/i03_03_3.bmp,/data/projectwork/swati_mam/new model data/tid2013/tid2013/reference_images/I03.BMP,type_03,3,3.85,0.10338,03,i03_03_3.bmp,train
TID2013,I03,/data/projectwork/swati_mam/new model data/tid2013/tid2013/distorted_images/i03_03_4.bmp,/data/projectwork/swati_mam/new model data/tid2013/tid2013/reference_images/I03.BMP,type_03,4,3.28205,0.07206,03,i03_03_4.bmp,train
TID2013,I03,/data/projectwork/swati_mam/new model data/tid2013/tid2013/distorted_images/i03_03_5.bmp,/data/projectwork/swati_mam/new model data/tid2013/tid2013/reference_images/I03.BMP,type_03,5,2.89474,0.09697,03,i03_03_5.bmp,train
TID2013,I03,/data/projectwork/swati_mam/new model data/tid2013/tid2013/distorted_images/i03_04_1.bmp,/data/projectwork/swati_mam/new model data/tid2013/tid2013/reference_images/I03.BMP,type_04,1,6.38462,0.14329,04,i03_04_1.bmp,train
TID2013,I03,/data/projectwork/swati_mam/new model data/tid2013/tid2013/distorted_images/i03_04_2.bmp,/data/projectwork/swati_mam/new model data/tid2013/tid2013/reference_images/I03.BMP,type_04,2,5.65789,0.10707,04,i03_04_2.bmp,train
TID2013,I03,/data/projectwork/swati_mam/new model data/tid2013/tid2013/distorted_images/i03_04_3.bmp,/data/projectwork/swati_mam/new model data/tid2013/tid2013/reference_images/I03.BMP,type_04,3,5.225,0.12984,04,i03_04_3.bmp,train
TID2013,I03,/data/projectwork/swati_mam/new model data/tid2013/tid2013/distorted_images/i03_04_4.bmp,/data/projectwork/swati_mam/new model data/tid2013/tid2013/reference_images/I03.BMP,type_04,4,4.6,0.11068,04,i03_04_4.bmp,train
TID2013,I03,/data/projectwork/swati_mam/new model data/tid2013/tid2013/distorted_images/i03_04_5.bmp,/data/projectwork/swati_mam/new model data/tid2013/tid2013/reference_images/I03.BMP,type_04,5,3.575,0.09929,04,i03_04_5.bmp,train
TID2013,I03,/data/projectwork/swati_mam/new model data/tid2013/tid2013/distorted_images/i03_05_1.bmp,/data/projectwork/swati_mam/new model data/tid2013/tid2013/reference_images/I03.BMP,type_05,1,6.5,0.15,05,i03_05_1.bmp,train
TID2013,I03,/data/projectwork/swati_mam/new model data/tid2013/tid2013/distorted_images/i03_05_2.bmp,/data/projectwork/swati_mam/new model data/tid2013/tid2013/reference_images/I03.BMP,type_05,2,5.6315800000000005,0.12577,05,i03_05_2.bmp,train
TID2013,I03,/data/projectwork/swati_mam/new model data/tid2013/tid2013/distorted_images/i03_05_3.bmp,/data/projectwork/swati_mam/new model data/tid2013/tid2013/reference_images/I03.BMP,type_05,3,5.3,0.10124,05,i03_05_3.bmp,train
TID2013,I03,/data/projectwork/swati_mam/new model data/tid2013/tid2013/distorted_images/i03_05_4.bmp,/data/projectwork/swati_mam/new model data/tid2013/tid2013/reference_images/I03.BMP,type_05,4,4.30769,0.0969899999999999,05,i03_05_4.bmp,train
TID2013,I03,/data/projectwork/swati_mam/new model data/tid2013/tid2013/distorted_images/i03_05_5.bmp,/data/projectwork/swati_mam/new model data/tid2013/tid2013/reference_images/I03.BMP,type_05,5,3.4736800000000003,0.081,05,i03_05_5.bmp,train
TID2013,I03,/data/projectwork/swati_mam/new model data/tid2013/tid2013/distorted_images/i03_06_1.bmp,/data/projectwork/swati_mam/new model data/tid2013/tid2013/reference_images/I03.BMP,type_06,1,4.81579,0.1168299999999999,06,i03_06_1.bmp,train
TID2013,I03,/data/projectwork/swati_mam/new model data/tid2013/tid2013/distorted_images/i03_06_2.bmp,/data/projectwork/swati_mam/new model data/tid2013/tid2013/reference_images/I03.BMP,type_06,2,4.53846,0.12997,06,i03_06_2.bmp,train
TID2013,I03,/data/projectwork/swati_mam/new model data/tid2013/tid2013/distorted_images/i03_06_3.bmp,/data/projectwork/swati_mam/new model data/tid2013/tid2013/reference_images/I03.BMP,type_06,3,4.1,0.10488,06,i03_06_3.bmp,train
TID2013,I03,/data/projectwork/swati_mam/new model data/tid2013/tid2013/distorted_images/i03_06_4.bmp,/data/projectwork/swati_mam/new model data/tid2013/tid2013/reference_images/I03.BMP,type_06,4,3.75,0.0984299999999999,06,i03_06_4.bmp,train
TID2013,I03,/data/projectwork/swati_mam/new model data/tid2013/tid2013/distorted_images/i03_06_5.bmp,/data/projectwork/swati_mam/new model data/tid2013/tid2013/reference_images/I03.BMP,type_06,5,3.5,0.1172599999999999,06,i03_06_5.bmp,train
TID2013,I03,/data/projectwork/swati_mam/new model data/tid2013/tid2013/distorted_images/i03_07_1.bmp,/data/projectwork/swati_mam/new model data/tid2013/tid2013/reference_images/I03.BMP,type_07,1,4.97436,0.11169,07,i03_07_1.bmp,train
TID2013,I03,/data/projectwork/swati_mam/new model data/tid2013/tid2013/distorted_images/i03_07_2.bmp,/data/projectwork/swati_mam/new model data/tid2013/tid2013/reference_images/I03.BMP,type_07,2,4.1,0.10488,07,i03_07_2.bmp,train
TID2013,I03,/data/projectwork/swati_mam/new model data/tid2013/tid2013/distorted_images/i03_07_3.bmp,/data/projectwork/swati_mam/new model data/tid2013/tid2013/reference_images/I03.BMP,type_07,3,3.84615,0.09272,07,i03_07_3.bmp,train
TID2013,I03,/data/projectwork/swati_mam/new model data/tid2013/tid2013/distorted_images/i03_07_4.bmp,/data/projectwork/swati_mam/new model data/tid2013/tid2013/reference_images/I03.BMP,type_07,4,3.825,0.09279,07,i03_07_4.bmp,train
TID2013,I03,/data/projectwork/swati_mam/new model data/tid2013/tid2013/distorted_images/i03_07_5.bmp,/data/projectwork/swati_mam/new model data/tid2013/tid2013/reference_images/I03.BMP,type_07,5,3.615380000000001,0.0779,07,i03_07_5.bmp,train
TID2013,I03,/data/projectwork/swati_mam/new model data/tid2013/tid2013/distorted_images/i03_08_1.bmp,/data/projectwork/swati_mam/new model data/tid2013/tid2013/reference_images/I03.BMP,type_08,1,6.34211,0.1193,08,i03_08_1.bmp,train
TID2013,I03,/data/projectwork/swati_mam/new model data/tid2013/tid2013/distorted_images/i03_08_2.bmp,/data/projectwork/swati_mam/new model data/tid2013/tid2013/reference_images/I03.BMP,type_08,2,5.6,0.11068,08,i03_08_2.bmp,train
TID2013,I03,/data/projectwork/swati_mam/new model data/tid2013/tid2013/distorted_images/i03_08_3.bmp,/data/projectwork/swati_mam/new model data/tid2013/tid2013/reference_images/I03.BMP,type_08,3,4.47368,0.081,08,i03_08_3.bmp,train
TID2013,I03,/data/projectwork/swati_mam/new model data/tid2013/tid2013/distorted_images/i03_08_4.bmp,/data/projectwork/swati_mam/new model data/tid2013/tid2013/reference_images/I03.BMP,type_08,4,3.75,0.12119,08,i03_08_4.bmp,train
TID2013,I03,/data/projectwork/swati_mam/new model data/tid2013/tid2013/distorted_images/i03_08_5.bmp,/data/projectwork/swati_mam/new model data/tid2013/tid2013/reference_images/I03.BMP,type_08,5,2.95,0.09321,08,i03_08_5.bmp,train
TID2013,I03,/data/projectwork/swati_mam/new model data/tid2013/tid2013/distorted_images/i03_09_1.bmp,/data/projectwork/swati_mam/new model data/tid2013/tid2013/reference_images/I03.BMP,type_09,1,6.65,0.1348599999999999,09,i03_09_1.bmp,train
TID2013,I03,/data/projectwork/swati_mam/new model data/tid2013/tid2013/distorted_images/i03_09_2.bmp,/data/projectwork/swati_mam/new model data/tid2013/tid2013/reference_images/I03.BMP,type_09,2,6.25641,0.12932,09,i03_09_2.bmp,train
TID2013,I03,/data/projectwork/swati_mam/new model data/tid2013/tid2013/distorted_images/i03_09_3.bmp,/data/projectwork/swati_mam/new model data/tid2013/tid2013/reference_images/I03.BMP,type_09,3,5.475,0.13687,09,i03_09_3.bmp,train
TID2013,I03,/data/projectwork/swati_mam/new model data/tid2013/tid2013/distorted_images/i03_09_4.bmp,/data/projectwork/swati_mam/new model data/tid2013/tid2013/reference_images/I03.BMP,type_09,4,3.74359,0.11304,09,i03_09_4.bmp,train
TID2013,I03,/data/projectwork/swati_mam/new model data/tid2013/tid2013/distorted_images/i03_09_5.bmp,/data/projectwork/swati_mam/new model data/tid2013/tid2013/reference_images/I03.BMP,type_09,5,2.47368,0.081,09,i03_09_5.bmp,train
TID2013,I03,/data/projectwork/swati_mam/new model data/tid2013/tid2013/distorted_images/i03_10_1.bmp,/data/projectwork/swati_mam/new model data/tid2013/tid2013/reference_images/I03.BMP,type_10,1,6.23684,0.15087,10,i03_10_1.bmp,train
TID2013,I03,/data/projectwork/swati_mam/new model data/tid2013/tid2013/distorted_images/i03_10_2.bmp,/data/projectwork/swati_mam/new model data/tid2013/tid2013/reference_images/I03.BMP,type_10,2,5.66667,0.13241,10,i03_10_2.bmp,train
TID2013,I03,/data/projectwork/swati_mam/new model data/tid2013/tid2013/distorted_images/i03_10_3.bmp,/data/projectwork/swati_mam/new model data/tid2013/tid2013/reference_images/I03.BMP,type_10,3,5.05128,0.11999,10,i03_10_3.bmp,train
TID2013,I03,/data/projectwork/swati_mam/new model data/tid2013/tid2013/distorted_images/i03_10_4.bmp,/data/projectwork/swati_mam/new model data/tid2013/tid2013/reference_images/I03.BMP,type_10,4,3.3,0.09487,10,i03_10_4.bmp,train
TID2013,I03,/data/projectwork/swati_mam/new model data/tid2013/tid2013/distorted_images/i03_10_5.bmp,/data/projectwork/swati_mam/new model data/tid2013/tid2013/reference_images/I03.BMP,type_10,5,2.48718,0.08004,10,i03_10_5.bmp,train
TID2013,I03,/data/projectwork/swati_mam/new model data/tid2013/tid2013/distorted_images/I03_11_1.bmp,/data/projectwork/swati_mam/new model data/tid2013/tid2013/reference_images/I03.BMP,type_11,1,5.36842,0.11423,11,I03_11_1.bmp,train
TID2013,I03,/data/projectwork/swati_mam/new model data/tid2013/tid2013/distorted_images/i03_11_2.bmp,/data/projectwork/swati_mam/new model data/tid2013/tid2013/reference_images/I03.BMP,type_11,2,4.076919999999999,0.105,11,i03_11_2.bmp,train
TID2013,I03,/data/projectwork/swati_mam/new model data/tid2013/tid2013/distorted_images/i03_11_3.bmp,/data/projectwork/swati_mam/new model data/tid2013/tid2013/reference_images/I03.BMP,type_11,3,2.84615,0.08534,11,i03_11_3.bmp,train
TID2013,I03,/data/projectwork/swati_mam/new model data/tid2013/tid2013/distorted_images/i03_11_4.bmp,/data/projectwork/swati_mam/new model data/tid2013/tid2013/reference_images/I03.BMP,type_11,4,1.82051,0.06145,11,i03_11_4.bmp,train
TID2013,I03,/data/projectwork/swati_mam/new model data/tid2013/tid2013/distorted_images/i03_11_5.bmp,/data/projectwork/swati_mam/new model data/tid2013/tid2013/reference_images/I03.BMP,type_11,5,0.7,0.09487,11,i03_11_5.bmp,train
TID2013,I03,/data/projectwork/swati_mam/new model data/tid2013/tid2013/distorted_images/i03_12_1.bmp,/data/projectwork/swati_mam/new model data/tid2013/tid2013/reference_images/I03.BMP,type_12,1,5.41026,0.14827,12,i03_12_1.bmp,train
TID2013,I03,/data/projectwork/swati_mam/new model data/tid2013/tid2013/distorted_images/i03_12_2.bmp,/data/projectwork/swati_mam/new model data/tid2013/tid2013/reference_images/I03.BMP,type_12,2,4.07895,0.10774,12,i03_12_2.bmp,train
TID2013,I03,/data/projectwork/swati_mam/new model data/tid2013/tid2013/distorted_images/i03_12_3.bmp,/data/projectwork/swati_mam/new model data/tid2013/tid2013/reference_images/I03.BMP,type_12,3,2.84211,0.10867,12,i03_12_3.bmp,train
TID2013,I03,/data/projectwork/swati_mam/new model data/tid2013/tid2013/distorted_images/i03_12_4.bmp,/data/projectwork/swati_mam/new model data/tid2013/tid2013/reference_images/I03.BMP,type_12,4,3.1,0.08515,12,i03_12_4.bmp,train
TID2013,I03,/data/projectwork/swati_mam/new model data/tid2013/tid2013/distorted_images/i03_12_5.bmp,/data/projectwork/swati_mam/new model data/tid2013/tid2013/reference_images/I03.BMP,type_12,5,2.4,0.07746,12,i03_12_5.bmp,train
TID2013,I03,/data/projectwork/swati_mam/new model data/tid2013/tid2013/distorted_images/I03_13_1.bmp,/data/projectwork/swati_mam/new model data/tid2013/tid2013/reference_images/I03.BMP,type_13,1,5.12821,0.10987,13,I03_13_1.bmp,train
TID2013,I03,/data/projectwork/swati_mam/new model data/tid2013/tid2013/distorted_images/i03_13_2.bmp,/data/projectwork/swati_mam/new model data/tid2013/tid2013/reference_images/I03.BMP,type_13,2,3.64103,0.07681,13,i03_13_2.bmp,train
TID2013,I03,/data/projectwork/swati_mam/new model data/tid2013/tid2013/distorted_images/i03_13_3.bmp,/data/projectwork/swati_mam/new model data/tid2013/tid2013/reference_images/I03.BMP,type_13,3,3.925,0.0961,13,i03_13_3.bmp,train
TID2013,I03,/data/projectwork/swati_mam/new model data/tid2013/tid2013/distorted_images/i03_13_4.bmp,/data/projectwork/swati_mam/new model data/tid2013/tid2013/reference_images/I03.BMP,type_13,4,2.925,0.07406,13,i03_13_4.bmp,train
TID2013,I03,/data/projectwork/swati_mam/new model data/tid2013/tid2013/distorted_images/i03_13_5.bmp,/data/projectwork/swati_mam/new model data/tid2013/tid2013/reference_images/I03.BMP,type_13,5,2.42105,0.08009,13,i03_13_5.bmp,train
TID2013,I03,/data/projectwork/swati_mam/new model data/tid2013/tid2013/distorted_images/i03_14_1.bmp,/data/projectwork/swati_mam/new model data/tid2013/tid2013/reference_images/I03.BMP,type_14,1,5.076919999999999,0.12761,14,i03_14_1.bmp,train
TID2013,I03,/data/projectwork/swati_mam/new model data/tid2013/tid2013/distorted_images/i03_14_2.bmp,/data/projectwork/swati_mam/new model data/tid2013/tid2013/reference_images/I03.BMP,type_14,2,6.0,0.17678,14,i03_14_2.bmp,train
TID2013,I03,/data/projectwork/swati_mam/new model data/tid2013/tid2013/distorted_images/i03_14_3.bmp,/data/projectwork/swati_mam/new model data/tid2013/tid2013/reference_images/I03.BMP,type_14,3,4.85,0.15227,14,i03_14_3.bmp,train
TID2013,I03,/data/projectwork/swati_mam/new model data/tid2013/tid2013/distorted_images/i03_14_4.bmp,/data/projectwork/swati_mam/new model data/tid2013/tid2013/reference_images/I03.BMP,type_14,4,4.46154,0.13972,14,i03_14_4.bmp,train
TID2013,I03,/data/projectwork/swati_mam/new model data/tid2013/tid2013/distorted_images/i03_14_5.bmp,/data/projectwork/swati_mam/new model data/tid2013/tid2013/reference_images/I03.BMP,type_14,5,3.5,0.1172599999999999,14,i03_14_5.bmp,train
TID2013,I03,/data/projectwork/swati_mam/new model data/tid2013/tid2013/distorted_images/i03_15_1.bmp,/data/projectwork/swati_mam/new model data/tid2013/tid2013/reference_images/I03.BMP,type_15,1,3.725,0.1224099999999999,15,i03_15_1.bmp,train
TID2013,I03,/data/projectwork/swati_mam/new model data/tid2013/tid2013/distorted_images/i03_15_2.bmp,/data/projectwork/swati_mam/new model data/tid2013/tid2013/reference_images/I03.BMP,type_15,2,4.05,0.15391,15,i03_15_2.bmp,train
TID2013,I03,/data/projectwork/swati_mam/new model data/tid2013/tid2013/distorted_images/i03_15_3.bmp,/data/projectwork/swati_mam/new model data/tid2013/tid2013/reference_images/I03.BMP,type_15,3,4.025,0.14356,15,i03_15_3.bmp,train
TID2013,I03,/data/projectwork/swati_mam/new model data/tid2013/tid2013/distorted_images/i03_15_4.bmp,/data/projectwork/swati_mam/new model data/tid2013/tid2013/reference_images/I03.BMP,type_15,4,4.28205,0.15363,15,i03_15_4.bmp,train
TID2013,I03,/data/projectwork/swati_mam/new model data/tid2013/tid2013/distorted_images/i03_15_5.bmp,/data/projectwork/swati_mam/new model data/tid2013/tid2013/reference_images/I03.BMP,type_15,5,4.79487,0.14586,15,i03_15_5.bmp,train
TID2013,I03,/data/projectwork/swati_mam/new model data/tid2013/tid2013/distorted_images/i03_16_1.bmp,/data/projectwork/swati_mam/new model data/tid2013/tid2013/reference_images/I03.BMP,type_16,1,6.8205100000000005,0.12494,16,i03_16_1.bmp,train
TID2013,I03,/data/projectwork/swati_mam/new model data/tid2013/tid2013/distorted_images/i03_16_2.bmp,/data/projectwork/swati_mam/new model data/tid2013/tid2013/reference_images/I03.BMP,type_16,2,6.525,0.18023,16,i03_16_2.bmp,train
TID2013,I03,/data/projectwork/swati_mam/new model data/tid2013/tid2013/distorted_images/i03_16_3.bmp,/data/projectwork/swati_mam/new model data/tid2013/tid2013/reference_images/I03.BMP,type_16,3,5.975,0.15607,16,i03_16_3.bmp,train
TID2013,I03,/data/projectwork/swati_mam/new model data/tid2013/tid2013/distorted_images/i03_16_4.bmp,/data/projectwork/swati_mam/new model data/tid2013/tid2013/reference_images/I03.BMP,type_16,4,6.075,0.15161,16,i03_16_4.bmp,train
TID2013,I03,/data/projectwork/swati_mam/new model data/tid2013/tid2013/distorted_images/i03_16_5.bmp,/data/projectwork/swati_mam/new model data/tid2013/tid2013/reference_images/I03.BMP,type_16,5,5.02564,0.15164,16,i03_16_5.bmp,train
TID2013,I03,/data/projectwork/swati_mam/new model data/tid2013/tid2013/distorted_images/i03_17_1.bmp,/data/projectwork/swati_mam/new model data/tid2013/tid2013/reference_images/I03.BMP,type_17,1,6.28205,0.13543,17,i03_17_1.bmp,train
TID2013,I03,/data/projectwork/swati_mam/new model data/tid2013/tid2013/distorted_images/i03_17_2.bmp,/data/projectwork/swati_mam/new model data/tid2013/tid2013/reference_images/I03.BMP,type_17,2,6.75,0.16489,17,i03_17_2.bmp,train
TID2013,I03,/data/projectwork/swati_mam/new model data/tid2013/tid2013/distorted_images/i03_17_3.bmp,/data/projectwork/swati_mam/new model data/tid2013/tid2013/reference_images/I03.BMP,type_17,3,5.2,0.12349,17,i03_17_3.bmp,train
TID2013,I03,/data/projectwork/swati_mam/new model data/tid2013/tid2013/distorted_images/i03_17_4.bmp,/data/projectwork/swati_mam/new model data/tid2013/tid2013/reference_images/I03.BMP,type_17,4,6.575,0.19965,17,i03_17_4.bmp,train
TID2013,I03,/data/projectwork/swati_mam/new model data/tid2013/tid2013/distorted_images/i03_17_5.bmp,/data/projectwork/swati_mam/new model data/tid2013/tid2013/reference_images/I03.BMP,type_17,5,3.79487,0.13164,17,i03_17_5.bmp,train
TID2013,I03,/data/projectwork/swati_mam/new model data/tid2013/tid2013/distorted_images/i03_18_1.bmp,/data/projectwork/swati_mam/new model data/tid2013/tid2013/reference_images/I03.BMP,type_18,1,5.76923,0.1379,18,i03_18_1.bmp,train
TID2013,I03,/data/projectwork/swati_mam/new model data/tid2013/tid2013/distorted_images/i03_18_2.bmp,/data/projectwork/swati_mam/new model data/tid2013/tid2013/reference_images/I03.BMP,type_18,2,5.71795,0.12535,18,i03_18_2.bmp,train
TID2013,I03,/data/projectwork/swati_mam/new model data/tid2013/tid2013/distorted_images/i03_18_3.bmp,/data/projectwork/swati_mam/new model data/tid2013/tid2013/reference_images/I03.BMP,type_18,3,5.5641,0.12971,18,i03_18_3.bmp,train
TID2013,I03,/data/projectwork/swati_mam/new model data/tid2013/tid2013/distorted_images/i03_18_4.bmp,/data/projectwork/swati_mam/new model data/tid2013/tid2013/reference_images/I03.BMP,type_18,4,5.0,0.14044,18,i03_18_4.bmp,train
TID2013,I03,/data/projectwork/swati_mam/new model data/tid2013/tid2013/distorted_images/i03_18_5.bmp,/data/projectwork/swati_mam/new model data/tid2013/tid2013/reference_images/I03.BMP,type_18,5,4.65789,0.1304,18,i03_18_5.bmp,train
TID2013,I03,/data/projectwork/swati_mam/new model data/tid2013/tid2013/distorted_images/i03_19_1.bmp,/data/projectwork/swati_mam/new model data/tid2013/tid2013/reference_images/I03.BMP,type_19,1,5.51282,0.10174,19,i03_19_1.bmp,train
TID2013,I03,/data/projectwork/swati_mam/new model data/tid2013/tid2013/distorted_images/i03_19_2.bmp,/data/projectwork/swati_mam/new model data/tid2013/tid2013/reference_images/I03.BMP,type_19,2,5.02564,0.1174299999999999,19,i03_19_2.bmp,train
TID2013,I03,/data/projectwork/swati_mam/new model data/tid2013/tid2013/distorted_images/i03_19_3.bmp,/data/projectwork/swati_mam/new model data/tid2013/tid2013/reference_images/I03.BMP,type_19,3,4.7,0.10724,19,i03_19_3.bmp,train
TID2013,I03,/data/projectwork/swati_mam/new model data/tid2013/tid2013/distorted_images/i03_19_4.bmp,/data/projectwork/swati_mam/new model data/tid2013/tid2013/reference_images/I03.BMP,type_19,4,4.30769,0.1097099999999999,19,i03_19_4.bmp,train
TID2013,I03,/data/projectwork/swati_mam/new model data/tid2013/tid2013/distorted_images/i03_19_5.bmp,/data/projectwork/swati_mam/new model data/tid2013/tid2013/reference_images/I03.BMP,type_19,5,3.69231,0.0969899999999999,19,i03_19_5.bmp,train
TID2013,I03,/data/projectwork/swati_mam/new model data/tid2013/tid2013/distorted_images/i03_20_1.bmp,/data/projectwork/swati_mam/new model data/tid2013/tid2013/reference_images/I03.BMP,type_20,1,5.84211,0.12075,20,i03_20_1.bmp,train
TID2013,I03,/data/projectwork/swati_mam/new model data/tid2013/tid2013/distorted_images/i03_20_2.bmp,/data/projectwork/swati_mam/new model data/tid2013/tid2013/reference_images/I03.BMP,type_20,2,5.46154,0.11942,20,i03_20_2.bmp,train
TID2013,I03,/data/projectwork/swati_mam/new model data/tid2013/tid2013/distorted_images/i03_20_3.bmp,/data/projectwork/swati_mam/new model data/tid2013/tid2013/reference_images/I03.BMP,type_20,3,4.15789,0.09507,20,i03_20_3.bmp,train
TID2013,I03,/data/projectwork/swati_mam/new model data/tid2013/tid2013/distorted_images/i03_20_4.bmp,/data/projectwork/swati_mam/new model data/tid2013/tid2013/reference_images/I03.BMP,type_20,4,3.17949,0.09506,20,i03_20_4.bmp,train
TID2013,I03,/data/projectwork/swati_mam/new model data/tid2013/tid2013/distorted_images/i03_20_5.bmp,/data/projectwork/swati_mam/new model data/tid2013/tid2013/reference_images/I03.BMP,type_20,5,2.825,0.1054,20,i03_20_5.bmp,train
TID2013,I03,/data/projectwork/swati_mam/new model data/tid2013/tid2013/distorted_images/i03_21_1.bmp,/data/projectwork/swati_mam/new model data/tid2013/tid2013/reference_images/I03.BMP,type_21,1,5.23684,0.0944,21,i03_21_1.bmp,train
TID2013,I03,/data/projectwork/swati_mam/new model data/tid2013/tid2013/distorted_images/i03_21_2.bmp,/data/projectwork/swati_mam/new model data/tid2013/tid2013/reference_images/I03.BMP,type_21,2,4.4359,0.10754,21,i03_21_2.bmp,train
TID2013,I03,/data/projectwork/swati_mam/new model data/tid2013/tid2013/distorted_images/i03_21_3.bmp,/data/projectwork/swati_mam/new model data/tid2013/tid2013/reference_images/I03.BMP,type_21,3,3.89744,0.10754,21,i03_21_3.bmp,train
TID2013,I03,/data/projectwork/swati_mam/new model data/tid2013/tid2013/distorted_images/i03_21_4.bmp,/data/projectwork/swati_mam/new model data/tid2013/tid2013/reference_images/I03.BMP,type_21,4,3.17949,0.08004,21,i03_21_4.bmp,train
TID2013,I03,/data/projectwork/swati_mam/new model data/tid2013/tid2013/distorted_images/i03_21_5.bmp,/data/projectwork/swati_mam/new model data/tid2013/tid2013/reference_images/I03.BMP,type_21,5,2.1,0.07746,21,i03_21_5.bmp,train
TID2013,I03,/data/projectwork/swati_mam/new model data/tid2013/tid2013/distorted_images/i03_22_1.bmp,/data/projectwork/swati_mam/new model data/tid2013/tid2013/reference_images/I03.BMP,type_22,1,5.97436,0.10564,22,i03_22_1.bmp,train
TID2013,I03,/data/projectwork/swati_mam/new model data/tid2013/tid2013/distorted_images/i03_22_2.bmp,/data/projectwork/swati_mam/new model data/tid2013/tid2013/reference_images/I03.BMP,type_22,2,5.358969999999999,0.12814,22,i03_22_2.bmp,train
TID2013,I03,/data/projectwork/swati_mam/new model data/tid2013/tid2013/distorted_images/i03_22_3.bmp,/data/projectwork/swati_mam/new model data/tid2013/tid2013/reference_images/I03.BMP,type_22,3,5.23077,0.1054799999999999,22,i03_22_3.bmp,train
TID2013,I03,/data/projectwork/swati_mam/new model data/tid2013/tid2013/distorted_images/i03_22_4.bmp,/data/projectwork/swati_mam/new model data/tid2013/tid2013/reference_images/I03.BMP,type_22,4,4.358969999999999,0.09236,22,i03_22_4.bmp,train
TID2013,I03,/data/projectwork/swati_mam/new model data/tid2013/tid2013/distorted_images/i03_22_5.bmp,/data/projectwork/swati_mam/new model data/tid2013/tid2013/reference_images/I03.BMP,type_22,5,3.92105,0.10774,22,i03_22_5.bmp,train
TID2013,I03,/data/projectwork/swati_mam/new model data/tid2013/tid2013/distorted_images/i03_23_1.bmp,/data/projectwork/swati_mam/new model data/tid2013/tid2013/reference_images/I03.BMP,type_23,1,6.71795,0.16196,23,i03_23_1.bmp,train
TID2013,I03,/data/projectwork/swati_mam/new model data/tid2013/tid2013/distorted_images/i03_23_2.bmp,/data/projectwork/swati_mam/new model data/tid2013/tid2013/reference_images/I03.BMP,type_23,2,5.84615,0.12318,23,i03_23_2.bmp,train
TID2013,I03,/data/projectwork/swati_mam/new model data/tid2013/tid2013/distorted_images/i03_23_3.bmp,/data/projectwork/swati_mam/new model data/tid2013/tid2013/reference_images/I03.BMP,type_23,3,3.9,0.0922,23,i03_23_3.bmp,train
TID2013,I03,/data/projectwork/swati_mam/new model data/tid2013/tid2013/distorted_images/i03_23_4.bmp,/data/projectwork/swati_mam/new model data/tid2013/tid2013/reference_images/I03.BMP,type_23,4,2.65789,0.07696,23,i03_23_4.bmp,train
TID2013,I03,/data/projectwork/swati_mam/new model data/tid2013/tid2013/distorted_images/i03_23_5.bmp,/data/projectwork/swati_mam/new model data/tid2013/tid2013/reference_images/I03.BMP,type_23,5,1.975,0.08282,23,i03_23_5.bmp,train
TID2013,I03,/data/projectwork/swati_mam/new model data/tid2013/tid2013/distorted_images/i03_24_1.bmp,/data/projectwork/swati_mam/new model data/tid2013/tid2013/reference_images/I03.BMP,type_24,1,5.74359,0.10074,24,i03_24_1.bmp,train
TID2013,I03,/data/projectwork/swati_mam/new model data/tid2013/tid2013/distorted_images/i03_24_2.bmp,/data/projectwork/swati_mam/new model data/tid2013/tid2013/reference_images/I03.BMP,type_24,2,4.2051300000000005,0.12124,24,i03_24_2.bmp,train
TID2013,I03,/data/projectwork/swati_mam/new model data/tid2013/tid2013/distorted_images/i03_24_3.bmp,/data/projectwork/swati_mam/new model data/tid2013/tid2013/reference_images/I03.BMP,type_24,3,2.825,0.11117,24,i03_24_3.bmp,train
TID2013,I03,/data/projectwork/swati_mam/new model data/tid2013/tid2013/distorted_images/i03_24_4.bmp,/data/projectwork/swati_mam/new model data/tid2013/tid2013/reference_images/I03.BMP,type_24,4,1.81579,0.082,24,i03_24_4.bmp,train
TID2013,I03,/data/projectwork/swati_mam/new model data/tid2013/tid2013/distorted_images/i03_24_5.bmp,/data/projectwork/swati_mam/new model data/tid2013/tid2013/reference_images/I03.BMP,type_24,5,0.42105,0.08009,24,i03_24_5.bmp,train
TID2013,I04,/data/projectwork/swati_mam/new model data/tid2013/tid2013/distorted_images/I04_01_1.bmp,/data/projectwork/swati_mam/new model data/tid2013/tid2013/reference_images/I04.BMP,type_01,1,5.7619,0.1205099999999999,01,I04_01_1.bmp,holdout
TID2013,I04,/data/projectwork/swati_mam/new model data/tid2013/tid2013/distorted_images/i04_01_2.bmp,/data/projectwork/swati_mam/new model data/tid2013/tid2013/reference_images/I04.BMP,type_01,2,5.47619,0.10774,01,i04_01_2.bmp,holdout
TID2013,I04,/data/projectwork/swati_mam/new model data/tid2013/tid2013/distorted_images/i04_01_3.bmp,/data/projectwork/swati_mam/new model data/tid2013/tid2013/reference_images/I04.BMP,type_01,3,4.92857,0.09155,01,i04_01_3.bmp,holdout
TID2013,I04,/data/projectwork/swati_mam/new model data/tid2013/tid2013/distorted_images/i04_01_4.bmp,/data/projectwork/swati_mam/new model data/tid2013/tid2013/reference_images/I04.BMP,type_01,4,4.26829,0.09142,01,i04_01_4.bmp,holdout
TID2013,I04,/data/projectwork/swati_mam/new model data/tid2013/tid2013/distorted_images/i04_01_5.bmp,/data/projectwork/swati_mam/new model data/tid2013/tid2013/reference_images/I04.BMP,type_01,5,4.0,0.08909,01,i04_01_5.bmp,holdout
TID2013,I04,/data/projectwork/swati_mam/new model data/tid2013/tid2013/distorted_images/i04_02_1.bmp,/data/projectwork/swati_mam/new model data/tid2013/tid2013/reference_images/I04.BMP,type_02,1,6.275,0.11719,02,i04_02_1.bmp,holdout
TID2013,I04,/data/projectwork/swati_mam/new model data/tid2013/tid2013/distorted_images/i04_02_2.bmp,/data/projectwork/swati_mam/new model data/tid2013/tid2013/reference_images/I04.BMP,type_02,2,6.15385,0.09956,02,i04_02_2.bmp,holdout
TID2013,I04,/data/projectwork/swati_mam/new model data/tid2013/tid2013/distorted_images/i04_02_3.bmp,/data/projectwork/swati_mam/new model data/tid2013/tid2013/reference_images/I04.BMP,type_02,3,5.682930000000001,0.1002,02,i04_02_3.bmp,holdout
TID2013,I04,/data/projectwork/swati_mam/new model data/tid2013/tid2013/distorted_images/i04_02_4.bmp,/data/projectwork/swati_mam/new model data/tid2013/tid2013/reference_images/I04.BMP,type_02,4,5.30952,0.11899,02,i04_02_4.bmp,holdout
TID2013,I04,/data/projectwork/swati_mam/new model data/tid2013/tid2013/distorted_images/i04_02_5.bmp,/data/projectwork/swati_mam/new model data/tid2013/tid2013/reference_images/I04.BMP,type_02,5,4.53659,0.0778799999999999,02,i04_02_5.bmp,holdout
TID2013,I04,/data/projectwork/swati_mam/new model data/tid2013/tid2013/distorted_images/i04_03_1.bmp,/data/projectwork/swati_mam/new model data/tid2013/tid2013/reference_images/I04.BMP,type_03,1,4.78049,0.08802,03,i04_03_1.bmp,holdout
TID2013,I04,/data/projectwork/swati_mam/new model data/tid2013/tid2013/distorted_images/i04_03_2.bmp,/data/projectwork/swati_mam/new model data/tid2013/tid2013/reference_images/I04.BMP,type_03,2,4.21429,0.0860799999999999,03,i04_03_2.bmp,holdout
TID2013,I04,/data/projectwork/swati_mam/new model data/tid2013/tid2013/distorted_images/i04_03_3.bmp,/data/projectwork/swati_mam/new model data/tid2013/tid2013/reference_images/I04.BMP,type_03,3,3.9,0.08515,03,i04_03_3.bmp,holdout
TID2013,I04,/data/projectwork/swati_mam/new model data/tid2013/tid2013/distorted_images/i04_03_4.bmp,/data/projectwork/swati_mam/new model data/tid2013/tid2013/reference_images/I04.BMP,type_03,4,3.425,0.07816,03,i04_03_4.bmp,holdout
TID2013,I04,/data/projectwork/swati_mam/new model data/tid2013/tid2013/distorted_images/i04_03_5.bmp,/data/projectwork/swati_mam/new model data/tid2013/tid2013/reference_images/I04.BMP,type_03,5,3.02381,0.0713299999999999,03,i04_03_5.bmp,holdout
TID2013,I04,/data/projectwork/swati_mam/new model data/tid2013/tid2013/distorted_images/i04_04_1.bmp,/data/projectwork/swati_mam/new model data/tid2013/tid2013/reference_images/I04.BMP,type_04,1,6.125,0.10117,04,i04_04_1.bmp,holdout
TID2013,I04,/data/projectwork/swati_mam/new model data/tid2013/tid2013/distorted_images/i04_04_2.bmp,/data/projectwork/swati_mam/new model data/tid2013/tid2013/reference_images/I04.BMP,type_04,2,6.26829,0.1337,04,i04_04_2.bmp,holdout
TID2013,I04,/data/projectwork/swati_mam/new model data/tid2013/tid2013/distorted_images/i04_04_3.bmp,/data/projectwork/swati_mam/new model data/tid2013/tid2013/reference_images/I04.BMP,type_04,3,6.15,0.10926,04,i04_04_3.bmp,holdout
TID2013,I04,/data/projectwork/swati_mam/new model data/tid2013/tid2013/distorted_images/i04_04_4.bmp,/data/projectwork/swati_mam/new model data/tid2013/tid2013/reference_images/I04.BMP,type_04,4,5.47619,0.10774,04,i04_04_4.bmp,holdout
TID2013,I04,/data/projectwork/swati_mam/new model data/tid2013/tid2013/distorted_images/i04_04_5.bmp,/data/projectwork/swati_mam/new model data/tid2013/tid2013/reference_images/I04.BMP,type_04,5,4.80952,0.11288,04,i04_04_5.bmp,holdout
TID2013,I04,/data/projectwork/swati_mam/new model data/tid2013/tid2013/distorted_images/i04_05_1.bmp,/data/projectwork/swati_mam/new model data/tid2013/tid2013/reference_images/I04.BMP,type_05,1,6.30952,0.1236599999999999,05,i04_05_1.bmp,holdout
TID2013,I04,/data/projectwork/swati_mam/new model data/tid2013/tid2013/distorted_images/i04_05_2.bmp,/data/projectwork/swati_mam/new model data/tid2013/tid2013/reference_images/I04.BMP,type_05,2,5.90244,0.11338,05,i04_05_2.bmp,holdout
TID2013,I04,/data/projectwork/swati_mam/new model data/tid2013/tid2013/distorted_images/i04_05_3.bmp,/data/projectwork/swati_mam/new model data/tid2013/tid2013/reference_images/I04.BMP,type_05,3,5.325,0.07406,05,i04_05_3.bmp,holdout
TID2013,I04,/data/projectwork/swati_mam/new model data/tid2013/tid2013/distorted_images/i04_05_4.bmp,/data/projectwork/swati_mam/new model data/tid2013/tid2013/reference_images/I04.BMP,type_05,4,4.47619,0.07706,05,i04_05_4.bmp,holdout
TID2013,I04,/data/projectwork/swati_mam/new model data/tid2013/tid2013/distorted_images/i04_05_5.bmp,/data/projectwork/swati_mam/new model data/tid2013/tid2013/reference_images/I04.BMP,type_05,5,3.70732,0.0928399999999999,05,i04_05_5.bmp,holdout
TID2013,I04,/data/projectwork/swati_mam/new model data/tid2013/tid2013/distorted_images/i04_06_1.bmp,/data/projectwork/swati_mam/new model data/tid2013/tid2013/reference_images/I04.BMP,type_06,1,5.02381,0.08577,06,i04_06_1.bmp,holdout
TID2013,I04,/data/projectwork/swati_mam/new model data/tid2013/tid2013/distorted_images/i04_06_2.bmp,/data/projectwork/swati_mam/new model data/tid2013/tid2013/reference_images/I04.BMP,type_06,2,4.560980000000001,0.12929,06,i04_06_2.bmp,holdout
TID2013,I04,/data/projectwork/swati_mam/new model data/tid2013/tid2013/distorted_images/i04_06_3.bmp,/data/projectwork/swati_mam/new model data/tid2013/tid2013/reference_images/I04.BMP,type_06,3,4.2619,0.1068,06,i04_06_3.bmp,holdout
TID2013,I04,/data/projectwork/swati_mam/new model data/tid2013/tid2013/distorted_images/i04_06_4.bmp,/data/projectwork/swati_mam/new model data/tid2013/tid2013/reference_images/I04.BMP,type_06,4,4.195119999999999,0.12541,06,i04_06_4.bmp,holdout
TID2013,I04,/data/projectwork/swati_mam/new model data/tid2013/tid2013/distorted_images/i04_06_5.bmp,/data/projectwork/swati_mam/new model data/tid2013/tid2013/reference_images/I04.BMP,type_06,5,3.45,0.07866,06,i04_06_5.bmp,holdout
TID2013,I04,/data/projectwork/swati_mam/new model data/tid2013/tid2013/distorted_images/i04_07_1.bmp,/data/projectwork/swati_mam/new model data/tid2013/tid2013/reference_images/I04.BMP,type_07,1,4.69048,0.09214,07,i04_07_1.bmp,holdout
TID2013,I04,/data/projectwork/swati_mam/new model data/tid2013/tid2013/distorted_images/i04_07_2.bmp,/data/projectwork/swati_mam/new model data/tid2013/tid2013/reference_images/I04.BMP,type_07,2,4.075,0.10833,07,i04_07_2.bmp,holdout
TID2013,I04,/data/projectwork/swati_mam/new model data/tid2013/tid2013/distorted_images/i04_07_3.bmp,/data/projectwork/swati_mam/new model data/tid2013/tid2013/reference_images/I04.BMP,type_07,3,3.52381,0.10234,07,i04_07_3.bmp,holdout
TID2013,I04,/data/projectwork/swati_mam/new model data/tid2013/tid2013/distorted_images/i04_07_4.bmp,/data/projectwork/swati_mam/new model data/tid2013/tid2013/reference_images/I04.BMP,type_07,4,3.14286,0.09265,07,i04_07_4.bmp,holdout
TID2013,I04,/data/projectwork/swati_mam/new model data/tid2013/tid2013/distorted_images/i04_07_5.bmp,/data/projectwork/swati_mam/new model data/tid2013/tid2013/reference_images/I04.BMP,type_07,5,2.95238,0.08878,07,i04_07_5.bmp,holdout
TID2013,I04,/data/projectwork/swati_mam/new model data/tid2013/tid2013/distorted_images/i04_08_1.bmp,/data/projectwork/swati_mam/new model data/tid2013/tid2013/reference_images/I04.BMP,type_08,1,6.30952,0.14478,08,i04_08_1.bmp,holdout
TID2013,I04,/data/projectwork/swati_mam/new model data/tid2013/tid2013/distorted_images/i04_08_2.bmp,/data/projectwork/swati_mam/new model data/tid2013/tid2013/reference_images/I04.BMP,type_08,2,5.926830000000001,0.11118,08,i04_08_2.bmp,holdout
TID2013,I04,/data/projectwork/swati_mam/new model data/tid2013/tid2013/distorted_images/i04_08_3.bmp,/data/projectwork/swati_mam/new model data/tid2013/tid2013/reference_images/I04.BMP,type_08,3,5.38095,0.12118,08,i04_08_3.bmp,holdout
TID2013,I04,/data/projectwork/swati_mam/new model data/tid2013/tid2013/distorted_images/i04_08_4.bmp,/data/projectwork/swati_mam/new model data/tid2013/tid2013/reference_images/I04.BMP,type_08,4,4.375,0.07655,08,i04_08_4.bmp,holdout
TID2013,I04,/data/projectwork/swati_mam/new model data/tid2013/tid2013/distorted_images/i04_08_5.bmp,/data/projectwork/swati_mam/new model data/tid2013/tid2013/reference_images/I04.BMP,type_08,5,3.66667,0.11984,08,i04_08_5.bmp,holdout
TID2013,I04,/data/projectwork/swati_mam/new model data/tid2013/tid2013/distorted_images/i04_09_1.bmp,/data/projectwork/swati_mam/new model data/tid2013/tid2013/reference_images/I04.BMP,type_09,1,6.38095,0.12118,09,i04_09_1.bmp,holdout
TID2013,I04,/data/projectwork/swati_mam/new model data/tid2013/tid2013/distorted_images/i04_09_2.bmp,/data/projectwork/swati_mam/new model data/tid2013/tid2013/reference_images/I04.BMP,type_09,2,5.804880000000001,0.1047299999999999,09,i04_09_2.bmp,holdout
TID2013,I04,/data/projectwork/swati_mam/new model data/tid2013/tid2013/distorted_images/i04_09_3.bmp,/data/projectwork/swati_mam/new model data/tid2013/tid2013/reference_images/I04.BMP,type_09,3,5.048780000000001,0.1032,09,i04_09_3.bmp,holdout
TID2013,I04,/data/projectwork/swati_mam/new model data/tid2013/tid2013/distorted_images/i04_09_4.bmp,/data/projectwork/swati_mam/new model data/tid2013/tid2013/reference_images/I04.BMP,type_09,4,3.78049,0.07327,09,i04_09_4.bmp,holdout
TID2013,I04,/data/projectwork/swati_mam/new model data/tid2013/tid2013/distorted_images/i04_09_5.bmp,/data/projectwork/swati_mam/new model data/tid2013/tid2013/reference_images/I04.BMP,type_09,5,2.5,0.07906,09,i04_09_5.bmp,holdout
TID2013,I04,/data/projectwork/swati_mam/new model data/tid2013/tid2013/distorted_images/i04_10_1.bmp,/data/projectwork/swati_mam/new model data/tid2013/tid2013/reference_images/I04.BMP,type_10,1,6.07143,0.15206,10,i04_10_1.bmp,holdout
TID2013,I04,/data/projectwork/swati_mam/new model data/tid2013/tid2013/distorted_images/i04_10_2.bmp,/data/projectwork/swati_mam/new model data/tid2013/tid2013/reference_images/I04.BMP,type_10,2,5.97561,0.13575,10,i04_10_2.bmp,holdout
TID2013,I04,/data/projectwork/swati_mam/new model data/tid2013/tid2013/distorted_images/i04_10_3.bmp,/data/projectwork/swati_mam/new model data/tid2013/tid2013/reference_images/I04.BMP,type_10,3,5.07143,0.09155,10,i04_10_3.bmp,holdout
TID2013,I04,/data/projectwork/swati_mam/new model data/tid2013/tid2013/distorted_images/i04_10_4.bmp,/data/projectwork/swati_mam/new model data/tid2013/tid2013/reference_images/I04.BMP,type_10,4,3.2619,0.08947,10,i04_10_4.bmp,holdout
TID2013,I04,/data/projectwork/swati_mam/new model data/tid2013/tid2013/distorted_images/i04_10_5.bmp,/data/projectwork/swati_mam/new model data/tid2013/tid2013/reference_images/I04.BMP,type_10,5,2.19048,0.09664,10,i04_10_5.bmp,holdout
TID2013,I04,/data/projectwork/swati_mam/new model data/tid2013/tid2013/distorted_images/I04_11_1.bmp,/data/projectwork/swati_mam/new model data/tid2013/tid2013/reference_images/I04.BMP,type_11,1,5.3,0.12349,11,I04_11_1.bmp,holdout
TID2013,I04,/data/projectwork/swati_mam/new model data/tid2013/tid2013/distorted_images/i04_11_2.bmp,/data/projectwork/swati_mam/new model data/tid2013/tid2013/reference_images/I04.BMP,type_11,2,4.0,0.1064799999999999,11,i04_11_2.bmp,holdout
TID2013,I04,/data/projectwork/swati_mam/new model data/tid2013/tid2013/distorted_images/i04_11_3.bmp,/data/projectwork/swati_mam/new model data/tid2013/tid2013/reference_images/I04.BMP,type_11,3,2.9024400000000004,0.0899799999999999,11,i04_11_3.bmp,holdout
TID2013,I04,/data/projectwork/swati_mam/new model data/tid2013/tid2013/distorted_images/i04_11_4.bmp,/data/projectwork/swati_mam/new model data/tid2013/tid2013/reference_images/I04.BMP,type_11,4,2.0,0.0,11,i04_11_4.bmp,holdout
TID2013,I04,/data/projectwork/swati_mam/new model data/tid2013/tid2013/distorted_images/i04_11_5.bmp,/data/projectwork/swati_mam/new model data/tid2013/tid2013/reference_images/I04.BMP,type_11,5,0.88095,0.09644,11,i04_11_5.bmp,holdout
TID2013,I04,/data/projectwork/swati_mam/new model data/tid2013/tid2013/distorted_images/i04_12_1.bmp,/data/projectwork/swati_mam/new model data/tid2013/tid2013/reference_images/I04.BMP,type_12,1,6.05,0.10577,12,i04_12_1.bmp,holdout
TID2013,I04,/data/projectwork/swati_mam/new model data/tid2013/tid2013/distorted_images/i04_12_2.bmp,/data/projectwork/swati_mam/new model data/tid2013/tid2013/reference_images/I04.BMP,type_12,2,4.64286,0.10001,12,i04_12_2.bmp,holdout
TID2013,I04,/data/projectwork/swati_mam/new model data/tid2013/tid2013/distorted_images/i04_12_3.bmp,/data/projectwork/swati_mam/new model data/tid2013/tid2013/reference_images/I04.BMP,type_12,3,3.92857,0.10855,12,i04_12_3.bmp,holdout
TID2013,I04,/data/projectwork/swati_mam/new model data/tid2013/tid2013/distorted_images/i04_12_4.bmp,/data/projectwork/swati_mam/new model data/tid2013/tid2013/reference_images/I04.BMP,type_12,4,2.90476,0.08116,12,i04_12_4.bmp,holdout
TID2013,I04,/data/projectwork/swati_mam/new model data/tid2013/tid2013/distorted_images/i04_12_5.bmp,/data/projectwork/swati_mam/new model data/tid2013/tid2013/reference_images/I04.BMP,type_12,5,2.6585400000000003,0.07406,12,i04_12_5.bmp,holdout
TID2013,I04,/data/projectwork/swati_mam/new model data/tid2013/tid2013/distorted_images/I04_13_1.bmp,/data/projectwork/swati_mam/new model data/tid2013/tid2013/reference_images/I04.BMP,type_13,1,4.66667,0.09913,13,I04_13_1.bmp,holdout
TID2013,I04,/data/projectwork/swati_mam/new model data/tid2013/tid2013/distorted_images/i04_13_2.bmp,/data/projectwork/swati_mam/new model data/tid2013/tid2013/reference_images/I04.BMP,type_13,2,3.84615,0.05777,13,i04_13_2.bmp,holdout
TID2013,I04,/data/projectwork/swati_mam/new model data/tid2013/tid2013/distorted_images/i04_13_3.bmp,/data/projectwork/swati_mam/new model data/tid2013/tid2013/reference_images/I04.BMP,type_13,3,3.35714,0.10001,13,i04_13_3.bmp,holdout
TID2013,I04,/data/projectwork/swati_mam/new model data/tid2013/tid2013/distorted_images/i04_13_4.bmp,/data/projectwork/swati_mam/new model data/tid2013/tid2013/reference_images/I04.BMP,type_13,4,3.46341,0.0778799999999999,13,i04_13_4.bmp,holdout
TID2013,I04,/data/projectwork/swati_mam/new model data/tid2013/tid2013/distorted_images/i04_13_5.bmp,/data/projectwork/swati_mam/new model data/tid2013/tid2013/reference_images/I04.BMP,type_13,5,2.38095,0.09495,13,i04_13_5.bmp,holdout
TID2013,I04,/data/projectwork/swati_mam/new model data/tid2013/tid2013/distorted_images/i04_14_1.bmp,/data/projectwork/swati_mam/new model data/tid2013/tid2013/reference_images/I04.BMP,type_14,1,5.07143,0.12774,14,i04_14_1.bmp,holdout
TID2013,I04,/data/projectwork/swati_mam/new model data/tid2013/tid2013/distorted_images/i04_14_2.bmp,/data/projectwork/swati_mam/new model data/tid2013/tid2013/reference_images/I04.BMP,type_14,2,6.40476,0.1751599999999999,14,i04_14_2.bmp,holdout
TID2013,I04,/data/projectwork/swati_mam/new model data/tid2013/tid2013/distorted_images/i04_14_3.bmp,/data/projectwork/swati_mam/new model data/tid2013/tid2013/reference_images/I04.BMP,type_14,3,6.0,0.1064799999999999,14,i04_14_3.bmp,holdout
TID2013,I04,/data/projectwork/swati_mam/new model data/tid2013/tid2013/distorted_images/i04_14_4.bmp,/data/projectwork/swati_mam/new model data/tid2013/tid2013/reference_images/I04.BMP,type_14,4,4.40476,0.1169299999999999,14,i04_14_4.bmp,holdout
TID2013,I04,/data/projectwork/swati_mam/new model data/tid2013/tid2013/distorted_images/i04_14_5.bmp,/data/projectwork/swati_mam/new model data/tid2013/tid2013/reference_images/I04.BMP,type_14,5,3.60976,0.1084099999999999,14,i04_14_5.bmp,holdout
TID2013,I04,/data/projectwork/swati_mam/new model data/tid2013/tid2013/distorted_images/i04_15_1.bmp,/data/projectwork/swati_mam/new model data/tid2013/tid2013/reference_images/I04.BMP,type_15,1,3.38095,0.1164099999999999,15,i04_15_1.bmp,holdout
TID2013,I04,/data/projectwork/swati_mam/new model data/tid2013/tid2013/distorted_images/i04_15_2.bmp,/data/projectwork/swati_mam/new model data/tid2013/tid2013/reference_images/I04.BMP,type_15,2,3.40476,0.1169299999999999,15,i04_15_2.bmp,holdout
TID2013,I04,/data/projectwork/swati_mam/new model data/tid2013/tid2013/distorted_images/i04_15_3.bmp,/data/projectwork/swati_mam/new model data/tid2013/tid2013/reference_images/I04.BMP,type_15,3,3.5,0.14385,15,i04_15_3.bmp,holdout
TID2013,I04,/data/projectwork/swati_mam/new model data/tid2013/tid2013/distorted_images/i04_15_4.bmp,/data/projectwork/swati_mam/new model data/tid2013/tid2013/reference_images/I04.BMP,type_15,4,3.7561,0.08982,15,i04_15_4.bmp,holdout
TID2013,I04,/data/projectwork/swati_mam/new model data/tid2013/tid2013/distorted_images/i04_15_5.bmp,/data/projectwork/swati_mam/new model data/tid2013/tid2013/reference_images/I04.BMP,type_15,5,4.05128,0.0884399999999999,15,i04_15_5.bmp,holdout
TID2013,I04,/data/projectwork/swati_mam/new model data/tid2013/tid2013/distorted_images/i04_16_1.bmp,/data/projectwork/swati_mam/new model data/tid2013/tid2013/reference_images/I04.BMP,type_16,1,6.28571,0.12727,16,i04_16_1.bmp,holdout
TID2013,I04,/data/projectwork/swati_mam/new model data/tid2013/tid2013/distorted_images/i04_16_2.bmp,/data/projectwork/swati_mam/new model data/tid2013/tid2013/reference_images/I04.BMP,type_16,2,6.642860000000001,0.18694,16,i04_16_2.bmp,holdout
TID2013,I04,/data/projectwork/swati_mam/new model data/tid2013/tid2013/distorted_images/i04_16_3.bmp,/data/projectwork/swati_mam/new model data/tid2013/tid2013/reference_images/I04.BMP,type_16,3,6.09524,0.17757,16,i04_16_3.bmp,holdout
TID2013,I04,/data/projectwork/swati_mam/new model data/tid2013/tid2013/distorted_images/i04_16_4.bmp,/data/projectwork/swati_mam/new model data/tid2013/tid2013/reference_images/I04.BMP,type_16,4,5.66667,0.1552599999999999,16,i04_16_4.bmp,holdout
TID2013,I04,/data/projectwork/swati_mam/new model data/tid2013/tid2013/distorted_images/i04_16_5.bmp,/data/projectwork/swati_mam/new model data/tid2013/tid2013/reference_images/I04.BMP,type_16,5,5.15385,0.14294,16,i04_16_5.bmp,holdout
TID2013,I04,/data/projectwork/swati_mam/new model data/tid2013/tid2013/distorted_images/i04_17_1.bmp,/data/projectwork/swati_mam/new model data/tid2013/tid2013/reference_images/I04.BMP,type_17,1,6.0,0.14677,17,i04_17_1.bmp,holdout
TID2013,I04,/data/projectwork/swati_mam/new model data/tid2013/tid2013/distorted_images/i04_17_2.bmp,/data/projectwork/swati_mam/new model data/tid2013/tid2013/reference_images/I04.BMP,type_17,2,6.66667,0.15673,17,i04_17_2.bmp,holdout
TID2013,I04,/data/projectwork/swati_mam/new model data/tid2013/tid2013/distorted_images/i04_17_3.bmp,/data/projectwork/swati_mam/new model data/tid2013/tid2013/reference_images/I04.BMP,type_17,3,4.78049,0.11703,17,i04_17_3.bmp,holdout
TID2013,I04,/data/projectwork/swati_mam/new model data/tid2013/tid2013/distorted_images/i04_17_4.bmp,/data/projectwork/swati_mam/new model data/tid2013/tid2013/reference_images/I04.BMP,type_17,4,7.214289999999999,0.2170099999999999,17,i04_17_4.bmp,holdout
TID2013,I04,/data/projectwork/swati_mam/new model data/tid2013/tid2013/distorted_images/i04_17_5.bmp,/data/projectwork/swati_mam/new model data/tid2013/tid2013/reference_images/I04.BMP,type_17,5,3.925,0.08936,17,i04_17_5.bmp,holdout
TID2013,I04,/data/projectwork/swati_mam/new model data/tid2013/tid2013/distorted_images/i04_18_1.bmp,/data/projectwork/swati_mam/new model data/tid2013/tid2013/reference_images/I04.BMP,type_18,1,5.414630000000001,0.12895,18,i04_18_1.bmp,holdout
TID2013,I04,/data/projectwork/swati_mam/new model data/tid2013/tid2013/distorted_images/i04_18_2.bmp,/data/projectwork/swati_mam/new model data/tid2013/tid2013/reference_images/I04.BMP,type_18,2,5.02439,0.09439,18,i04_18_2.bmp,holdout
TID2013,I04,/data/projectwork/swati_mam/new model data/tid2013/tid2013/distorted_images/i04_18_3.bmp,/data/projectwork/swati_mam/new model data/tid2013/tid2013/reference_images/I04.BMP,type_18,3,4.66667,0.1150099999999999,18,i04_18_3.bmp,holdout
TID2013,I04,/data/projectwork/swati_mam/new model data/tid2013/tid2013/distorted_images/i04_18_4.bmp,/data/projectwork/swati_mam/new model data/tid2013/tid2013/reference_images/I04.BMP,type_18,4,4.2381,0.12958,18,i04_18_4.bmp,holdout
TID2013,I04,/data/projectwork/swati_mam/new model data/tid2013/tid2013/distorted_images/i04_18_5.bmp,/data/projectwork/swati_mam/new model data/tid2013/tid2013/reference_images/I04.BMP,type_18,5,3.92683,0.1164099999999999,18,i04_18_5.bmp,holdout
TID2013,I04,/data/projectwork/swati_mam/new model data/tid2013/tid2013/distorted_images/i04_19_1.bmp,/data/projectwork/swati_mam/new model data/tid2013/tid2013/reference_images/I04.BMP,type_19,1,5.452380000000001,0.13129,19,i04_19_1.bmp,holdout
TID2013,I04,/data/projectwork/swati_mam/new model data/tid2013/tid2013/distorted_images/i04_19_2.bmp,/data/projectwork/swati_mam/new model data/tid2013/tid2013/reference_images/I04.BMP,type_19,2,5.35714,0.11577,19,i04_19_2.bmp,holdout
TID2013,I04,/data/projectwork/swati_mam/new model data/tid2013/tid2013/distorted_images/i04_19_3.bmp,/data/projectwork/swati_mam/new model data/tid2013/tid2013/reference_images/I04.BMP,type_19,3,4.90244,0.10801,19,i04_19_3.bmp,holdout
TID2013,I04,/data/projectwork/swati_mam/new model data/tid2013/tid2013/distorted_images/i04_19_4.bmp,/data/projectwork/swati_mam/new model data/tid2013/tid2013/reference_images/I04.BMP,type_19,4,4.425,0.07816,19,i04_19_4.bmp,holdout
TID2013,I04,/data/projectwork/swati_mam/new model data/tid2013/tid2013/distorted_images/i04_19_5.bmp,/data/projectwork/swati_mam/new model data/tid2013/tid2013/reference_images/I04.BMP,type_19,5,4.16667,0.10603,19,i04_19_5.bmp,holdout
TID2013,I04,/data/projectwork/swati_mam/new model data/tid2013/tid2013/distorted_images/i04_20_1.bmp,/data/projectwork/swati_mam/new model data/tid2013/tid2013/reference_images/I04.BMP,type_20,1,6.452380000000001,0.13554,20,i04_20_1.bmp,holdout
TID2013,I04,/data/projectwork/swati_mam/new model data/tid2013/tid2013/distorted_images/i04_20_2.bmp,/data/projectwork/swati_mam/new model data/tid2013/tid2013/reference_images/I04.BMP,type_20,2,5.225,0.09005,20,i04_20_2.bmp,holdout
TID2013,I04,/data/projectwork/swati_mam/new model data/tid2013/tid2013/distorted_images/i04_20_3.bmp,/data/projectwork/swati_mam/new model data/tid2013/tid2013/reference_images/I04.BMP,type_20,3,4.19048,0.09059,20,i04_20_3.bmp,holdout
TID2013,I04,/data/projectwork/swati_mam/new model data/tid2013/tid2013/distorted_images/i04_20_4.bmp,/data/projectwork/swati_mam/new model data/tid2013/tid2013/reference_images/I04.BMP,type_20,4,3.11905,0.08386,20,i04_20_4.bmp,holdout
TID2013,I04,/data/projectwork/swati_mam/new model data/tid2013/tid2013/distorted_images/i04_20_5.bmp,/data/projectwork/swati_mam/new model data/tid2013/tid2013/reference_images/I04.BMP,type_20,5,2.41463,0.0911,20,i04_20_5.bmp,holdout
TID2013,I04,/data/projectwork/swati_mam/new model data/tid2013/tid2013/distorted_images/i04_21_1.bmp,/data/projectwork/swati_mam/new model data/tid2013/tid2013/reference_images/I04.BMP,type_21,1,5.14634,0.09485,21,i04_21_1.bmp,holdout
TID2013,I04,/data/projectwork/swati_mam/new model data/tid2013/tid2013/distorted_images/i04_21_2.bmp,/data/projectwork/swati_mam/new model data/tid2013/tid2013/reference_images/I04.BMP,type_21,2,4.73171,0.07732,21,i04_21_2.bmp,holdout
TID2013,I04,/data/projectwork/swati_mam/new model data/tid2013/tid2013/distorted_images/i04_21_3.bmp,/data/projectwork/swati_mam/new model data/tid2013/tid2013/reference_images/I04.BMP,type_21,3,3.80952,0.0841,21,i04_21_3.bmp,holdout
TID2013,I04,/data/projectwork/swati_mam/new model data/tid2013/tid2013/distorted_images/i04_21_4.bmp,/data/projectwork/swati_mam/new model data/tid2013/tid2013/reference_images/I04.BMP,type_21,4,3.21951,0.06464,21,i04_21_4.bmp,holdout
TID2013,I04,/data/projectwork/swati_mam/new model data/tid2013/tid2013/distorted_images/i04_21_5.bmp,/data/projectwork/swati_mam/new model data/tid2013/tid2013/reference_images/I04.BMP,type_21,5,2.0,0.0,21,i04_21_5.bmp,holdout
TID2013,I04,/data/projectwork/swati_mam/new model data/tid2013/tid2013/distorted_images/i04_22_1.bmp,/data/projectwork/swati_mam/new model data/tid2013/tid2013/reference_images/I04.BMP,type_22,1,6.02439,0.10625,22,i04_22_1.bmp,holdout
TID2013,I04,/data/projectwork/swati_mam/new model data/tid2013/tid2013/distorted_images/i04_22_2.bmp,/data/projectwork/swati_mam/new model data/tid2013/tid2013/reference_images/I04.BMP,type_22,2,5.78571,0.15259,22,i04_22_2.bmp,holdout
TID2013,I04,/data/projectwork/swati_mam/new model data/tid2013/tid2013/distorted_images/i04_22_3.bmp,/data/projectwork/swati_mam/new model data/tid2013/tid2013/reference_images/I04.BMP,type_22,3,4.42857,0.10724,22,i04_22_3.bmp,holdout
TID2013,I04,/data/projectwork/swati_mam/new model data/tid2013/tid2013/distorted_images/i04_22_4.bmp,/data/projectwork/swati_mam/new model data/tid2013/tid2013/reference_images/I04.BMP,type_22,4,4.12195,0.09252,22,i04_22_4.bmp,holdout
TID2013,I04,/data/projectwork/swati_mam/new model data/tid2013/tid2013/distorted_images/i04_22_5.bmp,/data/projectwork/swati_mam/new model data/tid2013/tid2013/reference_images/I04.BMP,type_22,5,2.90476,0.1107099999999999,22,i04_22_5.bmp,holdout
TID2013,I04,/data/projectwork/swati_mam/new model data/tid2013/tid2013/distorted_images/i04_23_1.bmp,/data/projectwork/swati_mam/new model data/tid2013/tid2013/reference_images/I04.BMP,type_23,1,6.425,0.13175,23,i04_23_1.bmp,holdout
TID2013,I04,/data/projectwork/swati_mam/new model data/tid2013/tid2013/distorted_images/i04_23_2.bmp,/data/projectwork/swati_mam/new model data/tid2013/tid2013/reference_images/I04.BMP,type_23,2,5.40476,0.1169299999999999,23,i04_23_2.bmp,holdout
TID2013,I04,/data/projectwork/swati_mam/new model data/tid2013/tid2013/distorted_images/i04_23_3.bmp,/data/projectwork/swati_mam/new model data/tid2013/tid2013/reference_images/I04.BMP,type_23,3,3.87805,0.11014,23,i04_23_3.bmp,holdout
TID2013,I04,/data/projectwork/swati_mam/new model data/tid2013/tid2013/distorted_images/i04_23_4.bmp,/data/projectwork/swati_mam/new model data/tid2013/tid2013/reference_images/I04.BMP,type_23,4,2.95122,0.09726,23,i04_23_4.bmp,holdout
TID2013,I04,/data/projectwork/swati_mam/new model data/tid2013/tid2013/distorted_images/i04_23_5.bmp,/data/projectwork/swati_mam/new model data/tid2013/tid2013/reference_images/I04.BMP,type_23,5,1.47619,0.10234,23,i04_23_5.bmp,holdout
TID2013,I04,/data/projectwork/swati_mam/new model data/tid2013/tid2013/distorted_images/i04_24_1.bmp,/data/projectwork/swati_mam/new model data/tid2013/tid2013/reference_images/I04.BMP,type_24,1,5.547619999999999,0.10755,24,i04_24_1.bmp,holdout
TID2013,I04,/data/projectwork/swati_mam/new model data/tid2013/tid2013/distorted_images/i04_24_2.bmp,/data/projectwork/swati_mam/new model data/tid2013/tid2013/reference_images/I04.BMP,type_24,2,3.7619,0.09994,24,i04_24_2.bmp,holdout
TID2013,I04,/data/projectwork/swati_mam/new model data/tid2013/tid2013/distorted_images/i04_24_3.bmp,/data/projectwork/swati_mam/new model data/tid2013/tid2013/reference_images/I04.BMP,type_24,3,2.58537,0.07694,24,i04_24_3.bmp,holdout
TID2013,I04,/data/projectwork/swati_mam/new model data/tid2013/tid2013/distorted_images/i04_24_4.bmp,/data/projectwork/swati_mam/new model data/tid2013/tid2013/reference_images/I04.BMP,type_24,4,1.90476,0.07384,24,i04_24_4.bmp,holdout
TID2013,I04,/data/projectwork/swati_mam/new model data/tid2013/tid2013/distorted_images/i04_24_5.bmp,/data/projectwork/swati_mam/new model data/tid2013/tid2013/reference_images/I04.BMP,type_24,5,0.58537,0.09741,24,i04_24_5.bmp,holdout
TID2013,I05,/data/projectwork/swati_mam/new model data/tid2013/tid2013/distorted_images/I05_01_1.bmp,/data/projectwork/swati_mam/new model data/tid2013/tid2013/reference_images/I05.BMP,type_01,1,5.525,0.13223,01,I05_01_1.bmp,val
TID2013,I05,/data/projectwork/swati_mam/new model data/tid2013/tid2013/distorted_images/i05_01_2.bmp,/data/projectwork/swati_mam/new model data/tid2013/tid2013/reference_images/I05.BMP,type_01,2,5.5,0.13229,01,i05_01_2.bmp,val
TID2013,I05,/data/projectwork/swati_mam/new model data/tid2013/tid2013/distorted_images/i05_01_3.bmp,/data/projectwork/swati_mam/new model data/tid2013/tid2013/reference_images/I05.BMP,type_01,3,4.84615,0.09956,01,i05_01_3.bmp,val
TID2013,I05,/data/projectwork/swati_mam/new model data/tid2013/tid2013/distorted_images/i05_01_4.bmp,/data/projectwork/swati_mam/new model data/tid2013/tid2013/reference_images/I05.BMP,type_01,4,4.05128,0.0884399999999999,01,i05_01_4.bmp,val
TID2013,I05,/data/projectwork/swati_mam/new model data/tid2013/tid2013/distorted_images/i05_01_5.bmp,/data/projectwork/swati_mam/new model data/tid2013/tid2013/reference_images/I05.BMP,type_01,5,3.5609800000000003,0.1246,01,i05_01_5.bmp,val
TID2013,I05,/data/projectwork/swati_mam/new model data/tid2013/tid2013/distorted_images/i05_02_1.bmp,/data/projectwork/swati_mam/new model data/tid2013/tid2013/reference_images/I05.BMP,type_02,1,5.829269999999999,0.14997,02,i05_02_1.bmp,val
TID2013,I05,/data/projectwork/swati_mam/new model data/tid2013/tid2013/distorted_images/i05_02_2.bmp,/data/projectwork/swati_mam/new model data/tid2013/tid2013/reference_images/I05.BMP,type_02,2,5.682930000000001,0.16339,02,i05_02_2.bmp,val
TID2013,I05,/data/projectwork/swati_mam/new model data/tid2013/tid2013/distorted_images/i05_02_3.bmp,/data/projectwork/swati_mam/new model data/tid2013/tid2013/reference_images/I05.BMP,type_02,3,5.325,0.15964,02,i05_02_3.bmp,val
TID2013,I05,/data/projectwork/swati_mam/new model data/tid2013/tid2013/distorted_images/i05_02_4.bmp,/data/projectwork/swati_mam/new model data/tid2013/tid2013/reference_images/I05.BMP,type_02,4,5.09756,0.14555,02,i05_02_4.bmp,val
TID2013,I05,/data/projectwork/swati_mam/new model data/tid2013/tid2013/distorted_images/i05_02_5.bmp,/data/projectwork/swati_mam/new model data/tid2013/tid2013/reference_images/I05.BMP,type_02,5,4.25641,0.09399,02,i05_02_5.bmp,val
TID2013,I05,/data/projectwork/swati_mam/new model data/tid2013/tid2013/distorted_images/i05_03_1.bmp,/data/projectwork/swati_mam/new model data/tid2013/tid2013/reference_images/I05.BMP,type_03,1,5.09756,0.12816,03,i05_03_1.bmp,val
TID2013,I05,/data/projectwork/swati_mam/new model data/tid2013/tid2013/distorted_images/i05_03_2.bmp,/data/projectwork/swati_mam/new model data/tid2013/tid2013/reference_images/I05.BMP,type_03,2,4.4878,0.1385,03,i05_03_2.bmp,val
TID2013,I05,/data/projectwork/swati_mam/new model data/tid2013/tid2013/distorted_images/i05_03_3.bmp,/data/projectwork/swati_mam/new model data/tid2013/tid2013/reference_images/I05.BMP,type_03,3,3.675,0.10833,03,i05_03_3.bmp,val
TID2013,I05,/data/projectwork/swati_mam/new model data/tid2013/tid2013/distorted_images/i05_03_4.bmp,/data/projectwork/swati_mam/new model data/tid2013/tid2013/reference_images/I05.BMP,type_03,4,3.07317,0.08719,03,i05_03_4.bmp,val
TID2013,I05,/data/projectwork/swati_mam/new model data/tid2013/tid2013/distorted_images/i05_03_5.bmp,/data/projectwork/swati_mam/new model data/tid2013/tid2013/reference_images/I05.BMP,type_03,5,2.375,0.11558,03,i05_03_5.bmp,val
TID2013,I05,/data/projectwork/swati_mam/new model data/tid2013/tid2013/distorted_images/i05_04_1.bmp,/data/projectwork/swati_mam/new model data/tid2013/tid2013/reference_images/I05.BMP,type_04,1,5.63415,0.16812,04,i05_04_1.bmp,val
TID2013,I05,/data/projectwork/swati_mam/new model data/tid2013/tid2013/distorted_images/i05_04_2.bmp,/data/projectwork/swati_mam/new model data/tid2013/tid2013/reference_images/I05.BMP,type_04,2,5.75,0.16105,04,i05_04_2.bmp,val
TID2013,I05,/data/projectwork/swati_mam/new model data/tid2013/tid2013/distorted_images/i05_04_3.bmp,/data/projectwork/swati_mam/new model data/tid2013/tid2013/reference_images/I05.BMP,type_04,3,5.575,0.14529,04,i05_04_3.bmp,val
TID2013,I05,/data/projectwork/swati_mam/new model data/tid2013/tid2013/distorted_images/i05_04_4.bmp,/data/projectwork/swati_mam/new model data/tid2013/tid2013/reference_images/I05.BMP,type_04,4,4.926830000000001,0.16682,04,i05_04_4.bmp,val
TID2013,I05,/data/projectwork/swati_mam/new model data/tid2013/tid2013/distorted_images/i05_04_5.bmp,/data/projectwork/swati_mam/new model data/tid2013/tid2013/reference_images/I05.BMP,type_04,5,4.4,0.11619,04,i05_04_5.bmp,val
TID2013,I05,/data/projectwork/swati_mam/new model data/tid2013/tid2013/distorted_images/i05_05_1.bmp,/data/projectwork/swati_mam/new model data/tid2013/tid2013/reference_images/I05.BMP,type_05,1,5.625,0.14003,05,i05_05_1.bmp,val
TID2013,I05,/data/projectwork/swati_mam/new model data/tid2013/tid2013/distorted_images/i05_05_2.bmp,/data/projectwork/swati_mam/new model data/tid2013/tid2013/reference_images/I05.BMP,type_05,2,5.39024,0.18536,05,i05_05_2.bmp,val
TID2013,I05,/data/projectwork/swati_mam/new model data/tid2013/tid2013/distorted_images/i05_05_3.bmp,/data/projectwork/swati_mam/new model data/tid2013/tid2013/reference_images/I05.BMP,type_05,3,4.7,0.11292,05,i05_05_3.bmp,val
TID2013,I05,/data/projectwork/swati_mam/new model data/tid2013/tid2013/distorted_images/i05_05_4.bmp,/data/projectwork/swati_mam/new model data/tid2013/tid2013/reference_images/I05.BMP,type_05,4,3.81579,0.09005,05,i05_05_4.bmp,val
TID2013,I05,/data/projectwork/swati_mam/new model data/tid2013/tid2013/distorted_images/i05_05_5.bmp,/data/projectwork/swati_mam/new model data/tid2013/tid2013/reference_images/I05.BMP,type_05,5,2.92308,0.07593,05,i05_05_5.bmp,val
TID2013,I05,/data/projectwork/swati_mam/new model data/tid2013/tid2013/distorted_images/i05_06_1.bmp,/data/projectwork/swati_mam/new model data/tid2013/tid2013/reference_images/I05.BMP,type_06,1,4.375,0.15284,06,i05_06_1.bmp,val
TID2013,I05,/data/projectwork/swati_mam/new model data/tid2013/tid2013/distorted_images/i05_06_2.bmp,/data/projectwork/swati_mam/new model data/tid2013/tid2013/reference_images/I05.BMP,type_06,2,3.92308,0.14223,06,i05_06_2.bmp,val
TID2013,I05,/data/projectwork/swati_mam/new model data/tid2013/tid2013/distorted_images/i05_06_3.bmp,/data/projectwork/swati_mam/new model data/tid2013/tid2013/reference_images/I05.BMP,type_06,3,3.5,0.1274799999999999,06,i05_06_3.bmp,val
TID2013,I05,/data/projectwork/swati_mam/new model data/tid2013/tid2013/distorted_images/i05_06_4.bmp,/data/projectwork/swati_mam/new model data/tid2013/tid2013/reference_images/I05.BMP,type_06,4,3.31707,0.1166599999999999,06,i05_06_4.bmp,val
TID2013,I05,/data/projectwork/swati_mam/new model data/tid2013/tid2013/distorted_images/i05_06_5.bmp,/data/projectwork/swati_mam/new model data/tid2013/tid2013/reference_images/I05.BMP,type_06,5,2.51282,0.1139299999999999,06,i05_06_5.bmp,val
TID2013,I05,/data/projectwork/swati_mam/new model data/tid2013/tid2013/distorted_images/i05_07_1.bmp,/data/projectwork/swati_mam/new model data/tid2013/tid2013/reference_images/I05.BMP,type_07,1,5.275,0.1580599999999999,07,i05_07_1.bmp,val
TID2013,I05,/data/projectwork/swati_mam/new model data/tid2013/tid2013/distorted_images/i05_07_2.bmp,/data/projectwork/swati_mam/new model data/tid2013/tid2013/reference_images/I05.BMP,type_07,2,5.26829,0.13808,07,i05_07_2.bmp,val
TID2013,I05,/data/projectwork/swati_mam/new model data/tid2013/tid2013/distorted_images/i05_07_3.bmp,/data/projectwork/swati_mam/new model data/tid2013/tid2013/reference_images/I05.BMP,type_07,3,4.53846,0.13493,07,i05_07_3.bmp,val
TID2013,I05,/data/projectwork/swati_mam/new model data/tid2013/tid2013/distorted_images/i05_07_4.bmp,/data/projectwork/swati_mam/new model data/tid2013/tid2013/reference_images/I05.BMP,type_07,4,4.05128,0.11999,07,i05_07_4.bmp,val
TID2013,I05,/data/projectwork/swati_mam/new model data/tid2013/tid2013/distorted_images/i05_07_5.bmp,/data/projectwork/swati_mam/new model data/tid2013/tid2013/reference_images/I05.BMP,type_07,5,3.1463400000000004,0.13162,07,i05_07_5.bmp,val
TID2013,I05,/data/projectwork/swati_mam/new model data/tid2013/tid2013/distorted_images/i05_08_1.bmp,/data/projectwork/swati_mam/new model data/tid2013/tid2013/reference_images/I05.BMP,type_08,1,5.4,0.14053,08,i05_08_1.bmp,val
TID2013,I05,/data/projectwork/swati_mam/new model data/tid2013/tid2013/distorted_images/i05_08_2.bmp,/data/projectwork/swati_mam/new model data/tid2013/tid2013/reference_images/I05.BMP,type_08,2,4.66667,0.10468,08,i05_08_2.bmp,val
TID2013,I05,/data/projectwork/swati_mam/new model data/tid2013/tid2013/distorted_images/i05_08_3.bmp,/data/projectwork/swati_mam/new model data/tid2013/tid2013/reference_images/I05.BMP,type_08,3,3.65854,0.12725,08,i05_08_3.bmp,val
TID2013,I05,/data/projectwork/swati_mam/new model data/tid2013/tid2013/distorted_images/i05_08_4.bmp,/data/projectwork/swati_mam/new model data/tid2013/tid2013/reference_images/I05.BMP,type_08,4,2.7804900000000004,0.10064,08,i05_08_4.bmp,val
TID2013,I05,/data/projectwork/swati_mam/new model data/tid2013/tid2013/distorted_images/i05_08_5.bmp,/data/projectwork/swati_mam/new model data/tid2013/tid2013/reference_images/I05.BMP,type_08,5,1.25,0.14031,08,i05_08_5.bmp,val
TID2013,I05,/data/projectwork/swati_mam/new model data/tid2013/tid2013/distorted_images/i05_09_1.bmp,/data/projectwork/swati_mam/new model data/tid2013/tid2013/reference_images/I05.BMP,type_09,1,5.825,0.14953,09,i05_09_1.bmp,val
TID2013,I05,/data/projectwork/swati_mam/new model data/tid2013/tid2013/distorted_images/i05_09_2.bmp,/data/projectwork/swati_mam/new model data/tid2013/tid2013/reference_images/I05.BMP,type_09,2,5.825,0.1219,09,i05_09_2.bmp,val
TID2013,I05,/data/projectwork/swati_mam/new model data/tid2013/tid2013/distorted_images/i05_09_3.bmp,/data/projectwork/swati_mam/new model data/tid2013/tid2013/reference_images/I05.BMP,type_09,3,5.325,0.14743,09,i05_09_3.bmp,val
TID2013,I05,/data/projectwork/swati_mam/new model data/tid2013/tid2013/distorted_images/i05_09_4.bmp,/data/projectwork/swati_mam/new model data/tid2013/tid2013/reference_images/I05.BMP,type_09,4,3.5,0.13229,09,i05_09_4.bmp,val
TID2013,I05,/data/projectwork/swati_mam/new model data/tid2013/tid2013/distorted_images/i05_09_5.bmp,/data/projectwork/swati_mam/new model data/tid2013/tid2013/reference_images/I05.BMP,type_09,5,1.36585,0.14119,09,i05_09_5.bmp,val
TID2013,I05,/data/projectwork/swati_mam/new model data/tid2013/tid2013/distorted_images/i05_10_1.bmp,/data/projectwork/swati_mam/new model data/tid2013/tid2013/reference_images/I05.BMP,type_10,1,5.73171,0.16907,10,i05_10_1.bmp,val
TID2013,I05,/data/projectwork/swati_mam/new model data/tid2013/tid2013/distorted_images/i05_10_2.bmp,/data/projectwork/swati_mam/new model data/tid2013/tid2013/reference_images/I05.BMP,type_10,2,5.15385,0.09272,10,i05_10_2.bmp,val
TID2013,I05,/data/projectwork/swati_mam/new model data/tid2013/tid2013/distorted_images/i05_10_3.bmp,/data/projectwork/swati_mam/new model data/tid2013/tid2013/reference_images/I05.BMP,type_10,3,4.707319999999999,0.16268,10,i05_10_3.bmp,val
TID2013,I05,/data/projectwork/swati_mam/new model data/tid2013/tid2013/distorted_images/i05_10_4.bmp,/data/projectwork/swati_mam/new model data/tid2013/tid2013/reference_images/I05.BMP,type_10,4,3.43902,0.11465,10,i05_10_4.bmp,val
TID2013,I05,/data/projectwork/swati_mam/new model data/tid2013/tid2013/distorted_images/i05_10_5.bmp,/data/projectwork/swati_mam/new model data/tid2013/tid2013/reference_images/I05.BMP,type_10,5,1.87805,0.1550099999999999,10,i05_10_5.bmp,val
TID2013,I05,/data/projectwork/swati_mam/new model data/tid2013/tid2013/distorted_images/I05_11_1.bmp,/data/projectwork/swati_mam/new model data/tid2013/tid2013/reference_images/I05.BMP,type_11,1,5.7561,0.14545,11,I05_11_1.bmp,val
TID2013,I05,/data/projectwork/swati_mam/new model data/tid2013/tid2013/distorted_images/i05_11_2.bmp,/data/projectwork/swati_mam/new model data/tid2013/tid2013/reference_images/I05.BMP,type_11,2,5.4,0.17607,11,i05_11_2.bmp,val
TID2013,I05,/data/projectwork/swati_mam/new model data/tid2013/tid2013/distorted_images/i05_11_3.bmp,/data/projectwork/swati_mam/new model data/tid2013/tid2013/reference_images/I05.BMP,type_11,3,4.5,0.14142,11,i05_11_3.bmp,val
TID2013,I05,/data/projectwork/swati_mam/new model data/tid2013/tid2013/distorted_images/i05_11_4.bmp,/data/projectwork/swati_mam/new model data/tid2013/tid2013/reference_images/I05.BMP,type_11,4,3.66667,0.11657,11,i05_11_4.bmp,val
TID2013,I05,/data/projectwork/swati_mam/new model data/tid2013/tid2013/distorted_images/i05_11_5.bmp,/data/projectwork/swati_mam/new model data/tid2013/tid2013/reference_images/I05.BMP,type_11,5,2.25,0.12119,11,i05_11_5.bmp,val
TID2013,I05,/data/projectwork/swati_mam/new model data/tid2013/tid2013/distorted_images/i05_12_1.bmp,/data/projectwork/swati_mam/new model data/tid2013/tid2013/reference_images/I05.BMP,type_12,1,5.682930000000001,0.16699,12,i05_12_1.bmp,val
TID2013,I05,/data/projectwork/swati_mam/new model data/tid2013/tid2013/distorted_images/i05_12_2.bmp,/data/projectwork/swati_mam/new model data/tid2013/tid2013/reference_images/I05.BMP,type_12,2,5.775,0.16003,12,i05_12_2.bmp,val
TID2013,I05,/data/projectwork/swati_mam/new model data/tid2013/tid2013/distorted_images/i05_12_3.bmp,/data/projectwork/swati_mam/new model data/tid2013/tid2013/reference_images/I05.BMP,type_12,3,5.35,0.13942,12,i05_12_3.bmp,val
TID2013,I05,/data/projectwork/swati_mam/new model data/tid2013/tid2013/distorted_images/i05_12_4.bmp,/data/projectwork/swati_mam/new model data/tid2013/tid2013/reference_images/I05.BMP,type_12,4,3.8,0.1466299999999999,12,i05_12_4.bmp,val
TID2013,I05,/data/projectwork/swati_mam/new model data/tid2013/tid2013/distorted_images/i05_12_5.bmp,/data/projectwork/swati_mam/new model data/tid2013/tid2013/reference_images/I05.BMP,type_12,5,2.725,0.13687,12,i05_12_5.bmp,val
TID2013,I05,/data/projectwork/swati_mam/new model data/tid2013/tid2013/distorted_images/I05_13_1.bmp,/data/projectwork/swati_mam/new model data/tid2013/tid2013/reference_images/I05.BMP,type_13,1,5.46341,0.11997,13,I05_13_1.bmp,val
TID2013,I05,/data/projectwork/swati_mam/new model data/tid2013/tid2013/distorted_images/i05_13_2.bmp,/data/projectwork/swati_mam/new model data/tid2013/tid2013/reference_images/I05.BMP,type_13,2,4.90244,0.14958,13,i05_13_2.bmp,val
TID2013,I05,/data/projectwork/swati_mam/new model data/tid2013/tid2013/distorted_images/i05_13_3.bmp,/data/projectwork/swati_mam/new model data/tid2013/tid2013/reference_images/I05.BMP,type_13,3,3.475,0.09992,13,i05_13_3.bmp,val
TID2013,I05,/data/projectwork/swati_mam/new model data/tid2013/tid2013/distorted_images/i05_13_4.bmp,/data/projectwork/swati_mam/new model data/tid2013/tid2013/reference_images/I05.BMP,type_13,4,2.97561,0.10625,13,i05_13_4.bmp,val
TID2013,I05,/data/projectwork/swati_mam/new model data/tid2013/tid2013/distorted_images/i05_13_5.bmp,/data/projectwork/swati_mam/new model data/tid2013/tid2013/reference_images/I05.BMP,type_13,5,1.97368,0.10842,13,i05_13_5.bmp,val
TID2013,I05,/data/projectwork/swati_mam/new model data/tid2013/tid2013/distorted_images/i05_14_1.bmp,/data/projectwork/swati_mam/new model data/tid2013/tid2013/reference_images/I05.BMP,type_14,1,5.926830000000001,0.14792,14,i05_14_1.bmp,val
TID2013,I05,/data/projectwork/swati_mam/new model data/tid2013/tid2013/distorted_images/i05_14_2.bmp,/data/projectwork/swati_mam/new model data/tid2013/tid2013/reference_images/I05.BMP,type_14,2,5.53659,0.15843,14,i05_14_2.bmp,val
TID2013,I05,/data/projectwork/swati_mam/new model data/tid2013/tid2013/distorted_images/i05_14_3.bmp,/data/projectwork/swati_mam/new model data/tid2013/tid2013/reference_images/I05.BMP,type_14,3,5.60976,0.16134,14,i05_14_3.bmp,val
TID2013,I05,/data/projectwork/swati_mam/new model data/tid2013/tid2013/distorted_images/i05_14_4.bmp,/data/projectwork/swati_mam/new model data/tid2013/tid2013/reference_images/I05.BMP,type_14,4,5.225,0.19522,14,i05_14_4.bmp,val
TID2013,I05,/data/projectwork/swati_mam/new model data/tid2013/tid2013/distorted_images/i05_14_5.bmp,/data/projectwork/swati_mam/new model data/tid2013/tid2013/reference_images/I05.BMP,type_14,5,4.317069999999999,0.15971,14,i05_14_5.bmp,val
TID2013,I05,/data/projectwork/swati_mam/new model data/tid2013/tid2013/distorted_images/i05_15_1.bmp,/data/projectwork/swati_mam/new model data/tid2013/tid2013/reference_images/I05.BMP,type_15,1,3.05,0.16183,15,i05_15_1.bmp,val
TID2013,I05,/data/projectwork/swati_mam/new model data/tid2013/tid2013/distorted_images/i05_15_2.bmp,/data/projectwork/swati_mam/new model data/tid2013/tid2013/reference_images/I05.BMP,type_15,2,3.1,0.1449099999999999,15,i05_15_2.bmp,val
TID2013,I05,/data/projectwork/swati_mam/new model data/tid2013/tid2013/distorted_images/i05_15_3.bmp,/data/projectwork/swati_mam/new model data/tid2013/tid2013/reference_images/I05.BMP,type_15,3,3.31707,0.16339,15,i05_15_3.bmp,val
TID2013,I05,/data/projectwork/swati_mam/new model data/tid2013/tid2013/distorted_images/i05_15_4.bmp,/data/projectwork/swati_mam/new model data/tid2013/tid2013/reference_images/I05.BMP,type_15,4,3.9,0.17248,15,i05_15_4.bmp,val
TID2013,I05,/data/projectwork/swati_mam/new model data/tid2013/tid2013/distorted_images/i05_15_5.bmp,/data/projectwork/swati_mam/new model data/tid2013/tid2013/reference_images/I05.BMP,type_15,5,3.84615,0.15186,15,i05_15_5.bmp,val
TID2013,I05,/data/projectwork/swati_mam/new model data/tid2013/tid2013/distorted_images/i05_16_1.bmp,/data/projectwork/swati_mam/new model data/tid2013/tid2013/reference_images/I05.BMP,type_16,1,6.15,0.16413,16,i05_16_1.bmp,val
TID2013,I05,/data/projectwork/swati_mam/new model data/tid2013/tid2013/distorted_images/i05_16_2.bmp,/data/projectwork/swati_mam/new model data/tid2013/tid2013/reference_images/I05.BMP,type_16,2,5.95,0.14979,16,i05_16_2.bmp,val
TID2013,I05,/data/projectwork/swati_mam/new model data/tid2013/tid2013/distorted_images/i05_16_3.bmp,/data/projectwork/swati_mam/new model data/tid2013/tid2013/reference_images/I05.BMP,type_16,3,5.585369999999999,0.18244,16,i05_16_3.bmp,val
TID2013,I05,/data/projectwork/swati_mam/new model data/tid2013/tid2013/distorted_images/i05_16_4.bmp,/data/projectwork/swati_mam/new model data/tid2013/tid2013/reference_images/I05.BMP,type_16,4,5.09756,0.20349,16,i05_16_4.bmp,val
TID2013,I05,/data/projectwork/swati_mam/new model data/tid2013/tid2013/distorted_images/i05_16_5.bmp,/data/projectwork/swati_mam/new model data/tid2013/tid2013/reference_images/I05.BMP,type_16,5,4.25,0.17589,16,i05_16_5.bmp,val
TID2013,I05,/data/projectwork/swati_mam/new model data/tid2013/tid2013/distorted_images/i05_17_1.bmp,/data/projectwork/swati_mam/new model data/tid2013/tid2013/reference_images/I05.BMP,type_17,1,5.3,0.1589,17,i05_17_1.bmp,val
TID2013,I05,/data/projectwork/swati_mam/new model data/tid2013/tid2013/distorted_images/i05_17_2.bmp,/data/projectwork/swati_mam/new model data/tid2013/tid2013/reference_images/I05.BMP,type_17,2,6.829269999999999,0.20668,17,i05_17_2.bmp,val
TID2013,I05,/data/projectwork/swati_mam/new model data/tid2013/tid2013/distorted_images/i05_17_3.bmp,/data/projectwork/swati_mam/new model data/tid2013/tid2013/reference_images/I05.BMP,type_17,3,4.025,0.13914,17,i05_17_3.bmp,val
TID2013,I05,/data/projectwork/swati_mam/new model data/tid2013/tid2013/distorted_images/i05_17_4.bmp,/data/projectwork/swati_mam/new model data/tid2013/tid2013/reference_images/I05.BMP,type_17,4,6.560980000000001,0.2391,17,i05_17_4.bmp,val
TID2013,I05,/data/projectwork/swati_mam/new model data/tid2013/tid2013/distorted_images/i05_17_5.bmp,/data/projectwork/swati_mam/new model data/tid2013/tid2013/reference_images/I05.BMP,type_17,5,2.8,0.1466299999999999,17,i05_17_5.bmp,val
TID2013,I05,/data/projectwork/swati_mam/new model data/tid2013/tid2013/distorted_images/i05_18_1.bmp,/data/projectwork/swati_mam/new model data/tid2013/tid2013/reference_images/I05.BMP,type_18,1,4.775,0.15202,18,i05_18_1.bmp,val
TID2013,I05,/data/projectwork/swati_mam/new model data/tid2013/tid2013/distorted_images/i05_18_2.bmp,/data/projectwork/swati_mam/new model data/tid2013/tid2013/reference_images/I05.BMP,type_18,2,4.2051300000000005,0.13164,18,i05_18_2.bmp,val
TID2013,I05,/data/projectwork/swati_mam/new model data/tid2013/tid2013/distorted_images/i05_18_3.bmp,/data/projectwork/swati_mam/new model data/tid2013/tid2013/reference_images/I05.BMP,type_18,3,3.74359,0.15264,18,i05_18_3.bmp,val
TID2013,I05,/data/projectwork/swati_mam/new model data/tid2013/tid2013/distorted_images/i05_18_4.bmp,/data/projectwork/swati_mam/new model data/tid2013/tid2013/reference_images/I05.BMP,type_18,4,3.53846,0.13972,18,i05_18_4.bmp,val
TID2013,I05,/data/projectwork/swati_mam/new model data/tid2013/tid2013/distorted_images/i05_18_5.bmp,/data/projectwork/swati_mam/new model data/tid2013/tid2013/reference_images/I05.BMP,type_18,5,3.15,0.22514,18,i05_18_5.bmp,val
TID2013,I05,/data/projectwork/swati_mam/new model data/tid2013/tid2013/distorted_images/i05_19_1.bmp,/data/projectwork/swati_mam/new model data/tid2013/tid2013/reference_images/I05.BMP,type_19,1,5.175,0.16158,19,i05_19_1.bmp,val
TID2013,I05,/data/projectwork/swati_mam/new model data/tid2013/tid2013/distorted_images/i05_19_2.bmp,/data/projectwork/swati_mam/new model data/tid2013/tid2013/reference_images/I05.BMP,type_19,2,4.804880000000001,0.17662,19,i05_19_2.bmp,val
TID2013,I05,/data/projectwork/swati_mam/new model data/tid2013/tid2013/distorted_images/i05_19_3.bmp,/data/projectwork/swati_mam/new model data/tid2013/tid2013/reference_images/I05.BMP,type_19,3,4.225,0.1145,19,i05_19_3.bmp,val
TID2013,I05,/data/projectwork/swati_mam/new model data/tid2013/tid2013/distorted_images/i05_19_4.bmp,/data/projectwork/swati_mam/new model data/tid2013/tid2013/reference_images/I05.BMP,type_19,4,3.65,0.11484,19,i05_19_4.bmp,val
TID2013,I05,/data/projectwork/swati_mam/new model data/tid2013/tid2013/distorted_images/i05_19_5.bmp,/data/projectwork/swati_mam/new model data/tid2013/tid2013/reference_images/I05.BMP,type_19,5,3.36585,0.11827,19,i05_19_5.bmp,val
TID2013,I05,/data/projectwork/swati_mam/new model data/tid2013/tid2013/distorted_images/i05_20_1.bmp,/data/projectwork/swati_mam/new model data/tid2013/tid2013/reference_images/I05.BMP,type_20,1,5.682930000000001,0.18395,20,i05_20_1.bmp,val
TID2013,I05,/data/projectwork/swati_mam/new model data/tid2013/tid2013/distorted_images/i05_20_2.bmp,/data/projectwork/swati_mam/new model data/tid2013/tid2013/reference_images/I05.BMP,type_20,2,5.560980000000001,0.17939,20,i05_20_2.bmp,val
TID2013,I05,/data/projectwork/swati_mam/new model data/tid2013/tid2013/distorted_images/i05_20_3.bmp,/data/projectwork/swati_mam/new model data/tid2013/tid2013/reference_images/I05.BMP,type_20,3,5.02439,0.15613,20,i05_20_3.bmp,val
TID2013,I05,/data/projectwork/swati_mam/new model data/tid2013/tid2013/distorted_images/i05_20_4.bmp,/data/projectwork/swati_mam/new model data/tid2013/tid2013/reference_images/I05.BMP,type_20,4,4.475,0.1224099999999999,20,i05_20_4.bmp,val
TID2013,I05,/data/projectwork/swati_mam/new model data/tid2013/tid2013/distorted_images/i05_20_5.bmp,/data/projectwork/swati_mam/new model data/tid2013/tid2013/reference_images/I05.BMP,type_20,5,3.28205,0.09559,20,i05_20_5.bmp,val
TID2013,I05,/data/projectwork/swati_mam/new model data/tid2013/tid2013/distorted_images/i05_21_1.bmp,/data/projectwork/swati_mam/new model data/tid2013/tid2013/reference_images/I05.BMP,type_21,1,5.6,0.11619,21,i05_21_1.bmp,val
TID2013,I05,/data/projectwork/swati_mam/new model data/tid2013/tid2013/distorted_images/i05_21_2.bmp,/data/projectwork/swati_mam/new model data/tid2013/tid2013/reference_images/I05.BMP,type_21,2,4.925,0.1193099999999999,21,i05_21_2.bmp,val
TID2013,I05,/data/projectwork/swati_mam/new model data/tid2013/tid2013/distorted_images/i05_21_3.bmp,/data/projectwork/swati_mam/new model data/tid2013/tid2013/reference_images/I05.BMP,type_21,3,4.36585,0.11312,21,i05_21_3.bmp,val
TID2013,I05,/data/projectwork/swati_mam/new model data/tid2013/tid2013/distorted_images/i05_21_4.bmp,/data/projectwork/swati_mam/new model data/tid2013/tid2013/reference_images/I05.BMP,type_21,4,3.35,0.10338,21,i05_21_4.bmp,val
TID2013,I05,/data/projectwork/swati_mam/new model data/tid2013/tid2013/distorted_images/i05_21_5.bmp,/data/projectwork/swati_mam/new model data/tid2013/tid2013/reference_images/I05.BMP,type_21,5,2.475,0.09992,21,i05_21_5.bmp,val
TID2013,I05,/data/projectwork/swati_mam/new model data/tid2013/tid2013/distorted_images/i05_22_1.bmp,/data/projectwork/swati_mam/new model data/tid2013/tid2013/reference_images/I05.BMP,type_22,1,5.275,0.1580599999999999,22,i05_22_1.bmp,val
TID2013,I05,/data/projectwork/swati_mam/new model data/tid2013/tid2013/distorted_images/i05_22_2.bmp,/data/projectwork/swati_mam/new model data/tid2013/tid2013/reference_images/I05.BMP,type_22,2,5.25,0.14895,22,i05_22_2.bmp,val
TID2013,I05,/data/projectwork/swati_mam/new model data/tid2013/tid2013/distorted_images/i05_22_3.bmp,/data/projectwork/swati_mam/new model data/tid2013/tid2013/reference_images/I05.BMP,type_22,3,4.7561,0.1326099999999999,22,i05_22_3.bmp,val
TID2013,I05,/data/projectwork/swati_mam/new model data/tid2013/tid2013/distorted_images/i05_22_4.bmp,/data/projectwork/swati_mam/new model data/tid2013/tid2013/reference_images/I05.BMP,type_22,4,4.1,0.11619,22,i05_22_4.bmp,val
TID2013,I05,/data/projectwork/swati_mam/new model data/tid2013/tid2013/distorted_images/i05_22_5.bmp,/data/projectwork/swati_mam/new model data/tid2013/tid2013/reference_images/I05.BMP,type_22,5,3.17073,0.1239,22,i05_22_5.bmp,val
TID2013,I05,/data/projectwork/swati_mam/new model data/tid2013/tid2013/distorted_images/i05_23_1.bmp,/data/projectwork/swati_mam/new model data/tid2013/tid2013/reference_images/I05.BMP,type_23,1,5.73171,0.16188,23,i05_23_1.bmp,val
TID2013,I05,/data/projectwork/swati_mam/new model data/tid2013/tid2013/distorted_images/i05_23_2.bmp,/data/projectwork/swati_mam/new model data/tid2013/tid2013/reference_images/I05.BMP,type_23,2,5.575,0.12692,23,i05_23_2.bmp,val
TID2013,I05,/data/projectwork/swati_mam/new model data/tid2013/tid2013/distorted_images/i05_23_3.bmp,/data/projectwork/swati_mam/new model data/tid2013/tid2013/reference_images/I05.BMP,type_23,3,5.63415,0.16089,23,i05_23_3.bmp,val
TID2013,I05,/data/projectwork/swati_mam/new model data/tid2013/tid2013/distorted_images/i05_23_4.bmp,/data/projectwork/swati_mam/new model data/tid2013/tid2013/reference_images/I05.BMP,type_23,4,5.7561,0.1609799999999999,23,i05_23_4.bmp,val
TID2013,I05,/data/projectwork/swati_mam/new model data/tid2013/tid2013/distorted_images/i05_23_5.bmp,/data/projectwork/swati_mam/new model data/tid2013/tid2013/reference_images/I05.BMP,type_23,5,5.439019999999999,0.17605,23,i05_23_5.bmp,val
TID2013,I05,/data/projectwork/swati_mam/new model data/tid2013/tid2013/distorted_images/i05_24_1.bmp,/data/projectwork/swati_mam/new model data/tid2013/tid2013/reference_images/I05.BMP,type_24,1,5.525,0.14572,24,i05_24_1.bmp,val
TID2013,I05,/data/projectwork/swati_mam/new model data/tid2013/tid2013/distorted_images/i05_24_2.bmp,/data/projectwork/swati_mam/new model data/tid2013/tid2013/reference_images/I05.BMP,type_24,2,5.60976,0.17547,24,i05_24_2.bmp,val
TID2013,I05,/data/projectwork/swati_mam/new model data/tid2013/tid2013/distorted_images/i05_24_3.bmp,/data/projectwork/swati_mam/new model data/tid2013/tid2013/reference_images/I05.BMP,type_24,3,5.2,0.16279,24,i05_24_3.bmp,val
TID2013,I05,/data/projectwork/swati_mam/new model data/tid2013/tid2013/distorted_images/i05_24_4.bmp,/data/projectwork/swati_mam/new model data/tid2013/tid2013/reference_images/I05.BMP,type_24,4,3.95122,0.13776,24,i05_24_4.bmp,val
TID2013,I05,/data/projectwork/swati_mam/new model data/tid2013/tid2013/distorted_images/i05_24_5.bmp,/data/projectwork/swati_mam/new model data/tid2013/tid2013/reference_images/I05.BMP,type_24,5,2.60976,0.12378,24,i05_24_5.bmp,val
TID2013,I06,/data/projectwork/swati_mam/new model data/tid2013/tid2013/distorted_images/I06_01_1.bmp,/data/projectwork/swati_mam/new model data/tid2013/tid2013/reference_images/I06.BMP,type_01,1,5.75676,0.17684,01,I06_01_1.bmp,train
TID2013,I06,/data/projectwork/swati_mam/new model data/tid2013/tid2013/distorted_images/i06_01_2.bmp,/data/projectwork/swati_mam/new model data/tid2013/tid2013/reference_images/I06.BMP,type_01,2,5.16667,0.15957,01,i06_01_2.bmp,train
TID2013,I06,/data/projectwork/swati_mam/new model data/tid2013/tid2013/distorted_images/i06_01_3.bmp,/data/projectwork/swati_mam/new model data/tid2013/tid2013/reference_images/I06.BMP,type_01,3,5.02703,0.14548,01,i06_01_3.bmp,train
TID2013,I06,/data/projectwork/swati_mam/new model data/tid2013/tid2013/distorted_images/i06_01_4.bmp,/data/projectwork/swati_mam/new model data/tid2013/tid2013/reference_images/I06.BMP,type_01,4,4.31429,0.11967,01,i06_01_4.bmp,train
TID2013,I06,/data/projectwork/swati_mam/new model data/tid2013/tid2013/distorted_images/i06_01_5.bmp,/data/projectwork/swati_mam/new model data/tid2013/tid2013/reference_images/I06.BMP,type_01,5,3.61111,0.1196599999999999,01,i06_01_5.bmp,train
TID2013,I06,/data/projectwork/swati_mam/new model data/tid2013/tid2013/distorted_images/i06_02_1.bmp,/data/projectwork/swati_mam/new model data/tid2013/tid2013/reference_images/I06.BMP,type_02,1,6.16216,0.2041,02,i06_02_1.bmp,train
TID2013,I06,/data/projectwork/swati_mam/new model data/tid2013/tid2013/distorted_images/i06_02_2.bmp,/data/projectwork/swati_mam/new model data/tid2013/tid2013/reference_images/I06.BMP,type_02,2,5.78378,0.17572,02,i06_02_2.bmp,train
TID2013,I06,/data/projectwork/swati_mam/new model data/tid2013/tid2013/distorted_images/i06_02_3.bmp,/data/projectwork/swati_mam/new model data/tid2013/tid2013/reference_images/I06.BMP,type_02,3,5.45946,0.16033,02,i06_02_3.bmp,train
TID2013,I06,/data/projectwork/swati_mam/new model data/tid2013/tid2013/distorted_images/i06_02_4.bmp,/data/projectwork/swati_mam/new model data/tid2013/tid2013/reference_images/I06.BMP,type_02,4,4.83333,0.1145299999999999,02,i06_02_4.bmp,train
TID2013,I06,/data/projectwork/swati_mam/new model data/tid2013/tid2013/distorted_images/i06_02_5.bmp,/data/projectwork/swati_mam/new model data/tid2013/tid2013/reference_images/I06.BMP,type_02,5,4.38889,0.13765,02,i06_02_5.bmp,train
TID2013,I06,/data/projectwork/swati_mam/new model data/tid2013/tid2013/distorted_images/i06_03_1.bmp,/data/projectwork/swati_mam/new model data/tid2013/tid2013/reference_images/I06.BMP,type_03,1,4.58333,0.12653,03,i06_03_1.bmp,train
TID2013,I06,/data/projectwork/swati_mam/new model data/tid2013/tid2013/distorted_images/i06_03_2.bmp,/data/projectwork/swati_mam/new model data/tid2013/tid2013/reference_images/I06.BMP,type_03,2,4.05714,0.10647,03,i06_03_2.bmp,train
TID2013,I06,/data/projectwork/swati_mam/new model data/tid2013/tid2013/distorted_images/i06_03_3.bmp,/data/projectwork/swati_mam/new model data/tid2013/tid2013/reference_images/I06.BMP,type_03,3,3.47222,0.12099,03,i06_03_3.bmp,train
TID2013,I06,/data/projectwork/swati_mam/new model data/tid2013/tid2013/distorted_images/i06_03_4.bmp,/data/projectwork/swati_mam/new model data/tid2013/tid2013/reference_images/I06.BMP,type_03,4,2.94595,0.10073,03,i06_03_4.bmp,train
TID2013,I06,/data/projectwork/swati_mam/new model data/tid2013/tid2013/distorted_images/i06_03_5.bmp,/data/projectwork/swati_mam/new model data/tid2013/tid2013/reference_images/I06.BMP,type_03,5,2.5,0.08333,03,i06_03_5.bmp,train
TID2013,I06,/data/projectwork/swati_mam/new model data/tid2013/tid2013/distorted_images/i06_04_1.bmp,/data/projectwork/swati_mam/new model data/tid2013/tid2013/reference_images/I06.BMP,type_04,1,5.83333,0.17786,04,i06_04_1.bmp,train
TID2013,I06,/data/projectwork/swati_mam/new model data/tid2013/tid2013/distorted_images/i06_04_2.bmp,/data/projectwork/swati_mam/new model data/tid2013/tid2013/reference_images/I06.BMP,type_04,2,5.86111,0.17635,04,i06_04_2.bmp,train
TID2013,I06,/data/projectwork/swati_mam/new model data/tid2013/tid2013/distorted_images/i06_04_3.bmp,/data/projectwork/swati_mam/new model data/tid2013/tid2013/reference_images/I06.BMP,type_04,3,5.69444,0.17489,04,i06_04_3.bmp,train
TID2013,I06,/data/projectwork/swati_mam/new model data/tid2013/tid2013/distorted_images/i06_04_4.bmp,/data/projectwork/swati_mam/new model data/tid2013/tid2013/reference_images/I06.BMP,type_04,4,5.08108,0.18081,04,i06_04_4.bmp,train
TID2013,I06,/data/projectwork/swati_mam/new model data/tid2013/tid2013/distorted_images/i06_04_5.bmp,/data/projectwork/swati_mam/new model data/tid2013/tid2013/reference_images/I06.BMP,type_04,5,4.58333,0.15897,04,i06_04_5.bmp,train
TID2013,I06,/data/projectwork/swati_mam/new model data/tid2013/tid2013/distorted_images/i06_05_1.bmp,/data/projectwork/swati_mam/new model data/tid2013/tid2013/reference_images/I06.BMP,type_05,1,5.91892,0.15469,05,i06_05_1.bmp,train
TID2013,I06,/data/projectwork/swati_mam/new model data/tid2013/tid2013/distorted_images/i06_05_2.bmp,/data/projectwork/swati_mam/new model data/tid2013/tid2013/reference_images/I06.BMP,type_05,2,5.71429,0.1250099999999999,05,i06_05_2.bmp,train
TID2013,I06,/data/projectwork/swati_mam/new model data/tid2013/tid2013/distorted_images/i06_05_3.bmp,/data/projectwork/swati_mam/new model data/tid2013/tid2013/reference_images/I06.BMP,type_05,3,4.97297,0.15519,05,i06_05_3.bmp,train
TID2013,I06,/data/projectwork/swati_mam/new model data/tid2013/tid2013/distorted_images/i06_05_4.bmp,/data/projectwork/swati_mam/new model data/tid2013/tid2013/reference_images/I06.BMP,type_05,4,4.028569999999999,0.09464,05,i06_05_4.bmp,train
TID2013,I06,/data/projectwork/swati_mam/new model data/tid2013/tid2013/distorted_images/i06_05_5.bmp,/data/projectwork/swati_mam/new model data/tid2013/tid2013/reference_images/I06.BMP,type_05,5,2.94595,0.11432,05,i06_05_5.bmp,train
TID2013,I06,/data/projectwork/swati_mam/new model data/tid2013/tid2013/distorted_images/i06_06_1.bmp,/data/projectwork/swati_mam/new model data/tid2013/tid2013/reference_images/I06.BMP,type_06,1,4.61111,0.15849,06,i06_06_1.bmp,train
TID2013,I06,/data/projectwork/swati_mam/new model data/tid2013/tid2013/distorted_images/i06_06_2.bmp,/data/projectwork/swati_mam/new model data/tid2013/tid2013/reference_images/I06.BMP,type_06,2,4.38889,0.16329,06,i06_06_2.bmp,train
TID2013,I06,/data/projectwork/swati_mam/new model data/tid2013/tid2013/distorted_images/i06_06_3.bmp,/data/projectwork/swati_mam/new model data/tid2013/tid2013/reference_images/I06.BMP,type_06,3,3.77778,0.13095,06,i06_06_3.bmp,train
TID2013,I06,/data/projectwork/swati_mam/new model data/tid2013/tid2013/distorted_images/i06_06_4.bmp,/data/projectwork/swati_mam/new model data/tid2013/tid2013/reference_images/I06.BMP,type_06,4,3.5277800000000004,0.12099,06,i06_06_4.bmp,train
TID2013,I06,/data/projectwork/swati_mam/new model data/tid2013/tid2013/distorted_images/i06_06_5.bmp,/data/projectwork/swati_mam/new model data/tid2013/tid2013/reference_images/I06.BMP,type_06,5,3.05405,0.0932,06,i06_06_5.bmp,train
TID2013,I06,/data/projectwork/swati_mam/new model data/tid2013/tid2013/distorted_images/i06_07_1.bmp,/data/projectwork/swati_mam/new model data/tid2013/tid2013/reference_images/I06.BMP,type_07,1,5.324319999999999,0.17538,07,i06_07_1.bmp,train
TID2013,I06,/data/projectwork/swati_mam/new model data/tid2013/tid2013/distorted_images/i06_07_2.bmp,/data/projectwork/swati_mam/new model data/tid2013/tid2013/reference_images/I06.BMP,type_07,2,5.11429,0.11264,07,i06_07_2.bmp,train
TID2013,I06,/data/projectwork/swati_mam/new model data/tid2013/tid2013/distorted_images/i06_07_3.bmp,/data/projectwork/swati_mam/new model data/tid2013/tid2013/reference_images/I06.BMP,type_07,3,4.40541,0.14534,07,i06_07_3.bmp,train
TID2013,I06,/data/projectwork/swati_mam/new model data/tid2013/tid2013/distorted_images/i06_07_4.bmp,/data/projectwork/swati_mam/new model data/tid2013/tid2013/reference_images/I06.BMP,type_07,4,3.14286,0.10799,07,i06_07_4.bmp,train
TID2013,I06,/data/projectwork/swati_mam/new model data/tid2013/tid2013/distorted_images/i06_07_5.bmp,/data/projectwork/swati_mam/new model data/tid2013/tid2013/reference_images/I06.BMP,type_07,5,2.68571,0.11967,07,i06_07_5.bmp,train
TID2013,I06,/data/projectwork/swati_mam/new model data/tid2013/tid2013/distorted_images/i06_08_1.bmp,/data/projectwork/swati_mam/new model data/tid2013/tid2013/reference_images/I06.BMP,type_08,1,5.18919,0.13151,08,i06_08_1.bmp,train
TID2013,I06,/data/projectwork/swati_mam/new model data/tid2013/tid2013/distorted_images/i06_08_2.bmp,/data/projectwork/swati_mam/new model data/tid2013/tid2013/reference_images/I06.BMP,type_08,2,4.58333,0.12653,08,i06_08_2.bmp,train
TID2013,I06,/data/projectwork/swati_mam/new model data/tid2013/tid2013/distorted_images/i06_08_3.bmp,/data/projectwork/swati_mam/new model data/tid2013/tid2013/reference_images/I06.BMP,type_08,3,3.48571,0.08448,08,i06_08_3.bmp,train
TID2013,I06,/data/projectwork/swati_mam/new model data/tid2013/tid2013/distorted_images/i06_08_4.bmp,/data/projectwork/swati_mam/new model data/tid2013/tid2013/reference_images/I06.BMP,type_08,4,2.7027,0.09256,08,i06_08_4.bmp,train
TID2013,I06,/data/projectwork/swati_mam/new model data/tid2013/tid2013/distorted_images/i06_08_5.bmp,/data/projectwork/swati_mam/new model data/tid2013/tid2013/reference_images/I06.BMP,type_08,5,2.05405,0.085,08,i06_08_5.bmp,train
TID2013,I06,/data/projectwork/swati_mam/new model data/tid2013/tid2013/distorted_images/i06_09_1.bmp,/data/projectwork/swati_mam/new model data/tid2013/tid2013/reference_images/I06.BMP,type_09,1,6.05405,0.1707,09,i06_09_1.bmp,train
TID2013,I06,/data/projectwork/swati_mam/new model data/tid2013/tid2013/distorted_images/i06_09_2.bmp,/data/projectwork/swati_mam/new model data/tid2013/tid2013/reference_images/I06.BMP,type_09,2,5.86486,0.16732,09,i06_09_2.bmp,train
TID2013,I06,/data/projectwork/swati_mam/new model data/tid2013/tid2013/distorted_images/i06_09_3.bmp,/data/projectwork/swati_mam/new model data/tid2013/tid2013/reference_images/I06.BMP,type_09,3,4.86486,0.1333,09,i06_09_3.bmp,train
TID2013,I06,/data/projectwork/swati_mam/new model data/tid2013/tid2013/distorted_images/i06_09_4.bmp,/data/projectwork/swati_mam/new model data/tid2013/tid2013/reference_images/I06.BMP,type_09,4,3.0,0.10393,09,i06_09_4.bmp,train
TID2013,I06,/data/projectwork/swati_mam/new model data/tid2013/tid2013/distorted_images/i06_09_5.bmp,/data/projectwork/swati_mam/new model data/tid2013/tid2013/reference_images/I06.BMP,type_09,5,1.65714,0.08983,09,i06_09_5.bmp,train
TID2013,I06,/data/projectwork/swati_mam/new model data/tid2013/tid2013/distorted_images/i06_10_1.bmp,/data/projectwork/swati_mam/new model data/tid2013/tid2013/reference_images/I06.BMP,type_10,1,5.83784,0.15532,10,i06_10_1.bmp,train
TID2013,I06,/data/projectwork/swati_mam/new model data/tid2013/tid2013/distorted_images/i06_10_2.bmp,/data/projectwork/swati_mam/new model data/tid2013/tid2013/reference_images/I06.BMP,type_10,2,5.62857,0.12179,10,i06_10_2.bmp,train
TID2013,I06,/data/projectwork/swati_mam/new model data/tid2013/tid2013/distorted_images/i06_10_3.bmp,/data/projectwork/swati_mam/new model data/tid2013/tid2013/reference_images/I06.BMP,type_10,3,5.42857,0.13574,10,i06_10_3.bmp,train
TID2013,I06,/data/projectwork/swati_mam/new model data/tid2013/tid2013/distorted_images/i06_10_4.bmp,/data/projectwork/swati_mam/new model data/tid2013/tid2013/reference_images/I06.BMP,type_10,4,3.16216,0.13521,10,i06_10_4.bmp,train
TID2013,I06,/data/projectwork/swati_mam/new model data/tid2013/tid2013/distorted_images/i06_10_5.bmp,/data/projectwork/swati_mam/new model data/tid2013/tid2013/reference_images/I06.BMP,type_10,5,1.77778,0.09711,10,i06_10_5.bmp,train
TID2013,I06,/data/projectwork/swati_mam/new model data/tid2013/tid2013/distorted_images/I06_11_1.bmp,/data/projectwork/swati_mam/new model data/tid2013/tid2013/reference_images/I06.BMP,type_11,1,5.54054,0.13015,11,I06_11_1.bmp,train
TID2013,I06,/data/projectwork/swati_mam/new model data/tid2013/tid2013/distorted_images/i06_11_2.bmp,/data/projectwork/swati_mam/new model data/tid2013/tid2013/reference_images/I06.BMP,type_11,2,5.19444,0.15123,11,i06_11_2.bmp,train
TID2013,I06,/data/projectwork/swati_mam/new model data/tid2013/tid2013/distorted_images/i06_11_3.bmp,/data/projectwork/swati_mam/new model data/tid2013/tid2013/reference_images/I06.BMP,type_11,3,4.5,0.12108,11,i06_11_3.bmp,train
TID2013,I06,/data/projectwork/swati_mam/new model data/tid2013/tid2013/distorted_images/i06_11_4.bmp,/data/projectwork/swati_mam/new model data/tid2013/tid2013/reference_images/I06.BMP,type_11,4,3.08108,0.11064,11,i06_11_4.bmp,train
TID2013,I06,/data/projectwork/swati_mam/new model data/tid2013/tid2013/distorted_images/i06_11_5.bmp,/data/projectwork/swati_mam/new model data/tid2013/tid2013/reference_images/I06.BMP,type_11,5,0.75676,0.1108099999999999,11,i06_11_5.bmp,train
TID2013,I06,/data/projectwork/swati_mam/new model data/tid2013/tid2013/distorted_images/i06_12_1.bmp,/data/projectwork/swati_mam/new model data/tid2013/tid2013/reference_images/I06.BMP,type_12,1,5.86111,0.16737,12,i06_12_1.bmp,train
TID2013,I06,/data/projectwork/swati_mam/new model data/tid2013/tid2013/distorted_images/i06_12_2.bmp,/data/projectwork/swati_mam/new model data/tid2013/tid2013/reference_images/I06.BMP,type_12,2,4.75,0.15404,12,i06_12_2.bmp,train
TID2013,I06,/data/projectwork/swati_mam/new model data/tid2013/tid2013/distorted_images/i06_12_3.bmp,/data/projectwork/swati_mam/new model data/tid2013/tid2013/reference_images/I06.BMP,type_12,3,4.35135,0.14411,12,i06_12_3.bmp,train
TID2013,I06,/data/projectwork/swati_mam/new model data/tid2013/tid2013/distorted_images/i06_12_4.bmp,/data/projectwork/swati_mam/new model data/tid2013/tid2013/reference_images/I06.BMP,type_12,4,3.62857,0.12832,12,i06_12_4.bmp,train
TID2013,I06,/data/projectwork/swati_mam/new model data/tid2013/tid2013/distorted_images/i06_12_5.bmp,/data/projectwork/swati_mam/new model data/tid2013/tid2013/reference_images/I06.BMP,type_12,5,3.83784,0.15532,12,i06_12_5.bmp,train
TID2013,I06,/data/projectwork/swati_mam/new model data/tid2013/tid2013/distorted_images/I06_13_1.bmp,/data/projectwork/swati_mam/new model data/tid2013/tid2013/reference_images/I06.BMP,type_13,1,4.675680000000001,0.1483,13,I06_13_1.bmp,train
TID2013,I06,/data/projectwork/swati_mam/new model data/tid2013/tid2013/distorted_images/i06_13_2.bmp,/data/projectwork/swati_mam/new model data/tid2013/tid2013/reference_images/I06.BMP,type_13,2,4.82857,0.12445,13,i06_13_2.bmp,train
TID2013,I06,/data/projectwork/swati_mam/new model data/tid2013/tid2013/distorted_images/i06_13_3.bmp,/data/projectwork/swati_mam/new model data/tid2013/tid2013/reference_images/I06.BMP,type_13,3,4.17143,0.09464,13,i06_13_3.bmp,train
TID2013,I06,/data/projectwork/swati_mam/new model data/tid2013/tid2013/distorted_images/i06_13_4.bmp,/data/projectwork/swati_mam/new model data/tid2013/tid2013/reference_images/I06.BMP,type_13,4,3.19444,0.12922,13,i06_13_4.bmp,train
TID2013,I06,/data/projectwork/swati_mam/new model data/tid2013/tid2013/distorted_images/i06_13_5.bmp,/data/projectwork/swati_mam/new model data/tid2013/tid2013/reference_images/I06.BMP,type_13,5,2.7027,0.1001399999999999,13,i06_13_5.bmp,train
TID2013,I06,/data/projectwork/swati_mam/new model data/tid2013/tid2013/distorted_images/i06_14_1.bmp,/data/projectwork/swati_mam/new model data/tid2013/tid2013/reference_images/I06.BMP,type_14,1,6.0,0.14569,14,i06_14_1.bmp,train
TID2013,I06,/data/projectwork/swati_mam/new model data/tid2013/tid2013/distorted_images/i06_14_2.bmp,/data/projectwork/swati_mam/new model data/tid2013/tid2013/reference_images/I06.BMP,type_14,2,6.0,0.16216,14,i06_14_2.bmp,train
TID2013,I06,/data/projectwork/swati_mam/new model data/tid2013/tid2013/distorted_images/i06_14_3.bmp,/data/projectwork/swati_mam/new model data/tid2013/tid2013/reference_images/I06.BMP,type_14,3,4.7714300000000005,0.1620599999999999,14,i06_14_3.bmp,train
TID2013,I06,/data/projectwork/swati_mam/new model data/tid2013/tid2013/distorted_images/i06_14_4.bmp,/data/projectwork/swati_mam/new model data/tid2013/tid2013/reference_images/I06.BMP,type_14,4,4.33333,0.16197,14,i06_14_4.bmp,train
TID2013,I06,/data/projectwork/swati_mam/new model data/tid2013/tid2013/distorted_images/i06_14_5.bmp,/data/projectwork/swati_mam/new model data/tid2013/tid2013/reference_images/I06.BMP,type_14,5,4.30556,0.15123,14,i06_14_5.bmp,train
TID2013,I06,/data/projectwork/swati_mam/new model data/tid2013/tid2013/distorted_images/i06_15_1.bmp,/data/projectwork/swati_mam/new model data/tid2013/tid2013/reference_images/I06.BMP,type_15,1,3.62162,0.19621,15,i06_15_1.bmp,train
TID2013,I06,/data/projectwork/swati_mam/new model data/tid2013/tid2013/distorted_images/i06_15_2.bmp,/data/projectwork/swati_mam/new model data/tid2013/tid2013/reference_images/I06.BMP,type_15,2,3.32432,0.16684,15,i06_15_2.bmp,train
TID2013,I06,/data/projectwork/swati_mam/new model data/tid2013/tid2013/distorted_images/i06_15_3.bmp,/data/projectwork/swati_mam/new model data/tid2013/tid2013/reference_images/I06.BMP,type_15,3,3.75,0.18582,15,i06_15_3.bmp,train
TID2013,I06,/data/projectwork/swati_mam/new model data/tid2013/tid2013/distorted_images/i06_15_4.bmp,/data/projectwork/swati_mam/new model data/tid2013/tid2013/reference_images/I06.BMP,type_15,4,4.40541,0.17706,15,i06_15_4.bmp,train
TID2013,I06,/data/projectwork/swati_mam/new model data/tid2013/tid2013/distorted_images/i06_15_5.bmp,/data/projectwork/swati_mam/new model data/tid2013/tid2013/reference_images/I06.BMP,type_15,5,4.83333,0.18634,15,i06_15_5.bmp,train
TID2013,I06,/data/projectwork/swati_mam/new model data/tid2013/tid2013/distorted_images/i06_16_1.bmp,/data/projectwork/swati_mam/new model data/tid2013/tid2013/reference_images/I06.BMP,type_16,1,5.56757,0.18545,16,i06_16_1.bmp,train
TID2013,I06,/data/projectwork/swati_mam/new model data/tid2013/tid2013/distorted_images/i06_16_2.bmp,/data/projectwork/swati_mam/new model data/tid2013/tid2013/reference_images/I06.BMP,type_16,2,6.25,0.15404,16,i06_16_2.bmp,train
TID2013,I06,/data/projectwork/swati_mam/new model data/tid2013/tid2013/distorted_images/i06_16_3.bmp,/data/projectwork/swati_mam/new model data/tid2013/tid2013/reference_images/I06.BMP,type_16,3,5.08333,0.14894,16,i06_16_3.bmp,train
TID2013,I06,/data/projectwork/swati_mam/new model data/tid2013/tid2013/distorted_images/i06_16_4.bmp,/data/projectwork/swati_mam/new model data/tid2013/tid2013/reference_images/I06.BMP,type_16,4,5.83784,0.20765,16,i06_16_4.bmp,train
TID2013,I06,/data/projectwork/swati_mam/new model data/tid2013/tid2013/distorted_images/i06_16_5.bmp,/data/projectwork/swati_mam/new model data/tid2013/tid2013/reference_images/I06.BMP,type_16,5,4.13889,0.17635,16,i06_16_5.bmp,train
TID2013,I06,/data/projectwork/swati_mam/new model data/tid2013/tid2013/distorted_images/i06_17_1.bmp,/data/projectwork/swati_mam/new model data/tid2013/tid2013/reference_images/I06.BMP,type_17,1,5.55556,0.15438,17,i06_17_1.bmp,train
TID2013,I06,/data/projectwork/swati_mam/new model data/tid2013/tid2013/distorted_images/i06_17_2.bmp,/data/projectwork/swati_mam/new model data/tid2013/tid2013/reference_images/I06.BMP,type_17,2,6.08108,0.16826,17,i06_17_2.bmp,train
TID2013,I06,/data/projectwork/swati_mam/new model data/tid2013/tid2013/distorted_images/i06_17_3.bmp,/data/projectwork/swati_mam/new model data/tid2013/tid2013/reference_images/I06.BMP,type_17,3,4.05556,0.14134,17,i06_17_3.bmp,train
TID2013,I06,/data/projectwork/swati_mam/new model data/tid2013/tid2013/distorted_images/i06_17_4.bmp,/data/projectwork/swati_mam/new model data/tid2013/tid2013/reference_images/I06.BMP,type_17,4,5.83784,0.29978,17,i06_17_4.bmp,train
TID2013,I06,/data/projectwork/swati_mam/new model data/tid2013/tid2013/distorted_images/i06_17_5.bmp,/data/projectwork/swati_mam/new model data/tid2013/tid2013/reference_images/I06.BMP,type_17,5,3.3783800000000004,0.1448,17,i06_17_5.bmp,train
TID2013,I06,/data/projectwork/swati_mam/new model data/tid2013/tid2013/distorted_images/i06_18_1.bmp,/data/projectwork/swati_mam/new model data/tid2013/tid2013/reference_images/I06.BMP,type_18,1,5.2,0.11986,18,i06_18_1.bmp,train
TID2013,I06,/data/projectwork/swati_mam/new model data/tid2013/tid2013/distorted_images/i06_18_2.bmp,/data/projectwork/swati_mam/new model data/tid2013/tid2013/reference_images/I06.BMP,type_18,2,4.36111,0.17635,18,i06_18_2.bmp,train
TID2013,I06,/data/projectwork/swati_mam/new model data/tid2013/tid2013/distorted_images/i06_18_3.bmp,/data/projectwork/swati_mam/new model data/tid2013/tid2013/reference_images/I06.BMP,type_18,3,3.88889,0.12897,18,i06_18_3.bmp,train
TID2013,I06,/data/projectwork/swati_mam/new model data/tid2013/tid2013/distorted_images/i06_18_4.bmp,/data/projectwork/swati_mam/new model data/tid2013/tid2013/reference_images/I06.BMP,type_18,4,3.72973,0.1650599999999999,18,i06_18_4.bmp,train
TID2013,I06,/data/projectwork/swati_mam/new model data/tid2013/tid2013/distorted_images/i06_18_5.bmp,/data/projectwork/swati_mam/new model data/tid2013/tid2013/reference_images/I06.BMP,type_18,5,3.78378,0.17572,18,i06_18_5.bmp,train
TID2013,I06,/data/projectwork/swati_mam/new model data/tid2013/tid2013/distorted_images/i06_19_1.bmp,/data/projectwork/swati_mam/new model data/tid2013/tid2013/reference_images/I06.BMP,type_19,1,5.33333,0.14164,19,i06_19_1.bmp,train
TID2013,I06,/data/projectwork/swati_mam/new model data/tid2013/tid2013/distorted_images/i06_19_2.bmp,/data/projectwork/swati_mam/new model data/tid2013/tid2013/reference_images/I06.BMP,type_19,2,5.27027,0.16057,19,i06_19_2.bmp,train
TID2013,I06,/data/projectwork/swati_mam/new model data/tid2013/tid2013/distorted_images/i06_19_3.bmp,/data/projectwork/swati_mam/new model data/tid2013/tid2013/reference_images/I06.BMP,type_19,3,4.94595,0.16192,19,i06_19_3.bmp,train
TID2013,I06,/data/projectwork/swati_mam/new model data/tid2013/tid2013/distorted_images/i06_19_4.bmp,/data/projectwork/swati_mam/new model data/tid2013/tid2013/reference_images/I06.BMP,type_19,4,4.19444,0.16111,19,i06_19_4.bmp,train
TID2013,I06,/data/projectwork/swati_mam/new model data/tid2013/tid2013/distorted_images/i06_19_5.bmp,/data/projectwork/swati_mam/new model data/tid2013/tid2013/reference_images/I06.BMP,type_19,5,3.59459,0.11117,19,i06_19_5.bmp,train
TID2013,I06,/data/projectwork/swati_mam/new model data/tid2013/tid2013/distorted_images/i06_20_1.bmp,/data/projectwork/swati_mam/new model data/tid2013/tid2013/reference_images/I06.BMP,type_20,1,5.61111,0.14844,20,i06_20_1.bmp,train
TID2013,I06,/data/projectwork/swati_mam/new model data/tid2013/tid2013/distorted_images/i06_20_2.bmp,/data/projectwork/swati_mam/new model data/tid2013/tid2013/reference_images/I06.BMP,type_20,2,5.27778,0.1648599999999999,20,i06_20_2.bmp,train
TID2013,I06,/data/projectwork/swati_mam/new model data/tid2013/tid2013/distorted_images/i06_20_3.bmp,/data/projectwork/swati_mam/new model data/tid2013/tid2013/reference_images/I06.BMP,type_20,3,5.59459,0.14023,20,i06_20_3.bmp,train
TID2013,I06,/data/projectwork/swati_mam/new model data/tid2013/tid2013/distorted_images/i06_20_4.bmp,/data/projectwork/swati_mam/new model data/tid2013/tid2013/reference_images/I06.BMP,type_20,4,4.94595,0.16637,20,i06_20_4.bmp,train
TID2013,I06,/data/projectwork/swati_mam/new model data/tid2013/tid2013/distorted_images/i06_20_5.bmp,/data/projectwork/swati_mam/new model data/tid2013/tid2013/reference_images/I06.BMP,type_20,5,3.97297,0.11772,20,i06_20_5.bmp,train
TID2013,I06,/data/projectwork/swati_mam/new model data/tid2013/tid2013/distorted_images/i06_21_1.bmp,/data/projectwork/swati_mam/new model data/tid2013/tid2013/reference_images/I06.BMP,type_21,1,5.7027,0.17459,21,i06_21_1.bmp,train
TID2013,I06,/data/projectwork/swati_mam/new model data/tid2013/tid2013/distorted_images/i06_21_2.bmp,/data/projectwork/swati_mam/new model data/tid2013/tid2013/reference_images/I06.BMP,type_21,2,5.11111,0.13482,21,i06_21_2.bmp,train
TID2013,I06,/data/projectwork/swati_mam/new model data/tid2013/tid2013/distorted_images/i06_21_3.bmp,/data/projectwork/swati_mam/new model data/tid2013/tid2013/reference_images/I06.BMP,type_21,3,4.71429,0.11118,21,i06_21_3.bmp,train
TID2013,I06,/data/projectwork/swati_mam/new model data/tid2013/tid2013/distorted_images/i06_21_4.bmp,/data/projectwork/swati_mam/new model data/tid2013/tid2013/reference_images/I06.BMP,type_21,4,3.63889,0.13119,21,i06_21_4.bmp,train
TID2013,I06,/data/projectwork/swati_mam/new model data/tid2013/tid2013/distorted_images/i06_21_5.bmp,/data/projectwork/swati_mam/new model data/tid2013/tid2013/reference_images/I06.BMP,type_21,5,2.80556,0.10985,21,i06_21_5.bmp,train
TID2013,I06,/data/projectwork/swati_mam/new model data/tid2013/tid2013/distorted_images/i06_22_1.bmp,/data/projectwork/swati_mam/new model data/tid2013/tid2013/reference_images/I06.BMP,type_22,1,5.63889,0.1627,22,i06_22_1.bmp,train
TID2013,I06,/data/projectwork/swati_mam/new model data/tid2013/tid2013/distorted_images/i06_22_2.bmp,/data/projectwork/swati_mam/new model data/tid2013/tid2013/reference_images/I06.BMP,type_22,2,5.27778,0.15521,22,i06_22_2.bmp,train
TID2013,I06,/data/projectwork/swati_mam/new model data/tid2013/tid2013/distorted_images/i06_22_3.bmp,/data/projectwork/swati_mam/new model data/tid2013/tid2013/reference_images/I06.BMP,type_22,3,4.16216,0.14051,22,i06_22_3.bmp,train
TID2013,I06,/data/projectwork/swati_mam/new model data/tid2013/tid2013/distorted_images/i06_22_4.bmp,/data/projectwork/swati_mam/new model data/tid2013/tid2013/reference_images/I06.BMP,type_22,4,3.56757,0.1117,22,i06_22_4.bmp,train
TID2013,I06,/data/projectwork/swati_mam/new model data/tid2013/tid2013/distorted_images/i06_22_5.bmp,/data/projectwork/swati_mam/new model data/tid2013/tid2013/reference_images/I06.BMP,type_22,5,2.97297,0.14548,22,i06_22_5.bmp,train
TID2013,I06,/data/projectwork/swati_mam/new model data/tid2013/tid2013/distorted_images/i06_23_1.bmp,/data/projectwork/swati_mam/new model data/tid2013/tid2013/reference_images/I06.BMP,type_23,1,5.91429,0.15842,23,i06_23_1.bmp,train
TID2013,I06,/data/projectwork/swati_mam/new model data/tid2013/tid2013/distorted_images/i06_23_2.bmp,/data/projectwork/swati_mam/new model data/tid2013/tid2013/reference_images/I06.BMP,type_23,2,5.80556,0.14065,23,i06_23_2.bmp,train
TID2013,I06,/data/projectwork/swati_mam/new model data/tid2013/tid2013/distorted_images/i06_23_3.bmp,/data/projectwork/swati_mam/new model data/tid2013/tid2013/reference_images/I06.BMP,type_23,3,5.675680000000001,0.20245,23,i06_23_3.bmp,train
TID2013,I06,/data/projectwork/swati_mam/new model data/tid2013/tid2013/distorted_images/i06_23_4.bmp,/data/projectwork/swati_mam/new model data/tid2013/tid2013/reference_images/I06.BMP,type_23,4,5.324319999999999,0.20245,23,i06_23_4.bmp,train
TID2013,I06,/data/projectwork/swati_mam/new model data/tid2013/tid2013/distorted_images/i06_23_5.bmp,/data/projectwork/swati_mam/new model data/tid2013/tid2013/reference_images/I06.BMP,type_23,5,2.34286,0.08023,23,i06_23_5.bmp,train
TID2013,I06,/data/projectwork/swati_mam/new model data/tid2013/tid2013/distorted_images/i06_24_1.bmp,/data/projectwork/swati_mam/new model data/tid2013/tid2013/reference_images/I06.BMP,type_24,1,5.83784,0.17728,24,i06_24_1.bmp,train
TID2013,I06,/data/projectwork/swati_mam/new model data/tid2013/tid2013/distorted_images/i06_24_2.bmp,/data/projectwork/swati_mam/new model data/tid2013/tid2013/reference_images/I06.BMP,type_24,2,5.8,0.16061,24,i06_24_2.bmp,train
TID2013,I06,/data/projectwork/swati_mam/new model data/tid2013/tid2013/distorted_images/i06_24_3.bmp,/data/projectwork/swati_mam/new model data/tid2013/tid2013/reference_images/I06.BMP,type_24,3,4.81081,0.15684,24,i06_24_3.bmp,train
TID2013,I06,/data/projectwork/swati_mam/new model data/tid2013/tid2013/distorted_images/i06_24_4.bmp,/data/projectwork/swati_mam/new model data/tid2013/tid2013/reference_images/I06.BMP,type_24,4,3.21622,0.09467,24,i06_24_4.bmp,train
TID2013,I06,/data/projectwork/swati_mam/new model data/tid2013/tid2013/distorted_images/i06_24_5.bmp,/data/projectwork/swati_mam/new model data/tid2013/tid2013/reference_images/I06.BMP,type_24,5,0.88889,0.12897,24,i06_24_5.bmp,train
TID2013,I07,/data/projectwork/swati_mam/new model data/tid2013/tid2013/distorted_images/I07_01_1.bmp,/data/projectwork/swati_mam/new model data/tid2013/tid2013/reference_images/I07.BMP,type_01,1,5.68182,0.11928,01,I07_01_1.bmp,train
TID2013,I07,/data/projectwork/swati_mam/new model data/tid2013/tid2013/distorted_images/i07_01_2.bmp,/data/projectwork/swati_mam/new model data/tid2013/tid2013/reference_images/I07.BMP,type_01,2,5.09091,0.11507,01,i07_01_2.bmp,train
TID2013,I07,/data/projectwork/swati_mam/new model data/tid2013/tid2013/distorted_images/i07_01_3.bmp,/data/projectwork/swati_mam/new model data/tid2013/tid2013/reference_images/I07.BMP,type_01,3,4.8,0.1200799999999999,01,i07_01_3.bmp,train
TID2013,I07,/data/projectwork/swati_mam/new model data/tid2013/tid2013/distorted_images/i07_01_4.bmp,/data/projectwork/swati_mam/new model data/tid2013/tid2013/reference_images/I07.BMP,type_01,4,4.45455,0.1134299999999999,01,i07_01_4.bmp,train
TID2013,I07,/data/projectwork/swati_mam/new model data/tid2013/tid2013/distorted_images/i07_01_5.bmp,/data/projectwork/swati_mam/new model data/tid2013/tid2013/reference_images/I07.BMP,type_01,5,3.97619,0.09214,01,i07_01_5.bmp,train
TID2013,I07,/data/projectwork/swati_mam/new model data/tid2013/tid2013/distorted_images/i07_02_1.bmp,/data/projectwork/swati_mam/new model data/tid2013/tid2013/reference_images/I07.BMP,type_02,1,6.04444,0.14386,02,i07_02_1.bmp,train
TID2013,I07,/data/projectwork/swati_mam/new model data/tid2013/tid2013/distorted_images/i07_02_2.bmp,/data/projectwork/swati_mam/new model data/tid2013/tid2013/reference_images/I07.BMP,type_02,2,5.86364,0.1348099999999999,02,i07_02_2.bmp,train
TID2013,I07,/data/projectwork/swati_mam/new model data/tid2013/tid2013/distorted_images/i07_02_3.bmp,/data/projectwork/swati_mam/new model data/tid2013/tid2013/reference_images/I07.BMP,type_02,3,5.55814,0.12865,02,i07_02_3.bmp,train
TID2013,I07,/data/projectwork/swati_mam/new model data/tid2013/tid2013/distorted_images/i07_02_4.bmp,/data/projectwork/swati_mam/new model data/tid2013/tid2013/reference_images/I07.BMP,type_02,4,5.232559999999999,0.10827,02,i07_02_4.bmp,train
TID2013,I07,/data/projectwork/swati_mam/new model data/tid2013/tid2013/distorted_images/i07_02_5.bmp,/data/projectwork/swati_mam/new model data/tid2013/tid2013/reference_images/I07.BMP,type_02,5,4.75556,0.12235,02,i07_02_5.bmp,train
TID2013,I07,/data/projectwork/swati_mam/new model data/tid2013/tid2013/distorted_images/i07_03_1.bmp,/data/projectwork/swati_mam/new model data/tid2013/tid2013/reference_images/I07.BMP,type_03,1,4.933330000000001,0.10135,03,i07_03_1.bmp,train
TID2013,I07,/data/projectwork/swati_mam/new model data/tid2013/tid2013/distorted_images/i07_03_2.bmp,/data/projectwork/swati_mam/new model data/tid2013/tid2013/reference_images/I07.BMP,type_03,2,4.22727,0.09569,03,i07_03_2.bmp,train
TID2013,I07,/data/projectwork/swati_mam/new model data/tid2013/tid2013/distorted_images/i07_03_3.bmp,/data/projectwork/swati_mam/new model data/tid2013/tid2013/reference_images/I07.BMP,type_03,3,3.733330000000001,0.09635,03,i07_03_3.bmp,train
TID2013,I07,/data/projectwork/swati_mam/new model data/tid2013/tid2013/distorted_images/i07_03_4.bmp,/data/projectwork/swati_mam/new model data/tid2013/tid2013/reference_images/I07.BMP,type_03,4,3.31111,0.09335,03,i07_03_4.bmp,train
TID2013,I07,/data/projectwork/swati_mam/new model data/tid2013/tid2013/distorted_images/i07_03_5.bmp,/data/projectwork/swati_mam/new model data/tid2013/tid2013/reference_images/I07.BMP,type_03,5,2.73333,0.10611,03,i07_03_5.bmp,train
TID2013,I07,/data/projectwork/swati_mam/new model data/tid2013/tid2013/distorted_images/i07_04_1.bmp,/data/projectwork/swati_mam/new model data/tid2013/tid2013/reference_images/I07.BMP,type_04,1,5.86667,0.14264,04,i07_04_1.bmp,train
TID2013,I07,/data/projectwork/swati_mam/new model data/tid2013/tid2013/distorted_images/i07_04_2.bmp,/data/projectwork/swati_mam/new model data/tid2013/tid2013/reference_images/I07.BMP,type_04,2,6.0,0.13333,04,i07_04_2.bmp,train
TID2013,I07,/data/projectwork/swati_mam/new model data/tid2013/tid2013/distorted_images/i07_04_3.bmp,/data/projectwork/swati_mam/new model data/tid2013/tid2013/reference_images/I07.BMP,type_04,3,5.422219999999999,0.17635,04,i07_04_3.bmp,train
TID2013,I07,/data/projectwork/swati_mam/new model data/tid2013/tid2013/distorted_images/i07_04_4.bmp,/data/projectwork/swati_mam/new model data/tid2013/tid2013/reference_images/I07.BMP,type_04,4,4.951219999999999,0.08415,04,i07_04_4.bmp,train
TID2013,I07,/data/projectwork/swati_mam/new model data/tid2013/tid2013/distorted_images/i07_04_5.bmp,/data/projectwork/swati_mam/new model data/tid2013/tid2013/reference_images/I07.BMP,type_04,5,4.2093,0.1211,04,i07_04_5.bmp,train
TID2013,I07,/data/projectwork/swati_mam/new model data/tid2013/tid2013/distorted_images/i07_05_1.bmp,/data/projectwork/swati_mam/new model data/tid2013/tid2013/reference_images/I07.BMP,type_05,1,6.04444,0.17201,05,i07_05_1.bmp,train
TID2013,I07,/data/projectwork/swati_mam/new model data/tid2013/tid2013/distorted_images/i07_05_2.bmp,/data/projectwork/swati_mam/new model data/tid2013/tid2013/reference_images/I07.BMP,type_05,2,5.8,0.1651,05,i07_05_2.bmp,train
TID2013,I07,/data/projectwork/swati_mam/new model data/tid2013/tid2013/distorted_images/i07_05_3.bmp,/data/projectwork/swati_mam/new model data/tid2013/tid2013/reference_images/I07.BMP,type_05,3,5.15909,0.10632,05,i07_05_3.bmp,train
TID2013,I07,/data/projectwork/swati_mam/new model data/tid2013/tid2013/distorted_images/i07_05_4.bmp,/data/projectwork/swati_mam/new model data/tid2013/tid2013/reference_images/I07.BMP,type_05,4,4.27907,0.08902,05,i07_05_4.bmp,train
TID2013,I07,/data/projectwork/swati_mam/new model data/tid2013/tid2013/distorted_images/i07_05_5.bmp,/data/projectwork/swati_mam/new model data/tid2013/tid2013/reference_images/I07.BMP,type_05,5,3.3181800000000004,0.08365,05,i07_05_5.bmp,train
TID2013,I07,/data/projectwork/swati_mam/new model data/tid2013/tid2013/distorted_images/i07_06_1.bmp,/data/projectwork/swati_mam/new model data/tid2013/tid2013/reference_images/I07.BMP,type_06,1,4.83333,0.13434,06,i07_06_1.bmp,train
TID2013,I07,/data/projectwork/swati_mam/new model data/tid2013/tid2013/distorted_images/i07_06_2.bmp,/data/projectwork/swati_mam/new model data/tid2013/tid2013/reference_images/I07.BMP,type_06,2,4.61364,0.1333599999999999,06,i07_06_2.bmp,train
TID2013,I07,/data/projectwork/swati_mam/new model data/tid2013/tid2013/distorted_images/i07_06_3.bmp,/data/projectwork/swati_mam/new model data/tid2013/tid2013/reference_images/I07.BMP,type_06,3,4.15909,0.09612,06,i07_06_3.bmp,train
TID2013,I07,/data/projectwork/swati_mam/new model data/tid2013/tid2013/distorted_images/i07_06_4.bmp,/data/projectwork/swati_mam/new model data/tid2013/tid2013/reference_images/I07.BMP,type_06,4,3.75,0.11644,06,i07_06_4.bmp,train
TID2013,I07,/data/projectwork/swati_mam/new model data/tid2013/tid2013/distorted_images/i07_06_5.bmp,/data/projectwork/swati_mam/new model data/tid2013/tid2013/reference_images/I07.BMP,type_06,5,3.3181800000000004,0.10048,06,i07_06_5.bmp,train
TID2013,I07,/data/projectwork/swati_mam/new model data/tid2013/tid2013/distorted_images/i07_07_1.bmp,/data/projectwork/swati_mam/new model data/tid2013/tid2013/reference_images/I07.BMP,type_07,1,5.5814,0.11964,07,i07_07_1.bmp,train
TID2013,I07,/data/projectwork/swati_mam/new model data/tid2013/tid2013/distorted_images/i07_07_2.bmp,/data/projectwork/swati_mam/new model data/tid2013/tid2013/reference_images/I07.BMP,type_07,2,5.19048,0.10774,07,i07_07_2.bmp,train
TID2013,I07,/data/projectwork/swati_mam/new model data/tid2013/tid2013/distorted_images/i07_07_3.bmp,/data/projectwork/swati_mam/new model data/tid2013/tid2013/reference_images/I07.BMP,type_07,3,4.31818,0.11487,07,i07_07_3.bmp,train
TID2013,I07,/data/projectwork/swati_mam/new model data/tid2013/tid2013/distorted_images/i07_07_4.bmp,/data/projectwork/swati_mam/new model data/tid2013/tid2013/reference_images/I07.BMP,type_07,4,3.62222,0.1188,07,i07_07_4.bmp,train
TID2013,I07,/data/projectwork/swati_mam/new model data/tid2013/tid2013/distorted_images/i07_07_5.bmp,/data/projectwork/swati_mam/new model data/tid2013/tid2013/reference_images/I07.BMP,type_07,5,2.83721,0.10364,07,i07_07_5.bmp,train
TID2013,I07,/data/projectwork/swati_mam/new model data/tid2013/tid2013/distorted_images/i07_08_1.bmp,/data/projectwork/swati_mam/new model data/tid2013/tid2013/reference_images/I07.BMP,type_08,1,5.86364,0.15277,08,i07_08_1.bmp,train
TID2013,I07,/data/projectwork/swati_mam/new model data/tid2013/tid2013/distorted_images/i07_08_2.bmp,/data/projectwork/swati_mam/new model data/tid2013/tid2013/reference_images/I07.BMP,type_08,2,5.53333,0.1241299999999999,08,i07_08_2.bmp,train
TID2013,I07,/data/projectwork/swati_mam/new model data/tid2013/tid2013/distorted_images/i07_08_3.bmp,/data/projectwork/swati_mam/new model data/tid2013/tid2013/reference_images/I07.BMP,type_08,3,4.5814,0.13251,08,i07_08_3.bmp,train
TID2013,I07,/data/projectwork/swati_mam/new model data/tid2013/tid2013/distorted_images/i07_08_4.bmp,/data/projectwork/swati_mam/new model data/tid2013/tid2013/reference_images/I07.BMP,type_08,4,3.42222,0.12761,08,i07_08_4.bmp,train
TID2013,I07,/data/projectwork/swati_mam/new model data/tid2013/tid2013/distorted_images/i07_08_5.bmp,/data/projectwork/swati_mam/new model data/tid2013/tid2013/reference_images/I07.BMP,type_08,5,2.63636,0.08559,08,i07_08_5.bmp,train
TID2013,I07,/data/projectwork/swati_mam/new model data/tid2013/tid2013/distorted_images/i07_09_1.bmp,/data/projectwork/swati_mam/new model data/tid2013/tid2013/reference_images/I07.BMP,type_09,1,6.422219999999999,0.12761,09,i07_09_1.bmp,train
TID2013,I07,/data/projectwork/swati_mam/new model data/tid2013/tid2013/distorted_images/i07_09_2.bmp,/data/projectwork/swati_mam/new model data/tid2013/tid2013/reference_images/I07.BMP,type_09,2,6.02222,0.14568,09,i07_09_2.bmp,train
TID2013,I07,/data/projectwork/swati_mam/new model data/tid2013/tid2013/distorted_images/i07_09_3.bmp,/data/projectwork/swati_mam/new model data/tid2013/tid2013/reference_images/I07.BMP,type_09,3,5.22727,0.13199,09,i07_09_3.bmp,train
TID2013,I07,/data/projectwork/swati_mam/new model data/tid2013/tid2013/distorted_images/i07_09_4.bmp,/data/projectwork/swati_mam/new model data/tid2013/tid2013/reference_images/I07.BMP,type_09,4,3.97674,0.10651,09,i07_09_4.bmp,train
TID2013,I07,/data/projectwork/swati_mam/new model data/tid2013/tid2013/distorted_images/i07_09_5.bmp,/data/projectwork/swati_mam/new model data/tid2013/tid2013/reference_images/I07.BMP,type_09,5,2.46667,0.10232,09,i07_09_5.bmp,train
TID2013,I07,/data/projectwork/swati_mam/new model data/tid2013/tid2013/distorted_images/i07_10_1.bmp,/data/projectwork/swati_mam/new model data/tid2013/tid2013/reference_images/I07.BMP,type_10,1,6.13333,0.1651,10,i07_10_1.bmp,train
TID2013,I07,/data/projectwork/swati_mam/new model data/tid2013/tid2013/distorted_images/i07_10_2.bmp,/data/projectwork/swati_mam/new model data/tid2013/tid2013/reference_images/I07.BMP,type_10,2,5.88636,0.15487,10,i07_10_2.bmp,train
TID2013,I07,/data/projectwork/swati_mam/new model data/tid2013/tid2013/distorted_images/i07_10_3.bmp,/data/projectwork/swati_mam/new model data/tid2013/tid2013/reference_images/I07.BMP,type_10,3,5.04545,0.10141,10,i07_10_3.bmp,train
TID2013,I07,/data/projectwork/swati_mam/new model data/tid2013/tid2013/distorted_images/i07_10_4.bmp,/data/projectwork/swati_mam/new model data/tid2013/tid2013/reference_images/I07.BMP,type_10,4,3.70455,0.09414,10,i07_10_4.bmp,train
TID2013,I07,/data/projectwork/swati_mam/new model data/tid2013/tid2013/distorted_images/i07_10_5.bmp,/data/projectwork/swati_mam/new model data/tid2013/tid2013/reference_images/I07.BMP,type_10,5,2.22727,0.10094,10,i07_10_5.bmp,train
TID2013,I07,/data/projectwork/swati_mam/new model data/tid2013/tid2013/distorted_images/I07_11_1.bmp,/data/projectwork/swati_mam/new model data/tid2013/tid2013/reference_images/I07.BMP,type_11,1,5.48837,0.12027,11,I07_11_1.bmp,train
TID2013,I07,/data/projectwork/swati_mam/new model data/tid2013/tid2013/distorted_images/i07_11_2.bmp,/data/projectwork/swati_mam/new model data/tid2013/tid2013/reference_images/I07.BMP,type_11,2,4.51111,0.09749,11,i07_11_2.bmp,train
TID2013,I07,/data/projectwork/swati_mam/new model data/tid2013/tid2013/distorted_images/i07_11_3.bmp,/data/projectwork/swati_mam/new model data/tid2013/tid2013/reference_images/I07.BMP,type_11,3,3.43182,0.08742,11,i07_11_3.bmp,train
TID2013,I07,/data/projectwork/swati_mam/new model data/tid2013/tid2013/distorted_images/i07_11_4.bmp,/data/projectwork/swati_mam/new model data/tid2013/tid2013/reference_images/I07.BMP,type_11,4,2.4222200000000003,0.1110599999999999,11,i07_11_4.bmp,train
TID2013,I07,/data/projectwork/swati_mam/new model data/tid2013/tid2013/distorted_images/i07_11_5.bmp,/data/projectwork/swati_mam/new model data/tid2013/tid2013/reference_images/I07.BMP,type_11,5,0.97727,0.10409,11,i07_11_5.bmp,train
TID2013,I07,/data/projectwork/swati_mam/new model data/tid2013/tid2013/distorted_images/i07_12_1.bmp,/data/projectwork/swati_mam/new model data/tid2013/tid2013/reference_images/I07.BMP,type_12,1,5.34091,0.16371,12,i07_12_1.bmp,train
TID2013,I07,/data/projectwork/swati_mam/new model data/tid2013/tid2013/distorted_images/i07_12_2.bmp,/data/projectwork/swati_mam/new model data/tid2013/tid2013/reference_images/I07.BMP,type_12,2,4.72727,0.13002,12,i07_12_2.bmp,train
TID2013,I07,/data/projectwork/swati_mam/new model data/tid2013/tid2013/distorted_images/i07_12_3.bmp,/data/projectwork/swati_mam/new model data/tid2013/tid2013/reference_images/I07.BMP,type_12,3,3.5333300000000003,0.10704,12,i07_12_3.bmp,train
TID2013,I07,/data/projectwork/swati_mam/new model data/tid2013/tid2013/distorted_images/i07_12_4.bmp,/data/projectwork/swati_mam/new model data/tid2013/tid2013/reference_images/I07.BMP,type_12,4,2.86364,0.09421,12,i07_12_4.bmp,train
TID2013,I07,/data/projectwork/swati_mam/new model data/tid2013/tid2013/distorted_images/i07_12_5.bmp,/data/projectwork/swati_mam/new model data/tid2013/tid2013/reference_images/I07.BMP,type_12,5,2.51111,0.10243,12,i07_12_5.bmp,train
TID2013,I07,/data/projectwork/swati_mam/new model data/tid2013/tid2013/distorted_images/I07_13_1.bmp,/data/projectwork/swati_mam/new model data/tid2013/tid2013/reference_images/I07.BMP,type_13,1,4.5814,0.11964,13,I07_13_1.bmp,train
TID2013,I07,/data/projectwork/swati_mam/new model data/tid2013/tid2013/distorted_images/i07_13_2.bmp,/data/projectwork/swati_mam/new model data/tid2013/tid2013/reference_images/I07.BMP,type_13,2,4.06818,0.08742,13,i07_13_2.bmp,train
TID2013,I07,/data/projectwork/swati_mam/new model data/tid2013/tid2013/distorted_images/i07_13_3.bmp,/data/projectwork/swati_mam/new model data/tid2013/tid2013/reference_images/I07.BMP,type_13,3,3.37209,0.07371,13,i07_13_3.bmp,train
TID2013,I07,/data/projectwork/swati_mam/new model data/tid2013/tid2013/distorted_images/i07_13_4.bmp,/data/projectwork/swati_mam/new model data/tid2013/tid2013/reference_images/I07.BMP,type_13,4,2.72727,0.08108,13,i07_13_4.bmp,train
TID2013,I07,/data/projectwork/swati_mam/new model data/tid2013/tid2013/distorted_images/i07_13_5.bmp,/data/projectwork/swati_mam/new model data/tid2013/tid2013/reference_images/I07.BMP,type_13,5,2.51111,0.10714,13,i07_13_5.bmp,train
TID2013,I07,/data/projectwork/swati_mam/new model data/tid2013/tid2013/distorted_images/i07_14_1.bmp,/data/projectwork/swati_mam/new model data/tid2013/tid2013/reference_images/I07.BMP,type_14,1,5.79545,0.12686,14,i07_14_1.bmp,train
TID2013,I07,/data/projectwork/swati_mam/new model data/tid2013/tid2013/distorted_images/i07_14_2.bmp,/data/projectwork/swati_mam/new model data/tid2013/tid2013/reference_images/I07.BMP,type_14,2,6.15909,0.14354,14,i07_14_2.bmp,train
TID2013,I07,/data/projectwork/swati_mam/new model data/tid2013/tid2013/distorted_images/i07_14_3.bmp,/data/projectwork/swati_mam/new model data/tid2013/tid2013/reference_images/I07.BMP,type_14,3,5.70455,0.12686,14,i07_14_3.bmp,train
TID2013,I07,/data/projectwork/swati_mam/new model data/tid2013/tid2013/distorted_images/i07_14_4.bmp,/data/projectwork/swati_mam/new model data/tid2013/tid2013/reference_images/I07.BMP,type_14,4,5.22222,0.13292,14,i07_14_4.bmp,train
TID2013,I07,/data/projectwork/swati_mam/new model data/tid2013/tid2013/distorted_images/i07_14_5.bmp,/data/projectwork/swati_mam/new model data/tid2013/tid2013/reference_images/I07.BMP,type_14,5,4.20455,0.12686,14,i07_14_5.bmp,train
TID2013,I07,/data/projectwork/swati_mam/new model data/tid2013/tid2013/distorted_images/i07_15_1.bmp,/data/projectwork/swati_mam/new model data/tid2013/tid2013/reference_images/I07.BMP,type_15,1,3.63636,0.13671,15,i07_15_1.bmp,train
TID2013,I07,/data/projectwork/swati_mam/new model data/tid2013/tid2013/distorted_images/i07_15_2.bmp,/data/projectwork/swati_mam/new model data/tid2013/tid2013/reference_images/I07.BMP,type_15,2,3.2888900000000003,0.18492,15,i07_15_2.bmp,train
TID2013,I07,/data/projectwork/swati_mam/new model data/tid2013/tid2013/distorted_images/i07_15_3.bmp,/data/projectwork/swati_mam/new model data/tid2013/tid2013/reference_images/I07.BMP,type_15,3,3.04545,0.1573099999999999,15,i07_15_3.bmp,train
TID2013,I07,/data/projectwork/swati_mam/new model data/tid2013/tid2013/distorted_images/i07_15_4.bmp,/data/projectwork/swati_mam/new model data/tid2013/tid2013/reference_images/I07.BMP,type_15,4,3.34091,0.1699,15,i07_15_4.bmp,train
TID2013,I07,/data/projectwork/swati_mam/new model data/tid2013/tid2013/distorted_images/i07_15_5.bmp,/data/projectwork/swati_mam/new model data/tid2013/tid2013/reference_images/I07.BMP,type_15,5,3.65116,0.15733,15,i07_15_5.bmp,train
TID2013,I07,/data/projectwork/swati_mam/new model data/tid2013/tid2013/distorted_images/i07_16_1.bmp,/data/projectwork/swati_mam/new model data/tid2013/tid2013/reference_images/I07.BMP,type_16,1,6.20455,0.14222,16,i07_16_1.bmp,train
TID2013,I07,/data/projectwork/swati_mam/new model data/tid2013/tid2013/distorted_images/i07_16_2.bmp,/data/projectwork/swati_mam/new model data/tid2013/tid2013/reference_images/I07.BMP,type_16,2,6.34884,0.11805,16,i07_16_2.bmp,train
TID2013,I07,/data/projectwork/swati_mam/new model data/tid2013/tid2013/distorted_images/i07_16_3.bmp,/data/projectwork/swati_mam/new model data/tid2013/tid2013/reference_images/I07.BMP,type_16,3,5.933330000000001,0.1348099999999999,16,i07_16_3.bmp,train
TID2013,I07,/data/projectwork/swati_mam/new model data/tid2013/tid2013/distorted_images/i07_16_4.bmp,/data/projectwork/swati_mam/new model data/tid2013/tid2013/reference_images/I07.BMP,type_16,4,5.35556,0.17542,16,i07_16_4.bmp,train
TID2013,I07,/data/projectwork/swati_mam/new model data/tid2013/tid2013/distorted_images/i07_16_5.bmp,/data/projectwork/swati_mam/new model data/tid2013/tid2013/reference_images/I07.BMP,type_16,5,4.81818,0.13358,16,i07_16_5.bmp,train
TID2013,I07,/data/projectwork/swati_mam/new model data/tid2013/tid2013/distorted_images/i07_17_1.bmp,/data/projectwork/swati_mam/new model data/tid2013/tid2013/reference_images/I07.BMP,type_17,1,5.54545,0.1222,17,i07_17_1.bmp,train
TID2013,I07,/data/projectwork/swati_mam/new model data/tid2013/tid2013/distorted_images/i07_17_2.bmp,/data/projectwork/swati_mam/new model data/tid2013/tid2013/reference_images/I07.BMP,type_17,2,6.4,0.19219,17,i07_17_2.bmp,train
TID2013,I07,/data/projectwork/swati_mam/new model data/tid2013/tid2013/distorted_images/i07_17_3.bmp,/data/projectwork/swati_mam/new model data/tid2013/tid2013/reference_images/I07.BMP,type_17,3,4.40476,0.12168,17,i07_17_3.bmp,train
TID2013,I07,/data/projectwork/swati_mam/new model data/tid2013/tid2013/distorted_images/i07_17_4.bmp,/data/projectwork/swati_mam/new model data/tid2013/tid2013/reference_images/I07.BMP,type_17,4,6.72727,0.2092,17,i07_17_4.bmp,train
TID2013,I07,/data/projectwork/swati_mam/new model data/tid2013/tid2013/distorted_images/i07_17_5.bmp,/data/projectwork/swati_mam/new model data/tid2013/tid2013/reference_images/I07.BMP,type_17,5,3.34091,0.14709,17,i07_17_5.bmp,train
TID2013,I07,/data/projectwork/swati_mam/new model data/tid2013/tid2013/distorted_images/i07_18_1.bmp,/data/projectwork/swati_mam/new model data/tid2013/tid2013/reference_images/I07.BMP,type_18,1,5.38636,0.10273,18,i07_18_1.bmp,train
TID2013,I07,/data/projectwork/swati_mam/new model data/tid2013/tid2013/distorted_images/i07_18_2.bmp,/data/projectwork/swati_mam/new model data/tid2013/tid2013/reference_images/I07.BMP,type_18,2,4.95455,0.13234,18,i07_18_2.bmp,train
TID2013,I07,/data/projectwork/swati_mam/new model data/tid2013/tid2013/distorted_images/i07_18_3.bmp,/data/projectwork/swati_mam/new model data/tid2013/tid2013/reference_images/I07.BMP,type_18,3,4.37778,0.11456,18,i07_18_3.bmp,train
TID2013,I07,/data/projectwork/swati_mam/new model data/tid2013/tid2013/distorted_images/i07_18_4.bmp,/data/projectwork/swati_mam/new model data/tid2013/tid2013/reference_images/I07.BMP,type_18,4,3.86364,0.11405,18,i07_18_4.bmp,train
TID2013,I07,/data/projectwork/swati_mam/new model data/tid2013/tid2013/distorted_images/i07_18_5.bmp,/data/projectwork/swati_mam/new model data/tid2013/tid2013/reference_images/I07.BMP,type_18,5,3.63636,0.17035,18,i07_18_5.bmp,train
TID2013,I07,/data/projectwork/swati_mam/new model data/tid2013/tid2013/distorted_images/i07_19_1.bmp,/data/projectwork/swati_mam/new model data/tid2013/tid2013/reference_images/I07.BMP,type_19,1,5.86667,0.1241299999999999,19,i07_19_1.bmp,train
TID2013,I07,/data/projectwork/swati_mam/new model data/tid2013/tid2013/distorted_images/i07_19_2.bmp,/data/projectwork/swati_mam/new model data/tid2013/tid2013/reference_images/I07.BMP,type_19,2,5.44444,0.13898,19,i07_19_2.bmp,train
TID2013,I07,/data/projectwork/swati_mam/new model data/tid2013/tid2013/distorted_images/i07_19_3.bmp,/data/projectwork/swati_mam/new model data/tid2013/tid2013/reference_images/I07.BMP,type_19,3,4.8,0.1159,19,i07_19_3.bmp,train
TID2013,I07,/data/projectwork/swati_mam/new model data/tid2013/tid2013/distorted_images/i07_19_4.bmp,/data/projectwork/swati_mam/new model data/tid2013/tid2013/reference_images/I07.BMP,type_19,4,4.11364,0.10273,19,i07_19_4.bmp,train
TID2013,I07,/data/projectwork/swati_mam/new model data/tid2013/tid2013/distorted_images/i07_19_5.bmp,/data/projectwork/swati_mam/new model data/tid2013/tid2013/reference_images/I07.BMP,type_19,5,3.70455,0.08849,19,i07_19_5.bmp,train
TID2013,I07,/data/projectwork/swati_mam/new model data/tid2013/tid2013/distorted_images/i07_20_1.bmp,/data/projectwork/swati_mam/new model data/tid2013/tid2013/reference_images/I07.BMP,type_20,1,5.75,0.1072,20,i07_20_1.bmp,train
TID2013,I07,/data/projectwork/swati_mam/new model data/tid2013/tid2013/distorted_images/i07_20_2.bmp,/data/projectwork/swati_mam/new model data/tid2013/tid2013/reference_images/I07.BMP,type_20,2,5.422219999999999,0.13513,20,i07_20_2.bmp,train
TID2013,I07,/data/projectwork/swati_mam/new model data/tid2013/tid2013/distorted_images/i07_20_3.bmp,/data/projectwork/swati_mam/new model data/tid2013/tid2013/reference_images/I07.BMP,type_20,3,4.4186,0.1052099999999999,20,i07_20_3.bmp,train
TID2013,I07,/data/projectwork/swati_mam/new model data/tid2013/tid2013/distorted_images/i07_20_4.bmp,/data/projectwork/swati_mam/new model data/tid2013/tid2013/reference_images/I07.BMP,type_20,4,3.62222,0.11017,20,i07_20_4.bmp,train
TID2013,I07,/data/projectwork/swati_mam/new model data/tid2013/tid2013/distorted_images/i07_20_5.bmp,/data/projectwork/swati_mam/new model data/tid2013/tid2013/reference_images/I07.BMP,type_20,5,2.93023,0.07639,20,i07_20_5.bmp,train
TID2013,I07,/data/projectwork/swati_mam/new model data/tid2013/tid2013/distorted_images/i07_21_1.bmp,/data/projectwork/swati_mam/new model data/tid2013/tid2013/reference_images/I07.BMP,type_21,1,5.66667,0.1663,21,i07_21_1.bmp,train
TID2013,I07,/data/projectwork/swati_mam/new model data/tid2013/tid2013/distorted_images/i07_21_2.bmp,/data/projectwork/swati_mam/new model data/tid2013/tid2013/reference_images/I07.BMP,type_21,2,4.95455,0.13619,21,i07_21_2.bmp,train
TID2013,I07,/data/projectwork/swati_mam/new model data/tid2013/tid2013/distorted_images/i07_21_3.bmp,/data/projectwork/swati_mam/new model data/tid2013/tid2013/reference_images/I07.BMP,type_21,3,4.11111,0.10987,21,i07_21_3.bmp,train
TID2013,I07,/data/projectwork/swati_mam/new model data/tid2013/tid2013/distorted_images/i07_21_4.bmp,/data/projectwork/swati_mam/new model data/tid2013/tid2013/reference_images/I07.BMP,type_21,4,3.38636,0.0921299999999999,21,i07_21_4.bmp,train
TID2013,I07,/data/projectwork/swati_mam/new model data/tid2013/tid2013/distorted_images/i07_21_5.bmp,/data/projectwork/swati_mam/new model data/tid2013/tid2013/reference_images/I07.BMP,type_21,5,2.32558,0.09139,21,i07_21_5.bmp,train
TID2013,I07,/data/projectwork/swati_mam/new model data/tid2013/tid2013/distorted_images/i07_22_1.bmp,/data/projectwork/swati_mam/new model data/tid2013/tid2013/reference_images/I07.BMP,type_22,1,5.933330000000001,0.15524,22,i07_22_1.bmp,train
TID2013,I07,/data/projectwork/swati_mam/new model data/tid2013/tid2013/distorted_images/i07_22_2.bmp,/data/projectwork/swati_mam/new model data/tid2013/tid2013/reference_images/I07.BMP,type_22,2,5.232559999999999,0.11315,22,i07_22_2.bmp,train
TID2013,I07,/data/projectwork/swati_mam/new model data/tid2013/tid2013/distorted_images/i07_22_3.bmp,/data/projectwork/swati_mam/new model data/tid2013/tid2013/reference_images/I07.BMP,type_22,3,4.65116,0.0862899999999999,22,i07_22_3.bmp,train
TID2013,I07,/data/projectwork/swati_mam/new model data/tid2013/tid2013/distorted_images/i07_22_4.bmp,/data/projectwork/swati_mam/new model data/tid2013/tid2013/reference_images/I07.BMP,type_22,4,4.14286,0.0539899999999999,22,i07_22_4.bmp,train
TID2013,I07,/data/projectwork/swati_mam/new model data/tid2013/tid2013/distorted_images/i07_22_5.bmp,/data/projectwork/swati_mam/new model data/tid2013/tid2013/reference_images/I07.BMP,type_22,5,2.65909,0.13989,22,i07_22_5.bmp,train
TID2013,I07,/data/projectwork/swati_mam/new model data/tid2013/tid2013/distorted_images/i07_23_1.bmp,/data/projectwork/swati_mam/new model data/tid2013/tid2013/reference_images/I07.BMP,type_23,1,6.02222,0.15231,23,i07_23_1.bmp,train
TID2013,I07,/data/projectwork/swati_mam/new model data/tid2013/tid2013/distorted_images/i07_23_2.bmp,/data/projectwork/swati_mam/new model data/tid2013/tid2013/reference_images/I07.BMP,type_23,2,5.7333300000000005,0.14538,23,i07_23_2.bmp,train
TID2013,I07,/data/projectwork/swati_mam/new model data/tid2013/tid2013/distorted_images/i07_23_3.bmp,/data/projectwork/swati_mam/new model data/tid2013/tid2013/reference_images/I07.BMP,type_23,3,5.04444,0.15382,23,i07_23_3.bmp,train
TID2013,I07,/data/projectwork/swati_mam/new model data/tid2013/tid2013/distorted_images/i07_23_4.bmp,/data/projectwork/swati_mam/new model data/tid2013/tid2013/reference_images/I07.BMP,type_23,4,4.2093,0.12549,23,i07_23_4.bmp,train
TID2013,I07,/data/projectwork/swati_mam/new model data/tid2013/tid2013/distorted_images/i07_23_5.bmp,/data/projectwork/swati_mam/new model data/tid2013/tid2013/reference_images/I07.BMP,type_23,5,2.6444400000000003,0.11399,23,i07_23_5.bmp,train
TID2013,I07,/data/projectwork/swati_mam/new model data/tid2013/tid2013/distorted_images/i07_24_1.bmp,/data/projectwork/swati_mam/new model data/tid2013/tid2013/reference_images/I07.BMP,type_24,1,5.72093,0.1004299999999999,24,i07_24_1.bmp,train
TID2013,I07,/data/projectwork/swati_mam/new model data/tid2013/tid2013/distorted_images/i07_24_2.bmp,/data/projectwork/swati_mam/new model data/tid2013/tid2013/reference_images/I07.BMP,type_24,2,4.933330000000001,0.13842,24,i07_24_2.bmp,train
TID2013,I07,/data/projectwork/swati_mam/new model data/tid2013/tid2013/distorted_images/i07_24_3.bmp,/data/projectwork/swati_mam/new model data/tid2013/tid2013/reference_images/I07.BMP,type_24,3,3.86364,0.09954,24,i07_24_3.bmp,train
TID2013,I07,/data/projectwork/swati_mam/new model data/tid2013/tid2013/distorted_images/i07_24_4.bmp,/data/projectwork/swati_mam/new model data/tid2013/tid2013/reference_images/I07.BMP,type_24,4,2.25,0.11644,24,i07_24_4.bmp,train
TID2013,I07,/data/projectwork/swati_mam/new model data/tid2013/tid2013/distorted_images/i07_24_5.bmp,/data/projectwork/swati_mam/new model data/tid2013/tid2013/reference_images/I07.BMP,type_24,5,0.4761899999999999,0.0841,24,i07_24_5.bmp,train
TID2013,I08,/data/projectwork/swati_mam/new model data/tid2013/tid2013/distorted_images/I08_01_1.bmp,/data/projectwork/swati_mam/new model data/tid2013/tid2013/reference_images/I08.BMP,type_01,1,5.54839,0.15697,01,I08_01_1.bmp,holdout
TID2013,I08,/data/projectwork/swati_mam/new model data/tid2013/tid2013/distorted_images/i08_01_2.bmp,/data/projectwork/swati_mam/new model data/tid2013/tid2013/reference_images/I08.BMP,type_01,2,4.7096800000000005,0.13832,01,i08_01_2.bmp,holdout
TID2013,I08,/data/projectwork/swati_mam/new model data/tid2013/tid2013/distorted_images/i08_01_3.bmp,/data/projectwork/swati_mam/new model data/tid2013/tid2013/reference_images/I08.BMP,type_01,3,4.83871,0.17128,01,i08_01_3.bmp,holdout
TID2013,I08,/data/projectwork/swati_mam/new model data/tid2013/tid2013/distorted_images/i08_01_4.bmp,/data/projectwork/swati_mam/new model data/tid2013/tid2013/reference_images/I08.BMP,type_01,4,4.1,0.10904,01,i08_01_4.bmp,holdout
TID2013,I08,/data/projectwork/swati_mam/new model data/tid2013/tid2013/distorted_images/i08_01_5.bmp,/data/projectwork/swati_mam/new model data/tid2013/tid2013/reference_images/I08.BMP,type_01,5,3.54839,0.1193,01,i08_01_5.bmp,holdout
TID2013,I08,/data/projectwork/swati_mam/new model data/tid2013/tid2013/distorted_images/i08_02_1.bmp,/data/projectwork/swati_mam/new model data/tid2013/tid2013/reference_images/I08.BMP,type_02,1,5.59375,0.1645299999999999,02,i08_02_1.bmp,holdout
TID2013,I08,/data/projectwork/swati_mam/new model data/tid2013/tid2013/distorted_images/i08_02_2.bmp,/data/projectwork/swati_mam/new model data/tid2013/tid2013/reference_images/I08.BMP,type_02,2,5.54839,0.15697,02,i08_02_2.bmp,holdout
TID2013,I08,/data/projectwork/swati_mam/new model data/tid2013/tid2013/distorted_images/i08_02_3.bmp,/data/projectwork/swati_mam/new model data/tid2013/tid2013/reference_images/I08.BMP,type_02,3,5.40625,0.19695,02,i08_02_3.bmp,holdout
TID2013,I08,/data/projectwork/swati_mam/new model data/tid2013/tid2013/distorted_images/i08_02_4.bmp,/data/projectwork/swati_mam/new model data/tid2013/tid2013/reference_images/I08.BMP,type_02,4,5.22581,0.13463,02,i08_02_4.bmp,holdout
TID2013,I08,/data/projectwork/swati_mam/new model data/tid2013/tid2013/distorted_images/i08_02_5.bmp,/data/projectwork/swati_mam/new model data/tid2013/tid2013/reference_images/I08.BMP,type_02,5,4.64516,0.11674,02,i08_02_5.bmp,holdout
TID2013,I08,/data/projectwork/swati_mam/new model data/tid2013/tid2013/distorted_images/i08_03_1.bmp,/data/projectwork/swati_mam/new model data/tid2013/tid2013/reference_images/I08.BMP,type_03,1,4.64516,0.14097,03,i08_03_1.bmp,holdout
TID2013,I08,/data/projectwork/swati_mam/new model data/tid2013/tid2013/distorted_images/i08_03_2.bmp,/data/projectwork/swati_mam/new model data/tid2013/tid2013/reference_images/I08.BMP,type_03,2,4.29032,0.08152,03,i08_03_2.bmp,holdout
TID2013,I08,/data/projectwork/swati_mam/new model data/tid2013/tid2013/distorted_images/i08_03_3.bmp,/data/projectwork/swati_mam/new model data/tid2013/tid2013/reference_images/I08.BMP,type_03,3,3.46667,0.09108,03,i08_03_3.bmp,holdout
TID2013,I08,/data/projectwork/swati_mam/new model data/tid2013/tid2013/distorted_images/i08_03_4.bmp,/data/projectwork/swati_mam/new model data/tid2013/tid2013/reference_images/I08.BMP,type_03,4,2.96875,0.1035,03,i08_03_4.bmp,holdout
TID2013,I08,/data/projectwork/swati_mam/new model data/tid2013/tid2013/distorted_images/i08_03_5.bmp,/data/projectwork/swati_mam/new model data/tid2013/tid2013/reference_images/I08.BMP,type_03,5,2.34375,0.1219099999999999,03,i08_03_5.bmp,holdout
TID2013,I08,/data/projectwork/swati_mam/new model data/tid2013/tid2013/distorted_images/i08_04_1.bmp,/data/projectwork/swati_mam/new model data/tid2013/tid2013/reference_images/I08.BMP,type_04,1,6.06452,0.1763,04,i08_04_1.bmp,holdout
TID2013,I08,/data/projectwork/swati_mam/new model data/tid2013/tid2013/distorted_images/i08_04_2.bmp,/data/projectwork/swati_mam/new model data/tid2013/tid2013/reference_images/I08.BMP,type_04,2,5.83871,0.20451,04,i08_04_2.bmp,holdout
TID2013,I08,/data/projectwork/swati_mam/new model data/tid2013/tid2013/distorted_images/i08_04_3.bmp,/data/projectwork/swati_mam/new model data/tid2013/tid2013/reference_images/I08.BMP,type_04,3,5.625,0.21986,04,i08_04_3.bmp,holdout
TID2013,I08,/data/projectwork/swati_mam/new model data/tid2013/tid2013/distorted_images/i08_04_4.bmp,/data/projectwork/swati_mam/new model data/tid2013/tid2013/reference_images/I08.BMP,type_04,4,5.4375,0.1461599999999999,04,i08_04_4.bmp,holdout
TID2013,I08,/data/projectwork/swati_mam/new model data/tid2013/tid2013/distorted_images/i08_04_5.bmp,/data/projectwork/swati_mam/new model data/tid2013/tid2013/reference_images/I08.BMP,type_04,5,4.96774,0.18522,04,i08_04_5.bmp,holdout
TID2013,I08,/data/projectwork/swati_mam/new model data/tid2013/tid2013/distorted_images/i08_05_1.bmp,/data/projectwork/swati_mam/new model data/tid2013/tid2013/reference_images/I08.BMP,type_05,1,5.33333,0.12766,05,i08_05_1.bmp,holdout
TID2013,I08,/data/projectwork/swati_mam/new model data/tid2013/tid2013/distorted_images/i08_05_2.bmp,/data/projectwork/swati_mam/new model data/tid2013/tid2013/reference_images/I08.BMP,type_05,2,5.45161,0.16346,05,i08_05_2.bmp,holdout
TID2013,I08,/data/projectwork/swati_mam/new model data/tid2013/tid2013/distorted_images/i08_05_3.bmp,/data/projectwork/swati_mam/new model data/tid2013/tid2013/reference_images/I08.BMP,type_05,3,4.71875,0.1343,05,i08_05_3.bmp,holdout
TID2013,I08,/data/projectwork/swati_mam/new model data/tid2013/tid2013/distorted_images/i08_05_4.bmp,/data/projectwork/swati_mam/new model data/tid2013/tid2013/reference_images/I08.BMP,type_05,4,3.96774,0.1248,05,i08_05_4.bmp,holdout
TID2013,I08,/data/projectwork/swati_mam/new model data/tid2013/tid2013/distorted_images/i08_05_5.bmp,/data/projectwork/swati_mam/new model data/tid2013/tid2013/reference_images/I08.BMP,type_05,5,3.125,0.10597,05,i08_05_5.bmp,holdout
TID2013,I08,/data/projectwork/swati_mam/new model data/tid2013/tid2013/distorted_images/i08_06_1.bmp,/data/projectwork/swati_mam/new model data/tid2013/tid2013/reference_images/I08.BMP,type_06,1,4.3871,0.14192,06,i08_06_1.bmp,holdout
TID2013,I08,/data/projectwork/swati_mam/new model data/tid2013/tid2013/distorted_images/i08_06_2.bmp,/data/projectwork/swati_mam/new model data/tid2013/tid2013/reference_images/I08.BMP,type_06,2,4.09375,0.18413,06,i08_06_2.bmp,holdout
TID2013,I08,/data/projectwork/swati_mam/new model data/tid2013/tid2013/distorted_images/i08_06_3.bmp,/data/projectwork/swati_mam/new model data/tid2013/tid2013/reference_images/I08.BMP,type_06,3,3.93333,0.1241299999999999,06,i08_06_3.bmp,holdout
TID2013,I08,/data/projectwork/swati_mam/new model data/tid2013/tid2013/distorted_images/i08_06_4.bmp,/data/projectwork/swati_mam/new model data/tid2013/tid2013/reference_images/I08.BMP,type_06,4,3.6129,0.14192,06,i08_06_4.bmp,holdout
TID2013,I08,/data/projectwork/swati_mam/new model data/tid2013/tid2013/distorted_images/i08_06_5.bmp,/data/projectwork/swati_mam/new model data/tid2013/tid2013/reference_images/I08.BMP,type_06,5,3.06452,0.12014,06,i08_06_5.bmp,holdout
TID2013,I08,/data/projectwork/swati_mam/new model data/tid2013/tid2013/distorted_images/i08_07_1.bmp,/data/projectwork/swati_mam/new model data/tid2013/tid2013/reference_images/I08.BMP,type_07,1,5.5,0.19764,07,i08_07_1.bmp,holdout
TID2013,I08,/data/projectwork/swati_mam/new model data/tid2013/tid2013/distorted_images/i08_07_2.bmp,/data/projectwork/swati_mam/new model data/tid2013/tid2013/reference_images/I08.BMP,type_07,2,4.64516,0.18558,07,i08_07_2.bmp,holdout
TID2013,I08,/data/projectwork/swati_mam/new model data/tid2013/tid2013/distorted_images/i08_07_3.bmp,/data/projectwork/swati_mam/new model data/tid2013/tid2013/reference_images/I08.BMP,type_07,3,4.16667,0.16387,07,i08_07_3.bmp,holdout
TID2013,I08,/data/projectwork/swati_mam/new model data/tid2013/tid2013/distorted_images/i08_07_4.bmp,/data/projectwork/swati_mam/new model data/tid2013/tid2013/reference_images/I08.BMP,type_07,4,3.45161,0.1193,07,i08_07_4.bmp,holdout
TID2013,I08,/data/projectwork/swati_mam/new model data/tid2013/tid2013/distorted_images/i08_07_5.bmp,/data/projectwork/swati_mam/new model data/tid2013/tid2013/reference_images/I08.BMP,type_07,5,2.3871,0.13438,07,i08_07_5.bmp,holdout
TID2013,I08,/data/projectwork/swati_mam/new model data/tid2013/tid2013/distorted_images/i08_08_1.bmp,/data/projectwork/swati_mam/new model data/tid2013/tid2013/reference_images/I08.BMP,type_08,1,5.21875,0.16378,08,i08_08_1.bmp,holdout
TID2013,I08,/data/projectwork/swati_mam/new model data/tid2013/tid2013/distorted_images/i08_08_2.bmp,/data/projectwork/swati_mam/new model data/tid2013/tid2013/reference_images/I08.BMP,type_08,2,4.59375,0.13154,08,i08_08_2.bmp,holdout
TID2013,I08,/data/projectwork/swati_mam/new model data/tid2013/tid2013/distorted_images/i08_08_3.bmp,/data/projectwork/swati_mam/new model data/tid2013/tid2013/reference_images/I08.BMP,type_08,3,3.90323,0.115,08,i08_08_3.bmp,holdout
TID2013,I08,/data/projectwork/swati_mam/new model data/tid2013/tid2013/distorted_images/i08_08_4.bmp,/data/projectwork/swati_mam/new model data/tid2013/tid2013/reference_images/I08.BMP,type_08,4,2.87097,0.12693,08,i08_08_4.bmp,holdout
TID2013,I08,/data/projectwork/swati_mam/new model data/tid2013/tid2013/distorted_images/i08_08_5.bmp,/data/projectwork/swati_mam/new model data/tid2013/tid2013/reference_images/I08.BMP,type_08,5,1.96774,0.14049,08,i08_08_5.bmp,holdout
TID2013,I08,/data/projectwork/swati_mam/new model data/tid2013/tid2013/distorted_images/i08_09_1.bmp,/data/projectwork/swati_mam/new model data/tid2013/tid2013/reference_images/I08.BMP,type_09,1,5.7096800000000005,0.17187,09,i08_09_1.bmp,holdout
TID2013,I08,/data/projectwork/swati_mam/new model data/tid2013/tid2013/distorted_images/i08_09_2.bmp,/data/projectwork/swati_mam/new model data/tid2013/tid2013/reference_images/I08.BMP,type_09,2,5.875,0.20131,09,i08_09_2.bmp,holdout
TID2013,I08,/data/projectwork/swati_mam/new model data/tid2013/tid2013/distorted_images/i08_09_3.bmp,/data/projectwork/swati_mam/new model data/tid2013/tid2013/reference_images/I08.BMP,type_09,3,5.03125,0.23997,09,i08_09_3.bmp,holdout
TID2013,I08,/data/projectwork/swati_mam/new model data/tid2013/tid2013/distorted_images/i08_09_4.bmp,/data/projectwork/swati_mam/new model data/tid2013/tid2013/reference_images/I08.BMP,type_09,4,3.5,0.13975,09,i08_09_4.bmp,holdout
TID2013,I08,/data/projectwork/swati_mam/new model data/tid2013/tid2013/distorted_images/i08_09_5.bmp,/data/projectwork/swati_mam/new model data/tid2013/tid2013/reference_images/I08.BMP,type_09,5,1.75,0.18222,09,i08_09_5.bmp,holdout
TID2013,I08,/data/projectwork/swati_mam/new model data/tid2013/tid2013/distorted_images/i08_10_1.bmp,/data/projectwork/swati_mam/new model data/tid2013/tid2013/reference_images/I08.BMP,type_10,1,5.96774,0.20137,10,i08_10_1.bmp,holdout
TID2013,I08,/data/projectwork/swati_mam/new model data/tid2013/tid2013/distorted_images/i08_10_2.bmp,/data/projectwork/swati_mam/new model data/tid2013/tid2013/reference_images/I08.BMP,type_10,2,5.59375,0.15219,10,i08_10_2.bmp,holdout
TID2013,I08,/data/projectwork/swati_mam/new model data/tid2013/tid2013/distorted_images/i08_10_3.bmp,/data/projectwork/swati_mam/new model data/tid2013/tid2013/reference_images/I08.BMP,type_10,3,4.6875,0.12837,10,i08_10_3.bmp,holdout
TID2013,I08,/data/projectwork/swati_mam/new model data/tid2013/tid2013/distorted_images/i08_10_4.bmp,/data/projectwork/swati_mam/new model data/tid2013/tid2013/reference_images/I08.BMP,type_10,4,3.21875,0.13789,10,i08_10_4.bmp,holdout
TID2013,I08,/data/projectwork/swati_mam/new model data/tid2013/tid2013/distorted_images/i08_10_5.bmp,/data/projectwork/swati_mam/new model data/tid2013/tid2013/reference_images/I08.BMP,type_10,5,1.34375,0.18011,10,i08_10_5.bmp,holdout
TID2013,I08,/data/projectwork/swati_mam/new model data/tid2013/tid2013/distorted_images/I08_11_1.bmp,/data/projectwork/swati_mam/new model data/tid2013/tid2013/reference_images/I08.BMP,type_11,1,6.0,0.16448,11,I08_11_1.bmp,holdout
TID2013,I08,/data/projectwork/swati_mam/new model data/tid2013/tid2013/distorted_images/i08_11_2.bmp,/data/projectwork/swati_mam/new model data/tid2013/tid2013/reference_images/I08.BMP,type_11,2,5.25,0.1711599999999999,11,i08_11_2.bmp,holdout
TID2013,I08,/data/projectwork/swati_mam/new model data/tid2013/tid2013/distorted_images/i08_11_3.bmp,/data/projectwork/swati_mam/new model data/tid2013/tid2013/reference_images/I08.BMP,type_11,3,4.566669999999999,0.1389099999999999,11,i08_11_3.bmp,holdout
TID2013,I08,/data/projectwork/swati_mam/new model data/tid2013/tid2013/distorted_images/i08_11_4.bmp,/data/projectwork/swati_mam/new model data/tid2013/tid2013/reference_images/I08.BMP,type_11,4,4.19355,0.12426,11,i08_11_4.bmp,holdout
TID2013,I08,/data/projectwork/swati_mam/new model data/tid2013/tid2013/distorted_images/i08_11_5.bmp,/data/projectwork/swati_mam/new model data/tid2013/tid2013/reference_images/I08.BMP,type_11,5,2.26667,0.1241299999999999,11,i08_11_5.bmp,holdout
TID2013,I08,/data/projectwork/swati_mam/new model data/tid2013/tid2013/distorted_images/i08_12_1.bmp,/data/projectwork/swati_mam/new model data/tid2013/tid2013/reference_images/I08.BMP,type_12,1,6.19355,0.2160099999999999,12,i08_12_1.bmp,holdout
TID2013,I08,/data/projectwork/swati_mam/new model data/tid2013/tid2013/distorted_images/i08_12_2.bmp,/data/projectwork/swati_mam/new model data/tid2013/tid2013/reference_images/I08.BMP,type_12,2,5.7419400000000005,0.12877,12,i08_12_2.bmp,holdout
TID2013,I08,/data/projectwork/swati_mam/new model data/tid2013/tid2013/distorted_images/i08_12_3.bmp,/data/projectwork/swati_mam/new model data/tid2013/tid2013/reference_images/I08.BMP,type_12,3,5.5,0.1711599999999999,12,i08_12_3.bmp,holdout
TID2013,I08,/data/projectwork/swati_mam/new model data/tid2013/tid2013/distorted_images/i08_12_4.bmp,/data/projectwork/swati_mam/new model data/tid2013/tid2013/reference_images/I08.BMP,type_12,4,4.8125,0.19484,12,i08_12_4.bmp,holdout
TID2013,I08,/data/projectwork/swati_mam/new model data/tid2013/tid2013/distorted_images/i08_12_5.bmp,/data/projectwork/swati_mam/new model data/tid2013/tid2013/reference_images/I08.BMP,type_12,5,4.25,0.23799,12,i08_12_5.bmp,holdout
TID2013,I08,/data/projectwork/swati_mam/new model data/tid2013/tid2013/distorted_images/I08_13_1.bmp,/data/projectwork/swati_mam/new model data/tid2013/tid2013/reference_images/I08.BMP,type_13,1,5.78125,0.16964,13,I08_13_1.bmp,holdout
TID2013,I08,/data/projectwork/swati_mam/new model data/tid2013/tid2013/distorted_images/i08_13_2.bmp,/data/projectwork/swati_mam/new model data/tid2013/tid2013/reference_images/I08.BMP,type_13,2,3.26667,0.11483,13,i08_13_2.bmp,holdout
TID2013,I08,/data/projectwork/swati_mam/new model data/tid2013/tid2013/distorted_images/i08_13_3.bmp,/data/projectwork/swati_mam/new model data/tid2013/tid2013/reference_images/I08.BMP,type_13,3,4.3871,0.20237,13,i08_13_3.bmp,holdout
TID2013,I08,/data/projectwork/swati_mam/new model data/tid2013/tid2013/distorted_images/i08_13_4.bmp,/data/projectwork/swati_mam/new model data/tid2013/tid2013/reference_images/I08.BMP,type_13,4,2.73333,0.1241299999999999,13,i08_13_4.bmp,holdout
TID2013,I08,/data/projectwork/swati_mam/new model data/tid2013/tid2013/distorted_images/i08_13_5.bmp,/data/projectwork/swati_mam/new model data/tid2013/tid2013/reference_images/I08.BMP,type_13,5,2.125,0.17539,13,i08_13_5.bmp,holdout
TID2013,I08,/data/projectwork/swati_mam/new model data/tid2013/tid2013/distorted_images/i08_14_1.bmp,/data/projectwork/swati_mam/new model data/tid2013/tid2013/reference_images/I08.BMP,type_14,1,5.65625,0.16304,14,i08_14_1.bmp,holdout
TID2013,I08,/data/projectwork/swati_mam/new model data/tid2013/tid2013/distorted_images/i08_14_2.bmp,/data/projectwork/swati_mam/new model data/tid2013/tid2013/reference_images/I08.BMP,type_14,2,5.4375,0.16499,14,i08_14_2.bmp,holdout
TID2013,I08,/data/projectwork/swati_mam/new model data/tid2013/tid2013/distorted_images/i08_14_3.bmp,/data/projectwork/swati_mam/new model data/tid2013/tid2013/reference_images/I08.BMP,type_14,3,4.87097,0.21755,14,i08_14_3.bmp,holdout
TID2013,I08,/data/projectwork/swati_mam/new model data/tid2013/tid2013/distorted_images/i08_14_4.bmp,/data/projectwork/swati_mam/new model data/tid2013/tid2013/reference_images/I08.BMP,type_14,4,4.75,0.19264,14,i08_14_4.bmp,holdout
TID2013,I08,/data/projectwork/swati_mam/new model data/tid2013/tid2013/distorted_images/i08_14_5.bmp,/data/projectwork/swati_mam/new model data/tid2013/tid2013/reference_images/I08.BMP,type_14,5,4.0,0.25388,14,i08_14_5.bmp,holdout
TID2013,I08,/data/projectwork/swati_mam/new model data/tid2013/tid2013/distorted_images/i08_15_1.bmp,/data/projectwork/swati_mam/new model data/tid2013/tid2013/reference_images/I08.BMP,type_15,1,3.77419,0.17497,15,i08_15_1.bmp,holdout
TID2013,I08,/data/projectwork/swati_mam/new model data/tid2013/tid2013/distorted_images/i08_15_2.bmp,/data/projectwork/swati_mam/new model data/tid2013/tid2013/reference_images/I08.BMP,type_15,2,2.93548,0.20369,15,i08_15_2.bmp,holdout
TID2013,I08,/data/projectwork/swati_mam/new model data/tid2013/tid2013/distorted_images/i08_15_3.bmp,/data/projectwork/swati_mam/new model data/tid2013/tid2013/reference_images/I08.BMP,type_15,3,3.28125,0.1988,15,i08_15_3.bmp,holdout
TID2013,I08,/data/projectwork/swati_mam/new model data/tid2013/tid2013/distorted_images/i08_15_4.bmp,/data/projectwork/swati_mam/new model data/tid2013/tid2013/reference_images/I08.BMP,type_15,4,3.6875,0.15586,15,i08_15_4.bmp,holdout
TID2013,I08,/data/projectwork/swati_mam/new model data/tid2013/tid2013/distorted_images/i08_15_5.bmp,/data/projectwork/swati_mam/new model data/tid2013/tid2013/reference_images/I08.BMP,type_15,5,3.5161300000000004,0.15718,15,i08_15_5.bmp,holdout
TID2013,I08,/data/projectwork/swati_mam/new model data/tid2013/tid2013/distorted_images/i08_16_1.bmp,/data/projectwork/swati_mam/new model data/tid2013/tid2013/reference_images/I08.BMP,type_16,1,6.0625,0.21622,16,i08_16_1.bmp,holdout
TID2013,I08,/data/projectwork/swati_mam/new model data/tid2013/tid2013/distorted_images/i08_16_2.bmp,/data/projectwork/swati_mam/new model data/tid2013/tid2013/reference_images/I08.BMP,type_16,2,5.75,0.18222,16,i08_16_2.bmp,holdout
TID2013,I08,/data/projectwork/swati_mam/new model data/tid2013/tid2013/distorted_images/i08_16_3.bmp,/data/projectwork/swati_mam/new model data/tid2013/tid2013/reference_images/I08.BMP,type_16,3,5.87097,0.23146,16,i08_16_3.bmp,holdout
TID2013,I08,/data/projectwork/swati_mam/new model data/tid2013/tid2013/distorted_images/i08_16_4.bmp,/data/projectwork/swati_mam/new model data/tid2013/tid2013/reference_images/I08.BMP,type_16,4,4.903230000000001,0.16035,16,i08_16_4.bmp,holdout
TID2013,I08,/data/projectwork/swati_mam/new model data/tid2013/tid2013/distorted_images/i08_16_5.bmp,/data/projectwork/swati_mam/new model data/tid2013/tid2013/reference_images/I08.BMP,type_16,5,4.566669999999999,0.19823,16,i08_16_5.bmp,holdout
TID2013,I08,/data/projectwork/swati_mam/new model data/tid2013/tid2013/distorted_images/i08_17_1.bmp,/data/projectwork/swati_mam/new model data/tid2013/tid2013/reference_images/I08.BMP,type_17,1,5.40625,0.15219,17,i08_17_1.bmp,holdout
TID2013,I08,/data/projectwork/swati_mam/new model data/tid2013/tid2013/distorted_images/i08_17_2.bmp,/data/projectwork/swati_mam/new model data/tid2013/tid2013/reference_images/I08.BMP,type_17,2,5.58065,0.18684,17,i08_17_2.bmp,holdout
TID2013,I08,/data/projectwork/swati_mam/new model data/tid2013/tid2013/distorted_images/i08_17_3.bmp,/data/projectwork/swati_mam/new model data/tid2013/tid2013/reference_images/I08.BMP,type_17,3,4.1875,0.17918,17,i08_17_3.bmp,holdout
TID2013,I08,/data/projectwork/swati_mam/new model data/tid2013/tid2013/distorted_images/i08_17_4.bmp,/data/projectwork/swati_mam/new model data/tid2013/tid2013/reference_images/I08.BMP,type_17,4,5.06452,0.21366,17,i08_17_4.bmp,holdout
TID2013,I08,/data/projectwork/swati_mam/new model data/tid2013/tid2013/distorted_images/i08_17_5.bmp,/data/projectwork/swati_mam/new model data/tid2013/tid2013/reference_images/I08.BMP,type_17,5,3.25806,0.18792,17,i08_17_5.bmp,holdout
TID2013,I08,/data/projectwork/swati_mam/new model data/tid2013/tid2013/distorted_images/i08_18_1.bmp,/data/projectwork/swati_mam/new model data/tid2013/tid2013/reference_images/I08.BMP,type_18,1,4.25,0.15934,18,i08_18_1.bmp,holdout
TID2013,I08,/data/projectwork/swati_mam/new model data/tid2013/tid2013/distorted_images/i08_18_2.bmp,/data/projectwork/swati_mam/new model data/tid2013/tid2013/reference_images/I08.BMP,type_18,2,3.74194,0.14403,18,i08_18_2.bmp,holdout
TID2013,I08,/data/projectwork/swati_mam/new model data/tid2013/tid2013/distorted_images/i08_18_3.bmp,/data/projectwork/swati_mam/new model data/tid2013/tid2013/reference_images/I08.BMP,type_18,3,2.9375,0.17643,18,i08_18_3.bmp,holdout
TID2013,I08,/data/projectwork/swati_mam/new model data/tid2013/tid2013/distorted_images/i08_18_4.bmp,/data/projectwork/swati_mam/new model data/tid2013/tid2013/reference_images/I08.BMP,type_18,4,2.84375,0.1600099999999999,18,i08_18_4.bmp,holdout
TID2013,I08,/data/projectwork/swati_mam/new model data/tid2013/tid2013/distorted_images/i08_18_5.bmp,/data/projectwork/swati_mam/new model data/tid2013/tid2013/reference_images/I08.BMP,type_18,5,2.87097,0.28026,18,i08_18_5.bmp,holdout
TID2013,I08,/data/projectwork/swati_mam/new model data/tid2013/tid2013/distorted_images/i08_19_1.bmp,/data/projectwork/swati_mam/new model data/tid2013/tid2013/reference_images/I08.BMP,type_19,1,5.3871,0.1863,19,i08_19_1.bmp,holdout
TID2013,I08,/data/projectwork/swati_mam/new model data/tid2013/tid2013/distorted_images/i08_19_2.bmp,/data/projectwork/swati_mam/new model data/tid2013/tid2013/reference_images/I08.BMP,type_19,2,4.93548,0.12014,19,i08_19_2.bmp,holdout
TID2013,I08,/data/projectwork/swati_mam/new model data/tid2013/tid2013/distorted_images/i08_19_3.bmp,/data/projectwork/swati_mam/new model data/tid2013/tid2013/reference_images/I08.BMP,type_19,3,4.6875,0.14278,19,i08_19_3.bmp,holdout
TID2013,I08,/data/projectwork/swati_mam/new model data/tid2013/tid2013/distorted_images/i08_19_4.bmp,/data/projectwork/swati_mam/new model data/tid2013/tid2013/reference_images/I08.BMP,type_19,4,4.03226,0.13288,19,i08_19_4.bmp,holdout
TID2013,I08,/data/projectwork/swati_mam/new model data/tid2013/tid2013/distorted_images/i08_19_5.bmp,/data/projectwork/swati_mam/new model data/tid2013/tid2013/reference_images/I08.BMP,type_19,5,3.59375,0.1069799999999999,19,i08_19_5.bmp,holdout
TID2013,I08,/data/projectwork/swati_mam/new model data/tid2013/tid2013/distorted_images/i08_20_1.bmp,/data/projectwork/swati_mam/new model data/tid2013/tid2013/reference_images/I08.BMP,type_20,1,5.87097,0.19216,20,i08_20_1.bmp,holdout
TID2013,I08,/data/projectwork/swati_mam/new model data/tid2013/tid2013/distorted_images/i08_20_2.bmp,/data/projectwork/swati_mam/new model data/tid2013/tid2013/reference_images/I08.BMP,type_20,2,5.96774,0.16752,20,i08_20_2.bmp,holdout
TID2013,I08,/data/projectwork/swati_mam/new model data/tid2013/tid2013/distorted_images/i08_20_3.bmp,/data/projectwork/swati_mam/new model data/tid2013/tid2013/reference_images/I08.BMP,type_20,3,5.26667,0.13278,20,i08_20_3.bmp,holdout
TID2013,I08,/data/projectwork/swati_mam/new model data/tid2013/tid2013/distorted_images/i08_20_4.bmp,/data/projectwork/swati_mam/new model data/tid2013/tid2013/reference_images/I08.BMP,type_20,4,4.625,0.1449,20,i08_20_4.bmp,holdout
TID2013,I08,/data/projectwork/swati_mam/new model data/tid2013/tid2013/distorted_images/i08_20_5.bmp,/data/projectwork/swati_mam/new model data/tid2013/tid2013/reference_images/I08.BMP,type_20,5,3.8125,0.14278,20,i08_20_5.bmp,holdout
TID2013,I08,/data/projectwork/swati_mam/new model data/tid2013/tid2013/distorted_images/i08_21_1.bmp,/data/projectwork/swati_mam/new model data/tid2013/tid2013/reference_images/I08.BMP,type_21,1,5.6875,0.17918,21,i08_21_1.bmp,holdout
TID2013,I08,/data/projectwork/swati_mam/new model data/tid2013/tid2013/distorted_images/i08_21_2.bmp,/data/projectwork/swati_mam/new model data/tid2013/tid2013/reference_images/I08.BMP,type_21,2,4.93548,0.1285099999999999,21,i08_21_2.bmp,holdout
TID2013,I08,/data/projectwork/swati_mam/new model data/tid2013/tid2013/distorted_images/i08_21_3.bmp,/data/projectwork/swati_mam/new model data/tid2013/tid2013/reference_images/I08.BMP,type_21,3,4.29032,0.10396,21,i08_21_3.bmp,holdout
TID2013,I08,/data/projectwork/swati_mam/new model data/tid2013/tid2013/distorted_images/i08_21_4.bmp,/data/projectwork/swati_mam/new model data/tid2013/tid2013/reference_images/I08.BMP,type_21,4,3.80645,0.12426,21,i08_21_4.bmp,holdout
TID2013,I08,/data/projectwork/swati_mam/new model data/tid2013/tid2013/distorted_images/i08_21_5.bmp,/data/projectwork/swati_mam/new model data/tid2013/tid2013/reference_images/I08.BMP,type_21,5,2.67742,0.10588,21,i08_21_5.bmp,holdout
TID2013,I08,/data/projectwork/swati_mam/new model data/tid2013/tid2013/distorted_images/i08_22_1.bmp,/data/projectwork/swati_mam/new model data/tid2013/tid2013/reference_images/I08.BMP,type_22,1,5.6129,0.17477,22,i08_22_1.bmp,holdout
TID2013,I08,/data/projectwork/swati_mam/new model data/tid2013/tid2013/distorted_images/i08_22_2.bmp,/data/projectwork/swati_mam/new model data/tid2013/tid2013/reference_images/I08.BMP,type_22,2,5.45161,0.1193,22,i08_22_2.bmp,holdout
TID2013,I08,/data/projectwork/swati_mam/new model data/tid2013/tid2013/distorted_images/i08_22_3.bmp,/data/projectwork/swati_mam/new model data/tid2013/tid2013/reference_images/I08.BMP,type_22,3,4.16129,0.18863,22,i08_22_3.bmp,holdout
TID2013,I08,/data/projectwork/swati_mam/new model data/tid2013/tid2013/distorted_images/i08_22_4.bmp,/data/projectwork/swati_mam/new model data/tid2013/tid2013/reference_images/I08.BMP,type_22,4,3.0625,0.1164,22,i08_22_4.bmp,holdout
TID2013,I08,/data/projectwork/swati_mam/new model data/tid2013/tid2013/distorted_images/i08_22_5.bmp,/data/projectwork/swati_mam/new model data/tid2013/tid2013/reference_images/I08.BMP,type_22,5,2.375,0.138,22,i08_22_5.bmp,holdout
TID2013,I08,/data/projectwork/swati_mam/new model data/tid2013/tid2013/distorted_images/i08_23_1.bmp,/data/projectwork/swati_mam/new model data/tid2013/tid2013/reference_images/I08.BMP,type_23,1,6.03226,0.17951,23,i08_23_1.bmp,holdout
TID2013,I08,/data/projectwork/swati_mam/new model data/tid2013/tid2013/distorted_images/i08_23_2.bmp,/data/projectwork/swati_mam/new model data/tid2013/tid2013/reference_images/I08.BMP,type_23,2,6.16129,0.17128,23,i08_23_2.bmp,holdout
TID2013,I08,/data/projectwork/swati_mam/new model data/tid2013/tid2013/distorted_images/i08_23_3.bmp,/data/projectwork/swati_mam/new model data/tid2013/tid2013/reference_images/I08.BMP,type_23,3,5.67742,0.13212,23,i08_23_3.bmp,holdout
TID2013,I08,/data/projectwork/swati_mam/new model data/tid2013/tid2013/distorted_images/i08_23_4.bmp,/data/projectwork/swati_mam/new model data/tid2013/tid2013/reference_images/I08.BMP,type_23,4,5.5,0.12247,23,i08_23_4.bmp,holdout
TID2013,I08,/data/projectwork/swati_mam/new model data/tid2013/tid2013/distorted_images/i08_23_5.bmp,/data/projectwork/swati_mam/new model data/tid2013/tid2013/reference_images/I08.BMP,type_23,5,5.4375,0.21166,23,i08_23_5.bmp,holdout
TID2013,I08,/data/projectwork/swati_mam/new model data/tid2013/tid2013/distorted_images/i08_24_1.bmp,/data/projectwork/swati_mam/new model data/tid2013/tid2013/reference_images/I08.BMP,type_24,1,5.93548,0.18774,24,i08_24_1.bmp,holdout
TID2013,I08,/data/projectwork/swati_mam/new model data/tid2013/tid2013/distorted_images/i08_24_2.bmp,/data/projectwork/swati_mam/new model data/tid2013/tid2013/reference_images/I08.BMP,type_24,2,5.78125,0.18611,24,i08_24_2.bmp,holdout
TID2013,I08,/data/projectwork/swati_mam/new model data/tid2013/tid2013/distorted_images/i08_24_3.bmp,/data/projectwork/swati_mam/new model data/tid2013/tid2013/reference_images/I08.BMP,type_24,3,5.29032,0.18358,24,i08_24_3.bmp,holdout
TID2013,I08,/data/projectwork/swati_mam/new model data/tid2013/tid2013/distorted_images/i08_24_4.bmp,/data/projectwork/swati_mam/new model data/tid2013/tid2013/reference_images/I08.BMP,type_24,4,3.96774,0.1248,24,i08_24_4.bmp,holdout
TID2013,I08,/data/projectwork/swati_mam/new model data/tid2013/tid2013/distorted_images/i08_24_5.bmp,/data/projectwork/swati_mam/new model data/tid2013/tid2013/reference_images/I08.BMP,type_24,5,2.625,0.16388,24,i08_24_5.bmp,holdout
TID2013,I09,/data/projectwork/swati_mam/new model data/tid2013/tid2013/distorted_images/I09_01_1.bmp,/data/projectwork/swati_mam/new model data/tid2013/tid2013/reference_images/I09.BMP,type_01,1,5.36364,0.16497,01,I09_01_1.bmp,holdout
TID2013,I09,/data/projectwork/swati_mam/new model data/tid2013/tid2013/distorted_images/i09_01_2.bmp,/data/projectwork/swati_mam/new model data/tid2013/tid2013/reference_images/I09.BMP,type_01,2,5.0,0.09882,01,i09_01_2.bmp,holdout
TID2013,I09,/data/projectwork/swati_mam/new model data/tid2013/tid2013/distorted_images/i09_01_3.bmp,/data/projectwork/swati_mam/new model data/tid2013/tid2013/reference_images/I09.BMP,type_01,3,4.54545,0.12921,01,i09_01_3.bmp,holdout
TID2013,I09,/data/projectwork/swati_mam/new model data/tid2013/tid2013/distorted_images/i09_01_4.bmp,/data/projectwork/swati_mam/new model data/tid2013/tid2013/reference_images/I09.BMP,type_01,4,4.03226,0.0966,01,i09_01_4.bmp,holdout
TID2013,I09,/data/projectwork/swati_mam/new model data/tid2013/tid2013/distorted_images/i09_01_5.bmp,/data/projectwork/swati_mam/new model data/tid2013/tid2013/reference_images/I09.BMP,type_01,5,3.63636,0.10337,01,i09_01_5.bmp,holdout
TID2013,I09,/data/projectwork/swati_mam/new model data/tid2013/tid2013/distorted_images/i09_02_1.bmp,/data/projectwork/swati_mam/new model data/tid2013/tid2013/reference_images/I09.BMP,type_02,1,5.87879,0.16463,02,i09_02_1.bmp,holdout
TID2013,I09,/data/projectwork/swati_mam/new model data/tid2013/tid2013/distorted_images/i09_02_2.bmp,/data/projectwork/swati_mam/new model data/tid2013/tid2013/reference_images/I09.BMP,type_02,2,6.0303,0.174,02,i09_02_2.bmp,holdout
TID2013,I09,/data/projectwork/swati_mam/new model data/tid2013/tid2013/distorted_images/i09_02_3.bmp,/data/projectwork/swati_mam/new model data/tid2013/tid2013/reference_images/I09.BMP,type_02,3,5.5625,0.15269,02,i09_02_3.bmp,holdout
TID2013,I09,/data/projectwork/swati_mam/new model data/tid2013/tid2013/distorted_images/i09_02_4.bmp,/data/projectwork/swati_mam/new model data/tid2013/tid2013/reference_images/I09.BMP,type_02,4,4.875,0.10597,02,i09_02_4.bmp,holdout
TID2013,I09,/data/projectwork/swati_mam/new model data/tid2013/tid2013/distorted_images/i09_02_5.bmp,/data/projectwork/swati_mam/new model data/tid2013/tid2013/reference_images/I09.BMP,type_02,5,4.54545,0.1219,02,i09_02_5.bmp,holdout
TID2013,I09,/data/projectwork/swati_mam/new model data/tid2013/tid2013/distorted_images/i09_03_1.bmp,/data/projectwork/swati_mam/new model data/tid2013/tid2013/reference_images/I09.BMP,type_03,1,4.60606,0.11289,03,i09_03_1.bmp,holdout
TID2013,I09,/data/projectwork/swati_mam/new model data/tid2013/tid2013/distorted_images/i09_03_2.bmp,/data/projectwork/swati_mam/new model data/tid2013/tid2013/reference_images/I09.BMP,type_03,2,4.09375,0.11145,03,i09_03_2.bmp,holdout
TID2013,I09,/data/projectwork/swati_mam/new model data/tid2013/tid2013/distorted_images/i09_03_3.bmp,/data/projectwork/swati_mam/new model data/tid2013/tid2013/reference_images/I09.BMP,type_03,3,3.69697,0.14523,03,i09_03_3.bmp,holdout
TID2013,I09,/data/projectwork/swati_mam/new model data/tid2013/tid2013/distorted_images/i09_03_4.bmp,/data/projectwork/swati_mam/new model data/tid2013/tid2013/reference_images/I09.BMP,type_03,4,3.25,0.10825,03,i09_03_4.bmp,holdout
TID2013,I09,/data/projectwork/swati_mam/new model data/tid2013/tid2013/distorted_images/i09_03_5.bmp,/data/projectwork/swati_mam/new model data/tid2013/tid2013/reference_images/I09.BMP,type_03,5,2.87879,0.09347,03,i09_03_5.bmp,holdout
TID2013,I09,/data/projectwork/swati_mam/new model data/tid2013/tid2013/distorted_images/i09_04_1.bmp,/data/projectwork/swati_mam/new model data/tid2013/tid2013/reference_images/I09.BMP,type_04,1,5.7419400000000005,0.12042,04,i09_04_1.bmp,holdout
TID2013,I09,/data/projectwork/swati_mam/new model data/tid2013/tid2013/distorted_images/i09_04_2.bmp,/data/projectwork/swati_mam/new model data/tid2013/tid2013/reference_images/I09.BMP,type_04,2,5.59375,0.1069799999999999,04,i09_04_2.bmp,holdout
TID2013,I09,/data/projectwork/swati_mam/new model data/tid2013/tid2013/distorted_images/i09_04_3.bmp,/data/projectwork/swati_mam/new model data/tid2013/tid2013/reference_images/I09.BMP,type_04,3,5.3871,0.14192,04,i09_04_3.bmp,holdout
TID2013,I09,/data/projectwork/swati_mam/new model data/tid2013/tid2013/distorted_images/i09_04_4.bmp,/data/projectwork/swati_mam/new model data/tid2013/tid2013/reference_images/I09.BMP,type_04,4,4.67742,0.09555,04,i09_04_4.bmp,holdout
TID2013,I09,/data/projectwork/swati_mam/new model data/tid2013/tid2013/distorted_images/i09_04_5.bmp,/data/projectwork/swati_mam/new model data/tid2013/tid2013/reference_images/I09.BMP,type_04,5,4.27273,0.1305,04,i09_04_5.bmp,holdout
TID2013,I09,/data/projectwork/swati_mam/new model data/tid2013/tid2013/distorted_images/i09_05_1.bmp,/data/projectwork/swati_mam/new model data/tid2013/tid2013/reference_images/I09.BMP,type_05,1,5.93548,0.13637,05,i09_05_1.bmp,holdout
TID2013,I09,/data/projectwork/swati_mam/new model data/tid2013/tid2013/distorted_images/i09_05_2.bmp,/data/projectwork/swati_mam/new model data/tid2013/tid2013/reference_images/I09.BMP,type_05,2,5.5,0.13258,05,i09_05_2.bmp,holdout
TID2013,I09,/data/projectwork/swati_mam/new model data/tid2013/tid2013/distorted_images/i09_05_3.bmp,/data/projectwork/swati_mam/new model data/tid2013/tid2013/reference_images/I09.BMP,type_05,3,4.96875,0.1209,05,i09_05_3.bmp,holdout
TID2013,I09,/data/projectwork/swati_mam/new model data/tid2013/tid2013/distorted_images/i09_05_4.bmp,/data/projectwork/swati_mam/new model data/tid2013/tid2013/reference_images/I09.BMP,type_05,4,4.09091,0.12394,05,i09_05_4.bmp,holdout
TID2013,I09,/data/projectwork/swati_mam/new model data/tid2013/tid2013/distorted_images/i09_05_5.bmp,/data/projectwork/swati_mam/new model data/tid2013/tid2013/reference_images/I09.BMP,type_05,5,3.59375,0.1069799999999999,05,i09_05_5.bmp,holdout
TID2013,I09,/data/projectwork/swati_mam/new model data/tid2013/tid2013/distorted_images/i09_06_1.bmp,/data/projectwork/swati_mam/new model data/tid2013/tid2013/reference_images/I09.BMP,type_06,1,5.21875,0.14479,06,i09_06_1.bmp,holdout
TID2013,I09,/data/projectwork/swati_mam/new model data/tid2013/tid2013/distorted_images/i09_06_2.bmp,/data/projectwork/swati_mam/new model data/tid2013/tid2013/reference_images/I09.BMP,type_06,2,4.3125,0.13577,06,i09_06_2.bmp,holdout
TID2013,I09,/data/projectwork/swati_mam/new model data/tid2013/tid2013/distorted_images/i09_06_3.bmp,/data/projectwork/swati_mam/new model data/tid2013/tid2013/reference_images/I09.BMP,type_06,3,4.16129,0.10299,06,i09_06_3.bmp,holdout
TID2013,I09,/data/projectwork/swati_mam/new model data/tid2013/tid2013/distorted_images/i09_06_4.bmp,/data/projectwork/swati_mam/new model data/tid2013/tid2013/reference_images/I09.BMP,type_06,4,3.8125,0.10305,06,i09_06_4.bmp,holdout
TID2013,I09,/data/projectwork/swati_mam/new model data/tid2013/tid2013/distorted_images/i09_06_5.bmp,/data/projectwork/swati_mam/new model data/tid2013/tid2013/reference_images/I09.BMP,type_06,5,3.34375,0.10467,06,i09_06_5.bmp,holdout
TID2013,I09,/data/projectwork/swati_mam/new model data/tid2013/tid2013/distorted_images/i09_07_1.bmp,/data/projectwork/swati_mam/new model data/tid2013/tid2013/reference_images/I09.BMP,type_07,1,4.87879,0.17012,07,i09_07_1.bmp,holdout
TID2013,I09,/data/projectwork/swati_mam/new model data/tid2013/tid2013/distorted_images/i09_07_2.bmp,/data/projectwork/swati_mam/new model data/tid2013/tid2013/reference_images/I09.BMP,type_07,2,4.75,0.1169299999999999,07,i09_07_2.bmp,holdout
TID2013,I09,/data/projectwork/swati_mam/new model data/tid2013/tid2013/distorted_images/i09_07_3.bmp,/data/projectwork/swati_mam/new model data/tid2013/tid2013/reference_images/I09.BMP,type_07,3,4.12903,0.16284,07,i09_07_3.bmp,holdout
TID2013,I09,/data/projectwork/swati_mam/new model data/tid2013/tid2013/distorted_images/i09_07_4.bmp,/data/projectwork/swati_mam/new model data/tid2013/tid2013/reference_images/I09.BMP,type_07,4,3.66667,0.13324,07,i09_07_4.bmp,holdout
TID2013,I09,/data/projectwork/swati_mam/new model data/tid2013/tid2013/distorted_images/i09_07_5.bmp,/data/projectwork/swati_mam/new model data/tid2013/tid2013/reference_images/I09.BMP,type_07,5,2.70968,0.12236,07,i09_07_5.bmp,holdout
TID2013,I09,/data/projectwork/swati_mam/new model data/tid2013/tid2013/distorted_images/i09_08_1.bmp,/data/projectwork/swati_mam/new model data/tid2013/tid2013/reference_images/I09.BMP,type_08,1,5.875,0.16973,08,i09_08_1.bmp,holdout
TID2013,I09,/data/projectwork/swati_mam/new model data/tid2013/tid2013/distorted_images/i09_08_2.bmp,/data/projectwork/swati_mam/new model data/tid2013/tid2013/reference_images/I09.BMP,type_08,2,5.24242,0.1423299999999999,08,i09_08_2.bmp,holdout
TID2013,I09,/data/projectwork/swati_mam/new model data/tid2013/tid2013/distorted_images/i09_08_3.bmp,/data/projectwork/swati_mam/new model data/tid2013/tid2013/reference_images/I09.BMP,type_08,3,4.34375,0.15058,08,i09_08_3.bmp,holdout
TID2013,I09,/data/projectwork/swati_mam/new model data/tid2013/tid2013/distorted_images/i09_08_4.bmp,/data/projectwork/swati_mam/new model data/tid2013/tid2013/reference_images/I09.BMP,type_08,4,3.48485,0.1492,08,i09_08_4.bmp,holdout
TID2013,I09,/data/projectwork/swati_mam/new model data/tid2013/tid2013/distorted_images/i09_08_5.bmp,/data/projectwork/swati_mam/new model data/tid2013/tid2013/reference_images/I09.BMP,type_08,5,2.375,0.1449,08,i09_08_5.bmp,holdout
TID2013,I09,/data/projectwork/swati_mam/new model data/tid2013/tid2013/distorted_images/i09_09_1.bmp,/data/projectwork/swati_mam/new model data/tid2013/tid2013/reference_images/I09.BMP,type_09,1,6.54545,0.14902,09,i09_09_1.bmp,holdout
TID2013,I09,/data/projectwork/swati_mam/new model data/tid2013/tid2013/distorted_images/i09_09_2.bmp,/data/projectwork/swati_mam/new model data/tid2013/tid2013/reference_images/I09.BMP,type_09,2,6.09091,0.16798,09,i09_09_2.bmp,holdout
TID2013,I09,/data/projectwork/swati_mam/new model data/tid2013/tid2013/distorted_images/i09_09_3.bmp,/data/projectwork/swati_mam/new model data/tid2013/tid2013/reference_images/I09.BMP,type_09,3,5.15152,0.1492,09,i09_09_3.bmp,holdout
TID2013,I09,/data/projectwork/swati_mam/new model data/tid2013/tid2013/distorted_images/i09_09_4.bmp,/data/projectwork/swati_mam/new model data/tid2013/tid2013/reference_images/I09.BMP,type_09,4,3.90625,0.10231,09,i09_09_4.bmp,holdout
TID2013,I09,/data/projectwork/swati_mam/new model data/tid2013/tid2013/distorted_images/i09_09_5.bmp,/data/projectwork/swati_mam/new model data/tid2013/tid2013/reference_images/I09.BMP,type_09,5,2.51515,0.087,09,i09_09_5.bmp,holdout
TID2013,I09,/data/projectwork/swati_mam/new model data/tid2013/tid2013/distorted_images/i09_10_1.bmp,/data/projectwork/swati_mam/new model data/tid2013/tid2013/reference_images/I09.BMP,type_10,1,6.0,0.15934,10,i09_10_1.bmp,holdout
TID2013,I09,/data/projectwork/swati_mam/new model data/tid2013/tid2013/distorted_images/i09_10_2.bmp,/data/projectwork/swati_mam/new model data/tid2013/tid2013/reference_images/I09.BMP,type_10,2,5.65625,0.18011,10,i09_10_2.bmp,holdout
TID2013,I09,/data/projectwork/swati_mam/new model data/tid2013/tid2013/distorted_images/i09_10_3.bmp,/data/projectwork/swati_mam/new model data/tid2013/tid2013/reference_images/I09.BMP,type_10,3,4.90625,0.11145,10,i09_10_3.bmp,holdout
TID2013,I09,/data/projectwork/swati_mam/new model data/tid2013/tid2013/distorted_images/i09_10_4.bmp,/data/projectwork/swati_mam/new model data/tid2013/tid2013/reference_images/I09.BMP,type_10,4,3.19355,0.0959,10,i09_10_4.bmp,holdout
TID2013,I09,/data/projectwork/swati_mam/new model data/tid2013/tid2013/distorted_images/i09_10_5.bmp,/data/projectwork/swati_mam/new model data/tid2013/tid2013/reference_images/I09.BMP,type_10,5,2.34375,0.0948799999999999,10,i09_10_5.bmp,holdout
TID2013,I09,/data/projectwork/swati_mam/new model data/tid2013/tid2013/distorted_images/I09_11_1.bmp,/data/projectwork/swati_mam/new model data/tid2013/tid2013/reference_images/I09.BMP,type_11,1,5.90625,0.19941,11,I09_11_1.bmp,holdout
TID2013,I09,/data/projectwork/swati_mam/new model data/tid2013/tid2013/distorted_images/i09_11_2.bmp,/data/projectwork/swati_mam/new model data/tid2013/tid2013/reference_images/I09.BMP,type_11,2,5.15625,0.14052,11,i09_11_2.bmp,holdout
TID2013,I09,/data/projectwork/swati_mam/new model data/tid2013/tid2013/distorted_images/i09_11_3.bmp,/data/projectwork/swati_mam/new model data/tid2013/tid2013/reference_images/I09.BMP,type_11,3,3.96875,0.11254,11,i09_11_3.bmp,holdout
TID2013,I09,/data/projectwork/swati_mam/new model data/tid2013/tid2013/distorted_images/i09_11_4.bmp,/data/projectwork/swati_mam/new model data/tid2013/tid2013/reference_images/I09.BMP,type_11,4,2.40625,0.09742,11,i09_11_4.bmp,holdout
TID2013,I09,/data/projectwork/swati_mam/new model data/tid2013/tid2013/distorted_images/i09_11_5.bmp,/data/projectwork/swati_mam/new model data/tid2013/tid2013/reference_images/I09.BMP,type_11,5,0.87879,0.1028299999999999,11,i09_11_5.bmp,holdout
TID2013,I09,/data/projectwork/swati_mam/new model data/tid2013/tid2013/distorted_images/i09_12_1.bmp,/data/projectwork/swati_mam/new model data/tid2013/tid2013/reference_images/I09.BMP,type_12,1,6.06061,0.17109,12,i09_12_1.bmp,holdout
TID2013,I09,/data/projectwork/swati_mam/new model data/tid2013/tid2013/distorted_images/i09_12_2.bmp,/data/projectwork/swati_mam/new model data/tid2013/tid2013/reference_images/I09.BMP,type_12,2,5.90625,0.16153,12,i09_12_2.bmp,holdout
TID2013,I09,/data/projectwork/swati_mam/new model data/tid2013/tid2013/distorted_images/i09_12_3.bmp,/data/projectwork/swati_mam/new model data/tid2013/tid2013/reference_images/I09.BMP,type_12,3,4.90625,0.1352,12,i09_12_3.bmp,holdout
TID2013,I09,/data/projectwork/swati_mam/new model data/tid2013/tid2013/distorted_images/i09_12_4.bmp,/data/projectwork/swati_mam/new model data/tid2013/tid2013/reference_images/I09.BMP,type_12,4,2.96875,0.1035,12,i09_12_4.bmp,holdout
TID2013,I09,/data/projectwork/swati_mam/new model data/tid2013/tid2013/distorted_images/i09_12_5.bmp,/data/projectwork/swati_mam/new model data/tid2013/tid2013/reference_images/I09.BMP,type_12,5,2.84375,0.0999,12,i09_12_5.bmp,holdout
TID2013,I09,/data/projectwork/swati_mam/new model data/tid2013/tid2013/distorted_images/I09_13_1.bmp,/data/projectwork/swati_mam/new model data/tid2013/tid2013/reference_images/I09.BMP,type_13,1,4.51515,0.1143599999999999,13,I09_13_1.bmp,holdout
TID2013,I09,/data/projectwork/swati_mam/new model data/tid2013/tid2013/distorted_images/i09_13_2.bmp,/data/projectwork/swati_mam/new model data/tid2013/tid2013/reference_images/I09.BMP,type_13,2,3.77419,0.099,13,i09_13_2.bmp,holdout
TID2013,I09,/data/projectwork/swati_mam/new model data/tid2013/tid2013/distorted_images/i09_13_3.bmp,/data/projectwork/swati_mam/new model data/tid2013/tid2013/reference_images/I09.BMP,type_13,3,3.33333,0.13324,13,i09_13_3.bmp,holdout
TID2013,I09,/data/projectwork/swati_mam/new model data/tid2013/tid2013/distorted_images/i09_13_4.bmp,/data/projectwork/swati_mam/new model data/tid2013/tid2013/reference_images/I09.BMP,type_13,4,2.81818,0.1246099999999999,13,i09_13_4.bmp,holdout
TID2013,I09,/data/projectwork/swati_mam/new model data/tid2013/tid2013/distorted_images/i09_13_5.bmp,/data/projectwork/swati_mam/new model data/tid2013/tid2013/reference_images/I09.BMP,type_13,5,2.87879,0.11936,13,i09_13_5.bmp,holdout
TID2013,I09,/data/projectwork/swati_mam/new model data/tid2013/tid2013/distorted_images/i09_14_1.bmp,/data/projectwork/swati_mam/new model data/tid2013/tid2013/reference_images/I09.BMP,type_14,1,5.84375,0.17179,14,i09_14_1.bmp,holdout
TID2013,I09,/data/projectwork/swati_mam/new model data/tid2013/tid2013/distorted_images/i09_14_2.bmp,/data/projectwork/swati_mam/new model data/tid2013/tid2013/reference_images/I09.BMP,type_14,2,5.48485,0.17732,14,i09_14_2.bmp,holdout
TID2013,I09,/data/projectwork/swati_mam/new model data/tid2013/tid2013/distorted_images/i09_14_3.bmp,/data/projectwork/swati_mam/new model data/tid2013/tid2013/reference_images/I09.BMP,type_14,3,6.28125,0.1481299999999999,14,i09_14_3.bmp,holdout
TID2013,I09,/data/projectwork/swati_mam/new model data/tid2013/tid2013/distorted_images/i09_14_4.bmp,/data/projectwork/swati_mam/new model data/tid2013/tid2013/reference_images/I09.BMP,type_14,4,4.4375,0.15896,14,i09_14_4.bmp,holdout
TID2013,I09,/data/projectwork/swati_mam/new model data/tid2013/tid2013/distorted_images/i09_14_5.bmp,/data/projectwork/swati_mam/new model data/tid2013/tid2013/reference_images/I09.BMP,type_14,5,3.3125,0.12837,14,i09_14_5.bmp,holdout
TID2013,I09,/data/projectwork/swati_mam/new model data/tid2013/tid2013/distorted_images/i09_15_1.bmp,/data/projectwork/swati_mam/new model data/tid2013/tid2013/reference_images/I09.BMP,type_15,1,2.90909,0.16242,15,i09_15_1.bmp,holdout
TID2013,I09,/data/projectwork/swati_mam/new model data/tid2013/tid2013/distorted_images/i09_15_2.bmp,/data/projectwork/swati_mam/new model data/tid2013/tid2013/reference_images/I09.BMP,type_15,2,3.06061,0.16,15,i09_15_2.bmp,holdout
TID2013,I09,/data/projectwork/swati_mam/new model data/tid2013/tid2013/distorted_images/i09_15_3.bmp,/data/projectwork/swati_mam/new model data/tid2013/tid2013/reference_images/I09.BMP,type_15,3,3.25,0.13258,15,i09_15_3.bmp,holdout
TID2013,I09,/data/projectwork/swati_mam/new model data/tid2013/tid2013/distorted_images/i09_15_4.bmp,/data/projectwork/swati_mam/new model data/tid2013/tid2013/reference_images/I09.BMP,type_15,4,3.59375,0.13154,15,i09_15_4.bmp,holdout
TID2013,I09,/data/projectwork/swati_mam/new model data/tid2013/tid2013/distorted_images/i09_15_5.bmp,/data/projectwork/swati_mam/new model data/tid2013/tid2013/reference_images/I09.BMP,type_15,5,5.84848,0.20156,15,i09_15_5.bmp,holdout
TID2013,I09,/data/projectwork/swati_mam/new model data/tid2013/tid2013/distorted_images/i09_16_1.bmp,/data/projectwork/swati_mam/new model data/tid2013/tid2013/reference_images/I09.BMP,type_16,1,6.06061,0.18151,16,i09_16_1.bmp,holdout
TID2013,I09,/data/projectwork/swati_mam/new model data/tid2013/tid2013/distorted_images/i09_16_2.bmp,/data/projectwork/swati_mam/new model data/tid2013/tid2013/reference_images/I09.BMP,type_16,2,6.303030000000001,0.15142,16,i09_16_2.bmp,holdout
TID2013,I09,/data/projectwork/swati_mam/new model data/tid2013/tid2013/distorted_images/i09_16_3.bmp,/data/projectwork/swati_mam/new model data/tid2013/tid2013/reference_images/I09.BMP,type_16,3,5.75,0.14658,16,i09_16_3.bmp,holdout
TID2013,I09,/data/projectwork/swati_mam/new model data/tid2013/tid2013/distorted_images/i09_16_4.bmp,/data/projectwork/swati_mam/new model data/tid2013/tid2013/reference_images/I09.BMP,type_16,4,5.903230000000001,0.18449,16,i09_16_4.bmp,holdout
TID2013,I09,/data/projectwork/swati_mam/new model data/tid2013/tid2013/distorted_images/i09_16_5.bmp,/data/projectwork/swati_mam/new model data/tid2013/tid2013/reference_images/I09.BMP,type_16,5,4.66667,0.13324,16,i09_16_5.bmp,holdout
TID2013,I09,/data/projectwork/swati_mam/new model data/tid2013/tid2013/distorted_images/i09_17_1.bmp,/data/projectwork/swati_mam/new model data/tid2013/tid2013/reference_images/I09.BMP,type_17,1,5.8125,0.18455,17,i09_17_1.bmp,holdout
TID2013,I09,/data/projectwork/swati_mam/new model data/tid2013/tid2013/distorted_images/i09_17_2.bmp,/data/projectwork/swati_mam/new model data/tid2013/tid2013/reference_images/I09.BMP,type_17,2,6.78788,0.18059,17,i09_17_2.bmp,holdout
TID2013,I09,/data/projectwork/swati_mam/new model data/tid2013/tid2013/distorted_images/i09_17_3.bmp,/data/projectwork/swati_mam/new model data/tid2013/tid2013/reference_images/I09.BMP,type_17,3,4.78125,0.11469,17,i09_17_3.bmp,holdout
TID2013,I09,/data/projectwork/swati_mam/new model data/tid2013/tid2013/distorted_images/i09_17_4.bmp,/data/projectwork/swati_mam/new model data/tid2013/tid2013/reference_images/I09.BMP,type_17,4,6.36364,0.22193,17,i09_17_4.bmp,holdout
TID2013,I09,/data/projectwork/swati_mam/new model data/tid2013/tid2013/distorted_images/i09_17_5.bmp,/data/projectwork/swati_mam/new model data/tid2013/tid2013/reference_images/I09.BMP,type_17,5,3.60606,0.14174,17,i09_17_5.bmp,holdout
TID2013,I09,/data/projectwork/swati_mam/new model data/tid2013/tid2013/distorted_images/i09_18_1.bmp,/data/projectwork/swati_mam/new model data/tid2013/tid2013/reference_images/I09.BMP,type_18,1,4.81818,0.17384,18,i09_18_1.bmp,holdout
TID2013,I09,/data/projectwork/swati_mam/new model data/tid2013/tid2013/distorted_images/i09_18_2.bmp,/data/projectwork/swati_mam/new model data/tid2013/tid2013/reference_images/I09.BMP,type_18,2,4.303030000000001,0.15737,18,i09_18_2.bmp,holdout
TID2013,I09,/data/projectwork/swati_mam/new model data/tid2013/tid2013/distorted_images/i09_18_3.bmp,/data/projectwork/swati_mam/new model data/tid2013/tid2013/reference_images/I09.BMP,type_18,3,4.06452,0.16408,18,i09_18_3.bmp,holdout
TID2013,I09,/data/projectwork/swati_mam/new model data/tid2013/tid2013/distorted_images/i09_18_4.bmp,/data/projectwork/swati_mam/new model data/tid2013/tid2013/reference_images/I09.BMP,type_18,4,3.3125,0.15586,18,i09_18_4.bmp,holdout
TID2013,I09,/data/projectwork/swati_mam/new model data/tid2013/tid2013/distorted_images/i09_18_5.bmp,/data/projectwork/swati_mam/new model data/tid2013/tid2013/reference_images/I09.BMP,type_18,5,3.15625,0.166,18,i09_18_5.bmp,holdout
TID2013,I09,/data/projectwork/swati_mam/new model data/tid2013/tid2013/distorted_images/i09_19_1.bmp,/data/projectwork/swati_mam/new model data/tid2013/tid2013/reference_images/I09.BMP,type_19,1,5.5,0.13258,19,i09_19_1.bmp,holdout
TID2013,I09,/data/projectwork/swati_mam/new model data/tid2013/tid2013/distorted_images/i09_19_2.bmp,/data/projectwork/swati_mam/new model data/tid2013/tid2013/reference_images/I09.BMP,type_19,2,4.67742,0.10588,19,i09_19_2.bmp,holdout
TID2013,I09,/data/projectwork/swati_mam/new model data/tid2013/tid2013/distorted_images/i09_19_3.bmp,/data/projectwork/swati_mam/new model data/tid2013/tid2013/reference_images/I09.BMP,type_19,3,4.51613,0.08976,19,i09_19_3.bmp,holdout
TID2013,I09,/data/projectwork/swati_mam/new model data/tid2013/tid2013/distorted_images/i09_19_4.bmp,/data/projectwork/swati_mam/new model data/tid2013/tid2013/reference_images/I09.BMP,type_19,4,4.0625,0.12451,19,i09_19_4.bmp,holdout
TID2013,I09,/data/projectwork/swati_mam/new model data/tid2013/tid2013/distorted_images/i09_19_5.bmp,/data/projectwork/swati_mam/new model data/tid2013/tid2013/reference_images/I09.BMP,type_19,5,3.48485,0.12943,19,i09_19_5.bmp,holdout
TID2013,I09,/data/projectwork/swati_mam/new model data/tid2013/tid2013/distorted_images/i09_20_1.bmp,/data/projectwork/swati_mam/new model data/tid2013/tid2013/reference_images/I09.BMP,type_20,1,5.8125,0.13577,20,i09_20_1.bmp,holdout
TID2013,I09,/data/projectwork/swati_mam/new model data/tid2013/tid2013/distorted_images/i09_20_2.bmp,/data/projectwork/swati_mam/new model data/tid2013/tid2013/reference_images/I09.BMP,type_20,2,5.66667,0.17495,20,i09_20_2.bmp,holdout
TID2013,I09,/data/projectwork/swati_mam/new model data/tid2013/tid2013/distorted_images/i09_20_3.bmp,/data/projectwork/swati_mam/new model data/tid2013/tid2013/reference_images/I09.BMP,type_20,3,4.5,0.13258,20,i09_20_3.bmp,holdout
TID2013,I09,/data/projectwork/swati_mam/new model data/tid2013/tid2013/distorted_images/i09_20_4.bmp,/data/projectwork/swati_mam/new model data/tid2013/tid2013/reference_images/I09.BMP,type_20,4,3.90909,0.10811,20,i09_20_4.bmp,holdout
TID2013,I09,/data/projectwork/swati_mam/new model data/tid2013/tid2013/distorted_images/i09_20_5.bmp,/data/projectwork/swati_mam/new model data/tid2013/tid2013/reference_images/I09.BMP,type_20,5,2.90909,0.10811,20,i09_20_5.bmp,holdout
TID2013,I09,/data/projectwork/swati_mam/new model data/tid2013/tid2013/distorted_images/i09_21_1.bmp,/data/projectwork/swati_mam/new model data/tid2013/tid2013/reference_images/I09.BMP,type_21,1,5.27273,0.14389,21,i09_21_1.bmp,holdout
TID2013,I09,/data/projectwork/swati_mam/new model data/tid2013/tid2013/distorted_images/i09_21_2.bmp,/data/projectwork/swati_mam/new model data/tid2013/tid2013/reference_images/I09.BMP,type_21,2,4.8125,0.12053,21,i09_21_2.bmp,holdout
TID2013,I09,/data/projectwork/swati_mam/new model data/tid2013/tid2013/distorted_images/i09_21_3.bmp,/data/projectwork/swati_mam/new model data/tid2013/tid2013/reference_images/I09.BMP,type_21,3,4.25,0.10825,21,i09_21_3.bmp,holdout
TID2013,I09,/data/projectwork/swati_mam/new model data/tid2013/tid2013/distorted_images/i09_21_4.bmp,/data/projectwork/swati_mam/new model data/tid2013/tid2013/reference_images/I09.BMP,type_21,4,3.5,0.08839,21,i09_21_4.bmp,holdout
TID2013,I09,/data/projectwork/swati_mam/new model data/tid2013/tid2013/distorted_images/i09_21_5.bmp,/data/projectwork/swati_mam/new model data/tid2013/tid2013/reference_images/I09.BMP,type_21,5,2.16129,0.06606,21,i09_21_5.bmp,holdout
TID2013,I09,/data/projectwork/swati_mam/new model data/tid2013/tid2013/distorted_images/i09_22_1.bmp,/data/projectwork/swati_mam/new model data/tid2013/tid2013/reference_images/I09.BMP,type_22,1,5.71875,0.12682,22,i09_22_1.bmp,holdout
TID2013,I09,/data/projectwork/swati_mam/new model data/tid2013/tid2013/distorted_images/i09_22_2.bmp,/data/projectwork/swati_mam/new model data/tid2013/tid2013/reference_images/I09.BMP,type_22,2,5.78788,0.17543,22,i09_22_2.bmp,holdout
TID2013,I09,/data/projectwork/swati_mam/new model data/tid2013/tid2013/distorted_images/i09_22_3.bmp,/data/projectwork/swati_mam/new model data/tid2013/tid2013/reference_images/I09.BMP,type_22,3,5.5,0.125,22,i09_22_3.bmp,holdout
TID2013,I09,/data/projectwork/swati_mam/new model data/tid2013/tid2013/distorted_images/i09_22_4.bmp,/data/projectwork/swati_mam/new model data/tid2013/tid2013/reference_images/I09.BMP,type_22,4,4.09375,0.11989,22,i09_22_4.bmp,holdout
TID2013,I09,/data/projectwork/swati_mam/new model data/tid2013/tid2013/distorted_images/i09_22_5.bmp,/data/projectwork/swati_mam/new model data/tid2013/tid2013/reference_images/I09.BMP,type_22,5,2.71875,0.1481299999999999,22,i09_22_5.bmp,holdout
TID2013,I09,/data/projectwork/swati_mam/new model data/tid2013/tid2013/distorted_images/i09_23_1.bmp,/data/projectwork/swati_mam/new model data/tid2013/tid2013/reference_images/I09.BMP,type_23,1,6.25,0.13975,23,i09_23_1.bmp,holdout
TID2013,I09,/data/projectwork/swati_mam/new model data/tid2013/tid2013/distorted_images/i09_23_2.bmp,/data/projectwork/swati_mam/new model data/tid2013/tid2013/reference_images/I09.BMP,type_23,2,6.28125,0.14138,23,i09_23_2.bmp,holdout
TID2013,I09,/data/projectwork/swati_mam/new model data/tid2013/tid2013/distorted_images/i09_23_3.bmp,/data/projectwork/swati_mam/new model data/tid2013/tid2013/reference_images/I09.BMP,type_23,3,6.0303,0.1631,23,i09_23_3.bmp,holdout
TID2013,I09,/data/projectwork/swati_mam/new model data/tid2013/tid2013/distorted_images/i09_23_4.bmp,/data/projectwork/swati_mam/new model data/tid2013/tid2013/reference_images/I09.BMP,type_23,4,4.8125,0.12837,23,i09_23_4.bmp,holdout
TID2013,I09,/data/projectwork/swati_mam/new model data/tid2013/tid2013/distorted_images/i09_23_5.bmp,/data/projectwork/swati_mam/new model data/tid2013/tid2013/reference_images/I09.BMP,type_23,5,2.875,0.10597,23,i09_23_5.bmp,holdout
TID2013,I09,/data/projectwork/swati_mam/new model data/tid2013/tid2013/distorted_images/i09_24_1.bmp,/data/projectwork/swati_mam/new model data/tid2013/tid2013/reference_images/I09.BMP,type_24,1,5.75,0.13258,24,i09_24_1.bmp,holdout
TID2013,I09,/data/projectwork/swati_mam/new model data/tid2013/tid2013/distorted_images/i09_24_2.bmp,/data/projectwork/swati_mam/new model data/tid2013/tid2013/reference_images/I09.BMP,type_24,2,5.09375,0.16153,24,i09_24_2.bmp,holdout
TID2013,I09,/data/projectwork/swati_mam/new model data/tid2013/tid2013/distorted_images/i09_24_3.bmp,/data/projectwork/swati_mam/new model data/tid2013/tid2013/reference_images/I09.BMP,type_24,3,3.75,0.1169299999999999,24,i09_24_3.bmp,holdout
TID2013,I09,/data/projectwork/swati_mam/new model data/tid2013/tid2013/distorted_images/i09_24_4.bmp,/data/projectwork/swati_mam/new model data/tid2013/tid2013/reference_images/I09.BMP,type_24,4,2.0303,0.1091299999999999,24,i09_24_4.bmp,holdout
TID2013,I09,/data/projectwork/swati_mam/new model data/tid2013/tid2013/distorted_images/i09_24_5.bmp,/data/projectwork/swati_mam/new model data/tid2013/tid2013/reference_images/I09.BMP,type_24,5,0.2424199999999999,0.0746,24,i09_24_5.bmp,holdout
TID2013,I10,/data/projectwork/swati_mam/new model data/tid2013/tid2013/distorted_images/I10_01_1.bmp,/data/projectwork/swati_mam/new model data/tid2013/tid2013/reference_images/I10.BMP,type_01,1,5.71795,0.1402,01,I10_01_1.bmp,train
TID2013,I10,/data/projectwork/swati_mam/new model data/tid2013/tid2013/distorted_images/i10_01_2.bmp,/data/projectwork/swati_mam/new model data/tid2013/tid2013/reference_images/I10.BMP,type_01,2,5.43243,0.14575,01,i10_01_2.bmp,train
TID2013,I10,/data/projectwork/swati_mam/new model data/tid2013/tid2013/distorted_images/i10_01_3.bmp,/data/projectwork/swati_mam/new model data/tid2013/tid2013/reference_images/I10.BMP,type_01,3,4.74359,0.11304,01,i10_01_3.bmp,train
TID2013,I10,/data/projectwork/swati_mam/new model data/tid2013/tid2013/distorted_images/i10_01_4.bmp,/data/projectwork/swati_mam/new model data/tid2013/tid2013/reference_images/I10.BMP,type_01,4,4.53846,0.11942,01,i10_01_4.bmp,train
TID2013,I10,/data/projectwork/swati_mam/new model data/tid2013/tid2013/distorted_images/i10_01_5.bmp,/data/projectwork/swati_mam/new model data/tid2013/tid2013/reference_images/I10.BMP,type_01,5,3.81579,0.1168299999999999,01,i10_01_5.bmp,train
TID2013,I10,/data/projectwork/swati_mam/new model data/tid2013/tid2013/distorted_images/i10_02_1.bmp,/data/projectwork/swati_mam/new model data/tid2013/tid2013/reference_images/I10.BMP,type_02,1,6.05405,0.14777,02,i10_02_1.bmp,train
TID2013,I10,/data/projectwork/swati_mam/new model data/tid2013/tid2013/distorted_images/i10_02_2.bmp,/data/projectwork/swati_mam/new model data/tid2013/tid2013/reference_images/I10.BMP,type_02,2,5.83784,0.16884,02,i10_02_2.bmp,train
TID2013,I10,/data/projectwork/swati_mam/new model data/tid2013/tid2013/distorted_images/i10_02_3.bmp,/data/projectwork/swati_mam/new model data/tid2013/tid2013/reference_images/I10.BMP,type_02,3,5.76923,0.15997,02,i10_02_3.bmp,train
TID2013,I10,/data/projectwork/swati_mam/new model data/tid2013/tid2013/distorted_images/i10_02_4.bmp,/data/projectwork/swati_mam/new model data/tid2013/tid2013/reference_images/I10.BMP,type_02,4,5.52632,0.13282,02,i10_02_4.bmp,train
TID2013,I10,/data/projectwork/swati_mam/new model data/tid2013/tid2013/distorted_images/i10_02_5.bmp,/data/projectwork/swati_mam/new model data/tid2013/tid2013/reference_images/I10.BMP,type_02,5,4.72973,0.13045,02,i10_02_5.bmp,train
TID2013,I10,/data/projectwork/swati_mam/new model data/tid2013/tid2013/distorted_images/i10_03_1.bmp,/data/projectwork/swati_mam/new model data/tid2013/tid2013/reference_images/I10.BMP,type_03,1,5.05405,0.10774,03,i10_03_1.bmp,train
TID2013,I10,/data/projectwork/swati_mam/new model data/tid2013/tid2013/distorted_images/i10_03_2.bmp,/data/projectwork/swati_mam/new model data/tid2013/tid2013/reference_images/I10.BMP,type_03,2,4.36111,0.11217,03,i10_03_2.bmp,train
TID2013,I10,/data/projectwork/swati_mam/new model data/tid2013/tid2013/distorted_images/i10_03_3.bmp,/data/projectwork/swati_mam/new model data/tid2013/tid2013/reference_images/I10.BMP,type_03,3,4.02564,0.09236,03,i10_03_3.bmp,train
TID2013,I10,/data/projectwork/swati_mam/new model data/tid2013/tid2013/distorted_images/i10_03_4.bmp,/data/projectwork/swati_mam/new model data/tid2013/tid2013/reference_images/I10.BMP,type_03,4,3.30769,0.0969899999999999,03,i10_03_4.bmp,train
TID2013,I10,/data/projectwork/swati_mam/new model data/tid2013/tid2013/distorted_images/i10_03_5.bmp,/data/projectwork/swati_mam/new model data/tid2013/tid2013/reference_images/I10.BMP,type_03,5,2.92308,0.09854,03,i10_03_5.bmp,train
TID2013,I10,/data/projectwork/swati_mam/new model data/tid2013/tid2013/distorted_images/i10_04_1.bmp,/data/projectwork/swati_mam/new model data/tid2013/tid2013/reference_images/I10.BMP,type_04,1,6.076919999999999,0.14678,04,i10_04_1.bmp,train
TID2013,I10,/data/projectwork/swati_mam/new model data/tid2013/tid2013/distorted_images/i10_04_2.bmp,/data/projectwork/swati_mam/new model data/tid2013/tid2013/reference_images/I10.BMP,type_04,2,5.11111,0.14581,04,i10_04_2.bmp,train
TID2013,I10,/data/projectwork/swati_mam/new model data/tid2013/tid2013/distorted_images/i10_04_3.bmp,/data/projectwork/swati_mam/new model data/tid2013/tid2013/reference_images/I10.BMP,type_04,3,5.15789,0.16019,04,i10_04_3.bmp,train
TID2013,I10,/data/projectwork/swati_mam/new model data/tid2013/tid2013/distorted_images/i10_04_4.bmp,/data/projectwork/swati_mam/new model data/tid2013/tid2013/reference_images/I10.BMP,type_04,4,4.76923,0.15997,04,i10_04_4.bmp,train
TID2013,I10,/data/projectwork/swati_mam/new model data/tid2013/tid2013/distorted_images/i10_04_5.bmp,/data/projectwork/swati_mam/new model data/tid2013/tid2013/reference_images/I10.BMP,type_04,5,4.23077,0.1379,04,i10_04_5.bmp,train
TID2013,I10,/data/projectwork/swati_mam/new model data/tid2013/tid2013/distorted_images/i10_05_1.bmp,/data/projectwork/swati_mam/new model data/tid2013/tid2013/reference_images/I10.BMP,type_05,1,6.05128,0.13543,05,i10_05_1.bmp,train
TID2013,I10,/data/projectwork/swati_mam/new model data/tid2013/tid2013/distorted_images/i10_05_2.bmp,/data/projectwork/swati_mam/new model data/tid2013/tid2013/reference_images/I10.BMP,type_05,2,5.79487,0.19921,05,i10_05_2.bmp,train
TID2013,I10,/data/projectwork/swati_mam/new model data/tid2013/tid2013/distorted_images/i10_05_3.bmp,/data/projectwork/swati_mam/new model data/tid2013/tid2013/reference_images/I10.BMP,type_05,3,5.17949,0.16165,05,i10_05_3.bmp,train
TID2013,I10,/data/projectwork/swati_mam/new model data/tid2013/tid2013/distorted_images/i10_05_4.bmp,/data/projectwork/swati_mam/new model data/tid2013/tid2013/reference_images/I10.BMP,type_05,4,4.3947400000000005,0.12082,05,i10_05_4.bmp,train
TID2013,I10,/data/projectwork/swati_mam/new model data/tid2013/tid2013/distorted_images/i10_05_5.bmp,/data/projectwork/swati_mam/new model data/tid2013/tid2013/reference_images/I10.BMP,type_05,5,3.34211,0.09324,05,i10_05_5.bmp,train
TID2013,I10,/data/projectwork/swati_mam/new model data/tid2013/tid2013/distorted_images/i10_06_1.bmp,/data/projectwork/swati_mam/new model data/tid2013/tid2013/reference_images/I10.BMP,type_06,1,5.15789,0.12635,06,i10_06_1.bmp,train
TID2013,I10,/data/projectwork/swati_mam/new model data/tid2013/tid2013/distorted_images/i10_06_2.bmp,/data/projectwork/swati_mam/new model data/tid2013/tid2013/reference_images/I10.BMP,type_06,2,4.64865,0.13359,06,i10_06_2.bmp,train
TID2013,I10,/data/projectwork/swati_mam/new model data/tid2013/tid2013/distorted_images/i10_06_3.bmp,/data/projectwork/swati_mam/new model data/tid2013/tid2013/reference_images/I10.BMP,type_06,3,4.57895,0.13741,06,i10_06_3.bmp,train
TID2013,I10,/data/projectwork/swati_mam/new model data/tid2013/tid2013/distorted_images/i10_06_4.bmp,/data/projectwork/swati_mam/new model data/tid2013/tid2013/reference_images/I10.BMP,type_06,4,3.84211,0.1021,06,i10_06_4.bmp,train
TID2013,I10,/data/projectwork/swati_mam/new model data/tid2013/tid2013/distorted_images/i10_06_5.bmp,/data/projectwork/swati_mam/new model data/tid2013/tid2013/reference_images/I10.BMP,type_06,5,3.40541,0.11756,06,i10_06_5.bmp,train
TID2013,I10,/data/projectwork/swati_mam/new model data/tid2013/tid2013/distorted_images/i10_07_1.bmp,/data/projectwork/swati_mam/new model data/tid2013/tid2013/reference_images/I10.BMP,type_07,1,5.54054,0.1244099999999999,07,i10_07_1.bmp,train
TID2013,I10,/data/projectwork/swati_mam/new model data/tid2013/tid2013/distorted_images/i10_07_2.bmp,/data/projectwork/swati_mam/new model data/tid2013/tid2013/reference_images/I10.BMP,type_07,2,5.02564,0.08494,07,i10_07_2.bmp,train
TID2013,I10,/data/projectwork/swati_mam/new model data/tid2013/tid2013/distorted_images/i10_07_3.bmp,/data/projectwork/swati_mam/new model data/tid2013/tid2013/reference_images/I10.BMP,type_07,3,4.46154,0.1137799999999999,07,i10_07_3.bmp,train
TID2013,I10,/data/projectwork/swati_mam/new model data/tid2013/tid2013/distorted_images/i10_07_4.bmp,/data/projectwork/swati_mam/new model data/tid2013/tid2013/reference_images/I10.BMP,type_07,4,4.0,0.12892,07,i10_07_4.bmp,train
TID2013,I10,/data/projectwork/swati_mam/new model data/tid2013/tid2013/distorted_images/i10_07_5.bmp,/data/projectwork/swati_mam/new model data/tid2013/tid2013/reference_images/I10.BMP,type_07,5,3.05263,0.09809,07,i10_07_5.bmp,train
TID2013,I10,/data/projectwork/swati_mam/new model data/tid2013/tid2013/distorted_images/i10_08_1.bmp,/data/projectwork/swati_mam/new model data/tid2013/tid2013/reference_images/I10.BMP,type_08,1,5.97368,0.1018299999999999,08,i10_08_1.bmp,train
TID2013,I10,/data/projectwork/swati_mam/new model data/tid2013/tid2013/distorted_images/i10_08_2.bmp,/data/projectwork/swati_mam/new model data/tid2013/tid2013/reference_images/I10.BMP,type_08,2,5.30769,0.1411599999999999,08,i10_08_2.bmp,train
TID2013,I10,/data/projectwork/swati_mam/new model data/tid2013/tid2013/distorted_images/i10_08_3.bmp,/data/projectwork/swati_mam/new model data/tid2013/tid2013/reference_images/I10.BMP,type_08,3,4.35135,0.12217,08,i10_08_3.bmp,train
TID2013,I10,/data/projectwork/swati_mam/new model data/tid2013/tid2013/distorted_images/i10_08_4.bmp,/data/projectwork/swati_mam/new model data/tid2013/tid2013/reference_images/I10.BMP,type_08,4,3.5,0.08924,08,i10_08_4.bmp,train
TID2013,I10,/data/projectwork/swati_mam/new model data/tid2013/tid2013/distorted_images/i10_08_5.bmp,/data/projectwork/swati_mam/new model data/tid2013/tid2013/reference_images/I10.BMP,type_08,5,2.78947,0.11262,08,i10_08_5.bmp,train
TID2013,I10,/data/projectwork/swati_mam/new model data/tid2013/tid2013/distorted_images/i10_09_1.bmp,/data/projectwork/swati_mam/new model data/tid2013/tid2013/reference_images/I10.BMP,type_09,1,5.97436,0.18307,09,i10_09_1.bmp,train
TID2013,I10,/data/projectwork/swati_mam/new model data/tid2013/tid2013/distorted_images/i10_09_2.bmp,/data/projectwork/swati_mam/new model data/tid2013/tid2013/reference_images/I10.BMP,type_09,2,5.69231,0.12642,09,i10_09_2.bmp,train
TID2013,I10,/data/projectwork/swati_mam/new model data/tid2013/tid2013/distorted_images/i10_09_3.bmp,/data/projectwork/swati_mam/new model data/tid2013/tid2013/reference_images/I10.BMP,type_09,3,5.17949,0.16165,09,i10_09_3.bmp,train
TID2013,I10,/data/projectwork/swati_mam/new model data/tid2013/tid2013/distorted_images/i10_09_4.bmp,/data/projectwork/swati_mam/new model data/tid2013/tid2013/reference_images/I10.BMP,type_09,4,3.81579,0.12262,09,i10_09_4.bmp,train
TID2013,I10,/data/projectwork/swati_mam/new model data/tid2013/tid2013/distorted_images/i10_09_5.bmp,/data/projectwork/swati_mam/new model data/tid2013/tid2013/reference_images/I10.BMP,type_09,5,2.28205,0.07206,09,i10_09_5.bmp,train
TID2013,I10,/data/projectwork/swati_mam/new model data/tid2013/tid2013/distorted_images/i10_10_1.bmp,/data/projectwork/swati_mam/new model data/tid2013/tid2013/reference_images/I10.BMP,type_10,1,5.86842,0.17524,10,i10_10_1.bmp,train
TID2013,I10,/data/projectwork/swati_mam/new model data/tid2013/tid2013/distorted_images/i10_10_2.bmp,/data/projectwork/swati_mam/new model data/tid2013/tid2013/reference_images/I10.BMP,type_10,2,5.81579,0.1572599999999999,10,i10_10_2.bmp,train
TID2013,I10,/data/projectwork/swati_mam/new model data/tid2013/tid2013/distorted_images/i10_10_3.bmp,/data/projectwork/swati_mam/new model data/tid2013/tid2013/reference_images/I10.BMP,type_10,3,5.2051300000000005,0.13164,10,i10_10_3.bmp,train
TID2013,I10,/data/projectwork/swati_mam/new model data/tid2013/tid2013/distorted_images/i10_10_4.bmp,/data/projectwork/swati_mam/new model data/tid2013/tid2013/reference_images/I10.BMP,type_10,4,3.64103,0.12814,10,i10_10_4.bmp,train
TID2013,I10,/data/projectwork/swati_mam/new model data/tid2013/tid2013/distorted_images/i10_10_5.bmp,/data/projectwork/swati_mam/new model data/tid2013/tid2013/reference_images/I10.BMP,type_10,5,2.4359,0.10754,10,i10_10_5.bmp,train
TID2013,I10,/data/projectwork/swati_mam/new model data/tid2013/tid2013/distorted_images/I10_11_1.bmp,/data/projectwork/swati_mam/new model data/tid2013/tid2013/reference_images/I10.BMP,type_11,1,5.15385,0.15186,11,I10_11_1.bmp,train
TID2013,I10,/data/projectwork/swati_mam/new model data/tid2013/tid2013/distorted_images/i10_11_2.bmp,/data/projectwork/swati_mam/new model data/tid2013/tid2013/reference_images/I10.BMP,type_11,2,4.46154,0.13493,11,i10_11_2.bmp,train
TID2013,I10,/data/projectwork/swati_mam/new model data/tid2013/tid2013/distorted_images/i10_11_3.bmp,/data/projectwork/swati_mam/new model data/tid2013/tid2013/reference_images/I10.BMP,type_11,3,3.615380000000001,0.11244,11,i10_11_3.bmp,train
TID2013,I10,/data/projectwork/swati_mam/new model data/tid2013/tid2013/distorted_images/i10_11_4.bmp,/data/projectwork/swati_mam/new model data/tid2013/tid2013/reference_images/I10.BMP,type_11,4,2.18421,0.09005,11,i10_11_4.bmp,train
TID2013,I10,/data/projectwork/swati_mam/new model data/tid2013/tid2013/distorted_images/i10_11_5.bmp,/data/projectwork/swati_mam/new model data/tid2013/tid2013/reference_images/I10.BMP,type_11,5,1.23684,0.0944,11,i10_11_5.bmp,train
TID2013,I10,/data/projectwork/swati_mam/new model data/tid2013/tid2013/distorted_images/i10_12_1.bmp,/data/projectwork/swati_mam/new model data/tid2013/tid2013/reference_images/I10.BMP,type_12,1,4.76923,0.15997,12,i10_12_1.bmp,train
TID2013,I10,/data/projectwork/swati_mam/new model data/tid2013/tid2013/distorted_images/i10_12_2.bmp,/data/projectwork/swati_mam/new model data/tid2013/tid2013/reference_images/I10.BMP,type_12,2,5.84211,0.15129,12,i10_12_2.bmp,train
TID2013,I10,/data/projectwork/swati_mam/new model data/tid2013/tid2013/distorted_images/i10_12_3.bmp,/data/projectwork/swati_mam/new model data/tid2013/tid2013/reference_images/I10.BMP,type_12,3,4.923080000000001,0.15119,12,i10_12_3.bmp,train
TID2013,I10,/data/projectwork/swati_mam/new model data/tid2013/tid2013/distorted_images/i10_12_4.bmp,/data/projectwork/swati_mam/new model data/tid2013/tid2013/reference_images/I10.BMP,type_12,4,4.052630000000001,0.13899,12,i10_12_4.bmp,train
TID2013,I10,/data/projectwork/swati_mam/new model data/tid2013/tid2013/distorted_images/i10_12_5.bmp,/data/projectwork/swati_mam/new model data/tid2013/tid2013/reference_images/I10.BMP,type_12,5,2.68421,0.1123,12,i10_12_5.bmp,train
TID2013,I10,/data/projectwork/swati_mam/new model data/tid2013/tid2013/distorted_images/I10_13_1.bmp,/data/projectwork/swati_mam/new model data/tid2013/tid2013/reference_images/I10.BMP,type_13,1,5.78947,0.1496,13,I10_13_1.bmp,train
TID2013,I10,/data/projectwork/swati_mam/new model data/tid2013/tid2013/distorted_images/i10_13_2.bmp,/data/projectwork/swati_mam/new model data/tid2013/tid2013/reference_images/I10.BMP,type_13,2,3.92105,0.1199099999999999,13,i10_13_2.bmp,train
TID2013,I10,/data/projectwork/swati_mam/new model data/tid2013/tid2013/distorted_images/i10_13_3.bmp,/data/projectwork/swati_mam/new model data/tid2013/tid2013/reference_images/I10.BMP,type_13,3,3.42105,0.09584,13,i10_13_3.bmp,train
TID2013,I10,/data/projectwork/swati_mam/new model data/tid2013/tid2013/distorted_images/i10_13_4.bmp,/data/projectwork/swati_mam/new model data/tid2013/tid2013/reference_images/I10.BMP,type_13,4,2.68421,0.13473,13,i10_13_4.bmp,train
TID2013,I10,/data/projectwork/swati_mam/new model data/tid2013/tid2013/distorted_images/i10_13_5.bmp,/data/projectwork/swati_mam/new model data/tid2013/tid2013/reference_images/I10.BMP,type_13,5,2.89744,0.0872899999999999,13,i10_13_5.bmp,train
TID2013,I10,/data/projectwork/swati_mam/new model data/tid2013/tid2013/distorted_images/i10_14_1.bmp,/data/projectwork/swati_mam/new model data/tid2013/tid2013/reference_images/I10.BMP,type_14,1,5.82051,0.14895,14,i10_14_1.bmp,train
TID2013,I10,/data/projectwork/swati_mam/new model data/tid2013/tid2013/distorted_images/i10_14_2.bmp,/data/projectwork/swati_mam/new model data/tid2013/tid2013/reference_images/I10.BMP,type_14,2,6.15385,0.15186,14,i10_14_2.bmp,train
TID2013,I10,/data/projectwork/swati_mam/new model data/tid2013/tid2013/distorted_images/i10_14_3.bmp,/data/projectwork/swati_mam/new model data/tid2013/tid2013/reference_images/I10.BMP,type_14,3,5.552630000000001,0.10976,14,i10_14_3.bmp,train
TID2013,I10,/data/projectwork/swati_mam/new model data/tid2013/tid2013/distorted_images/i10_14_4.bmp,/data/projectwork/swati_mam/new model data/tid2013/tid2013/reference_images/I10.BMP,type_14,4,4.27027,0.14629,14,i10_14_4.bmp,train
TID2013,I10,/data/projectwork/swati_mam/new model data/tid2013/tid2013/distorted_images/i10_14_5.bmp,/data/projectwork/swati_mam/new model data/tid2013/tid2013/reference_images/I10.BMP,type_14,5,3.84211,0.13687,14,i10_14_5.bmp,train
TID2013,I10,/data/projectwork/swati_mam/new model data/tid2013/tid2013/distorted_images/i10_15_1.bmp,/data/projectwork/swati_mam/new model data/tid2013/tid2013/reference_images/I10.BMP,type_15,1,3.07895,0.10774,15,i10_15_1.bmp,train
TID2013,I10,/data/projectwork/swati_mam/new model data/tid2013/tid2013/distorted_images/i10_15_2.bmp,/data/projectwork/swati_mam/new model data/tid2013/tid2013/reference_images/I10.BMP,type_15,2,3.23077,0.1379,15,i10_15_2.bmp,train
TID2013,I10,/data/projectwork/swati_mam/new model data/tid2013/tid2013/distorted_images/i10_15_3.bmp,/data/projectwork/swati_mam/new model data/tid2013/tid2013/reference_images/I10.BMP,type_15,3,3.615380000000001,0.14329,15,i10_15_3.bmp,train
TID2013,I10,/data/projectwork/swati_mam/new model data/tid2013/tid2013/distorted_images/i10_15_4.bmp,/data/projectwork/swati_mam/new model data/tid2013/tid2013/reference_images/I10.BMP,type_15,4,3.3684199999999995,0.14615,15,i10_15_4.bmp,train
TID2013,I10,/data/projectwork/swati_mam/new model data/tid2013/tid2013/distorted_images/i10_15_5.bmp,/data/projectwork/swati_mam/new model data/tid2013/tid2013/reference_images/I10.BMP,type_15,5,4.17949,0.15753,15,i10_15_5.bmp,train
TID2013,I10,/data/projectwork/swati_mam/new model data/tid2013/tid2013/distorted_images/i10_16_1.bmp,/data/projectwork/swati_mam/new model data/tid2013/tid2013/reference_images/I10.BMP,type_16,1,6.12821,0.1819599999999999,16,i10_16_1.bmp,train
TID2013,I10,/data/projectwork/swati_mam/new model data/tid2013/tid2013/distorted_images/i10_16_2.bmp,/data/projectwork/swati_mam/new model data/tid2013/tid2013/reference_images/I10.BMP,type_16,2,6.10256,0.2108,16,i10_16_2.bmp,train
TID2013,I10,/data/projectwork/swati_mam/new model data/tid2013/tid2013/distorted_images/i10_16_3.bmp,/data/projectwork/swati_mam/new model data/tid2013/tid2013/reference_images/I10.BMP,type_16,3,6.02564,0.20984,16,i10_16_3.bmp,train
TID2013,I10,/data/projectwork/swati_mam/new model data/tid2013/tid2013/distorted_images/i10_16_4.bmp,/data/projectwork/swati_mam/new model data/tid2013/tid2013/reference_images/I10.BMP,type_16,4,5.57895,0.1649,16,i10_16_4.bmp,train
TID2013,I10,/data/projectwork/swati_mam/new model data/tid2013/tid2013/distorted_images/i10_16_5.bmp,/data/projectwork/swati_mam/new model data/tid2013/tid2013/reference_images/I10.BMP,type_16,5,5.12821,0.20248,16,i10_16_5.bmp,train
TID2013,I10,/data/projectwork/swati_mam/new model data/tid2013/tid2013/distorted_images/i10_17_1.bmp,/data/projectwork/swati_mam/new model data/tid2013/tid2013/reference_images/I10.BMP,type_17,1,5.71053,0.11714,17,i10_17_1.bmp,train
TID2013,I10,/data/projectwork/swati_mam/new model data/tid2013/tid2013/distorted_images/i10_17_2.bmp,/data/projectwork/swati_mam/new model data/tid2013/tid2013/reference_images/I10.BMP,type_17,2,6.589739999999999,0.2167199999999999,17,i10_17_2.bmp,train
TID2013,I10,/data/projectwork/swati_mam/new model data/tid2013/tid2013/distorted_images/i10_17_3.bmp,/data/projectwork/swati_mam/new model data/tid2013/tid2013/reference_images/I10.BMP,type_17,3,4.56757,0.1180599999999999,17,i10_17_3.bmp,train
TID2013,I10,/data/projectwork/swati_mam/new model data/tid2013/tid2013/distorted_images/i10_17_4.bmp,/data/projectwork/swati_mam/new model data/tid2013/tid2013/reference_images/I10.BMP,type_17,4,6.5641,0.21996,17,i10_17_4.bmp,train
TID2013,I10,/data/projectwork/swati_mam/new model data/tid2013/tid2013/distorted_images/i10_17_5.bmp,/data/projectwork/swati_mam/new model data/tid2013/tid2013/reference_images/I10.BMP,type_17,5,3.69231,0.19241,17,i10_17_5.bmp,train
TID2013,I10,/data/projectwork/swati_mam/new model data/tid2013/tid2013/distorted_images/i10_18_1.bmp,/data/projectwork/swati_mam/new model data/tid2013/tid2013/reference_images/I10.BMP,type_18,1,4.51282,0.14447,18,i10_18_1.bmp,train
TID2013,I10,/data/projectwork/swati_mam/new model data/tid2013/tid2013/distorted_images/i10_18_2.bmp,/data/projectwork/swati_mam/new model data/tid2013/tid2013/reference_images/I10.BMP,type_18,2,4.076919999999999,0.15119,18,i10_18_2.bmp,train
TID2013,I10,/data/projectwork/swati_mam/new model data/tid2013/tid2013/distorted_images/i10_18_3.bmp,/data/projectwork/swati_mam/new model data/tid2013/tid2013/reference_images/I10.BMP,type_18,3,3.82051,0.1301,18,i10_18_3.bmp,train
TID2013,I10,/data/projectwork/swati_mam/new model data/tid2013/tid2013/distorted_images/i10_18_4.bmp,/data/projectwork/swati_mam/new model data/tid2013/tid2013/reference_images/I10.BMP,type_18,4,3.631580000000001,0.1413299999999999,18,i10_18_4.bmp,train
TID2013,I10,/data/projectwork/swati_mam/new model data/tid2013/tid2013/distorted_images/i10_18_5.bmp,/data/projectwork/swati_mam/new model data/tid2013/tid2013/reference_images/I10.BMP,type_18,5,3.31579,0.12402,18,i10_18_5.bmp,train
TID2013,I10,/data/projectwork/swati_mam/new model data/tid2013/tid2013/distorted_images/i10_19_1.bmp,/data/projectwork/swati_mam/new model data/tid2013/tid2013/reference_images/I10.BMP,type_19,1,5.57895,0.14714,19,i10_19_1.bmp,train
TID2013,I10,/data/projectwork/swati_mam/new model data/tid2013/tid2013/distorted_images/i10_19_2.bmp,/data/projectwork/swati_mam/new model data/tid2013/tid2013/reference_images/I10.BMP,type_19,2,5.42105,0.15177,19,i10_19_2.bmp,train
TID2013,I10,/data/projectwork/swati_mam/new model data/tid2013/tid2013/distorted_images/i10_19_3.bmp,/data/projectwork/swati_mam/new model data/tid2013/tid2013/reference_images/I10.BMP,type_19,3,4.675680000000001,0.10847,19,i10_19_3.bmp,train
TID2013,I10,/data/projectwork/swati_mam/new model data/tid2013/tid2013/distorted_images/i10_19_4.bmp,/data/projectwork/swati_mam/new model data/tid2013/tid2013/reference_images/I10.BMP,type_19,4,4.21622,0.09467,19,i10_19_4.bmp,train
TID2013,I10,/data/projectwork/swati_mam/new model data/tid2013/tid2013/distorted_images/i10_19_5.bmp,/data/projectwork/swati_mam/new model data/tid2013/tid2013/reference_images/I10.BMP,type_19,5,3.87179,0.10371,19,i10_19_5.bmp,train
TID2013,I10,/data/projectwork/swati_mam/new model data/tid2013/tid2013/distorted_images/i10_20_1.bmp,/data/projectwork/swati_mam/new model data/tid2013/tid2013/reference_images/I10.BMP,type_20,1,5.84615,0.16029,20,i10_20_1.bmp,train
TID2013,I10,/data/projectwork/swati_mam/new model data/tid2013/tid2013/distorted_images/i10_20_2.bmp,/data/projectwork/swati_mam/new model data/tid2013/tid2013/reference_images/I10.BMP,type_20,2,5.38462,0.1338,20,i10_20_2.bmp,train
TID2013,I10,/data/projectwork/swati_mam/new model data/tid2013/tid2013/distorted_images/i10_20_3.bmp,/data/projectwork/swati_mam/new model data/tid2013/tid2013/reference_images/I10.BMP,type_20,3,4.4359,0.12971,20,i10_20_3.bmp,train
TID2013,I10,/data/projectwork/swati_mam/new model data/tid2013/tid2013/distorted_images/i10_20_4.bmp,/data/projectwork/swati_mam/new model data/tid2013/tid2013/reference_images/I10.BMP,type_20,4,3.57895,0.10934,20,i10_20_4.bmp,train
TID2013,I10,/data/projectwork/swati_mam/new model data/tid2013/tid2013/distorted_images/i10_20_5.bmp,/data/projectwork/swati_mam/new model data/tid2013/tid2013/reference_images/I10.BMP,type_20,5,2.86486,0.1092,20,i10_20_5.bmp,train
TID2013,I10,/data/projectwork/swati_mam/new model data/tid2013/tid2013/distorted_images/i10_21_1.bmp,/data/projectwork/swati_mam/new model data/tid2013/tid2013/reference_images/I10.BMP,type_21,1,5.5,0.14293,21,i10_21_1.bmp,train
TID2013,I10,/data/projectwork/swati_mam/new model data/tid2013/tid2013/distorted_images/i10_21_2.bmp,/data/projectwork/swati_mam/new model data/tid2013/tid2013/reference_images/I10.BMP,type_21,2,5.17949,0.1533,21,i10_21_2.bmp,train
TID2013,I10,/data/projectwork/swati_mam/new model data/tid2013/tid2013/distorted_images/i10_21_3.bmp,/data/projectwork/swati_mam/new model data/tid2013/tid2013/reference_images/I10.BMP,type_21,3,4.25641,0.1241299999999999,21,i10_21_3.bmp,train
TID2013,I10,/data/projectwork/swati_mam/new model data/tid2013/tid2013/distorted_images/i10_21_4.bmp,/data/projectwork/swati_mam/new model data/tid2013/tid2013/reference_images/I10.BMP,type_21,4,3.76923,0.12276,21,i10_21_4.bmp,train
TID2013,I10,/data/projectwork/swati_mam/new model data/tid2013/tid2013/distorted_images/i10_21_5.bmp,/data/projectwork/swati_mam/new model data/tid2013/tid2013/reference_images/I10.BMP,type_21,5,2.51282,0.10801,21,i10_21_5.bmp,train
TID2013,I10,/data/projectwork/swati_mam/new model data/tid2013/tid2013/distorted_images/i10_22_1.bmp,/data/projectwork/swati_mam/new model data/tid2013/tid2013/reference_images/I10.BMP,type_22,1,5.97368,0.16429,22,i10_22_1.bmp,train
TID2013,I10,/data/projectwork/swati_mam/new model data/tid2013/tid2013/distorted_images/i10_22_2.bmp,/data/projectwork/swati_mam/new model data/tid2013/tid2013/reference_images/I10.BMP,type_22,2,4.87179,0.15461,22,i10_22_2.bmp,train
TID2013,I10,/data/projectwork/swati_mam/new model data/tid2013/tid2013/distorted_images/i10_22_3.bmp,/data/projectwork/swati_mam/new model data/tid2013/tid2013/reference_images/I10.BMP,type_22,3,4.48649,0.1185599999999999,22,i10_22_3.bmp,train
TID2013,I10,/data/projectwork/swati_mam/new model data/tid2013/tid2013/distorted_images/i10_22_4.bmp,/data/projectwork/swati_mam/new model data/tid2013/tid2013/reference_images/I10.BMP,type_22,4,4.02778,0.1074799999999999,22,i10_22_4.bmp,train
TID2013,I10,/data/projectwork/swati_mam/new model data/tid2013/tid2013/distorted_images/i10_22_5.bmp,/data/projectwork/swati_mam/new model data/tid2013/tid2013/reference_images/I10.BMP,type_22,5,3.25641,0.12932,22,i10_22_5.bmp,train
TID2013,I10,/data/projectwork/swati_mam/new model data/tid2013/tid2013/distorted_images/i10_23_1.bmp,/data/projectwork/swati_mam/new model data/tid2013/tid2013/reference_images/I10.BMP,type_23,1,6.15385,0.13826,23,i10_23_1.bmp,train
TID2013,I10,/data/projectwork/swati_mam/new model data/tid2013/tid2013/distorted_images/i10_23_2.bmp,/data/projectwork/swati_mam/new model data/tid2013/tid2013/reference_images/I10.BMP,type_23,2,5.94872,0.16196,23,i10_23_2.bmp,train
TID2013,I10,/data/projectwork/swati_mam/new model data/tid2013/tid2013/distorted_images/i10_23_3.bmp,/data/projectwork/swati_mam/new model data/tid2013/tid2013/reference_images/I10.BMP,type_23,3,4.552630000000001,0.12728,23,i10_23_3.bmp,train
TID2013,I10,/data/projectwork/swati_mam/new model data/tid2013/tid2013/distorted_images/i10_23_4.bmp,/data/projectwork/swati_mam/new model data/tid2013/tid2013/reference_images/I10.BMP,type_23,4,2.60526,0.09517,23,i10_23_4.bmp,train
TID2013,I10,/data/projectwork/swati_mam/new model data/tid2013/tid2013/distorted_images/i10_23_5.bmp,/data/projectwork/swati_mam/new model data/tid2013/tid2013/reference_images/I10.BMP,type_23,5,1.44737,0.08066,23,i10_23_5.bmp,train
TID2013,I10,/data/projectwork/swati_mam/new model data/tid2013/tid2013/distorted_images/i10_24_1.bmp,/data/projectwork/swati_mam/new model data/tid2013/tid2013/reference_images/I10.BMP,type_24,1,5.46154,0.14435,24,i10_24_1.bmp,train
TID2013,I10,/data/projectwork/swati_mam/new model data/tid2013/tid2013/distorted_images/i10_24_2.bmp,/data/projectwork/swati_mam/new model data/tid2013/tid2013/reference_images/I10.BMP,type_24,2,4.78947,0.135,24,i10_24_2.bmp,train
TID2013,I10,/data/projectwork/swati_mam/new model data/tid2013/tid2013/distorted_images/i10_24_3.bmp,/data/projectwork/swati_mam/new model data/tid2013/tid2013/reference_images/I10.BMP,type_24,3,3.51282,0.13984,24,i10_24_3.bmp,train
TID2013,I10,/data/projectwork/swati_mam/new model data/tid2013/tid2013/distorted_images/i10_24_4.bmp,/data/projectwork/swati_mam/new model data/tid2013/tid2013/reference_images/I10.BMP,type_24,4,1.86486,0.1022899999999999,24,i10_24_4.bmp,train
TID2013,I10,/data/projectwork/swati_mam/new model data/tid2013/tid2013/distorted_images/i10_24_5.bmp,/data/projectwork/swati_mam/new model data/tid2013/tid2013/reference_images/I10.BMP,type_24,5,0.3684199999999999,0.10138,24,i10_24_5.bmp,train
TID2013,I11,/data/projectwork/swati_mam/new model data/tid2013/tid2013/distorted_images/I11_01_1.bmp,/data/projectwork/swati_mam/new model data/tid2013/tid2013/reference_images/I11.BMP,type_01,1,5.54054,0.18566,01,I11_01_1.bmp,train
TID2013,I11,/data/projectwork/swati_mam/new model data/tid2013/tid2013/distorted_images/i11_01_2.bmp,/data/projectwork/swati_mam/new model data/tid2013/tid2013/reference_images/I11.BMP,type_01,2,5.16216,0.12969,01,i11_01_2.bmp,train
TID2013,I11,/data/projectwork/swati_mam/new model data/tid2013/tid2013/distorted_images/i11_01_3.bmp,/data/projectwork/swati_mam/new model data/tid2013/tid2013/reference_images/I11.BMP,type_01,3,5.35135,0.19193,01,i11_01_3.bmp,train
TID2013,I11,/data/projectwork/swati_mam/new model data/tid2013/tid2013/distorted_images/i11_01_4.bmp,/data/projectwork/swati_mam/new model data/tid2013/tid2013/reference_images/I11.BMP,type_01,4,4.28571,0.13138,01,i11_01_4.bmp,train
TID2013,I11,/data/projectwork/swati_mam/new model data/tid2013/tid2013/distorted_images/i11_01_5.bmp,/data/projectwork/swati_mam/new model data/tid2013/tid2013/reference_images/I11.BMP,type_01,5,3.86111,0.11217,01,i11_01_5.bmp,train
TID2013,I11,/data/projectwork/swati_mam/new model data/tid2013/tid2013/distorted_images/i11_02_1.bmp,/data/projectwork/swati_mam/new model data/tid2013/tid2013/reference_images/I11.BMP,type_02,1,5.55556,0.1493,02,i11_02_1.bmp,train
TID2013,I11,/data/projectwork/swati_mam/new model data/tid2013/tid2013/distorted_images/i11_02_2.bmp,/data/projectwork/swati_mam/new model data/tid2013/tid2013/reference_images/I11.BMP,type_02,2,5.88571,0.1444,02,i11_02_2.bmp,train
TID2013,I11,/data/projectwork/swati_mam/new model data/tid2013/tid2013/distorted_images/i11_02_3.bmp,/data/projectwork/swati_mam/new model data/tid2013/tid2013/reference_images/I11.BMP,type_02,3,5.44444,0.14404,02,i11_02_3.bmp,train
TID2013,I11,/data/projectwork/swati_mam/new model data/tid2013/tid2013/distorted_images/i11_02_4.bmp,/data/projectwork/swati_mam/new model data/tid2013/tid2013/reference_images/I11.BMP,type_02,4,5.19444,0.1166599999999999,02,i11_02_4.bmp,train
TID2013,I11,/data/projectwork/swati_mam/new model data/tid2013/tid2013/distorted_images/i11_02_5.bmp,/data/projectwork/swati_mam/new model data/tid2013/tid2013/reference_images/I11.BMP,type_02,5,4.75,0.13249,02,i11_02_5.bmp,train
TID2013,I11,/data/projectwork/swati_mam/new model data/tid2013/tid2013/distorted_images/i11_03_1.bmp,/data/projectwork/swati_mam/new model data/tid2013/tid2013/reference_images/I11.BMP,type_03,1,5.0,0.10811,03,i11_03_1.bmp,train
TID2013,I11,/data/projectwork/swati_mam/new model data/tid2013/tid2013/distorted_images/i11_03_2.bmp,/data/projectwork/swati_mam/new model data/tid2013/tid2013/reference_images/I11.BMP,type_03,2,4.43243,0.1180599999999999,03,i11_03_2.bmp,train
TID2013,I11,/data/projectwork/swati_mam/new model data/tid2013/tid2013/distorted_images/i11_03_3.bmp,/data/projectwork/swati_mam/new model data/tid2013/tid2013/reference_images/I11.BMP,type_03,3,3.82857,0.0855799999999999,03,i11_03_3.bmp,train
TID2013,I11,/data/projectwork/swati_mam/new model data/tid2013/tid2013/distorted_images/i11_03_4.bmp,/data/projectwork/swati_mam/new model data/tid2013/tid2013/reference_images/I11.BMP,type_03,4,3.27027,0.09856,03,i11_03_4.bmp,train
TID2013,I11,/data/projectwork/swati_mam/new model data/tid2013/tid2013/distorted_images/i11_03_5.bmp,/data/projectwork/swati_mam/new model data/tid2013/tid2013/reference_images/I11.BMP,type_03,5,2.91667,0.09108,03,i11_03_5.bmp,train
TID2013,I11,/data/projectwork/swati_mam/new model data/tid2013/tid2013/distorted_images/i11_04_1.bmp,/data/projectwork/swati_mam/new model data/tid2013/tid2013/reference_images/I11.BMP,type_04,1,5.4705900000000005,0.11936,04,i11_04_1.bmp,train
TID2013,I11,/data/projectwork/swati_mam/new model data/tid2013/tid2013/distorted_images/i11_04_2.bmp,/data/projectwork/swati_mam/new model data/tid2013/tid2013/reference_images/I11.BMP,type_04,2,5.62162,0.19621,04,i11_04_2.bmp,train
TID2013,I11,/data/projectwork/swati_mam/new model data/tid2013/tid2013/distorted_images/i11_04_3.bmp,/data/projectwork/swati_mam/new model data/tid2013/tid2013/reference_images/I11.BMP,type_04,3,5.28571,0.14326,04,i11_04_3.bmp,train
TID2013,I11,/data/projectwork/swati_mam/new model data/tid2013/tid2013/distorted_images/i11_04_4.bmp,/data/projectwork/swati_mam/new model data/tid2013/tid2013/reference_images/I11.BMP,type_04,4,5.19444,0.1231,04,i11_04_4.bmp,train
TID2013,I11,/data/projectwork/swati_mam/new model data/tid2013/tid2013/distorted_images/i11_04_5.bmp,/data/projectwork/swati_mam/new model data/tid2013/tid2013/reference_images/I11.BMP,type_04,5,4.675680000000001,0.16684,04,i11_04_5.bmp,train
TID2013,I11,/data/projectwork/swati_mam/new model data/tid2013/tid2013/distorted_images/i11_05_1.bmp,/data/projectwork/swati_mam/new model data/tid2013/tid2013/reference_images/I11.BMP,type_05,1,6.02703,0.16434,05,i11_05_1.bmp,train
TID2013,I11,/data/projectwork/swati_mam/new model data/tid2013/tid2013/distorted_images/i11_05_2.bmp,/data/projectwork/swati_mam/new model data/tid2013/tid2013/reference_images/I11.BMP,type_05,2,5.80556,0.17489,05,i11_05_2.bmp,train
TID2013,I11,/data/projectwork/swati_mam/new model data/tid2013/tid2013/distorted_images/i11_05_3.bmp,/data/projectwork/swati_mam/new model data/tid2013/tid2013/reference_images/I11.BMP,type_05,3,5.2973,0.17459,05,i11_05_3.bmp,train
TID2013,I11,/data/projectwork/swati_mam/new model data/tid2013/tid2013/distorted_images/i11_05_4.bmp,/data/projectwork/swati_mam/new model data/tid2013/tid2013/reference_images/I11.BMP,type_05,4,4.19444,0.14065,05,i11_05_4.bmp,train
TID2013,I11,/data/projectwork/swati_mam/new model data/tid2013/tid2013/distorted_images/i11_05_5.bmp,/data/projectwork/swati_mam/new model data/tid2013/tid2013/reference_images/I11.BMP,type_05,5,3.05556,0.10352,05,i11_05_5.bmp,train
TID2013,I11,/data/projectwork/swati_mam/new model data/tid2013/tid2013/distorted_images/i11_06_1.bmp,/data/projectwork/swati_mam/new model data/tid2013/tid2013/reference_images/I11.BMP,type_06,1,4.69444,0.1231,06,i11_06_1.bmp,train
TID2013,I11,/data/projectwork/swati_mam/new model data/tid2013/tid2013/distorted_images/i11_06_2.bmp,/data/projectwork/swati_mam/new model data/tid2013/tid2013/reference_images/I11.BMP,type_06,2,4.38889,0.1196599999999999,06,i11_06_2.bmp,train
TID2013,I11,/data/projectwork/swati_mam/new model data/tid2013/tid2013/distorted_images/i11_06_3.bmp,/data/projectwork/swati_mam/new model data/tid2013/tid2013/reference_images/I11.BMP,type_06,3,3.97297,0.12954,06,i11_06_3.bmp,train
TID2013,I11,/data/projectwork/swati_mam/new model data/tid2013/tid2013/distorted_images/i11_06_4.bmp,/data/projectwork/swati_mam/new model data/tid2013/tid2013/reference_images/I11.BMP,type_06,4,3.54054,0.13015,06,i11_06_4.bmp,train
TID2013,I11,/data/projectwork/swati_mam/new model data/tid2013/tid2013/distorted_images/i11_06_5.bmp,/data/projectwork/swati_mam/new model data/tid2013/tid2013/reference_images/I11.BMP,type_06,5,3.02857,0.11055,06,i11_06_5.bmp,train
TID2013,I11,/data/projectwork/swati_mam/new model data/tid2013/tid2013/distorted_images/i11_07_1.bmp,/data/projectwork/swati_mam/new model data/tid2013/tid2013/reference_images/I11.BMP,type_07,1,5.56757,0.15545,07,i11_07_1.bmp,train
TID2013,I11,/data/projectwork/swati_mam/new model data/tid2013/tid2013/distorted_images/i11_07_2.bmp,/data/projectwork/swati_mam/new model data/tid2013/tid2013/reference_images/I11.BMP,type_07,2,4.8,0.11986,07,i11_07_2.bmp,train
TID2013,I11,/data/projectwork/swati_mam/new model data/tid2013/tid2013/distorted_images/i11_07_3.bmp,/data/projectwork/swati_mam/new model data/tid2013/tid2013/reference_images/I11.BMP,type_07,3,4.52778,0.1074799999999999,07,i11_07_3.bmp,train
TID2013,I11,/data/projectwork/swati_mam/new model data/tid2013/tid2013/distorted_images/i11_07_4.bmp,/data/projectwork/swati_mam/new model data/tid2013/tid2013/reference_images/I11.BMP,type_07,4,3.94118,0.09246,07,i11_07_4.bmp,train
TID2013,I11,/data/projectwork/swati_mam/new model data/tid2013/tid2013/distorted_images/i11_07_5.bmp,/data/projectwork/swati_mam/new model data/tid2013/tid2013/reference_images/I11.BMP,type_07,5,2.75676,0.0967399999999999,07,i11_07_5.bmp,train
TID2013,I11,/data/projectwork/swati_mam/new model data/tid2013/tid2013/distorted_images/i11_08_1.bmp,/data/projectwork/swati_mam/new model data/tid2013/tid2013/reference_images/I11.BMP,type_08,1,4.94286,0.10647,08,i11_08_1.bmp,train
TID2013,I11,/data/projectwork/swati_mam/new model data/tid2013/tid2013/distorted_images/i11_08_2.bmp,/data/projectwork/swati_mam/new model data/tid2013/tid2013/reference_images/I11.BMP,type_08,2,4.57143,0.13574,08,i11_08_2.bmp,train
TID2013,I11,/data/projectwork/swati_mam/new model data/tid2013/tid2013/distorted_images/i11_08_3.bmp,/data/projectwork/swati_mam/new model data/tid2013/tid2013/reference_images/I11.BMP,type_08,3,3.75676,0.11722,08,i11_08_3.bmp,train
TID2013,I11,/data/projectwork/swati_mam/new model data/tid2013/tid2013/distorted_images/i11_08_4.bmp,/data/projectwork/swati_mam/new model data/tid2013/tid2013/reference_images/I11.BMP,type_08,4,2.85714,0.10799,08,i11_08_4.bmp,train
TID2013,I11,/data/projectwork/swati_mam/new model data/tid2013/tid2013/distorted_images/i11_08_5.bmp,/data/projectwork/swati_mam/new model data/tid2013/tid2013/reference_images/I11.BMP,type_08,5,2.33333,0.10393,08,i11_08_5.bmp,train
TID2013,I11,/data/projectwork/swati_mam/new model data/tid2013/tid2013/distorted_images/i11_09_1.bmp,/data/projectwork/swati_mam/new model data/tid2013/tid2013/reference_images/I11.BMP,type_09,1,5.81081,0.17024,09,i11_09_1.bmp,train
TID2013,I11,/data/projectwork/swati_mam/new model data/tid2013/tid2013/distorted_images/i11_09_2.bmp,/data/projectwork/swati_mam/new model data/tid2013/tid2013/reference_images/I11.BMP,type_09,2,5.86486,0.17994,09,i11_09_2.bmp,train
TID2013,I11,/data/projectwork/swati_mam/new model data/tid2013/tid2013/distorted_images/i11_09_3.bmp,/data/projectwork/swati_mam/new model data/tid2013/tid2013/reference_images/I11.BMP,type_09,3,4.66667,0.13608,09,i11_09_3.bmp,train
TID2013,I11,/data/projectwork/swati_mam/new model data/tid2013/tid2013/distorted_images/i11_09_4.bmp,/data/projectwork/swati_mam/new model data/tid2013/tid2013/reference_images/I11.BMP,type_09,4,3.33333,0.07857,09,i11_09_4.bmp,train
TID2013,I11,/data/projectwork/swati_mam/new model data/tid2013/tid2013/distorted_images/i11_09_5.bmp,/data/projectwork/swati_mam/new model data/tid2013/tid2013/reference_images/I11.BMP,type_09,5,1.97222,0.07335,09,i11_09_5.bmp,train
TID2013,I11,/data/projectwork/swati_mam/new model data/tid2013/tid2013/distorted_images/i11_10_1.bmp,/data/projectwork/swati_mam/new model data/tid2013/tid2013/reference_images/I11.BMP,type_10,1,5.81081,0.15211,10,i11_10_1.bmp,train
TID2013,I11,/data/projectwork/swati_mam/new model data/tid2013/tid2013/distorted_images/i11_10_2.bmp,/data/projectwork/swati_mam/new model data/tid2013/tid2013/reference_images/I11.BMP,type_10,2,5.64865,0.13359,10,i11_10_2.bmp,train
TID2013,I11,/data/projectwork/swati_mam/new model data/tid2013/tid2013/distorted_images/i11_10_3.bmp,/data/projectwork/swati_mam/new model data/tid2013/tid2013/reference_images/I11.BMP,type_10,3,5.02778,0.14426,10,i11_10_3.bmp,train
TID2013,I11,/data/projectwork/swati_mam/new model data/tid2013/tid2013/distorted_images/i11_10_4.bmp,/data/projectwork/swati_mam/new model data/tid2013/tid2013/reference_images/I11.BMP,type_10,4,3.4864900000000003,0.1303,10,i11_10_4.bmp,train
TID2013,I11,/data/projectwork/swati_mam/new model data/tid2013/tid2013/distorted_images/i11_10_5.bmp,/data/projectwork/swati_mam/new model data/tid2013/tid2013/reference_images/I11.BMP,type_10,5,2.27027,0.11873,10,i11_10_5.bmp,train
TID2013,I11,/data/projectwork/swati_mam/new model data/tid2013/tid2013/distorted_images/I11_11_1.bmp,/data/projectwork/swati_mam/new model data/tid2013/tid2013/reference_images/I11.BMP,type_11,1,5.86111,0.18067,11,I11_11_1.bmp,train
TID2013,I11,/data/projectwork/swati_mam/new model data/tid2013/tid2013/distorted_images/i11_11_2.bmp,/data/projectwork/swati_mam/new model data/tid2013/tid2013/reference_images/I11.BMP,type_11,2,5.42857,0.14728,11,i11_11_2.bmp,train
TID2013,I11,/data/projectwork/swati_mam/new model data/tid2013/tid2013/distorted_images/i11_11_3.bmp,/data/projectwork/swati_mam/new model data/tid2013/tid2013/reference_images/I11.BMP,type_11,3,4.47222,0.13314,11,i11_11_3.bmp,train
TID2013,I11,/data/projectwork/swati_mam/new model data/tid2013/tid2013/distorted_images/i11_11_4.bmp,/data/projectwork/swati_mam/new model data/tid2013/tid2013/reference_images/I11.BMP,type_11,4,2.9142900000000003,0.10199,11,i11_11_4.bmp,train
TID2013,I11,/data/projectwork/swati_mam/new model data/tid2013/tid2013/distorted_images/i11_11_5.bmp,/data/projectwork/swati_mam/new model data/tid2013/tid2013/reference_images/I11.BMP,type_11,5,0.97222,0.09201,11,i11_11_5.bmp,train
TID2013,I11,/data/projectwork/swati_mam/new model data/tid2013/tid2013/distorted_images/i11_12_1.bmp,/data/projectwork/swati_mam/new model data/tid2013/tid2013/reference_images/I11.BMP,type_12,1,5.61111,0.14844,12,i11_12_1.bmp,train
TID2013,I11,/data/projectwork/swati_mam/new model data/tid2013/tid2013/distorted_images/i11_12_2.bmp,/data/projectwork/swati_mam/new model data/tid2013/tid2013/reference_images/I11.BMP,type_12,2,5.97222,0.19038,12,i11_12_2.bmp,train
TID2013,I11,/data/projectwork/swati_mam/new model data/tid2013/tid2013/distorted_images/i11_12_3.bmp,/data/projectwork/swati_mam/new model data/tid2013/tid2013/reference_images/I11.BMP,type_12,3,4.62162,0.18861,12,i11_12_3.bmp,train
TID2013,I11,/data/projectwork/swati_mam/new model data/tid2013/tid2013/distorted_images/i11_12_4.bmp,/data/projectwork/swati_mam/new model data/tid2013/tid2013/reference_images/I11.BMP,type_12,4,3.77778,0.1185799999999999,12,i11_12_4.bmp,train
TID2013,I11,/data/projectwork/swati_mam/new model data/tid2013/tid2013/distorted_images/i11_12_5.bmp,/data/projectwork/swati_mam/new model data/tid2013/tid2013/reference_images/I11.BMP,type_12,5,2.02778,0.10005,12,i11_12_5.bmp,train
TID2013,I11,/data/projectwork/swati_mam/new model data/tid2013/tid2013/distorted_images/I11_13_1.bmp,/data/projectwork/swati_mam/new model data/tid2013/tid2013/reference_images/I11.BMP,type_13,1,4.08333,0.12028,13,I11_13_1.bmp,train
TID2013,I11,/data/projectwork/swati_mam/new model data/tid2013/tid2013/distorted_images/i11_13_2.bmp,/data/projectwork/swati_mam/new model data/tid2013/tid2013/reference_images/I11.BMP,type_13,2,4.54054,0.1244099999999999,13,i11_13_2.bmp,train
TID2013,I11,/data/projectwork/swati_mam/new model data/tid2013/tid2013/distorted_images/i11_13_3.bmp,/data/projectwork/swati_mam/new model data/tid2013/tid2013/reference_images/I11.BMP,type_13,3,3.25,0.10668,13,i11_13_3.bmp,train
TID2013,I11,/data/projectwork/swati_mam/new model data/tid2013/tid2013/distorted_images/i11_13_4.bmp,/data/projectwork/swati_mam/new model data/tid2013/tid2013/reference_images/I11.BMP,type_13,4,2.75,0.09919,13,i11_13_4.bmp,train
TID2013,I11,/data/projectwork/swati_mam/new model data/tid2013/tid2013/distorted_images/i11_13_5.bmp,/data/projectwork/swati_mam/new model data/tid2013/tid2013/reference_images/I11.BMP,type_13,5,2.27778,0.10101,13,i11_13_5.bmp,train
TID2013,I11,/data/projectwork/swati_mam/new model data/tid2013/tid2013/distorted_images/i11_14_1.bmp,/data/projectwork/swati_mam/new model data/tid2013/tid2013/reference_images/I11.BMP,type_14,1,5.83333,0.13322,14,i11_14_1.bmp,train
TID2013,I11,/data/projectwork/swati_mam/new model data/tid2013/tid2013/distorted_images/i11_14_2.bmp,/data/projectwork/swati_mam/new model data/tid2013/tid2013/reference_images/I11.BMP,type_14,2,5.45714,0.14196,14,i11_14_2.bmp,train
TID2013,I11,/data/projectwork/swati_mam/new model data/tid2013/tid2013/distorted_images/i11_14_3.bmp,/data/projectwork/swati_mam/new model data/tid2013/tid2013/reference_images/I11.BMP,type_14,3,5.2973,0.13166,14,i11_14_3.bmp,train
TID2013,I11,/data/projectwork/swati_mam/new model data/tid2013/tid2013/distorted_images/i11_14_4.bmp,/data/projectwork/swati_mam/new model data/tid2013/tid2013/reference_images/I11.BMP,type_14,4,5.16667,0.14959,14,i11_14_4.bmp,train
TID2013,I11,/data/projectwork/swati_mam/new model data/tid2013/tid2013/distorted_images/i11_14_5.bmp,/data/projectwork/swati_mam/new model data/tid2013/tid2013/reference_images/I11.BMP,type_14,5,4.38889,0.14314,14,i11_14_5.bmp,train
TID2013,I11,/data/projectwork/swati_mam/new model data/tid2013/tid2013/distorted_images/i11_15_1.bmp,/data/projectwork/swati_mam/new model data/tid2013/tid2013/reference_images/I11.BMP,type_15,1,3.18919,0.11363,15,i11_15_1.bmp,train
TID2013,I11,/data/projectwork/swati_mam/new model data/tid2013/tid2013/distorted_images/i11_15_2.bmp,/data/projectwork/swati_mam/new model data/tid2013/tid2013/reference_images/I11.BMP,type_15,2,3.38889,0.15849,15,i11_15_2.bmp,train
TID2013,I11,/data/projectwork/swati_mam/new model data/tid2013/tid2013/distorted_images/i11_15_3.bmp,/data/projectwork/swati_mam/new model data/tid2013/tid2013/reference_images/I11.BMP,type_15,3,3.5,0.13889,15,i11_15_3.bmp,train
TID2013,I11,/data/projectwork/swati_mam/new model data/tid2013/tid2013/distorted_images/i11_15_4.bmp,/data/projectwork/swati_mam/new model data/tid2013/tid2013/reference_images/I11.BMP,type_15,4,3.67568,0.1381,15,i11_15_4.bmp,train
TID2013,I11,/data/projectwork/swati_mam/new model data/tid2013/tid2013/distorted_images/i11_15_5.bmp,/data/projectwork/swati_mam/new model data/tid2013/tid2013/reference_images/I11.BMP,type_15,5,3.5,0.15957,15,i11_15_5.bmp,train
TID2013,I11,/data/projectwork/swati_mam/new model data/tid2013/tid2013/distorted_images/i11_16_1.bmp,/data/projectwork/swati_mam/new model data/tid2013/tid2013/reference_images/I11.BMP,type_16,1,6.10811,0.15659,16,i11_16_1.bmp,train
TID2013,I11,/data/projectwork/swati_mam/new model data/tid2013/tid2013/distorted_images/i11_16_2.bmp,/data/projectwork/swati_mam/new model data/tid2013/tid2013/reference_images/I11.BMP,type_16,2,5.91892,0.21749,16,i11_16_2.bmp,train
TID2013,I11,/data/projectwork/swati_mam/new model data/tid2013/tid2013/distorted_images/i11_16_3.bmp,/data/projectwork/swati_mam/new model data/tid2013/tid2013/reference_images/I11.BMP,type_16,3,5.69444,0.15625,16,i11_16_3.bmp,train
TID2013,I11,/data/projectwork/swati_mam/new model data/tid2013/tid2013/distorted_images/i11_16_4.bmp,/data/projectwork/swati_mam/new model data/tid2013/tid2013/reference_images/I11.BMP,type_16,4,4.94595,0.15263,16,i11_16_4.bmp,train
TID2013,I11,/data/projectwork/swati_mam/new model data/tid2013/tid2013/distorted_images/i11_16_5.bmp,/data/projectwork/swati_mam/new model data/tid2013/tid2013/reference_images/I11.BMP,type_16,5,4.56757,0.14575,16,i11_16_5.bmp,train
TID2013,I11,/data/projectwork/swati_mam/new model data/tid2013/tid2013/distorted_images/i11_17_1.bmp,/data/projectwork/swati_mam/new model data/tid2013/tid2013/reference_images/I11.BMP,type_17,1,5.59459,0.18903,17,i11_17_1.bmp,train
TID2013,I11,/data/projectwork/swati_mam/new model data/tid2013/tid2013/distorted_images/i11_17_2.bmp,/data/projectwork/swati_mam/new model data/tid2013/tid2013/reference_images/I11.BMP,type_17,2,6.75,0.13819,17,i11_17_2.bmp,train
TID2013,I11,/data/projectwork/swati_mam/new model data/tid2013/tid2013/distorted_images/i11_17_3.bmp,/data/projectwork/swati_mam/new model data/tid2013/tid2013/reference_images/I11.BMP,type_17,3,4.34286,0.13964,17,i11_17_3.bmp,train
TID2013,I11,/data/projectwork/swati_mam/new model data/tid2013/tid2013/distorted_images/i11_17_4.bmp,/data/projectwork/swati_mam/new model data/tid2013/tid2013/reference_images/I11.BMP,type_17,4,6.837839999999999,0.23096,17,i11_17_4.bmp,train
TID2013,I11,/data/projectwork/swati_mam/new model data/tid2013/tid2013/distorted_images/i11_17_5.bmp,/data/projectwork/swati_mam/new model data/tid2013/tid2013/reference_images/I11.BMP,type_17,5,3.21622,0.1487,17,i11_17_5.bmp,train
TID2013,I11,/data/projectwork/swati_mam/new model data/tid2013/tid2013/distorted_images/i11_18_1.bmp,/data/projectwork/swati_mam/new model data/tid2013/tid2013/reference_images/I11.BMP,type_18,1,4.55556,0.1329,18,i11_18_1.bmp,train
TID2013,I11,/data/projectwork/swati_mam/new model data/tid2013/tid2013/distorted_images/i11_18_2.bmp,/data/projectwork/swati_mam/new model data/tid2013/tid2013/reference_images/I11.BMP,type_18,2,4.27027,0.14629,18,i11_18_2.bmp,train
TID2013,I11,/data/projectwork/swati_mam/new model data/tid2013/tid2013/distorted_images/i11_18_3.bmp,/data/projectwork/swati_mam/new model data/tid2013/tid2013/reference_images/I11.BMP,type_18,3,3.58333,0.13249,18,i11_18_3.bmp,train
TID2013,I11,/data/projectwork/swati_mam/new model data/tid2013/tid2013/distorted_images/i11_18_4.bmp,/data/projectwork/swati_mam/new model data/tid2013/tid2013/reference_images/I11.BMP,type_18,4,3.44118,0.11904,18,i11_18_4.bmp,train
TID2013,I11,/data/projectwork/swati_mam/new model data/tid2013/tid2013/distorted_images/i11_18_5.bmp,/data/projectwork/swati_mam/new model data/tid2013/tid2013/reference_images/I11.BMP,type_18,5,3.51351,0.11223,18,i11_18_5.bmp,train
TID2013,I11,/data/projectwork/swati_mam/new model data/tid2013/tid2013/distorted_images/i11_19_1.bmp,/data/projectwork/swati_mam/new model data/tid2013/tid2013/reference_images/I11.BMP,type_19,1,5.64865,0.1718599999999999,19,i11_19_1.bmp,train
TID2013,I11,/data/projectwork/swati_mam/new model data/tid2013/tid2013/distorted_images/i11_19_2.bmp,/data/projectwork/swati_mam/new model data/tid2013/tid2013/reference_images/I11.BMP,type_19,2,5.11111,0.17023,19,i11_19_2.bmp,train
TID2013,I11,/data/projectwork/swati_mam/new model data/tid2013/tid2013/distorted_images/i11_19_3.bmp,/data/projectwork/swati_mam/new model data/tid2013/tid2013/reference_images/I11.BMP,type_19,3,4.64865,0.1280099999999999,19,i11_19_3.bmp,train
TID2013,I11,/data/projectwork/swati_mam/new model data/tid2013/tid2013/distorted_images/i11_19_4.bmp,/data/projectwork/swati_mam/new model data/tid2013/tid2013/reference_images/I11.BMP,type_19,4,3.97143,0.1029,19,i11_19_4.bmp,train
TID2013,I11,/data/projectwork/swati_mam/new model data/tid2013/tid2013/distorted_images/i11_19_5.bmp,/data/projectwork/swati_mam/new model data/tid2013/tid2013/reference_images/I11.BMP,type_19,5,3.62162,0.07973,19,i11_19_5.bmp,train
TID2013,I11,/data/projectwork/swati_mam/new model data/tid2013/tid2013/distorted_images/i11_20_1.bmp,/data/projectwork/swati_mam/new model data/tid2013/tid2013/reference_images/I11.BMP,type_20,1,6.028569999999999,0.13694,20,i11_20_1.bmp,train
TID2013,I11,/data/projectwork/swati_mam/new model data/tid2013/tid2013/distorted_images/i11_20_2.bmp,/data/projectwork/swati_mam/new model data/tid2013/tid2013/reference_images/I11.BMP,type_20,2,5.59459,0.13492,20,i11_20_2.bmp,train
TID2013,I11,/data/projectwork/swati_mam/new model data/tid2013/tid2013/distorted_images/i11_20_3.bmp,/data/projectwork/swati_mam/new model data/tid2013/tid2013/reference_images/I11.BMP,type_20,3,5.35135,0.15859,20,i11_20_3.bmp,train
TID2013,I11,/data/projectwork/swati_mam/new model data/tid2013/tid2013/distorted_images/i11_20_4.bmp,/data/projectwork/swati_mam/new model data/tid2013/tid2013/reference_images/I11.BMP,type_20,4,4.88889,0.14042,20,i11_20_4.bmp,train
TID2013,I11,/data/projectwork/swati_mam/new model data/tid2013/tid2013/distorted_images/i11_20_5.bmp,/data/projectwork/swati_mam/new model data/tid2013/tid2013/reference_images/I11.BMP,type_20,5,3.63889,0.11217,20,i11_20_5.bmp,train
TID2013,I11,/data/projectwork/swati_mam/new model data/tid2013/tid2013/distorted_images/i11_21_1.bmp,/data/projectwork/swati_mam/new model data/tid2013/tid2013/reference_images/I11.BMP,type_21,1,5.7027,0.15224,21,i11_21_1.bmp,train
TID2013,I11,/data/projectwork/swati_mam/new model data/tid2013/tid2013/distorted_images/i11_21_2.bmp,/data/projectwork/swati_mam/new model data/tid2013/tid2013/reference_images/I11.BMP,type_21,2,5.41667,0.14894,21,i11_21_2.bmp,train
TID2013,I11,/data/projectwork/swati_mam/new model data/tid2013/tid2013/distorted_images/i11_21_3.bmp,/data/projectwork/swati_mam/new model data/tid2013/tid2013/reference_images/I11.BMP,type_21,3,4.40541,0.14534,21,i11_21_3.bmp,train
TID2013,I11,/data/projectwork/swati_mam/new model data/tid2013/tid2013/distorted_images/i11_21_4.bmp,/data/projectwork/swati_mam/new model data/tid2013/tid2013/reference_images/I11.BMP,type_21,4,3.86111,0.13119,21,i11_21_4.bmp,train
TID2013,I11,/data/projectwork/swati_mam/new model data/tid2013/tid2013/distorted_images/i11_21_5.bmp,/data/projectwork/swati_mam/new model data/tid2013/tid2013/reference_images/I11.BMP,type_21,5,2.64865,0.1095599999999999,21,i11_21_5.bmp,train
TID2013,I11,/data/projectwork/swati_mam/new model data/tid2013/tid2013/distorted_images/i11_22_1.bmp,/data/projectwork/swati_mam/new model data/tid2013/tid2013/reference_images/I11.BMP,type_22,1,5.56757,0.1180599999999999,22,i11_22_1.bmp,train
TID2013,I11,/data/projectwork/swati_mam/new model data/tid2013/tid2013/distorted_images/i11_22_2.bmp,/data/projectwork/swati_mam/new model data/tid2013/tid2013/reference_images/I11.BMP,type_22,2,5.40541,0.15971,22,i11_22_2.bmp,train
TID2013,I11,/data/projectwork/swati_mam/new model data/tid2013/tid2013/distorted_images/i11_22_3.bmp,/data/projectwork/swati_mam/new model data/tid2013/tid2013/reference_images/I11.BMP,type_22,3,4.89189,0.16119,22,i11_22_3.bmp,train
TID2013,I11,/data/projectwork/swati_mam/new model data/tid2013/tid2013/distorted_images/i11_22_4.bmp,/data/projectwork/swati_mam/new model data/tid2013/tid2013/reference_images/I11.BMP,type_22,4,3.64865,0.15859,22,i11_22_4.bmp,train
TID2013,I11,/data/projectwork/swati_mam/new model data/tid2013/tid2013/distorted_images/i11_22_5.bmp,/data/projectwork/swati_mam/new model data/tid2013/tid2013/reference_images/I11.BMP,type_22,5,2.52778,0.12721,22,i11_22_5.bmp,train
TID2013,I11,/data/projectwork/swati_mam/new model data/tid2013/tid2013/distorted_images/i11_23_1.bmp,/data/projectwork/swati_mam/new model data/tid2013/tid2013/reference_images/I11.BMP,type_23,1,5.86486,0.17163,23,i11_23_1.bmp,train
TID2013,I11,/data/projectwork/swati_mam/new model data/tid2013/tid2013/distorted_images/i11_23_2.bmp,/data/projectwork/swati_mam/new model data/tid2013/tid2013/reference_images/I11.BMP,type_23,2,5.83784,0.1731099999999999,23,i11_23_2.bmp,train
TID2013,I11,/data/projectwork/swati_mam/new model data/tid2013/tid2013/distorted_images/i11_23_3.bmp,/data/projectwork/swati_mam/new model data/tid2013/tid2013/reference_images/I11.BMP,type_23,3,5.94595,0.15734,23,i11_23_3.bmp,train
TID2013,I11,/data/projectwork/swati_mam/new model data/tid2013/tid2013/distorted_images/i11_23_4.bmp,/data/projectwork/swati_mam/new model data/tid2013/tid2013/reference_images/I11.BMP,type_23,4,5.27027,0.1973099999999999,23,i11_23_4.bmp,train
TID2013,I11,/data/projectwork/swati_mam/new model data/tid2013/tid2013/distorted_images/i11_23_5.bmp,/data/projectwork/swati_mam/new model data/tid2013/tid2013/reference_images/I11.BMP,type_23,5,2.75676,0.08886,23,i11_23_5.bmp,train
TID2013,I11,/data/projectwork/swati_mam/new model data/tid2013/tid2013/distorted_images/i11_24_1.bmp,/data/projectwork/swati_mam/new model data/tid2013/tid2013/reference_images/I11.BMP,type_24,1,5.91892,0.22082,24,i11_24_1.bmp,train
TID2013,I11,/data/projectwork/swati_mam/new model data/tid2013/tid2013/distorted_images/i11_24_2.bmp,/data/projectwork/swati_mam/new model data/tid2013/tid2013/reference_images/I11.BMP,type_24,2,5.47222,0.14426,24,i11_24_2.bmp,train
TID2013,I11,/data/projectwork/swati_mam/new model data/tid2013/tid2013/distorted_images/i11_24_3.bmp,/data/projectwork/swati_mam/new model data/tid2013/tid2013/reference_images/I11.BMP,type_24,3,4.62857,0.1345299999999999,24,i11_24_3.bmp,train
TID2013,I11,/data/projectwork/swati_mam/new model data/tid2013/tid2013/distorted_images/i11_24_4.bmp,/data/projectwork/swati_mam/new model data/tid2013/tid2013/reference_images/I11.BMP,type_24,4,2.88571,0.11264,24,i11_24_4.bmp,train
TID2013,I11,/data/projectwork/swati_mam/new model data/tid2013/tid2013/distorted_images/i11_24_5.bmp,/data/projectwork/swati_mam/new model data/tid2013/tid2013/reference_images/I11.BMP,type_24,5,0.58333,0.11369,24,i11_24_5.bmp,train
TID2013,I12,/data/projectwork/swati_mam/new model data/tid2013/tid2013/distorted_images/I12_01_1.bmp,/data/projectwork/swati_mam/new model data/tid2013/tid2013/reference_images/I12.BMP,type_01,1,5.94595,0.12054,01,I12_01_1.bmp,train
TID2013,I12,/data/projectwork/swati_mam/new model data/tid2013/tid2013/distorted_images/i12_01_2.bmp,/data/projectwork/swati_mam/new model data/tid2013/tid2013/reference_images/I12.BMP,type_01,2,4.97222,0.1074799999999999,01,i12_01_2.bmp,train
TID2013,I12,/data/projectwork/swati_mam/new model data/tid2013/tid2013/distorted_images/i12_01_3.bmp,/data/projectwork/swati_mam/new model data/tid2013/tid2013/reference_images/I12.BMP,type_01,3,4.78947,0.09235,01,i12_01_3.bmp,train
TID2013,I12,/data/projectwork/swati_mam/new model data/tid2013/tid2013/distorted_images/i12_01_4.bmp,/data/projectwork/swati_mam/new model data/tid2013/tid2013/reference_images/I12.BMP,type_01,4,4.13889,0.08917,01,i12_01_4.bmp,train
TID2013,I12,/data/projectwork/swati_mam/new model data/tid2013/tid2013/distorted_images/i12_01_5.bmp,/data/projectwork/swati_mam/new model data/tid2013/tid2013/reference_images/I12.BMP,type_01,5,3.76316,0.10808,01,i12_01_5.bmp,train
TID2013,I12,/data/projectwork/swati_mam/new model data/tid2013/tid2013/distorted_images/i12_02_1.bmp,/data/projectwork/swati_mam/new model data/tid2013/tid2013/reference_images/I12.BMP,type_02,1,6.08108,0.13448,02,i12_02_1.bmp,train
TID2013,I12,/data/projectwork/swati_mam/new model data/tid2013/tid2013/distorted_images/i12_02_2.bmp,/data/projectwork/swati_mam/new model data/tid2013/tid2013/reference_images/I12.BMP,type_02,2,5.97297,0.14037,02,i12_02_2.bmp,train
TID2013,I12,/data/projectwork/swati_mam/new model data/tid2013/tid2013/distorted_images/i12_02_3.bmp,/data/projectwork/swati_mam/new model data/tid2013/tid2013/reference_images/I12.BMP,type_02,3,5.52632,0.14287,02,i12_02_3.bmp,train
TID2013,I12,/data/projectwork/swati_mam/new model data/tid2013/tid2013/distorted_images/i12_02_4.bmp,/data/projectwork/swati_mam/new model data/tid2013/tid2013/reference_images/I12.BMP,type_02,4,5.052630000000001,0.14388,02,i12_02_4.bmp,train
TID2013,I12,/data/projectwork/swati_mam/new model data/tid2013/tid2013/distorted_images/i12_02_5.bmp,/data/projectwork/swati_mam/new model data/tid2013/tid2013/reference_images/I12.BMP,type_02,5,4.54054,0.10533,02,i12_02_5.bmp,train
TID2013,I12,/data/projectwork/swati_mam/new model data/tid2013/tid2013/distorted_images/i12_03_1.bmp,/data/projectwork/swati_mam/new model data/tid2013/tid2013/reference_images/I12.BMP,type_03,1,4.56757,0.1180599999999999,03,i12_03_1.bmp,train
TID2013,I12,/data/projectwork/swati_mam/new model data/tid2013/tid2013/distorted_images/i12_03_2.bmp,/data/projectwork/swati_mam/new model data/tid2013/tid2013/reference_images/I12.BMP,type_03,2,4.16216,0.11789,03,i12_03_2.bmp,train
TID2013,I12,/data/projectwork/swati_mam/new model data/tid2013/tid2013/distorted_images/i12_03_3.bmp,/data/projectwork/swati_mam/new model data/tid2013/tid2013/reference_images/I12.BMP,type_03,3,3.75676,0.0967399999999999,03,i12_03_3.bmp,train
TID2013,I12,/data/projectwork/swati_mam/new model data/tid2013/tid2013/distorted_images/i12_03_4.bmp,/data/projectwork/swati_mam/new model data/tid2013/tid2013/reference_images/I12.BMP,type_03,4,3.10526,0.11644,03,i12_03_4.bmp,train
TID2013,I12,/data/projectwork/swati_mam/new model data/tid2013/tid2013/distorted_images/i12_03_5.bmp,/data/projectwork/swati_mam/new model data/tid2013/tid2013/reference_images/I12.BMP,type_03,5,2.71053,0.11108,03,i12_03_5.bmp,train
TID2013,I12,/data/projectwork/swati_mam/new model data/tid2013/tid2013/distorted_images/i12_04_1.bmp,/data/projectwork/swati_mam/new model data/tid2013/tid2013/reference_images/I12.BMP,type_04,1,5.91892,0.17673,04,i12_04_1.bmp,train
TID2013,I12,/data/projectwork/swati_mam/new model data/tid2013/tid2013/distorted_images/i12_04_2.bmp,/data/projectwork/swati_mam/new model data/tid2013/tid2013/reference_images/I12.BMP,type_04,2,5.52632,0.1275,04,i12_04_2.bmp,train
TID2013,I12,/data/projectwork/swati_mam/new model data/tid2013/tid2013/distorted_images/i12_04_3.bmp,/data/projectwork/swati_mam/new model data/tid2013/tid2013/reference_images/I12.BMP,type_04,3,5.21053,0.16709,04,i12_04_3.bmp,train
TID2013,I12,/data/projectwork/swati_mam/new model data/tid2013/tid2013/distorted_images/i12_04_4.bmp,/data/projectwork/swati_mam/new model data/tid2013/tid2013/reference_images/I12.BMP,type_04,4,4.7027,0.14232,04,i12_04_4.bmp,train
TID2013,I12,/data/projectwork/swati_mam/new model data/tid2013/tid2013/distorted_images/i12_04_5.bmp,/data/projectwork/swati_mam/new model data/tid2013/tid2013/reference_images/I12.BMP,type_04,5,3.78378,0.10902,04,i12_04_5.bmp,train
TID2013,I12,/data/projectwork/swati_mam/new model data/tid2013/tid2013/distorted_images/i12_05_1.bmp,/data/projectwork/swati_mam/new model data/tid2013/tid2013/reference_images/I12.BMP,type_05,1,5.64865,0.1280099999999999,05,i12_05_1.bmp,train
TID2013,I12,/data/projectwork/swati_mam/new model data/tid2013/tid2013/distorted_images/i12_05_2.bmp,/data/projectwork/swati_mam/new model data/tid2013/tid2013/reference_images/I12.BMP,type_05,2,5.81081,0.15211,05,i12_05_2.bmp,train
TID2013,I12,/data/projectwork/swati_mam/new model data/tid2013/tid2013/distorted_images/i12_05_3.bmp,/data/projectwork/swati_mam/new model data/tid2013/tid2013/reference_images/I12.BMP,type_05,3,5.21053,0.135,05,i12_05_3.bmp,train
TID2013,I12,/data/projectwork/swati_mam/new model data/tid2013/tid2013/distorted_images/i12_05_4.bmp,/data/projectwork/swati_mam/new model data/tid2013/tid2013/reference_images/I12.BMP,type_05,4,4.35135,0.11604,05,i12_05_4.bmp,train
TID2013,I12,/data/projectwork/swati_mam/new model data/tid2013/tid2013/distorted_images/i12_05_5.bmp,/data/projectwork/swati_mam/new model data/tid2013/tid2013/reference_images/I12.BMP,type_05,5,3.65789,0.10039,05,i12_05_5.bmp,train
TID2013,I12,/data/projectwork/swati_mam/new model data/tid2013/tid2013/distorted_images/i12_06_1.bmp,/data/projectwork/swati_mam/new model data/tid2013/tid2013/reference_images/I12.BMP,type_06,1,5.08108,0.1231299999999999,06,i12_06_1.bmp,train
TID2013,I12,/data/projectwork/swati_mam/new model data/tid2013/tid2013/distorted_images/i12_06_2.bmp,/data/projectwork/swati_mam/new model data/tid2013/tid2013/reference_images/I12.BMP,type_06,2,4.81579,0.15279,06,i12_06_2.bmp,train
TID2013,I12,/data/projectwork/swati_mam/new model data/tid2013/tid2013/distorted_images/i12_06_3.bmp,/data/projectwork/swati_mam/new model data/tid2013/tid2013/reference_images/I12.BMP,type_06,3,4.45946,0.13015,06,i12_06_3.bmp,train
TID2013,I12,/data/projectwork/swati_mam/new model data/tid2013/tid2013/distorted_images/i12_06_4.bmp,/data/projectwork/swati_mam/new model data/tid2013/tid2013/reference_images/I12.BMP,type_06,4,4.08108,0.12893,06,i12_06_4.bmp,train
TID2013,I12,/data/projectwork/swati_mam/new model data/tid2013/tid2013/distorted_images/i12_06_5.bmp,/data/projectwork/swati_mam/new model data/tid2013/tid2013/reference_images/I12.BMP,type_06,5,3.75,0.09919,06,i12_06_5.bmp,train
TID2013,I12,/data/projectwork/swati_mam/new model data/tid2013/tid2013/distorted_images/i12_07_1.bmp,/data/projectwork/swati_mam/new model data/tid2013/tid2013/reference_images/I12.BMP,type_07,1,4.69444,0.1231,07,i12_07_1.bmp,train
TID2013,I12,/data/projectwork/swati_mam/new model data/tid2013/tid2013/distorted_images/i12_07_2.bmp,/data/projectwork/swati_mam/new model data/tid2013/tid2013/reference_images/I12.BMP,type_07,2,4.3947400000000005,0.12082,07,i12_07_2.bmp,train
TID2013,I12,/data/projectwork/swati_mam/new model data/tid2013/tid2013/distorted_images/i12_07_3.bmp,/data/projectwork/swati_mam/new model data/tid2013/tid2013/reference_images/I12.BMP,type_07,3,4.18421,0.15279,07,i12_07_3.bmp,train
TID2013,I12,/data/projectwork/swati_mam/new model data/tid2013/tid2013/distorted_images/i12_07_4.bmp,/data/projectwork/swati_mam/new model data/tid2013/tid2013/reference_images/I12.BMP,type_07,4,3.18919,0.09235,07,i12_07_4.bmp,train
TID2013,I12,/data/projectwork/swati_mam/new model data/tid2013/tid2013/distorted_images/i12_07_5.bmp,/data/projectwork/swati_mam/new model data/tid2013/tid2013/reference_images/I12.BMP,type_07,5,3.02778,0.1074799999999999,07,i12_07_5.bmp,train
TID2013,I12,/data/projectwork/swati_mam/new model data/tid2013/tid2013/distorted_images/i12_08_1.bmp,/data/projectwork/swati_mam/new model data/tid2013/tid2013/reference_images/I12.BMP,type_08,1,6.18421,0.1616,08,i12_08_1.bmp,train
TID2013,I12,/data/projectwork/swati_mam/new model data/tid2013/tid2013/distorted_images/i12_08_2.bmp,/data/projectwork/swati_mam/new model data/tid2013/tid2013/reference_images/I12.BMP,type_08,2,5.47368,0.14287,08,i12_08_2.bmp,train
TID2013,I12,/data/projectwork/swati_mam/new model data/tid2013/tid2013/distorted_images/i12_08_3.bmp,/data/projectwork/swati_mam/new model data/tid2013/tid2013/reference_images/I12.BMP,type_08,3,4.52632,0.13282,08,i12_08_3.bmp,train
TID2013,I12,/data/projectwork/swati_mam/new model data/tid2013/tid2013/distorted_images/i12_08_4.bmp,/data/projectwork/swati_mam/new model data/tid2013/tid2013/reference_images/I12.BMP,type_08,4,3.60526,0.13179,08,i12_08_4.bmp,train
TID2013,I12,/data/projectwork/swati_mam/new model data/tid2013/tid2013/distorted_images/i12_08_5.bmp,/data/projectwork/swati_mam/new model data/tid2013/tid2013/reference_images/I12.BMP,type_08,5,2.77778,0.09711,08,i12_08_5.bmp,train
TID2013,I12,/data/projectwork/swati_mam/new model data/tid2013/tid2013/distorted_images/i12_09_1.bmp,/data/projectwork/swati_mam/new model data/tid2013/tid2013/reference_images/I12.BMP,type_09,1,6.31579,0.1294799999999999,09,i12_09_1.bmp,train
TID2013,I12,/data/projectwork/swati_mam/new model data/tid2013/tid2013/distorted_images/i12_09_2.bmp,/data/projectwork/swati_mam/new model data/tid2013/tid2013/reference_images/I12.BMP,type_09,2,5.52778,0.13881,09,i12_09_2.bmp,train
TID2013,I12,/data/projectwork/swati_mam/new model data/tid2013/tid2013/distorted_images/i12_09_3.bmp,/data/projectwork/swati_mam/new model data/tid2013/tid2013/reference_images/I12.BMP,type_09,3,4.73684,0.16512,09,i12_09_3.bmp,train
TID2013,I12,/data/projectwork/swati_mam/new model data/tid2013/tid2013/distorted_images/i12_09_4.bmp,/data/projectwork/swati_mam/new model data/tid2013/tid2013/reference_images/I12.BMP,type_09,4,3.43243,0.08145,09,i12_09_4.bmp,train
TID2013,I12,/data/projectwork/swati_mam/new model data/tid2013/tid2013/distorted_images/i12_09_5.bmp,/data/projectwork/swati_mam/new model data/tid2013/tid2013/reference_images/I12.BMP,type_09,5,2.25714,0.0842,09,i12_09_5.bmp,train
TID2013,I12,/data/projectwork/swati_mam/new model data/tid2013/tid2013/distorted_images/i12_10_1.bmp,/data/projectwork/swati_mam/new model data/tid2013/tid2013/reference_images/I12.BMP,type_10,1,6.08108,0.11705,10,i12_10_1.bmp,train
TID2013,I12,/data/projectwork/swati_mam/new model data/tid2013/tid2013/distorted_images/i12_10_2.bmp,/data/projectwork/swati_mam/new model data/tid2013/tid2013/reference_images/I12.BMP,type_10,2,5.8947400000000005,0.1655599999999999,10,i12_10_2.bmp,train
TID2013,I12,/data/projectwork/swati_mam/new model data/tid2013/tid2013/distorted_images/i12_10_3.bmp,/data/projectwork/swati_mam/new model data/tid2013/tid2013/reference_images/I12.BMP,type_10,3,5.10526,0.15697,10,i12_10_3.bmp,train
TID2013,I12,/data/projectwork/swati_mam/new model data/tid2013/tid2013/distorted_images/i12_10_4.bmp,/data/projectwork/swati_mam/new model data/tid2013/tid2013/reference_images/I12.BMP,type_10,4,3.10526,0.09697,10,i12_10_4.bmp,train
TID2013,I12,/data/projectwork/swati_mam/new model data/tid2013/tid2013/distorted_images/i12_10_5.bmp,/data/projectwork/swati_mam/new model data/tid2013/tid2013/reference_images/I12.BMP,type_10,5,2.23684,0.10147,10,i12_10_5.bmp,train
TID2013,I12,/data/projectwork/swati_mam/new model data/tid2013/tid2013/distorted_images/I12_11_1.bmp,/data/projectwork/swati_mam/new model data/tid2013/tid2013/reference_images/I12.BMP,type_11,1,5.40541,0.12939,11,I12_11_1.bmp,train
TID2013,I12,/data/projectwork/swati_mam/new model data/tid2013/tid2013/distorted_images/i12_11_2.bmp,/data/projectwork/swati_mam/new model data/tid2013/tid2013/reference_images/I12.BMP,type_11,2,4.675680000000001,0.14329,11,i12_11_2.bmp,train
TID2013,I12,/data/projectwork/swati_mam/new model data/tid2013/tid2013/distorted_images/i12_11_3.bmp,/data/projectwork/swati_mam/new model data/tid2013/tid2013/reference_images/I12.BMP,type_11,3,2.77778,0.06929,11,i12_11_3.bmp,train
TID2013,I12,/data/projectwork/swati_mam/new model data/tid2013/tid2013/distorted_images/i12_11_4.bmp,/data/projectwork/swati_mam/new model data/tid2013/tid2013/reference_images/I12.BMP,type_11,4,1.94737,0.09076,11,i12_11_4.bmp,train
TID2013,I12,/data/projectwork/swati_mam/new model data/tid2013/tid2013/distorted_images/i12_11_5.bmp,/data/projectwork/swati_mam/new model data/tid2013/tid2013/reference_images/I12.BMP,type_11,5,0.81579,0.1043099999999999,11,i12_11_5.bmp,train
TID2013,I12,/data/projectwork/swati_mam/new model data/tid2013/tid2013/distorted_images/i12_12_1.bmp,/data/projectwork/swati_mam/new model data/tid2013/tid2013/reference_images/I12.BMP,type_12,1,5.5,0.11009,12,i12_12_1.bmp,train
TID2013,I12,/data/projectwork/swati_mam/new model data/tid2013/tid2013/distorted_images/i12_12_2.bmp,/data/projectwork/swati_mam/new model data/tid2013/tid2013/reference_images/I12.BMP,type_12,2,5.052630000000001,0.14388,12,i12_12_2.bmp,train
TID2013,I12,/data/projectwork/swati_mam/new model data/tid2013/tid2013/distorted_images/i12_12_3.bmp,/data/projectwork/swati_mam/new model data/tid2013/tid2013/reference_images/I12.BMP,type_12,3,3.64865,0.0953,12,i12_12_3.bmp,train
TID2013,I12,/data/projectwork/swati_mam/new model data/tid2013/tid2013/distorted_images/i12_12_4.bmp,/data/projectwork/swati_mam/new model data/tid2013/tid2013/reference_images/I12.BMP,type_12,4,3.07895,0.10774,12,i12_12_4.bmp,train
TID2013,I12,/data/projectwork/swati_mam/new model data/tid2013/tid2013/distorted_images/i12_12_5.bmp,/data/projectwork/swati_mam/new model data/tid2013/tid2013/reference_images/I12.BMP,type_12,5,3.08108,0.11705,12,i12_12_5.bmp,train
TID2013,I12,/data/projectwork/swati_mam/new model data/tid2013/tid2013/distorted_images/I12_13_1.bmp,/data/projectwork/swati_mam/new model data/tid2013/tid2013/reference_images/I12.BMP,type_13,1,5.37838,0.12297,13,I12_13_1.bmp,train
TID2013,I12,/data/projectwork/swati_mam/new model data/tid2013/tid2013/distorted_images/i12_13_2.bmp,/data/projectwork/swati_mam/new model data/tid2013/tid2013/reference_images/I12.BMP,type_13,2,4.56757,0.12985,13,i12_13_2.bmp,train
TID2013,I12,/data/projectwork/swati_mam/new model data/tid2013/tid2013/distorted_images/i12_13_3.bmp,/data/projectwork/swati_mam/new model data/tid2013/tid2013/reference_images/I12.BMP,type_13,3,3.23684,0.08676,13,i12_13_3.bmp,train
TID2013,I12,/data/projectwork/swati_mam/new model data/tid2013/tid2013/distorted_images/i12_13_4.bmp,/data/projectwork/swati_mam/new model data/tid2013/tid2013/reference_images/I12.BMP,type_13,4,2.83333,0.10015,13,i12_13_4.bmp,train
TID2013,I12,/data/projectwork/swati_mam/new model data/tid2013/tid2013/distorted_images/i12_13_5.bmp,/data/projectwork/swati_mam/new model data/tid2013/tid2013/reference_images/I12.BMP,type_13,5,4.0,0.12677,13,i12_13_5.bmp,train
TID2013,I12,/data/projectwork/swati_mam/new model data/tid2013/tid2013/distorted_images/i12_14_1.bmp,/data/projectwork/swati_mam/new model data/tid2013/tid2013/reference_images/I12.BMP,type_14,1,5.552630000000001,0.1326099999999999,14,i12_14_1.bmp,train
TID2013,I12,/data/projectwork/swati_mam/new model data/tid2013/tid2013/distorted_images/i12_14_2.bmp,/data/projectwork/swati_mam/new model data/tid2013/tid2013/reference_images/I12.BMP,type_14,2,6.15789,0.2089599999999999,14,i12_14_2.bmp,train
TID2013,I12,/data/projectwork/swati_mam/new model data/tid2013/tid2013/distorted_images/i12_14_3.bmp,/data/projectwork/swati_mam/new model data/tid2013/tid2013/reference_images/I12.BMP,type_14,3,4.54054,0.1244099999999999,14,i12_14_3.bmp,train
TID2013,I12,/data/projectwork/swati_mam/new model data/tid2013/tid2013/distorted_images/i12_14_4.bmp,/data/projectwork/swati_mam/new model data/tid2013/tid2013/reference_images/I12.BMP,type_14,4,4.47368,0.11,14,i12_14_4.bmp,train
TID2013,I12,/data/projectwork/swati_mam/new model data/tid2013/tid2013/distorted_images/i12_14_5.bmp,/data/projectwork/swati_mam/new model data/tid2013/tid2013/reference_images/I12.BMP,type_14,5,3.56757,0.1117,14,i12_14_5.bmp,train
TID2013,I12,/data/projectwork/swati_mam/new model data/tid2013/tid2013/distorted_images/i12_15_1.bmp,/data/projectwork/swati_mam/new model data/tid2013/tid2013/reference_images/I12.BMP,type_15,1,3.5,0.12729,15,i12_15_1.bmp,train
TID2013,I12,/data/projectwork/swati_mam/new model data/tid2013/tid2013/distorted_images/i12_15_2.bmp,/data/projectwork/swati_mam/new model data/tid2013/tid2013/reference_images/I12.BMP,type_15,2,3.5142900000000004,0.13013,15,i12_15_2.bmp,train
TID2013,I12,/data/projectwork/swati_mam/new model data/tid2013/tid2013/distorted_images/i12_15_3.bmp,/data/projectwork/swati_mam/new model data/tid2013/tid2013/reference_images/I12.BMP,type_15,3,3.65789,0.1356,15,i12_15_3.bmp,train
TID2013,I12,/data/projectwork/swati_mam/new model data/tid2013/tid2013/distorted_images/i12_15_4.bmp,/data/projectwork/swati_mam/new model data/tid2013/tid2013/reference_images/I12.BMP,type_15,4,4.07895,0.15063,15,i12_15_4.bmp,train
TID2013,I12,/data/projectwork/swati_mam/new model data/tid2013/tid2013/distorted_images/i12_15_5.bmp,/data/projectwork/swati_mam/new model data/tid2013/tid2013/reference_images/I12.BMP,type_15,5,4.54286,0.12995,15,i12_15_5.bmp,train
TID2013,I12,/data/projectwork/swati_mam/new model data/tid2013/tid2013/distorted_images/i12_16_1.bmp,/data/projectwork/swati_mam/new model data/tid2013/tid2013/reference_images/I12.BMP,type_16,1,6.52632,0.1774599999999999,16,i12_16_1.bmp,train
TID2013,I12,/data/projectwork/swati_mam/new model data/tid2013/tid2013/distorted_images/i12_16_2.bmp,/data/projectwork/swati_mam/new model data/tid2013/tid2013/reference_images/I12.BMP,type_16,2,6.2973,0.15697,16,i12_16_2.bmp,train
TID2013,I12,/data/projectwork/swati_mam/new model data/tid2013/tid2013/distorted_images/i12_16_3.bmp,/data/projectwork/swati_mam/new model data/tid2013/tid2013/reference_images/I12.BMP,type_16,3,6.052630000000001,0.17033,16,i12_16_3.bmp,train
TID2013,I12,/data/projectwork/swati_mam/new model data/tid2013/tid2013/distorted_images/i12_16_4.bmp,/data/projectwork/swati_mam/new model data/tid2013/tid2013/reference_images/I12.BMP,type_16,4,6.11111,0.16091,16,i12_16_4.bmp,train
TID2013,I12,/data/projectwork/swati_mam/new model data/tid2013/tid2013/distorted_images/i12_16_5.bmp,/data/projectwork/swati_mam/new model data/tid2013/tid2013/reference_images/I12.BMP,type_16,5,5.675680000000001,0.18746,16,i12_16_5.bmp,train
TID2013,I12,/data/projectwork/swati_mam/new model data/tid2013/tid2013/distorted_images/i12_17_1.bmp,/data/projectwork/swati_mam/new model data/tid2013/tid2013/reference_images/I12.BMP,type_17,1,6.26316,0.1849,17,i12_17_1.bmp,train
TID2013,I12,/data/projectwork/swati_mam/new model data/tid2013/tid2013/distorted_images/i12_17_2.bmp,/data/projectwork/swati_mam/new model data/tid2013/tid2013/reference_images/I12.BMP,type_17,2,6.81579,0.17792,17,i12_17_2.bmp,train
TID2013,I12,/data/projectwork/swati_mam/new model data/tid2013/tid2013/distorted_images/i12_17_3.bmp,/data/projectwork/swati_mam/new model data/tid2013/tid2013/reference_images/I12.BMP,type_17,3,4.81081,0.19429,17,i12_17_3.bmp,train
TID2013,I12,/data/projectwork/swati_mam/new model data/tid2013/tid2013/distorted_images/i12_17_4.bmp,/data/projectwork/swati_mam/new model data/tid2013/tid2013/reference_images/I12.BMP,type_17,4,6.26316,0.22846,17,i12_17_4.bmp,train
TID2013,I12,/data/projectwork/swati_mam/new model data/tid2013/tid2013/distorted_images/i12_17_5.bmp,/data/projectwork/swati_mam/new model data/tid2013/tid2013/reference_images/I12.BMP,type_17,5,4.02632,0.16002,17,i12_17_5.bmp,train
TID2013,I12,/data/projectwork/swati_mam/new model data/tid2013/tid2013/distorted_images/i12_18_1.bmp,/data/projectwork/swati_mam/new model data/tid2013/tid2013/reference_images/I12.BMP,type_18,1,5.64865,0.1491,18,i12_18_1.bmp,train
TID2013,I12,/data/projectwork/swati_mam/new model data/tid2013/tid2013/distorted_images/i12_18_2.bmp,/data/projectwork/swati_mam/new model data/tid2013/tid2013/reference_images/I12.BMP,type_18,2,5.35135,0.18417,18,i12_18_2.bmp,train
TID2013,I12,/data/projectwork/swati_mam/new model data/tid2013/tid2013/distorted_images/i12_18_3.bmp,/data/projectwork/swati_mam/new model data/tid2013/tid2013/reference_images/I12.BMP,type_18,3,5.0,0.16222,18,i12_18_3.bmp,train
TID2013,I12,/data/projectwork/swati_mam/new model data/tid2013/tid2013/distorted_images/i12_18_4.bmp,/data/projectwork/swati_mam/new model data/tid2013/tid2013/reference_images/I12.BMP,type_18,4,4.48649,0.14107,18,i12_18_4.bmp,train
TID2013,I12,/data/projectwork/swati_mam/new model data/tid2013/tid2013/distorted_images/i12_18_5.bmp,/data/projectwork/swati_mam/new model data/tid2013/tid2013/reference_images/I12.BMP,type_18,5,4.2973,0.1703599999999999,18,i12_18_5.bmp,train
TID2013,I12,/data/projectwork/swati_mam/new model data/tid2013/tid2013/distorted_images/i12_19_1.bmp,/data/projectwork/swati_mam/new model data/tid2013/tid2013/reference_images/I12.BMP,type_19,1,5.72973,0.12473,19,i12_19_1.bmp,train
TID2013,I12,/data/projectwork/swati_mam/new model data/tid2013/tid2013/distorted_images/i12_19_2.bmp,/data/projectwork/swati_mam/new model data/tid2013/tid2013/reference_images/I12.BMP,type_19,2,5.51351,0.14107,19,i12_19_2.bmp,train
TID2013,I12,/data/projectwork/swati_mam/new model data/tid2013/tid2013/distorted_images/i12_19_3.bmp,/data/projectwork/swati_mam/new model data/tid2013/tid2013/reference_images/I12.BMP,type_19,3,5.2973,0.10719,19,i12_19_3.bmp,train
TID2013,I12,/data/projectwork/swati_mam/new model data/tid2013/tid2013/distorted_images/i12_19_4.bmp,/data/projectwork/swati_mam/new model data/tid2013/tid2013/reference_images/I12.BMP,type_19,4,4.71053,0.1046599999999999,19,i12_19_4.bmp,train
TID2013,I12,/data/projectwork/swati_mam/new model data/tid2013/tid2013/distorted_images/i12_19_5.bmp,/data/projectwork/swati_mam/new model data/tid2013/tid2013/reference_images/I12.BMP,type_19,5,4.02632,0.10842,19,i12_19_5.bmp,train
TID2013,I12,/data/projectwork/swati_mam/new model data/tid2013/tid2013/distorted_images/i12_20_1.bmp,/data/projectwork/swati_mam/new model data/tid2013/tid2013/reference_images/I12.BMP,type_20,1,5.58333,0.13249,20,i12_20_1.bmp,train
TID2013,I12,/data/projectwork/swati_mam/new model data/tid2013/tid2013/distorted_images/i12_20_2.bmp,/data/projectwork/swati_mam/new model data/tid2013/tid2013/reference_images/I12.BMP,type_20,2,5.27778,0.12797,20,i12_20_2.bmp,train
TID2013,I12,/data/projectwork/swati_mam/new model data/tid2013/tid2013/distorted_images/i12_20_3.bmp,/data/projectwork/swati_mam/new model data/tid2013/tid2013/reference_images/I12.BMP,type_20,3,4.43243,0.12985,20,i12_20_3.bmp,train
TID2013,I12,/data/projectwork/swati_mam/new model data/tid2013/tid2013/distorted_images/i12_20_4.bmp,/data/projectwork/swati_mam/new model data/tid2013/tid2013/reference_images/I12.BMP,type_20,4,3.60526,0.10875,20,i12_20_4.bmp,train
TID2013,I12,/data/projectwork/swati_mam/new model data/tid2013/tid2013/distorted_images/i12_20_5.bmp,/data/projectwork/swati_mam/new model data/tid2013/tid2013/reference_images/I12.BMP,type_20,5,2.80556,0.09477,20,i12_20_5.bmp,train
TID2013,I12,/data/projectwork/swati_mam/new model data/tid2013/tid2013/distorted_images/i12_21_1.bmp,/data/projectwork/swati_mam/new model data/tid2013/tid2013/reference_images/I12.BMP,type_21,1,5.15789,0.16445,21,i12_21_1.bmp,train
TID2013,I12,/data/projectwork/swati_mam/new model data/tid2013/tid2013/distorted_images/i12_21_2.bmp,/data/projectwork/swati_mam/new model data/tid2013/tid2013/reference_images/I12.BMP,type_21,2,4.94595,0.14777,21,i12_21_2.bmp,train
TID2013,I12,/data/projectwork/swati_mam/new model data/tid2013/tid2013/distorted_images/i12_21_3.bmp,/data/projectwork/swati_mam/new model data/tid2013/tid2013/reference_images/I12.BMP,type_21,3,4.02632,0.07883,21,i12_21_3.bmp,train
TID2013,I12,/data/projectwork/swati_mam/new model data/tid2013/tid2013/distorted_images/i12_21_4.bmp,/data/projectwork/swati_mam/new model data/tid2013/tid2013/reference_images/I12.BMP,type_21,4,3.02778,0.10005,21,i12_21_4.bmp,train
TID2013,I12,/data/projectwork/swati_mam/new model data/tid2013/tid2013/distorted_images/i12_21_5.bmp,/data/projectwork/swati_mam/new model data/tid2013/tid2013/reference_images/I12.BMP,type_21,5,2.0,0.08322,21,i12_21_5.bmp,train
TID2013,I12,/data/projectwork/swati_mam/new model data/tid2013/tid2013/distorted_images/i12_22_1.bmp,/data/projectwork/swati_mam/new model data/tid2013/tid2013/reference_images/I12.BMP,type_22,1,5.25,0.09919,22,i12_22_1.bmp,train
TID2013,I12,/data/projectwork/swati_mam/new model data/tid2013/tid2013/distorted_images/i12_22_2.bmp,/data/projectwork/swati_mam/new model data/tid2013/tid2013/reference_images/I12.BMP,type_22,2,5.1315800000000005,0.10638,22,i12_22_2.bmp,train
TID2013,I12,/data/projectwork/swati_mam/new model data/tid2013/tid2013/distorted_images/i12_22_3.bmp,/data/projectwork/swati_mam/new model data/tid2013/tid2013/reference_images/I12.BMP,type_22,3,4.56757,0.1117,22,i12_22_3.bmp,train
TID2013,I12,/data/projectwork/swati_mam/new model data/tid2013/tid2013/distorted_images/i12_22_4.bmp,/data/projectwork/swati_mam/new model data/tid2013/tid2013/reference_images/I12.BMP,type_22,4,3.5,0.12202,22,i12_22_4.bmp,train
TID2013,I12,/data/projectwork/swati_mam/new model data/tid2013/tid2013/distorted_images/i12_22_5.bmp,/data/projectwork/swati_mam/new model data/tid2013/tid2013/reference_images/I12.BMP,type_22,5,2.62162,0.1104599999999999,22,i12_22_5.bmp,train
TID2013,I12,/data/projectwork/swati_mam/new model data/tid2013/tid2013/distorted_images/i12_23_1.bmp,/data/projectwork/swati_mam/new model data/tid2013/tid2013/reference_images/I12.BMP,type_23,1,6.05405,0.16637,23,i12_23_1.bmp,train
TID2013,I12,/data/projectwork/swati_mam/new model data/tid2013/tid2013/distorted_images/i12_23_2.bmp,/data/projectwork/swati_mam/new model data/tid2013/tid2013/reference_images/I12.BMP,type_23,2,6.18421,0.16996,23,i12_23_2.bmp,train
TID2013,I12,/data/projectwork/swati_mam/new model data/tid2013/tid2013/distorted_images/i12_23_3.bmp,/data/projectwork/swati_mam/new model data/tid2013/tid2013/reference_images/I12.BMP,type_23,3,4.8947400000000005,0.11033,23,i12_23_3.bmp,train
TID2013,I12,/data/projectwork/swati_mam/new model data/tid2013/tid2013/distorted_images/i12_23_4.bmp,/data/projectwork/swati_mam/new model data/tid2013/tid2013/reference_images/I12.BMP,type_23,4,3.18919,0.08407,23,i12_23_4.bmp,train
TID2013,I12,/data/projectwork/swati_mam/new model data/tid2013/tid2013/distorted_images/i12_23_5.bmp,/data/projectwork/swati_mam/new model data/tid2013/tid2013/reference_images/I12.BMP,type_23,5,2.21053,0.08452,23,i12_23_5.bmp,train
TID2013,I12,/data/projectwork/swati_mam/new model data/tid2013/tid2013/distorted_images/i12_24_1.bmp,/data/projectwork/swati_mam/new model data/tid2013/tid2013/reference_images/I12.BMP,type_24,1,5.86486,0.16289,24,i12_24_1.bmp,train
TID2013,I12,/data/projectwork/swati_mam/new model data/tid2013/tid2013/distorted_images/i12_24_2.bmp,/data/projectwork/swati_mam/new model data/tid2013/tid2013/reference_images/I12.BMP,type_24,2,4.37838,0.12878,24,i12_24_2.bmp,train
TID2013,I12,/data/projectwork/swati_mam/new model data/tid2013/tid2013/distorted_images/i12_24_3.bmp,/data/projectwork/swati_mam/new model data/tid2013/tid2013/reference_images/I12.BMP,type_24,3,3.07895,0.10111,24,i12_24_3.bmp,train
TID2013,I12,/data/projectwork/swati_mam/new model data/tid2013/tid2013/distorted_images/i12_24_4.bmp,/data/projectwork/swati_mam/new model data/tid2013/tid2013/reference_images/I12.BMP,type_24,4,1.97368,0.07883,24,i12_24_4.bmp,train
TID2013,I12,/data/projectwork/swati_mam/new model data/tid2013/tid2013/distorted_images/i12_24_5.bmp,/data/projectwork/swati_mam/new model data/tid2013/tid2013/reference_images/I12.BMP,type_24,5,0.40541,0.08072,24,i12_24_5.bmp,train
TID2013,I13,/data/projectwork/swati_mam/new model data/tid2013/tid2013/distorted_images/I13_01_1.bmp,/data/projectwork/swati_mam/new model data/tid2013/tid2013/reference_images/I13.BMP,type_01,1,5.53488,0.14467,01,I13_01_1.bmp,train
TID2013,I13,/data/projectwork/swati_mam/new model data/tid2013/tid2013/distorted_images/i13_01_2.bmp,/data/projectwork/swati_mam/new model data/tid2013/tid2013/reference_images/I13.BMP,type_01,2,5.425,0.12692,01,i13_01_2.bmp,train
TID2013,I13,/data/projectwork/swati_mam/new model data/tid2013/tid2013/distorted_images/i13_01_3.bmp,/data/projectwork/swati_mam/new model data/tid2013/tid2013/reference_images/I13.BMP,type_01,3,5.06977,0.14853,01,i13_01_3.bmp,train
TID2013,I13,/data/projectwork/swati_mam/new model data/tid2013/tid2013/distorted_images/i13_01_4.bmp,/data/projectwork/swati_mam/new model data/tid2013/tid2013/reference_images/I13.BMP,type_01,4,4.7907,0.14545,01,i13_01_4.bmp,train
TID2013,I13,/data/projectwork/swati_mam/new model data/tid2013/tid2013/distorted_images/i13_01_5.bmp,/data/projectwork/swati_mam/new model data/tid2013/tid2013/reference_images/I13.BMP,type_01,5,4.02381,0.14081,01,i13_01_5.bmp,train
TID2013,I13,/data/projectwork/swati_mam/new model data/tid2013/tid2013/distorted_images/i13_02_1.bmp,/data/projectwork/swati_mam/new model data/tid2013/tid2013/reference_images/I13.BMP,type_02,1,5.30952,0.11899,02,i13_02_1.bmp,train
TID2013,I13,/data/projectwork/swati_mam/new model data/tid2013/tid2013/distorted_images/i13_02_2.bmp,/data/projectwork/swati_mam/new model data/tid2013/tid2013/reference_images/I13.BMP,type_02,2,5.53659,0.13402,02,i13_02_2.bmp,train
TID2013,I13,/data/projectwork/swati_mam/new model data/tid2013/tid2013/distorted_images/i13_02_3.bmp,/data/projectwork/swati_mam/new model data/tid2013/tid2013/reference_images/I13.BMP,type_02,3,5.62791,0.1612,02,i13_02_3.bmp,train
TID2013,I13,/data/projectwork/swati_mam/new model data/tid2013/tid2013/distorted_images/i13_02_4.bmp,/data/projectwork/swati_mam/new model data/tid2013/tid2013/reference_images/I13.BMP,type_02,4,5.40476,0.16516,02,i13_02_4.bmp,train
TID2013,I13,/data/projectwork/swati_mam/new model data/tid2013/tid2013/distorted_images/i13_02_5.bmp,/data/projectwork/swati_mam/new model data/tid2013/tid2013/reference_images/I13.BMP,type_02,5,4.66667,0.12448,02,i13_02_5.bmp,train
TID2013,I13,/data/projectwork/swati_mam/new model data/tid2013/tid2013/distorted_images/i13_03_1.bmp,/data/projectwork/swati_mam/new model data/tid2013/tid2013/reference_images/I13.BMP,type_03,1,5.14286,0.15272,03,i13_03_1.bmp,train
TID2013,I13,/data/projectwork/swati_mam/new model data/tid2013/tid2013/distorted_images/i13_03_2.bmp,/data/projectwork/swati_mam/new model data/tid2013/tid2013/reference_images/I13.BMP,type_03,2,5.07143,0.13633,03,i13_03_2.bmp,train
TID2013,I13,/data/projectwork/swati_mam/new model data/tid2013/tid2013/distorted_images/i13_03_3.bmp,/data/projectwork/swati_mam/new model data/tid2013/tid2013/reference_images/I13.BMP,type_03,3,4.16667,0.13849,03,i13_03_3.bmp,train
TID2013,I13,/data/projectwork/swati_mam/new model data/tid2013/tid2013/distorted_images/i13_03_4.bmp,/data/projectwork/swati_mam/new model data/tid2013/tid2013/reference_images/I13.BMP,type_03,4,3.66667,0.11984,03,i13_03_4.bmp,train
TID2013,I13,/data/projectwork/swati_mam/new model data/tid2013/tid2013/distorted_images/i13_03_5.bmp,/data/projectwork/swati_mam/new model data/tid2013/tid2013/reference_images/I13.BMP,type_03,5,2.7619,0.1205099999999999,03,i13_03_5.bmp,train
TID2013,I13,/data/projectwork/swati_mam/new model data/tid2013/tid2013/distorted_images/i13_04_1.bmp,/data/projectwork/swati_mam/new model data/tid2013/tid2013/reference_images/I13.BMP,type_04,1,5.73171,0.12917,04,i13_04_1.bmp,train
TID2013,I13,/data/projectwork/swati_mam/new model data/tid2013/tid2013/distorted_images/i13_04_2.bmp,/data/projectwork/swati_mam/new model data/tid2013/tid2013/reference_images/I13.BMP,type_04,2,5.475,0.13223,04,i13_04_2.bmp,train
TID2013,I13,/data/projectwork/swati_mam/new model data/tid2013/tid2013/distorted_images/i13_04_3.bmp,/data/projectwork/swati_mam/new model data/tid2013/tid2013/reference_images/I13.BMP,type_04,3,5.55814,0.1407,04,i13_04_3.bmp,train
TID2013,I13,/data/projectwork/swati_mam/new model data/tid2013/tid2013/distorted_images/i13_04_4.bmp,/data/projectwork/swati_mam/new model data/tid2013/tid2013/reference_images/I13.BMP,type_04,4,5.439019999999999,0.14242,04,i13_04_4.bmp,train
TID2013,I13,/data/projectwork/swati_mam/new model data/tid2013/tid2013/distorted_images/i13_04_5.bmp,/data/projectwork/swati_mam/new model data/tid2013/tid2013/reference_images/I13.BMP,type_04,5,4.92857,0.17942,04,i13_04_5.bmp,train
TID2013,I13,/data/projectwork/swati_mam/new model data/tid2013/tid2013/distorted_images/i13_05_1.bmp,/data/projectwork/swati_mam/new model data/tid2013/tid2013/reference_images/I13.BMP,type_05,1,5.35714,0.12963,05,i13_05_1.bmp,train
TID2013,I13,/data/projectwork/swati_mam/new model data/tid2013/tid2013/distorted_images/i13_05_2.bmp,/data/projectwork/swati_mam/new model data/tid2013/tid2013/reference_images/I13.BMP,type_05,2,5.047619999999999,0.17154,05,i13_05_2.bmp,train
TID2013,I13,/data/projectwork/swati_mam/new model data/tid2013/tid2013/distorted_images/i13_05_3.bmp,/data/projectwork/swati_mam/new model data/tid2013/tid2013/reference_images/I13.BMP,type_05,3,5.51163,0.17518,05,i13_05_3.bmp,train
TID2013,I13,/data/projectwork/swati_mam/new model data/tid2013/tid2013/distorted_images/i13_05_4.bmp,/data/projectwork/swati_mam/new model data/tid2013/tid2013/reference_images/I13.BMP,type_05,4,4.16667,0.12561,05,i13_05_4.bmp,train
TID2013,I13,/data/projectwork/swati_mam/new model data/tid2013/tid2013/distorted_images/i13_05_5.bmp,/data/projectwork/swati_mam/new model data/tid2013/tid2013/reference_images/I13.BMP,type_05,5,3.09524,0.08787,05,i13_05_5.bmp,train
TID2013,I13,/data/projectwork/swati_mam/new model data/tid2013/tid2013/distorted_images/i13_06_1.bmp,/data/projectwork/swati_mam/new model data/tid2013/tid2013/reference_images/I13.BMP,type_06,1,4.55,0.12222,06,i13_06_1.bmp,train
TID2013,I13,/data/projectwork/swati_mam/new model data/tid2013/tid2013/distorted_images/i13_06_2.bmp,/data/projectwork/swati_mam/new model data/tid2013/tid2013/reference_images/I13.BMP,type_06,2,4.255809999999999,0.13597,06,i13_06_2.bmp,train
TID2013,I13,/data/projectwork/swati_mam/new model data/tid2013/tid2013/distorted_images/i13_06_3.bmp,/data/projectwork/swati_mam/new model data/tid2013/tid2013/reference_images/I13.BMP,type_06,3,3.66667,0.09323,06,i13_06_3.bmp,train
TID2013,I13,/data/projectwork/swati_mam/new model data/tid2013/tid2013/distorted_images/i13_06_4.bmp,/data/projectwork/swati_mam/new model data/tid2013/tid2013/reference_images/I13.BMP,type_06,4,3.44186,0.1153599999999999,06,i13_06_4.bmp,train
TID2013,I13,/data/projectwork/swati_mam/new model data/tid2013/tid2013/distorted_images/i13_06_5.bmp,/data/projectwork/swati_mam/new model data/tid2013/tid2013/reference_images/I13.BMP,type_06,5,3.09524,0.1054599999999999,06,i13_06_5.bmp,train
TID2013,I13,/data/projectwork/swati_mam/new model data/tid2013/tid2013/distorted_images/i13_07_1.bmp,/data/projectwork/swati_mam/new model data/tid2013/tid2013/reference_images/I13.BMP,type_07,1,5.725,0.13223,07,i13_07_1.bmp,train
TID2013,I13,/data/projectwork/swati_mam/new model data/tid2013/tid2013/distorted_images/i13_07_2.bmp,/data/projectwork/swati_mam/new model data/tid2013/tid2013/reference_images/I13.BMP,type_07,2,5.317069999999999,0.1355299999999999,07,i13_07_2.bmp,train
TID2013,I13,/data/projectwork/swati_mam/new model data/tid2013/tid2013/distorted_images/i13_07_3.bmp,/data/projectwork/swati_mam/new model data/tid2013/tid2013/reference_images/I13.BMP,type_07,3,4.64286,0.13393,07,i13_07_3.bmp,train
TID2013,I13,/data/projectwork/swati_mam/new model data/tid2013/tid2013/distorted_images/i13_07_4.bmp,/data/projectwork/swati_mam/new model data/tid2013/tid2013/reference_images/I13.BMP,type_07,4,3.4146300000000003,0.10894,07,i13_07_4.bmp,train
TID2013,I13,/data/projectwork/swati_mam/new model data/tid2013/tid2013/distorted_images/i13_07_5.bmp,/data/projectwork/swati_mam/new model data/tid2013/tid2013/reference_images/I13.BMP,type_07,5,2.82927,0.09696,07,i13_07_5.bmp,train
TID2013,I13,/data/projectwork/swati_mam/new model data/tid2013/tid2013/distorted_images/i13_08_1.bmp,/data/projectwork/swati_mam/new model data/tid2013/tid2013/reference_images/I13.BMP,type_08,1,4.80952,0.15148,08,i13_08_1.bmp,train
TID2013,I13,/data/projectwork/swati_mam/new model data/tid2013/tid2013/distorted_images/i13_08_2.bmp,/data/projectwork/swati_mam/new model data/tid2013/tid2013/reference_images/I13.BMP,type_08,2,3.95238,0.13864,08,i13_08_2.bmp,train
TID2013,I13,/data/projectwork/swati_mam/new model data/tid2013/tid2013/distorted_images/i13_08_3.bmp,/data/projectwork/swati_mam/new model data/tid2013/tid2013/reference_images/I13.BMP,type_08,3,3.12195,0.09252,08,i13_08_3.bmp,train
TID2013,I13,/data/projectwork/swati_mam/new model data/tid2013/tid2013/distorted_images/i13_08_4.bmp,/data/projectwork/swati_mam/new model data/tid2013/tid2013/reference_images/I13.BMP,type_08,4,2.5814,0.0999299999999999,08,i13_08_4.bmp,train
TID2013,I13,/data/projectwork/swati_mam/new model data/tid2013/tid2013/distorted_images/i13_08_5.bmp,/data/projectwork/swati_mam/new model data/tid2013/tid2013/reference_images/I13.BMP,type_08,5,1.7381,0.11198,08,i13_08_5.bmp,train
TID2013,I13,/data/projectwork/swati_mam/new model data/tid2013/tid2013/distorted_images/i13_09_1.bmp,/data/projectwork/swati_mam/new model data/tid2013/tid2013/reference_images/I13.BMP,type_09,1,5.073169999999999,0.13532,09,i13_09_1.bmp,train
TID2013,I13,/data/projectwork/swati_mam/new model data/tid2013/tid2013/distorted_images/i13_09_2.bmp,/data/projectwork/swati_mam/new model data/tid2013/tid2013/reference_images/I13.BMP,type_09,2,4.767440000000001,0.16057,09,i13_09_2.bmp,train
TID2013,I13,/data/projectwork/swati_mam/new model data/tid2013/tid2013/distorted_images/i13_09_3.bmp,/data/projectwork/swati_mam/new model data/tid2013/tid2013/reference_images/I13.BMP,type_09,3,3.18605,0.0945,09,i13_09_3.bmp,train
TID2013,I13,/data/projectwork/swati_mam/new model data/tid2013/tid2013/distorted_images/i13_09_4.bmp,/data/projectwork/swati_mam/new model data/tid2013/tid2013/reference_images/I13.BMP,type_09,4,2.16667,0.08856,09,i13_09_4.bmp,train
TID2013,I13,/data/projectwork/swati_mam/new model data/tid2013/tid2013/distorted_images/i13_09_5.bmp,/data/projectwork/swati_mam/new model data/tid2013/tid2013/reference_images/I13.BMP,type_09,5,0.4878,0.0983,09,i13_09_5.bmp,train
TID2013,I13,/data/projectwork/swati_mam/new model data/tid2013/tid2013/distorted_images/i13_10_1.bmp,/data/projectwork/swati_mam/new model data/tid2013/tid2013/reference_images/I13.BMP,type_10,1,5.48837,0.17518,10,i13_10_1.bmp,train
TID2013,I13,/data/projectwork/swati_mam/new model data/tid2013/tid2013/distorted_images/i13_10_2.bmp,/data/projectwork/swati_mam/new model data/tid2013/tid2013/reference_images/I13.BMP,type_10,2,5.46512,0.17511,10,i13_10_2.bmp,train
TID2013,I13,/data/projectwork/swati_mam/new model data/tid2013/tid2013/distorted_images/i13_10_3.bmp,/data/projectwork/swati_mam/new model data/tid2013/tid2013/reference_images/I13.BMP,type_10,3,4.475,0.11719,10,i13_10_3.bmp,train
TID2013,I13,/data/projectwork/swati_mam/new model data/tid2013/tid2013/distorted_images/i13_10_4.bmp,/data/projectwork/swati_mam/new model data/tid2013/tid2013/reference_images/I13.BMP,type_10,4,3.25581,0.13989,10,i13_10_4.bmp,train
TID2013,I13,/data/projectwork/swati_mam/new model data/tid2013/tid2013/distorted_images/i13_10_5.bmp,/data/projectwork/swati_mam/new model data/tid2013/tid2013/reference_images/I13.BMP,type_10,5,1.16279,0.10873,10,i13_10_5.bmp,train
TID2013,I13,/data/projectwork/swati_mam/new model data/tid2013/tid2013/distorted_images/I13_11_1.bmp,/data/projectwork/swati_mam/new model data/tid2013/tid2013/reference_images/I13.BMP,type_11,1,5.32558,0.18813,11,I13_11_1.bmp,train
TID2013,I13,/data/projectwork/swati_mam/new model data/tid2013/tid2013/distorted_images/i13_11_2.bmp,/data/projectwork/swati_mam/new model data/tid2013/tid2013/reference_images/I13.BMP,type_11,2,5.32558,0.15328,11,i13_11_2.bmp,train
TID2013,I13,/data/projectwork/swati_mam/new model data/tid2013/tid2013/distorted_images/i13_11_3.bmp,/data/projectwork/swati_mam/new model data/tid2013/tid2013/reference_images/I13.BMP,type_11,3,4.69048,0.13251,11,i13_11_3.bmp,train
TID2013,I13,/data/projectwork/swati_mam/new model data/tid2013/tid2013/distorted_images/i13_11_4.bmp,/data/projectwork/swati_mam/new model data/tid2013/tid2013/reference_images/I13.BMP,type_11,4,4.34884,0.14665,11,i13_11_4.bmp,train
TID2013,I13,/data/projectwork/swati_mam/new model data/tid2013/tid2013/distorted_images/i13_11_5.bmp,/data/projectwork/swati_mam/new model data/tid2013/tid2013/reference_images/I13.BMP,type_11,5,2.38095,0.11143,11,i13_11_5.bmp,train
TID2013,I13,/data/projectwork/swati_mam/new model data/tid2013/tid2013/distorted_images/i13_12_1.bmp,/data/projectwork/swati_mam/new model data/tid2013/tid2013/reference_images/I13.BMP,type_12,1,5.232559999999999,0.18264,12,i13_12_1.bmp,train
TID2013,I13,/data/projectwork/swati_mam/new model data/tid2013/tid2013/distorted_images/i13_12_2.bmp,/data/projectwork/swati_mam/new model data/tid2013/tid2013/reference_images/I13.BMP,type_12,2,5.44186,0.17803,12,i13_12_2.bmp,train
TID2013,I13,/data/projectwork/swati_mam/new model data/tid2013/tid2013/distorted_images/i13_12_3.bmp,/data/projectwork/swati_mam/new model data/tid2013/tid2013/reference_images/I13.BMP,type_12,3,5.116280000000001,0.16837,12,i13_12_3.bmp,train
TID2013,I13,/data/projectwork/swati_mam/new model data/tid2013/tid2013/distorted_images/i13_12_4.bmp,/data/projectwork/swati_mam/new model data/tid2013/tid2013/reference_images/I13.BMP,type_12,4,5.2619,0.14309,12,i13_12_4.bmp,train
TID2013,I13,/data/projectwork/swati_mam/new model data/tid2013/tid2013/distorted_images/i13_12_5.bmp,/data/projectwork/swati_mam/new model data/tid2013/tid2013/reference_images/I13.BMP,type_12,5,5.047619999999999,0.14267,12,i13_12_5.bmp,train
TID2013,I13,/data/projectwork/swati_mam/new model data/tid2013/tid2013/distorted_images/I13_13_1.bmp,/data/projectwork/swati_mam/new model data/tid2013/tid2013/reference_images/I13.BMP,type_13,1,5.4186,0.13251,13,I13_13_1.bmp,train
TID2013,I13,/data/projectwork/swati_mam/new model data/tid2013/tid2013/distorted_images/i13_13_2.bmp,/data/projectwork/swati_mam/new model data/tid2013/tid2013/reference_images/I13.BMP,type_13,2,4.92857,0.1663,13,i13_13_2.bmp,train
TID2013,I13,/data/projectwork/swati_mam/new model data/tid2013/tid2013/distorted_images/i13_13_3.bmp,/data/projectwork/swati_mam/new model data/tid2013/tid2013/reference_images/I13.BMP,type_13,3,4.7907,0.16949,13,i13_13_3.bmp,train
TID2013,I13,/data/projectwork/swati_mam/new model data/tid2013/tid2013/distorted_images/i13_13_4.bmp,/data/projectwork/swati_mam/new model data/tid2013/tid2013/reference_images/I13.BMP,type_13,4,3.63415,0.11312,13,i13_13_4.bmp,train
TID2013,I13,/data/projectwork/swati_mam/new model data/tid2013/tid2013/distorted_images/i13_13_5.bmp,/data/projectwork/swati_mam/new model data/tid2013/tid2013/reference_images/I13.BMP,type_13,5,2.40476,0.1068,13,i13_13_5.bmp,train
TID2013,I13,/data/projectwork/swati_mam/new model data/tid2013/tid2013/distorted_images/i13_14_1.bmp,/data/projectwork/swati_mam/new model data/tid2013/tid2013/reference_images/I13.BMP,type_14,1,5.64286,0.14215,14,i13_14_1.bmp,train
TID2013,I13,/data/projectwork/swati_mam/new model data/tid2013/tid2013/distorted_images/i13_14_2.bmp,/data/projectwork/swati_mam/new model data/tid2013/tid2013/reference_images/I13.BMP,type_14,2,5.40476,0.16169,14,i13_14_2.bmp,train
TID2013,I13,/data/projectwork/swati_mam/new model data/tid2013/tid2013/distorted_images/i13_14_3.bmp,/data/projectwork/swati_mam/new model data/tid2013/tid2013/reference_images/I13.BMP,type_14,3,5.7381,0.18461,14,i13_14_3.bmp,train
TID2013,I13,/data/projectwork/swati_mam/new model data/tid2013/tid2013/distorted_images/i13_14_4.bmp,/data/projectwork/swati_mam/new model data/tid2013/tid2013/reference_images/I13.BMP,type_14,4,5.02326,0.15596,14,i13_14_4.bmp,train
TID2013,I13,/data/projectwork/swati_mam/new model data/tid2013/tid2013/distorted_images/i13_14_5.bmp,/data/projectwork/swati_mam/new model data/tid2013/tid2013/reference_images/I13.BMP,type_14,5,3.97619,0.14081,14,i13_14_5.bmp,train
TID2013,I13,/data/projectwork/swati_mam/new model data/tid2013/tid2013/distorted_images/i13_15_1.bmp,/data/projectwork/swati_mam/new model data/tid2013/tid2013/reference_images/I13.BMP,type_15,1,2.73171,0.14232,15,i13_15_1.bmp,train
TID2013,I13,/data/projectwork/swati_mam/new model data/tid2013/tid2013/distorted_images/i13_15_2.bmp,/data/projectwork/swati_mam/new model data/tid2013/tid2013/reference_images/I13.BMP,type_15,2,2.87805,0.11014,15,i13_15_2.bmp,train
TID2013,I13,/data/projectwork/swati_mam/new model data/tid2013/tid2013/distorted_images/i13_15_3.bmp,/data/projectwork/swati_mam/new model data/tid2013/tid2013/reference_images/I13.BMP,type_15,3,3.04762,0.12118,15,i13_15_3.bmp,train
TID2013,I13,/data/projectwork/swati_mam/new model data/tid2013/tid2013/distorted_images/i13_15_4.bmp,/data/projectwork/swati_mam/new model data/tid2013/tid2013/reference_images/I13.BMP,type_15,4,3.5714300000000003,0.1619799999999999,15,i13_15_4.bmp,train
TID2013,I13,/data/projectwork/swati_mam/new model data/tid2013/tid2013/distorted_images/i13_15_5.bmp,/data/projectwork/swati_mam/new model data/tid2013/tid2013/reference_images/I13.BMP,type_15,5,3.70732,0.15131,15,i13_15_5.bmp,train
TID2013,I13,/data/projectwork/swati_mam/new model data/tid2013/tid2013/distorted_images/i13_16_1.bmp,/data/projectwork/swati_mam/new model data/tid2013/tid2013/reference_images/I13.BMP,type_16,1,5.60465,0.16815,16,i13_16_1.bmp,train
TID2013,I13,/data/projectwork/swati_mam/new model data/tid2013/tid2013/distorted_images/i13_16_2.bmp,/data/projectwork/swati_mam/new model data/tid2013/tid2013/reference_images/I13.BMP,type_16,2,5.27907,0.18699,16,i13_16_2.bmp,train
TID2013,I13,/data/projectwork/swati_mam/new model data/tid2013/tid2013/distorted_images/i13_16_3.bmp,/data/projectwork/swati_mam/new model data/tid2013/tid2013/reference_images/I13.BMP,type_16,3,5.439019999999999,0.17939,16,i13_16_3.bmp,train
TID2013,I13,/data/projectwork/swati_mam/new model data/tid2013/tid2013/distorted_images/i13_16_4.bmp,/data/projectwork/swati_mam/new model data/tid2013/tid2013/reference_images/I13.BMP,type_16,4,4.292680000000001,0.1207,16,i13_16_4.bmp,train
TID2013,I13,/data/projectwork/swati_mam/new model data/tid2013/tid2013/distorted_images/i13_16_5.bmp,/data/projectwork/swati_mam/new model data/tid2013/tid2013/reference_images/I13.BMP,type_16,5,4.44186,0.23326,16,i13_16_5.bmp,train
TID2013,I13,/data/projectwork/swati_mam/new model data/tid2013/tid2013/distorted_images/i13_17_1.bmp,/data/projectwork/swati_mam/new model data/tid2013/tid2013/reference_images/I13.BMP,type_17,1,4.48837,0.13308,17,i13_17_1.bmp,train
TID2013,I13,/data/projectwork/swati_mam/new model data/tid2013/tid2013/distorted_images/i13_17_2.bmp,/data/projectwork/swati_mam/new model data/tid2013/tid2013/reference_images/I13.BMP,type_17,2,6.627910000000001,0.19464,17,i13_17_2.bmp,train
TID2013,I13,/data/projectwork/swati_mam/new model data/tid2013/tid2013/distorted_images/i13_17_3.bmp,/data/projectwork/swati_mam/new model data/tid2013/tid2013/reference_images/I13.BMP,type_17,3,3.72093,0.1200599999999999,17,i13_17_3.bmp,train
TID2013,I13,/data/projectwork/swati_mam/new model data/tid2013/tid2013/distorted_images/i13_17_4.bmp,/data/projectwork/swati_mam/new model data/tid2013/tid2013/reference_images/I13.BMP,type_17,4,6.48837,0.27785,17,i13_17_4.bmp,train
TID2013,I13,/data/projectwork/swati_mam/new model data/tid2013/tid2013/distorted_images/i13_17_5.bmp,/data/projectwork/swati_mam/new model data/tid2013/tid2013/reference_images/I13.BMP,type_17,5,2.58537,0.11427,17,i13_17_5.bmp,train
TID2013,I13,/data/projectwork/swati_mam/new model data/tid2013/tid2013/distorted_images/i13_18_1.bmp,/data/projectwork/swati_mam/new model data/tid2013/tid2013/reference_images/I13.BMP,type_18,1,3.95122,0.1032,18,i13_18_1.bmp,train
TID2013,I13,/data/projectwork/swati_mam/new model data/tid2013/tid2013/distorted_images/i13_18_2.bmp,/data/projectwork/swati_mam/new model data/tid2013/tid2013/reference_images/I13.BMP,type_18,2,3.74419,0.1190099999999999,18,i13_18_2.bmp,train
TID2013,I13,/data/projectwork/swati_mam/new model data/tid2013/tid2013/distorted_images/i13_18_3.bmp,/data/projectwork/swati_mam/new model data/tid2013/tid2013/reference_images/I13.BMP,type_18,3,3.14286,0.12404,18,i13_18_3.bmp,train
TID2013,I13,/data/projectwork/swati_mam/new model data/tid2013/tid2013/distorted_images/i13_18_4.bmp,/data/projectwork/swati_mam/new model data/tid2013/tid2013/reference_images/I13.BMP,type_18,4,2.84615,0.09272,18,i13_18_4.bmp,train
TID2013,I13,/data/projectwork/swati_mam/new model data/tid2013/tid2013/distorted_images/i13_18_5.bmp,/data/projectwork/swati_mam/new model data/tid2013/tid2013/reference_images/I13.BMP,type_18,5,2.73171,0.12448,18,i13_18_5.bmp,train
TID2013,I13,/data/projectwork/swati_mam/new model data/tid2013/tid2013/distorted_images/i13_19_1.bmp,/data/projectwork/swati_mam/new model data/tid2013/tid2013/reference_images/I13.BMP,type_19,1,5.2439,0.13702,19,i13_19_1.bmp,train
TID2013,I13,/data/projectwork/swati_mam/new model data/tid2013/tid2013/distorted_images/i13_19_2.bmp,/data/projectwork/swati_mam/new model data/tid2013/tid2013/reference_images/I13.BMP,type_19,2,5.2619,0.15452,19,i13_19_2.bmp,train
TID2013,I13,/data/projectwork/swati_mam/new model data/tid2013/tid2013/distorted_images/i13_19_3.bmp,/data/projectwork/swati_mam/new model data/tid2013/tid2013/reference_images/I13.BMP,type_19,3,5.32558,0.15677,19,i13_19_3.bmp,train
TID2013,I13,/data/projectwork/swati_mam/new model data/tid2013/tid2013/distorted_images/i13_19_4.bmp,/data/projectwork/swati_mam/new model data/tid2013/tid2013/reference_images/I13.BMP,type_19,4,4.5122,0.12009,19,i13_19_4.bmp,train
TID2013,I13,/data/projectwork/swati_mam/new model data/tid2013/tid2013/distorted_images/i13_19_5.bmp,/data/projectwork/swati_mam/new model data/tid2013/tid2013/reference_images/I13.BMP,type_19,5,4.16279,0.14683,19,i13_19_5.bmp,train
TID2013,I13,/data/projectwork/swati_mam/new model data/tid2013/tid2013/distorted_images/i13_20_1.bmp,/data/projectwork/swati_mam/new model data/tid2013/tid2013/reference_images/I13.BMP,type_20,1,5.67442,0.17001,20,i13_20_1.bmp,train
TID2013,I13,/data/projectwork/swati_mam/new model data/tid2013/tid2013/distorted_images/i13_20_2.bmp,/data/projectwork/swati_mam/new model data/tid2013/tid2013/reference_images/I13.BMP,type_20,2,5.09524,0.1643,20,i13_20_2.bmp,train
TID2013,I13,/data/projectwork/swati_mam/new model data/tid2013/tid2013/distorted_images/i13_20_3.bmp,/data/projectwork/swati_mam/new model data/tid2013/tid2013/reference_images/I13.BMP,type_20,3,5.52381,0.14769,20,i13_20_3.bmp,train
TID2013,I13,/data/projectwork/swati_mam/new model data/tid2013/tid2013/distorted_images/i13_20_4.bmp,/data/projectwork/swati_mam/new model data/tid2013/tid2013/reference_images/I13.BMP,type_20,4,5.28571,0.13165,20,i13_20_4.bmp,train
TID2013,I13,/data/projectwork/swati_mam/new model data/tid2013/tid2013/distorted_images/i13_20_5.bmp,/data/projectwork/swati_mam/new model data/tid2013/tid2013/reference_images/I13.BMP,type_20,5,5.232559999999999,0.15717,20,i13_20_5.bmp,train
TID2013,I13,/data/projectwork/swati_mam/new model data/tid2013/tid2013/distorted_images/i13_21_1.bmp,/data/projectwork/swati_mam/new model data/tid2013/tid2013/reference_images/I13.BMP,type_21,1,5.65116,0.17676,21,i13_21_1.bmp,train
TID2013,I13,/data/projectwork/swati_mam/new model data/tid2013/tid2013/distorted_images/i13_21_2.bmp,/data/projectwork/swati_mam/new model data/tid2013/tid2013/reference_images/I13.BMP,type_21,2,5.547619999999999,0.18505,21,i13_21_2.bmp,train
TID2013,I13,/data/projectwork/swati_mam/new model data/tid2013/tid2013/distorted_images/i13_21_3.bmp,/data/projectwork/swati_mam/new model data/tid2013/tid2013/reference_images/I13.BMP,type_21,3,5.09524,0.15725,21,i13_21_3.bmp,train
TID2013,I13,/data/projectwork/swati_mam/new model data/tid2013/tid2013/distorted_images/i13_21_4.bmp,/data/projectwork/swati_mam/new model data/tid2013/tid2013/reference_images/I13.BMP,type_21,4,4.72093,0.1554,21,i13_21_4.bmp,train
TID2013,I13,/data/projectwork/swati_mam/new model data/tid2013/tid2013/distorted_images/i13_21_5.bmp,/data/projectwork/swati_mam/new model data/tid2013/tid2013/reference_images/I13.BMP,type_21,5,3.4761900000000003,0.12251,21,i13_21_5.bmp,train
TID2013,I13,/data/projectwork/swati_mam/new model data/tid2013/tid2013/distorted_images/i13_22_1.bmp,/data/projectwork/swati_mam/new model data/tid2013/tid2013/reference_images/I13.BMP,type_22,1,5.42857,0.13529,22,i13_22_1.bmp,train
TID2013,I13,/data/projectwork/swati_mam/new model data/tid2013/tid2013/distorted_images/i13_22_2.bmp,/data/projectwork/swati_mam/new model data/tid2013/tid2013/reference_images/I13.BMP,type_22,2,4.78049,0.15622,22,i13_22_2.bmp,train
TID2013,I13,/data/projectwork/swati_mam/new model data/tid2013/tid2013/distorted_images/i13_22_3.bmp,/data/projectwork/swati_mam/new model data/tid2013/tid2013/reference_images/I13.BMP,type_22,3,3.97674,0.14519,22,i13_22_3.bmp,train
TID2013,I13,/data/projectwork/swati_mam/new model data/tid2013/tid2013/distorted_images/i13_22_4.bmp,/data/projectwork/swati_mam/new model data/tid2013/tid2013/reference_images/I13.BMP,type_22,4,2.93023,0.14484,22,i13_22_4.bmp,train
TID2013,I13,/data/projectwork/swati_mam/new model data/tid2013/tid2013/distorted_images/i13_22_5.bmp,/data/projectwork/swati_mam/new model data/tid2013/tid2013/reference_images/I13.BMP,type_22,5,2.4186,0.1052099999999999,22,i13_22_5.bmp,train
TID2013,I13,/data/projectwork/swati_mam/new model data/tid2013/tid2013/distorted_images/i13_23_1.bmp,/data/projectwork/swati_mam/new model data/tid2013/tid2013/reference_images/I13.BMP,type_23,1,5.65116,0.20243,23,i13_23_1.bmp,train
TID2013,I13,/data/projectwork/swati_mam/new model data/tid2013/tid2013/distorted_images/i13_23_2.bmp,/data/projectwork/swati_mam/new model data/tid2013/tid2013/reference_images/I13.BMP,type_23,2,5.39535,0.18933,23,i13_23_2.bmp,train
TID2013,I13,/data/projectwork/swati_mam/new model data/tid2013/tid2013/distorted_images/i13_23_3.bmp,/data/projectwork/swati_mam/new model data/tid2013/tid2013/reference_images/I13.BMP,type_23,3,5.45,0.1367,23,i13_23_3.bmp,train
TID2013,I13,/data/projectwork/swati_mam/new model data/tid2013/tid2013/distorted_images/i13_23_4.bmp,/data/projectwork/swati_mam/new model data/tid2013/tid2013/reference_images/I13.BMP,type_23,4,5.04651,0.16429,23,i13_23_4.bmp,train
TID2013,I13,/data/projectwork/swati_mam/new model data/tid2013/tid2013/distorted_images/i13_23_5.bmp,/data/projectwork/swati_mam/new model data/tid2013/tid2013/reference_images/I13.BMP,type_23,5,5.2093,0.13383,23,i13_23_5.bmp,train
TID2013,I13,/data/projectwork/swati_mam/new model data/tid2013/tid2013/distorted_images/i13_24_1.bmp,/data/projectwork/swati_mam/new model data/tid2013/tid2013/reference_images/I13.BMP,type_24,1,5.44186,0.18104,24,i13_24_1.bmp,train
TID2013,I13,/data/projectwork/swati_mam/new model data/tid2013/tid2013/distorted_images/i13_24_2.bmp,/data/projectwork/swati_mam/new model data/tid2013/tid2013/reference_images/I13.BMP,type_24,2,5.19048,0.1438,24,i13_24_2.bmp,train
TID2013,I13,/data/projectwork/swati_mam/new model data/tid2013/tid2013/distorted_images/i13_24_3.bmp,/data/projectwork/swati_mam/new model data/tid2013/tid2013/reference_images/I13.BMP,type_24,3,4.39535,0.12797,24,i13_24_3.bmp,train
TID2013,I13,/data/projectwork/swati_mam/new model data/tid2013/tid2013/distorted_images/i13_24_4.bmp,/data/projectwork/swati_mam/new model data/tid2013/tid2013/reference_images/I13.BMP,type_24,4,3.86047,0.14177,24,i13_24_4.bmp,train
TID2013,I13,/data/projectwork/swati_mam/new model data/tid2013/tid2013/distorted_images/i13_24_5.bmp,/data/projectwork/swati_mam/new model data/tid2013/tid2013/reference_images/I13.BMP,type_24,5,2.88095,0.09644,24,i13_24_5.bmp,train
TID2013,I14,/data/projectwork/swati_mam/new model data/tid2013/tid2013/distorted_images/I14_01_1.bmp,/data/projectwork/swati_mam/new model data/tid2013/tid2013/reference_images/I14.BMP,type_01,1,5.89189,0.15185,01,I14_01_1.bmp,train
TID2013,I14,/data/projectwork/swati_mam/new model data/tid2013/tid2013/distorted_images/i14_01_2.bmp,/data/projectwork/swati_mam/new model data/tid2013/tid2013/reference_images/I14.BMP,type_01,2,5.69444,0.1350599999999999,01,i14_01_2.bmp,train
TID2013,I14,/data/projectwork/swati_mam/new model data/tid2013/tid2013/distorted_images/i14_01_3.bmp,/data/projectwork/swati_mam/new model data/tid2013/tid2013/reference_images/I14.BMP,type_01,3,4.77778,0.13095,01,i14_01_3.bmp,train
TID2013,I14,/data/projectwork/swati_mam/new model data/tid2013/tid2013/distorted_images/i14_01_4.bmp,/data/projectwork/swati_mam/new model data/tid2013/tid2013/reference_images/I14.BMP,type_01,4,4.31429,0.11967,01,i14_01_4.bmp,train
TID2013,I14,/data/projectwork/swati_mam/new model data/tid2013/tid2013/distorted_images/i14_01_5.bmp,/data/projectwork/swati_mam/new model data/tid2013/tid2013/reference_images/I14.BMP,type_01,5,3.75,0.11369,01,i14_01_5.bmp,train
TID2013,I14,/data/projectwork/swati_mam/new model data/tid2013/tid2013/distorted_images/i14_02_1.bmp,/data/projectwork/swati_mam/new model data/tid2013/tid2013/reference_images/I14.BMP,type_02,1,5.97297,0.15519,02,i14_02_1.bmp,train
TID2013,I14,/data/projectwork/swati_mam/new model data/tid2013/tid2013/distorted_images/i14_02_2.bmp,/data/projectwork/swati_mam/new model data/tid2013/tid2013/reference_images/I14.BMP,type_02,2,5.91667,0.15897,02,i14_02_2.bmp,train
TID2013,I14,/data/projectwork/swati_mam/new model data/tid2013/tid2013/distorted_images/i14_02_3.bmp,/data/projectwork/swati_mam/new model data/tid2013/tid2013/reference_images/I14.BMP,type_02,3,5.7714300000000005,0.12832,02,i14_02_3.bmp,train
TID2013,I14,/data/projectwork/swati_mam/new model data/tid2013/tid2013/distorted_images/i14_02_4.bmp,/data/projectwork/swati_mam/new model data/tid2013/tid2013/reference_images/I14.BMP,type_02,4,5.13889,0.11885,02,i14_02_4.bmp,train
TID2013,I14,/data/projectwork/swati_mam/new model data/tid2013/tid2013/distorted_images/i14_02_5.bmp,/data/projectwork/swati_mam/new model data/tid2013/tid2013/reference_images/I14.BMP,type_02,5,4.52778,0.11444,02,i14_02_5.bmp,train
TID2013,I14,/data/projectwork/swati_mam/new model data/tid2013/tid2013/distorted_images/i14_03_1.bmp,/data/projectwork/swati_mam/new model data/tid2013/tid2013/reference_images/I14.BMP,type_03,1,5.19444,0.1231,03,i14_03_1.bmp,train
TID2013,I14,/data/projectwork/swati_mam/new model data/tid2013/tid2013/distorted_images/i14_03_2.bmp,/data/projectwork/swati_mam/new model data/tid2013/tid2013/reference_images/I14.BMP,type_03,2,4.43243,0.12409,03,i14_03_2.bmp,train
TID2013,I14,/data/projectwork/swati_mam/new model data/tid2013/tid2013/distorted_images/i14_03_3.bmp,/data/projectwork/swati_mam/new model data/tid2013/tid2013/reference_images/I14.BMP,type_03,3,3.77778,0.12491,03,i14_03_3.bmp,train
TID2013,I14,/data/projectwork/swati_mam/new model data/tid2013/tid2013/distorted_images/i14_03_4.bmp,/data/projectwork/swati_mam/new model data/tid2013/tid2013/reference_images/I14.BMP,type_03,4,3.08333,0.10668,03,i14_03_4.bmp,train
TID2013,I14,/data/projectwork/swati_mam/new model data/tid2013/tid2013/distorted_images/i14_03_5.bmp,/data/projectwork/swati_mam/new model data/tid2013/tid2013/reference_images/I14.BMP,type_03,5,2.59459,0.11756,03,i14_03_5.bmp,train
TID2013,I14,/data/projectwork/swati_mam/new model data/tid2013/tid2013/distorted_images/i14_04_1.bmp,/data/projectwork/swati_mam/new model data/tid2013/tid2013/reference_images/I14.BMP,type_04,1,6.028569999999999,0.17836,04,i14_04_1.bmp,train
TID2013,I14,/data/projectwork/swati_mam/new model data/tid2013/tid2013/distorted_images/i14_04_2.bmp,/data/projectwork/swati_mam/new model data/tid2013/tid2013/reference_images/I14.BMP,type_04,2,5.63889,0.15292,04,i14_04_2.bmp,train
TID2013,I14,/data/projectwork/swati_mam/new model data/tid2013/tid2013/distorted_images/i14_04_3.bmp,/data/projectwork/swati_mam/new model data/tid2013/tid2013/reference_images/I14.BMP,type_04,3,5.5,0.13322,04,i14_04_3.bmp,train
TID2013,I14,/data/projectwork/swati_mam/new model data/tid2013/tid2013/distorted_images/i14_04_4.bmp,/data/projectwork/swati_mam/new model data/tid2013/tid2013/reference_images/I14.BMP,type_04,4,4.65714,0.1208299999999999,04,i14_04_4.bmp,train
TID2013,I14,/data/projectwork/swati_mam/new model data/tid2013/tid2013/distorted_images/i14_04_5.bmp,/data/projectwork/swati_mam/new model data/tid2013/tid2013/reference_images/I14.BMP,type_04,5,4.02778,0.1074799999999999,04,i14_04_5.bmp,train
TID2013,I14,/data/projectwork/swati_mam/new model data/tid2013/tid2013/distorted_images/i14_05_1.bmp,/data/projectwork/swati_mam/new model data/tid2013/tid2013/reference_images/I14.BMP,type_05,1,6.05405,0.2091599999999999,05,i14_05_1.bmp,train
TID2013,I14,/data/projectwork/swati_mam/new model data/tid2013/tid2013/distorted_images/i14_05_2.bmp,/data/projectwork/swati_mam/new model data/tid2013/tid2013/reference_images/I14.BMP,type_05,2,5.59459,0.13492,05,i14_05_2.bmp,train
TID2013,I14,/data/projectwork/swati_mam/new model data/tid2013/tid2013/distorted_images/i14_05_3.bmp,/data/projectwork/swati_mam/new model data/tid2013/tid2013/reference_images/I14.BMP,type_05,3,4.97222,0.11444,05,i14_05_3.bmp,train
TID2013,I14,/data/projectwork/swati_mam/new model data/tid2013/tid2013/distorted_images/i14_05_4.bmp,/data/projectwork/swati_mam/new model data/tid2013/tid2013/reference_images/I14.BMP,type_05,4,4.16216,0.15055,05,i14_05_4.bmp,train
TID2013,I14,/data/projectwork/swati_mam/new model data/tid2013/tid2013/distorted_images/i14_05_5.bmp,/data/projectwork/swati_mam/new model data/tid2013/tid2013/reference_images/I14.BMP,type_05,5,3.02703,0.09735,05,i14_05_5.bmp,train
TID2013,I14,/data/projectwork/swati_mam/new model data/tid2013/tid2013/distorted_images/i14_06_1.bmp,/data/projectwork/swati_mam/new model data/tid2013/tid2013/reference_images/I14.BMP,type_06,1,5.08333,0.13819,06,i14_06_1.bmp,train
TID2013,I14,/data/projectwork/swati_mam/new model data/tid2013/tid2013/distorted_images/i14_06_2.bmp,/data/projectwork/swati_mam/new model data/tid2013/tid2013/reference_images/I14.BMP,type_06,2,4.33333,0.13029,06,i14_06_2.bmp,train
TID2013,I14,/data/projectwork/swati_mam/new model data/tid2013/tid2013/distorted_images/i14_06_3.bmp,/data/projectwork/swati_mam/new model data/tid2013/tid2013/reference_images/I14.BMP,type_06,3,4.02778,0.10005,06,i14_06_3.bmp,train
TID2013,I14,/data/projectwork/swati_mam/new model data/tid2013/tid2013/distorted_images/i14_06_4.bmp,/data/projectwork/swati_mam/new model data/tid2013/tid2013/reference_images/I14.BMP,type_06,4,3.77778,0.09711,06,i14_06_4.bmp,train
TID2013,I14,/data/projectwork/swati_mam/new model data/tid2013/tid2013/distorted_images/i14_06_5.bmp,/data/projectwork/swati_mam/new model data/tid2013/tid2013/reference_images/I14.BMP,type_06,5,3.16667,0.1145299999999999,06,i14_06_5.bmp,train
TID2013,I14,/data/projectwork/swati_mam/new model data/tid2013/tid2013/distorted_images/i14_07_1.bmp,/data/projectwork/swati_mam/new model data/tid2013/tid2013/reference_images/I14.BMP,type_07,1,5.72222,0.1395,07,i14_07_1.bmp,train
TID2013,I14,/data/projectwork/swati_mam/new model data/tid2013/tid2013/distorted_images/i14_07_2.bmp,/data/projectwork/swati_mam/new model data/tid2013/tid2013/reference_images/I14.BMP,type_07,2,5.44444,0.15438,07,i14_07_2.bmp,train
TID2013,I14,/data/projectwork/swati_mam/new model data/tid2013/tid2013/distorted_images/i14_07_3.bmp,/data/projectwork/swati_mam/new model data/tid2013/tid2013/reference_images/I14.BMP,type_07,3,4.27778,0.12179,07,i14_07_3.bmp,train
TID2013,I14,/data/projectwork/swati_mam/new model data/tid2013/tid2013/distorted_images/i14_07_4.bmp,/data/projectwork/swati_mam/new model data/tid2013/tid2013/reference_images/I14.BMP,type_07,4,3.61111,0.1196599999999999,07,i14_07_4.bmp,train
TID2013,I14,/data/projectwork/swati_mam/new model data/tid2013/tid2013/distorted_images/i14_07_5.bmp,/data/projectwork/swati_mam/new model data/tid2013/tid2013/reference_images/I14.BMP,type_07,5,2.91892,0.0965299999999999,07,i14_07_5.bmp,train
TID2013,I14,/data/projectwork/swati_mam/new model data/tid2013/tid2013/distorted_images/i14_08_1.bmp,/data/projectwork/swati_mam/new model data/tid2013/tid2013/reference_images/I14.BMP,type_08,1,5.43243,0.16008,08,i14_08_1.bmp,train
TID2013,I14,/data/projectwork/swati_mam/new model data/tid2013/tid2013/distorted_images/i14_08_2.bmp,/data/projectwork/swati_mam/new model data/tid2013/tid2013/reference_images/I14.BMP,type_08,2,4.55556,0.11416,08,i14_08_2.bmp,train
TID2013,I14,/data/projectwork/swati_mam/new model data/tid2013/tid2013/distorted_images/i14_08_3.bmp,/data/projectwork/swati_mam/new model data/tid2013/tid2013/reference_images/I14.BMP,type_08,3,3.4864900000000003,0.1185599999999999,08,i14_08_3.bmp,train
TID2013,I14,/data/projectwork/swati_mam/new model data/tid2013/tid2013/distorted_images/i14_08_4.bmp,/data/projectwork/swati_mam/new model data/tid2013/tid2013/reference_images/I14.BMP,type_08,4,2.8378400000000004,0.11152,08,i14_08_4.bmp,train
TID2013,I14,/data/projectwork/swati_mam/new model data/tid2013/tid2013/distorted_images/i14_08_5.bmp,/data/projectwork/swati_mam/new model data/tid2013/tid2013/reference_images/I14.BMP,type_08,5,1.59459,0.13492,08,i14_08_5.bmp,train
TID2013,I14,/data/projectwork/swati_mam/new model data/tid2013/tid2013/distorted_images/i14_09_1.bmp,/data/projectwork/swati_mam/new model data/tid2013/tid2013/reference_images/I14.BMP,type_09,1,6.05405,0.16637,09,i14_09_1.bmp,train
TID2013,I14,/data/projectwork/swati_mam/new model data/tid2013/tid2013/distorted_images/i14_09_2.bmp,/data/projectwork/swati_mam/new model data/tid2013/tid2013/reference_images/I14.BMP,type_09,2,5.89189,0.19028,09,i14_09_2.bmp,train
TID2013,I14,/data/projectwork/swati_mam/new model data/tid2013/tid2013/distorted_images/i14_09_3.bmp,/data/projectwork/swati_mam/new model data/tid2013/tid2013/reference_images/I14.BMP,type_09,3,4.5,0.16434,09,i14_09_3.bmp,train
TID2013,I14,/data/projectwork/swati_mam/new model data/tid2013/tid2013/distorted_images/i14_09_4.bmp,/data/projectwork/swati_mam/new model data/tid2013/tid2013/reference_images/I14.BMP,type_09,4,2.89189,0.11955,09,i14_09_4.bmp,train
TID2013,I14,/data/projectwork/swati_mam/new model data/tid2013/tid2013/distorted_images/i14_09_5.bmp,/data/projectwork/swati_mam/new model data/tid2013/tid2013/reference_images/I14.BMP,type_09,5,1.75,0.09108,09,i14_09_5.bmp,train
TID2013,I14,/data/projectwork/swati_mam/new model data/tid2013/tid2013/distorted_images/i14_10_1.bmp,/data/projectwork/swati_mam/new model data/tid2013/tid2013/reference_images/I14.BMP,type_10,1,5.77778,0.14757,10,i14_10_1.bmp,train
TID2013,I14,/data/projectwork/swati_mam/new model data/tid2013/tid2013/distorted_images/i14_10_2.bmp,/data/projectwork/swati_mam/new model data/tid2013/tid2013/reference_images/I14.BMP,type_10,2,5.16667,0.10758,10,i14_10_2.bmp,train
TID2013,I14,/data/projectwork/swati_mam/new model data/tid2013/tid2013/distorted_images/i14_10_3.bmp,/data/projectwork/swati_mam/new model data/tid2013/tid2013/reference_images/I14.BMP,type_10,3,4.25,0.14367,10,i14_10_3.bmp,train
TID2013,I14,/data/projectwork/swati_mam/new model data/tid2013/tid2013/distorted_images/i14_10_4.bmp,/data/projectwork/swati_mam/new model data/tid2013/tid2013/reference_images/I14.BMP,type_10,4,3.05556,0.11072,10,i14_10_4.bmp,train
TID2013,I14,/data/projectwork/swati_mam/new model data/tid2013/tid2013/distorted_images/i14_10_5.bmp,/data/projectwork/swati_mam/new model data/tid2013/tid2013/reference_images/I14.BMP,type_10,5,1.86111,0.14247,10,i14_10_5.bmp,train
TID2013,I14,/data/projectwork/swati_mam/new model data/tid2013/tid2013/distorted_images/I14_11_1.bmp,/data/projectwork/swati_mam/new model data/tid2013/tid2013/reference_images/I14.BMP,type_11,1,5.97297,0.173,11,I14_11_1.bmp,train
TID2013,I14,/data/projectwork/swati_mam/new model data/tid2013/tid2013/distorted_images/i14_11_2.bmp,/data/projectwork/swati_mam/new model data/tid2013/tid2013/reference_images/I14.BMP,type_11,2,5.47222,0.12721,11,i14_11_2.bmp,train
TID2013,I14,/data/projectwork/swati_mam/new model data/tid2013/tid2013/distorted_images/i14_11_3.bmp,/data/projectwork/swati_mam/new model data/tid2013/tid2013/reference_images/I14.BMP,type_11,3,4.24324,0.15002,11,i14_11_3.bmp,train
TID2013,I14,/data/projectwork/swati_mam/new model data/tid2013/tid2013/distorted_images/i14_11_4.bmp,/data/projectwork/swati_mam/new model data/tid2013/tid2013/reference_images/I14.BMP,type_11,4,3.08333,0.09919,11,i14_11_4.bmp,train
TID2013,I14,/data/projectwork/swati_mam/new model data/tid2013/tid2013/distorted_images/i14_11_5.bmp,/data/projectwork/swati_mam/new model data/tid2013/tid2013/reference_images/I14.BMP,type_11,5,1.28571,0.09537,11,i14_11_5.bmp,train
TID2013,I14,/data/projectwork/swati_mam/new model data/tid2013/tid2013/distorted_images/i14_12_1.bmp,/data/projectwork/swati_mam/new model data/tid2013/tid2013/reference_images/I14.BMP,type_12,1,5.81081,0.16143,12,i14_12_1.bmp,train
TID2013,I14,/data/projectwork/swati_mam/new model data/tid2013/tid2013/distorted_images/i14_12_2.bmp,/data/projectwork/swati_mam/new model data/tid2013/tid2013/reference_images/I14.BMP,type_12,2,5.64706,0.12397,12,i14_12_2.bmp,train
TID2013,I14,/data/projectwork/swati_mam/new model data/tid2013/tid2013/distorted_images/i14_12_3.bmp,/data/projectwork/swati_mam/new model data/tid2013/tid2013/reference_images/I14.BMP,type_12,3,4.05714,0.12741,12,i14_12_3.bmp,train
TID2013,I14,/data/projectwork/swati_mam/new model data/tid2013/tid2013/distorted_images/i14_12_4.bmp,/data/projectwork/swati_mam/new model data/tid2013/tid2013/reference_images/I14.BMP,type_12,4,4.13514,0.1022899999999999,12,i14_12_4.bmp,train
TID2013,I14,/data/projectwork/swati_mam/new model data/tid2013/tid2013/distorted_images/i14_12_5.bmp,/data/projectwork/swati_mam/new model data/tid2013/tid2013/reference_images/I14.BMP,type_12,5,3.18919,0.13151,12,i14_12_5.bmp,train
TID2013,I14,/data/projectwork/swati_mam/new model data/tid2013/tid2013/distorted_images/I14_13_1.bmp,/data/projectwork/swati_mam/new model data/tid2013/tid2013/reference_images/I14.BMP,type_13,1,5.02703,0.1045799999999999,13,I14_13_1.bmp,train
TID2013,I14,/data/projectwork/swati_mam/new model data/tid2013/tid2013/distorted_images/i14_13_2.bmp,/data/projectwork/swati_mam/new model data/tid2013/tid2013/reference_images/I14.BMP,type_13,2,4.52778,0.14426,13,i14_13_2.bmp,train
TID2013,I14,/data/projectwork/swati_mam/new model data/tid2013/tid2013/distorted_images/i14_13_3.bmp,/data/projectwork/swati_mam/new model data/tid2013/tid2013/reference_images/I14.BMP,type_13,3,3.62162,0.12878,13,i14_13_3.bmp,train
TID2013,I14,/data/projectwork/swati_mam/new model data/tid2013/tid2013/distorted_images/i14_13_4.bmp,/data/projectwork/swati_mam/new model data/tid2013/tid2013/reference_images/I14.BMP,type_13,4,3.08333,0.09108,13,i14_13_4.bmp,train
TID2013,I14,/data/projectwork/swati_mam/new model data/tid2013/tid2013/distorted_images/i14_13_5.bmp,/data/projectwork/swati_mam/new model data/tid2013/tid2013/reference_images/I14.BMP,type_13,5,1.91667,0.09108,13,i14_13_5.bmp,train
TID2013,I14,/data/projectwork/swati_mam/new model data/tid2013/tid2013/distorted_images/i14_14_1.bmp,/data/projectwork/swati_mam/new model data/tid2013/tid2013/reference_images/I14.BMP,type_14,1,6.05405,0.16192,14,i14_14_1.bmp,train
TID2013,I14,/data/projectwork/swati_mam/new model data/tid2013/tid2013/distorted_images/i14_14_2.bmp,/data/projectwork/swati_mam/new model data/tid2013/tid2013/reference_images/I14.BMP,type_14,2,5.7027,0.19439,14,i14_14_2.bmp,train
TID2013,I14,/data/projectwork/swati_mam/new model data/tid2013/tid2013/distorted_images/i14_14_3.bmp,/data/projectwork/swati_mam/new model data/tid2013/tid2013/reference_images/I14.BMP,type_14,3,4.69444,0.16111,14,i14_14_3.bmp,train
TID2013,I14,/data/projectwork/swati_mam/new model data/tid2013/tid2013/distorted_images/i14_14_4.bmp,/data/projectwork/swati_mam/new model data/tid2013/tid2013/reference_images/I14.BMP,type_14,4,4.16667,0.18215,14,i14_14_4.bmp,train
TID2013,I14,/data/projectwork/swati_mam/new model data/tid2013/tid2013/distorted_images/i14_14_5.bmp,/data/projectwork/swati_mam/new model data/tid2013/tid2013/reference_images/I14.BMP,type_14,5,3.37143,0.1345299999999999,14,i14_14_5.bmp,train
TID2013,I14,/data/projectwork/swati_mam/new model data/tid2013/tid2013/distorted_images/i14_15_1.bmp,/data/projectwork/swati_mam/new model data/tid2013/tid2013/reference_images/I14.BMP,type_15,1,2.94595,0.15263,15,i14_15_1.bmp,train
TID2013,I14,/data/projectwork/swati_mam/new model data/tid2013/tid2013/distorted_images/i14_15_2.bmp,/data/projectwork/swati_mam/new model data/tid2013/tid2013/reference_images/I14.BMP,type_15,2,3.35135,0.14411,15,i14_15_2.bmp,train
TID2013,I14,/data/projectwork/swati_mam/new model data/tid2013/tid2013/distorted_images/i14_15_3.bmp,/data/projectwork/swati_mam/new model data/tid2013/tid2013/reference_images/I14.BMP,type_15,3,3.52941,0.13942,15,i14_15_3.bmp,train
TID2013,I14,/data/projectwork/swati_mam/new model data/tid2013/tid2013/distorted_images/i14_15_4.bmp,/data/projectwork/swati_mam/new model data/tid2013/tid2013/reference_images/I14.BMP,type_15,4,3.62162,0.1448,15,i14_15_4.bmp,train
TID2013,I14,/data/projectwork/swati_mam/new model data/tid2013/tid2013/distorted_images/i14_15_5.bmp,/data/projectwork/swati_mam/new model data/tid2013/tid2013/reference_images/I14.BMP,type_15,5,3.97297,0.15041,15,i14_15_5.bmp,train
TID2013,I14,/data/projectwork/swati_mam/new model data/tid2013/tid2013/distorted_images/i14_16_1.bmp,/data/projectwork/swati_mam/new model data/tid2013/tid2013/reference_images/I14.BMP,type_16,1,5.7714300000000005,0.12832,16,i14_16_1.bmp,train
TID2013,I14,/data/projectwork/swati_mam/new model data/tid2013/tid2013/distorted_images/i14_16_2.bmp,/data/projectwork/swati_mam/new model data/tid2013/tid2013/reference_images/I14.BMP,type_16,2,5.97297,0.15519,16,i14_16_2.bmp,train
TID2013,I14,/data/projectwork/swati_mam/new model data/tid2013/tid2013/distorted_images/i14_16_3.bmp,/data/projectwork/swati_mam/new model data/tid2013/tid2013/reference_images/I14.BMP,type_16,3,5.30556,0.14604,16,i14_16_3.bmp,train
TID2013,I14,/data/projectwork/swati_mam/new model data/tid2013/tid2013/distorted_images/i14_16_4.bmp,/data/projectwork/swati_mam/new model data/tid2013/tid2013/reference_images/I14.BMP,type_16,4,5.17143,0.20795,16,i14_16_4.bmp,train
TID2013,I14,/data/projectwork/swati_mam/new model data/tid2013/tid2013/distorted_images/i14_16_5.bmp,/data/projectwork/swati_mam/new model data/tid2013/tid2013/reference_images/I14.BMP,type_16,5,4.028569999999999,0.14278,16,i14_16_5.bmp,train
TID2013,I14,/data/projectwork/swati_mam/new model data/tid2013/tid2013/distorted_images/i14_17_1.bmp,/data/projectwork/swati_mam/new model data/tid2013/tid2013/reference_images/I14.BMP,type_17,1,5.40541,0.15971,17,i14_17_1.bmp,train
TID2013,I14,/data/projectwork/swati_mam/new model data/tid2013/tid2013/distorted_images/i14_17_2.bmp,/data/projectwork/swati_mam/new model data/tid2013/tid2013/reference_images/I14.BMP,type_17,2,6.43243,0.20059,17,i14_17_2.bmp,train
TID2013,I14,/data/projectwork/swati_mam/new model data/tid2013/tid2013/distorted_images/i14_17_3.bmp,/data/projectwork/swati_mam/new model data/tid2013/tid2013/reference_images/I14.BMP,type_17,3,4.13889,0.17635,17,i14_17_3.bmp,train
TID2013,I14,/data/projectwork/swati_mam/new model data/tid2013/tid2013/distorted_images/i14_17_4.bmp,/data/projectwork/swati_mam/new model data/tid2013/tid2013/reference_images/I14.BMP,type_17,4,5.91892,0.26858,17,i14_17_4.bmp,train
TID2013,I14,/data/projectwork/swati_mam/new model data/tid2013/tid2013/distorted_images/i14_17_5.bmp,/data/projectwork/swati_mam/new model data/tid2013/tid2013/reference_images/I14.BMP,type_17,5,3.24324,0.16837,17,i14_17_5.bmp,train
TID2013,I14,/data/projectwork/swati_mam/new model data/tid2013/tid2013/distorted_images/i14_18_1.bmp,/data/projectwork/swati_mam/new model data/tid2013/tid2013/reference_images/I14.BMP,type_18,1,5.37143,0.14047,18,i14_18_1.bmp,train
TID2013,I14,/data/projectwork/swati_mam/new model data/tid2013/tid2013/distorted_images/i14_18_2.bmp,/data/projectwork/swati_mam/new model data/tid2013/tid2013/reference_images/I14.BMP,type_18,2,5.13889,0.15788,18,i14_18_2.bmp,train
TID2013,I14,/data/projectwork/swati_mam/new model data/tid2013/tid2013/distorted_images/i14_18_3.bmp,/data/projectwork/swati_mam/new model data/tid2013/tid2013/reference_images/I14.BMP,type_18,3,4.66667,0.14699,18,i14_18_3.bmp,train
TID2013,I14,/data/projectwork/swati_mam/new model data/tid2013/tid2013/distorted_images/i14_18_4.bmp,/data/projectwork/swati_mam/new model data/tid2013/tid2013/reference_images/I14.BMP,type_18,4,4.14706,0.11108,18,i14_18_4.bmp,train
TID2013,I14,/data/projectwork/swati_mam/new model data/tid2013/tid2013/distorted_images/i14_18_5.bmp,/data/projectwork/swati_mam/new model data/tid2013/tid2013/reference_images/I14.BMP,type_18,5,3.75,0.20554,18,i14_18_5.bmp,train
TID2013,I14,/data/projectwork/swati_mam/new model data/tid2013/tid2013/distorted_images/i14_19_1.bmp,/data/projectwork/swati_mam/new model data/tid2013/tid2013/reference_images/I14.BMP,type_19,1,5.37143,0.1345299999999999,19,i14_19_1.bmp,train
TID2013,I14,/data/projectwork/swati_mam/new model data/tid2013/tid2013/distorted_images/i14_19_2.bmp,/data/projectwork/swati_mam/new model data/tid2013/tid2013/reference_images/I14.BMP,type_19,2,5.11111,0.12897,19,i14_19_2.bmp,train
TID2013,I14,/data/projectwork/swati_mam/new model data/tid2013/tid2013/distorted_images/i14_19_3.bmp,/data/projectwork/swati_mam/new model data/tid2013/tid2013/reference_images/I14.BMP,type_19,3,4.97222,0.12721,19,i14_19_3.bmp,train
TID2013,I14,/data/projectwork/swati_mam/new model data/tid2013/tid2013/distorted_images/i14_19_4.bmp,/data/projectwork/swati_mam/new model data/tid2013/tid2013/reference_images/I14.BMP,type_19,4,3.91429,0.10199,19,i14_19_4.bmp,train
TID2013,I14,/data/projectwork/swati_mam/new model data/tid2013/tid2013/distorted_images/i14_19_5.bmp,/data/projectwork/swati_mam/new model data/tid2013/tid2013/reference_images/I14.BMP,type_19,5,3.22857,0.08167,19,i14_19_5.bmp,train
TID2013,I14,/data/projectwork/swati_mam/new model data/tid2013/tid2013/distorted_images/i14_20_1.bmp,/data/projectwork/swati_mam/new model data/tid2013/tid2013/reference_images/I14.BMP,type_20,1,5.72222,0.1338599999999999,20,i14_20_1.bmp,train
TID2013,I14,/data/projectwork/swati_mam/new model data/tid2013/tid2013/distorted_images/i14_20_2.bmp,/data/projectwork/swati_mam/new model data/tid2013/tid2013/reference_images/I14.BMP,type_20,2,5.59459,0.1966099999999999,20,i14_20_2.bmp,train
TID2013,I14,/data/projectwork/swati_mam/new model data/tid2013/tid2013/distorted_images/i14_20_3.bmp,/data/projectwork/swati_mam/new model data/tid2013/tid2013/reference_images/I14.BMP,type_20,3,5.41667,0.15404,20,i14_20_3.bmp,train
TID2013,I14,/data/projectwork/swati_mam/new model data/tid2013/tid2013/distorted_images/i14_20_4.bmp,/data/projectwork/swati_mam/new model data/tid2013/tid2013/reference_images/I14.BMP,type_20,4,4.19444,0.12922,20,i14_20_4.bmp,train
TID2013,I14,/data/projectwork/swati_mam/new model data/tid2013/tid2013/distorted_images/i14_20_5.bmp,/data/projectwork/swati_mam/new model data/tid2013/tid2013/reference_images/I14.BMP,type_20,5,3.27027,0.12473,20,i14_20_5.bmp,train
TID2013,I14,/data/projectwork/swati_mam/new model data/tid2013/tid2013/distorted_images/i14_21_1.bmp,/data/projectwork/swati_mam/new model data/tid2013/tid2013/reference_images/I14.BMP,type_21,1,5.2973,0.17873,21,i14_21_1.bmp,train
TID2013,I14,/data/projectwork/swati_mam/new model data/tid2013/tid2013/distorted_images/i14_21_2.bmp,/data/projectwork/swati_mam/new model data/tid2013/tid2013/reference_images/I14.BMP,type_21,2,5.16667,0.1145299999999999,21,i14_21_2.bmp,train
TID2013,I14,/data/projectwork/swati_mam/new model data/tid2013/tid2013/distorted_images/i14_21_3.bmp,/data/projectwork/swati_mam/new model data/tid2013/tid2013/reference_images/I14.BMP,type_21,3,4.54054,0.13015,21,i14_21_3.bmp,train
TID2013,I14,/data/projectwork/swati_mam/new model data/tid2013/tid2013/distorted_images/i14_21_4.bmp,/data/projectwork/swati_mam/new model data/tid2013/tid2013/reference_images/I14.BMP,type_21,4,3.75,0.10668,21,i14_21_4.bmp,train
TID2013,I14,/data/projectwork/swati_mam/new model data/tid2013/tid2013/distorted_images/i14_21_5.bmp,/data/projectwork/swati_mam/new model data/tid2013/tid2013/reference_images/I14.BMP,type_21,5,2.64865,0.11604,21,i14_21_5.bmp,train
TID2013,I14,/data/projectwork/swati_mam/new model data/tid2013/tid2013/distorted_images/i14_22_1.bmp,/data/projectwork/swati_mam/new model data/tid2013/tid2013/reference_images/I14.BMP,type_22,1,5.40541,0.18903,22,i14_22_1.bmp,train
TID2013,I14,/data/projectwork/swati_mam/new model data/tid2013/tid2013/distorted_images/i14_22_2.bmp,/data/projectwork/swati_mam/new model data/tid2013/tid2013/reference_images/I14.BMP,type_22,2,5.37143,0.15165,22,i14_22_2.bmp,train
TID2013,I14,/data/projectwork/swati_mam/new model data/tid2013/tid2013/distorted_images/i14_22_3.bmp,/data/projectwork/swati_mam/new model data/tid2013/tid2013/reference_images/I14.BMP,type_22,3,5.05556,0.1238799999999999,22,i14_22_3.bmp,train
TID2013,I14,/data/projectwork/swati_mam/new model data/tid2013/tid2013/distorted_images/i14_22_4.bmp,/data/projectwork/swati_mam/new model data/tid2013/tid2013/reference_images/I14.BMP,type_22,4,3.97143,0.1177,22,i14_22_4.bmp,train
TID2013,I14,/data/projectwork/swati_mam/new model data/tid2013/tid2013/distorted_images/i14_22_5.bmp,/data/projectwork/swati_mam/new model data/tid2013/tid2013/reference_images/I14.BMP,type_22,5,3.2777800000000004,0.12179,22,i14_22_5.bmp,train
TID2013,I14,/data/projectwork/swati_mam/new model data/tid2013/tid2013/distorted_images/i14_23_1.bmp,/data/projectwork/swati_mam/new model data/tid2013/tid2013/reference_images/I14.BMP,type_23,1,6.02778,0.16427,23,i14_23_1.bmp,train
TID2013,I14,/data/projectwork/swati_mam/new model data/tid2013/tid2013/distorted_images/i14_23_2.bmp,/data/projectwork/swati_mam/new model data/tid2013/tid2013/reference_images/I14.BMP,type_23,2,6.02703,0.18914,23,i14_23_2.bmp,train
TID2013,I14,/data/projectwork/swati_mam/new model data/tid2013/tid2013/distorted_images/i14_23_3.bmp,/data/projectwork/swati_mam/new model data/tid2013/tid2013/reference_images/I14.BMP,type_23,3,5.61111,0.15849,23,i14_23_3.bmp,train
TID2013,I14,/data/projectwork/swati_mam/new model data/tid2013/tid2013/distorted_images/i14_23_4.bmp,/data/projectwork/swati_mam/new model data/tid2013/tid2013/reference_images/I14.BMP,type_23,4,5.0,0.15759,23,i14_23_4.bmp,train
TID2013,I14,/data/projectwork/swati_mam/new model data/tid2013/tid2013/distorted_images/i14_23_5.bmp,/data/projectwork/swati_mam/new model data/tid2013/tid2013/reference_images/I14.BMP,type_23,5,2.77778,0.11188,23,i14_23_5.bmp,train
TID2013,I14,/data/projectwork/swati_mam/new model data/tid2013/tid2013/distorted_images/i14_24_1.bmp,/data/projectwork/swati_mam/new model data/tid2013/tid2013/reference_images/I14.BMP,type_24,1,6.13514,0.14384,24,i14_24_1.bmp,train
TID2013,I14,/data/projectwork/swati_mam/new model data/tid2013/tid2013/distorted_images/i14_24_2.bmp,/data/projectwork/swati_mam/new model data/tid2013/tid2013/reference_images/I14.BMP,type_24,2,5.58333,0.10668,24,i14_24_2.bmp,train
TID2013,I14,/data/projectwork/swati_mam/new model data/tid2013/tid2013/distorted_images/i14_24_3.bmp,/data/projectwork/swati_mam/new model data/tid2013/tid2013/reference_images/I14.BMP,type_24,3,4.44444,0.1329,24,i14_24_3.bmp,train
TID2013,I14,/data/projectwork/swati_mam/new model data/tid2013/tid2013/distorted_images/i14_24_4.bmp,/data/projectwork/swati_mam/new model data/tid2013/tid2013/reference_images/I14.BMP,type_24,4,3.18919,0.13695,24,i14_24_4.bmp,train
TID2013,I14,/data/projectwork/swati_mam/new model data/tid2013/tid2013/distorted_images/i14_24_5.bmp,/data/projectwork/swati_mam/new model data/tid2013/tid2013/reference_images/I14.BMP,type_24,5,0.91892,0.1638599999999999,24,i14_24_5.bmp,train
TID2013,I15,/data/projectwork/swati_mam/new model data/tid2013/tid2013/distorted_images/I15_01_1.bmp,/data/projectwork/swati_mam/new model data/tid2013/tid2013/reference_images/I15.BMP,type_01,1,5.82222,0.15166,01,I15_01_1.bmp,train
TID2013,I15,/data/projectwork/swati_mam/new model data/tid2013/tid2013/distorted_images/i15_01_2.bmp,/data/projectwork/swati_mam/new model data/tid2013/tid2013/reference_images/I15.BMP,type_01,2,5.06818,0.10364,01,i15_01_2.bmp,train
TID2013,I15,/data/projectwork/swati_mam/new model data/tid2013/tid2013/distorted_images/i15_01_3.bmp,/data/projectwork/swati_mam/new model data/tid2013/tid2013/reference_images/I15.BMP,type_01,3,4.95556,0.09916,01,i15_01_3.bmp,train
TID2013,I15,/data/projectwork/swati_mam/new model data/tid2013/tid2013/distorted_images/i15_01_4.bmp,/data/projectwork/swati_mam/new model data/tid2013/tid2013/reference_images/I15.BMP,type_01,4,4.27907,0.1004299999999999,01,i15_01_4.bmp,train
TID2013,I15,/data/projectwork/swati_mam/new model data/tid2013/tid2013/distorted_images/i15_01_5.bmp,/data/projectwork/swati_mam/new model data/tid2013/tid2013/reference_images/I15.BMP,type_01,5,3.91111,0.09849,01,i15_01_5.bmp,train
TID2013,I15,/data/projectwork/swati_mam/new model data/tid2013/tid2013/distorted_images/i15_02_1.bmp,/data/projectwork/swati_mam/new model data/tid2013/tid2013/reference_images/I15.BMP,type_02,1,6.09091,0.1194799999999999,02,i15_02_1.bmp,train
TID2013,I15,/data/projectwork/swati_mam/new model data/tid2013/tid2013/distorted_images/i15_02_2.bmp,/data/projectwork/swati_mam/new model data/tid2013/tid2013/reference_images/I15.BMP,type_02,2,5.81818,0.12143,02,i15_02_2.bmp,train
TID2013,I15,/data/projectwork/swati_mam/new model data/tid2013/tid2013/distorted_images/i15_02_3.bmp,/data/projectwork/swati_mam/new model data/tid2013/tid2013/reference_images/I15.BMP,type_02,3,5.63636,0.10704,02,i15_02_3.bmp,train
TID2013,I15,/data/projectwork/swati_mam/new model data/tid2013/tid2013/distorted_images/i15_02_4.bmp,/data/projectwork/swati_mam/new model data/tid2013/tid2013/reference_images/I15.BMP,type_02,4,4.88636,0.08634,02,i15_02_4.bmp,train
TID2013,I15,/data/projectwork/swati_mam/new model data/tid2013/tid2013/distorted_images/i15_02_5.bmp,/data/projectwork/swati_mam/new model data/tid2013/tid2013/reference_images/I15.BMP,type_02,5,4.63636,0.1021,02,i15_02_5.bmp,train
TID2013,I15,/data/projectwork/swati_mam/new model data/tid2013/tid2013/distorted_images/i15_03_1.bmp,/data/projectwork/swati_mam/new model data/tid2013/tid2013/reference_images/I15.BMP,type_03,1,4.32558,0.09139,03,i15_03_1.bmp,train
TID2013,I15,/data/projectwork/swati_mam/new model data/tid2013/tid2013/distorted_images/i15_03_2.bmp,/data/projectwork/swati_mam/new model data/tid2013/tid2013/reference_images/I15.BMP,type_03,2,3.81395,0.08226,03,i15_03_2.bmp,train
TID2013,I15,/data/projectwork/swati_mam/new model data/tid2013/tid2013/distorted_images/i15_03_3.bmp,/data/projectwork/swati_mam/new model data/tid2013/tid2013/reference_images/I15.BMP,type_03,3,3.61364,0.07341,03,i15_03_3.bmp,train
TID2013,I15,/data/projectwork/swati_mam/new model data/tid2013/tid2013/distorted_images/i15_03_4.bmp,/data/projectwork/swati_mam/new model data/tid2013/tid2013/reference_images/I15.BMP,type_03,4,3.17778,0.0904799999999999,03,i15_03_4.bmp,train
TID2013,I15,/data/projectwork/swati_mam/new model data/tid2013/tid2013/distorted_images/i15_03_5.bmp,/data/projectwork/swati_mam/new model data/tid2013/tid2013/reference_images/I15.BMP,type_03,5,2.62791,0.07371,03,i15_03_5.bmp,train
TID2013,I15,/data/projectwork/swati_mam/new model data/tid2013/tid2013/distorted_images/i15_04_1.bmp,/data/projectwork/swati_mam/new model data/tid2013/tid2013/reference_images/I15.BMP,type_04,1,6.02273,0.13051,04,i15_04_1.bmp,train
TID2013,I15,/data/projectwork/swati_mam/new model data/tid2013/tid2013/distorted_images/i15_04_2.bmp,/data/projectwork/swati_mam/new model data/tid2013/tid2013/reference_images/I15.BMP,type_04,2,6.04444,0.14386,04,i15_04_2.bmp,train
TID2013,I15,/data/projectwork/swati_mam/new model data/tid2013/tid2013/distorted_images/i15_04_3.bmp,/data/projectwork/swati_mam/new model data/tid2013/tid2013/reference_images/I15.BMP,type_04,3,5.83721,0.12275,04,i15_04_3.bmp,train
TID2013,I15,/data/projectwork/swati_mam/new model data/tid2013/tid2013/distorted_images/i15_04_4.bmp,/data/projectwork/swati_mam/new model data/tid2013/tid2013/reference_images/I15.BMP,type_04,4,5.77778,0.14363,04,i15_04_4.bmp,train
TID2013,I15,/data/projectwork/swati_mam/new model data/tid2013/tid2013/distorted_images/i15_04_5.bmp,/data/projectwork/swati_mam/new model data/tid2013/tid2013/reference_images/I15.BMP,type_04,5,4.97727,0.11358,04,i15_04_5.bmp,train
TID2013,I15,/data/projectwork/swati_mam/new model data/tid2013/tid2013/distorted_images/i15_05_1.bmp,/data/projectwork/swati_mam/new model data/tid2013/tid2013/reference_images/I15.BMP,type_05,1,5.78571,0.10929,05,i15_05_1.bmp,train
TID2013,I15,/data/projectwork/swati_mam/new model data/tid2013/tid2013/distorted_images/i15_05_2.bmp,/data/projectwork/swati_mam/new model data/tid2013/tid2013/reference_images/I15.BMP,type_05,2,5.65116,0.12688,05,i15_05_2.bmp,train
TID2013,I15,/data/projectwork/swati_mam/new model data/tid2013/tid2013/distorted_images/i15_05_3.bmp,/data/projectwork/swati_mam/new model data/tid2013/tid2013/reference_images/I15.BMP,type_05,3,5.11364,0.11234,05,i15_05_3.bmp,train
TID2013,I15,/data/projectwork/swati_mam/new model data/tid2013/tid2013/distorted_images/i15_05_4.bmp,/data/projectwork/swati_mam/new model data/tid2013/tid2013/reference_images/I15.BMP,type_05,4,4.06818,0.07467,05,i15_05_4.bmp,train
TID2013,I15,/data/projectwork/swati_mam/new model data/tid2013/tid2013/distorted_images/i15_05_5.bmp,/data/projectwork/swati_mam/new model data/tid2013/tid2013/reference_images/I15.BMP,type_05,5,3.3181800000000004,0.08961,05,i15_05_5.bmp,train
TID2013,I15,/data/projectwork/swati_mam/new model data/tid2013/tid2013/distorted_images/i15_06_1.bmp,/data/projectwork/swati_mam/new model data/tid2013/tid2013/reference_images/I15.BMP,type_06,1,4.43182,0.12612,06,i15_06_1.bmp,train
TID2013,I15,/data/projectwork/swati_mam/new model data/tid2013/tid2013/distorted_images/i15_06_2.bmp,/data/projectwork/swati_mam/new model data/tid2013/tid2013/reference_images/I15.BMP,type_06,2,4.17778,0.12684,06,i15_06_2.bmp,train
TID2013,I15,/data/projectwork/swati_mam/new model data/tid2013/tid2013/distorted_images/i15_06_3.bmp,/data/projectwork/swati_mam/new model data/tid2013/tid2013/reference_images/I15.BMP,type_06,3,3.97674,0.10651,06,i15_06_3.bmp,train
TID2013,I15,/data/projectwork/swati_mam/new model data/tid2013/tid2013/distorted_images/i15_06_4.bmp,/data/projectwork/swati_mam/new model data/tid2013/tid2013/reference_images/I15.BMP,type_06,4,3.36364,0.08559,06,i15_06_4.bmp,train
TID2013,I15,/data/projectwork/swati_mam/new model data/tid2013/tid2013/distorted_images/i15_06_5.bmp,/data/projectwork/swati_mam/new model data/tid2013/tid2013/reference_images/I15.BMP,type_06,5,3.17778,0.0904799999999999,06,i15_06_5.bmp,train
TID2013,I15,/data/projectwork/swati_mam/new model data/tid2013/tid2013/distorted_images/i15_07_1.bmp,/data/projectwork/swati_mam/new model data/tid2013/tid2013/reference_images/I15.BMP,type_07,1,4.81395,0.10006,07,i15_07_1.bmp,train
TID2013,I15,/data/projectwork/swati_mam/new model data/tid2013/tid2013/distorted_images/i15_07_2.bmp,/data/projectwork/swati_mam/new model data/tid2013/tid2013/reference_images/I15.BMP,type_07,2,3.93023,0.0894399999999999,07,i15_07_2.bmp,train
TID2013,I15,/data/projectwork/swati_mam/new model data/tid2013/tid2013/distorted_images/i15_07_3.bmp,/data/projectwork/swati_mam/new model data/tid2013/tid2013/reference_images/I15.BMP,type_07,3,3.61364,0.09757,07,i15_07_3.bmp,train
TID2013,I15,/data/projectwork/swati_mam/new model data/tid2013/tid2013/distorted_images/i15_07_4.bmp,/data/projectwork/swati_mam/new model data/tid2013/tid2013/reference_images/I15.BMP,type_07,4,2.91111,0.09335,07,i15_07_4.bmp,train
TID2013,I15,/data/projectwork/swati_mam/new model data/tid2013/tid2013/distorted_images/i15_07_5.bmp,/data/projectwork/swati_mam/new model data/tid2013/tid2013/reference_images/I15.BMP,type_07,5,2.44444,0.07407,07,i15_07_5.bmp,train
TID2013,I15,/data/projectwork/swati_mam/new model data/tid2013/tid2013/distorted_images/i15_08_1.bmp,/data/projectwork/swati_mam/new model data/tid2013/tid2013/reference_images/I15.BMP,type_08,1,5.95556,0.157,08,i15_08_1.bmp,train
TID2013,I15,/data/projectwork/swati_mam/new model data/tid2013/tid2013/distorted_images/i15_08_2.bmp,/data/projectwork/swati_mam/new model data/tid2013/tid2013/reference_images/I15.BMP,type_08,2,6.066669999999999,0.14194,08,i15_08_2.bmp,train
TID2013,I15,/data/projectwork/swati_mam/new model data/tid2013/tid2013/distorted_images/i15_08_3.bmp,/data/projectwork/swati_mam/new model data/tid2013/tid2013/reference_images/I15.BMP,type_08,3,5.13636,0.12277,08,i15_08_3.bmp,train
TID2013,I15,/data/projectwork/swati_mam/new model data/tid2013/tid2013/distorted_images/i15_08_4.bmp,/data/projectwork/swati_mam/new model data/tid2013/tid2013/reference_images/I15.BMP,type_08,4,3.93182,0.09314,08,i15_08_4.bmp,train
TID2013,I15,/data/projectwork/swati_mam/new model data/tid2013/tid2013/distorted_images/i15_08_5.bmp,/data/projectwork/swati_mam/new model data/tid2013/tid2013/reference_images/I15.BMP,type_08,5,3.36364,0.09142,08,i15_08_5.bmp,train
TID2013,I15,/data/projectwork/swati_mam/new model data/tid2013/tid2013/distorted_images/i15_09_1.bmp,/data/projectwork/swati_mam/new model data/tid2013/tid2013/reference_images/I15.BMP,type_09,1,5.93023,0.15564,09,i15_09_1.bmp,train
TID2013,I15,/data/projectwork/swati_mam/new model data/tid2013/tid2013/distorted_images/i15_09_2.bmp,/data/projectwork/swati_mam/new model data/tid2013/tid2013/reference_images/I15.BMP,type_09,2,5.54545,0.13807,09,i15_09_2.bmp,train
TID2013,I15,/data/projectwork/swati_mam/new model data/tid2013/tid2013/distorted_images/i15_09_3.bmp,/data/projectwork/swati_mam/new model data/tid2013/tid2013/reference_images/I15.BMP,type_09,3,4.69767,0.11644,09,i15_09_3.bmp,train
TID2013,I15,/data/projectwork/swati_mam/new model data/tid2013/tid2013/distorted_images/i15_09_4.bmp,/data/projectwork/swati_mam/new model data/tid2013/tid2013/reference_images/I15.BMP,type_09,4,3.74419,0.09356,09,i15_09_4.bmp,train
TID2013,I15,/data/projectwork/swati_mam/new model data/tid2013/tid2013/distorted_images/i15_09_5.bmp,/data/projectwork/swati_mam/new model data/tid2013/tid2013/reference_images/I15.BMP,type_09,5,2.5,0.0753799999999999,09,i15_09_5.bmp,train
TID2013,I15,/data/projectwork/swati_mam/new model data/tid2013/tid2013/distorted_images/i15_10_1.bmp,/data/projectwork/swati_mam/new model data/tid2013/tid2013/reference_images/I15.BMP,type_10,1,5.77778,0.14703,10,i15_10_1.bmp,train
TID2013,I15,/data/projectwork/swati_mam/new model data/tid2013/tid2013/distorted_images/i15_10_2.bmp,/data/projectwork/swati_mam/new model data/tid2013/tid2013/reference_images/I15.BMP,type_10,2,5.70455,0.09948,10,i15_10_2.bmp,train
TID2013,I15,/data/projectwork/swati_mam/new model data/tid2013/tid2013/distorted_images/i15_10_3.bmp,/data/projectwork/swati_mam/new model data/tid2013/tid2013/reference_images/I15.BMP,type_10,3,4.6,0.11504,10,i15_10_3.bmp,train
TID2013,I15,/data/projectwork/swati_mam/new model data/tid2013/tid2013/distorted_images/i15_10_4.bmp,/data/projectwork/swati_mam/new model data/tid2013/tid2013/reference_images/I15.BMP,type_10,4,3.17778,0.08485,10,i15_10_4.bmp,train
TID2013,I15,/data/projectwork/swati_mam/new model data/tid2013/tid2013/distorted_images/i15_10_5.bmp,/data/projectwork/swati_mam/new model data/tid2013/tid2013/reference_images/I15.BMP,type_10,5,1.86667,0.0807399999999999,10,i15_10_5.bmp,train
TID2013,I15,/data/projectwork/swati_mam/new model data/tid2013/tid2013/distorted_images/I15_11_1.bmp,/data/projectwork/swati_mam/new model data/tid2013/tid2013/reference_images/I15.BMP,type_11,1,5.8444400000000005,0.1691099999999999,11,I15_11_1.bmp,train
TID2013,I15,/data/projectwork/swati_mam/new model data/tid2013/tid2013/distorted_images/i15_11_2.bmp,/data/projectwork/swati_mam/new model data/tid2013/tid2013/reference_images/I15.BMP,type_11,2,4.4,0.12333,11,i15_11_2.bmp,train
TID2013,I15,/data/projectwork/swati_mam/new model data/tid2013/tid2013/distorted_images/i15_11_3.bmp,/data/projectwork/swati_mam/new model data/tid2013/tid2013/reference_images/I15.BMP,type_11,3,3.04878,0.07675,11,i15_11_3.bmp,train
TID2013,I15,/data/projectwork/swati_mam/new model data/tid2013/tid2013/distorted_images/i15_11_4.bmp,/data/projectwork/swati_mam/new model data/tid2013/tid2013/reference_images/I15.BMP,type_11,4,2.0,0.07027,11,i15_11_4.bmp,train
TID2013,I15,/data/projectwork/swati_mam/new model data/tid2013/tid2013/distorted_images/i15_11_5.bmp,/data/projectwork/swati_mam/new model data/tid2013/tid2013/reference_images/I15.BMP,type_11,5,0.6511600000000001,0.0980299999999999,11,i15_11_5.bmp,train
TID2013,I15,/data/projectwork/swati_mam/new model data/tid2013/tid2013/distorted_images/i15_12_1.bmp,/data/projectwork/swati_mam/new model data/tid2013/tid2013/reference_images/I15.BMP,type_12,1,5.66667,0.14055,12,i15_12_1.bmp,train
TID2013,I15,/data/projectwork/swati_mam/new model data/tid2013/tid2013/distorted_images/i15_12_2.bmp,/data/projectwork/swati_mam/new model data/tid2013/tid2013/reference_images/I15.BMP,type_12,2,5.40909,0.1173,12,i15_12_2.bmp,train
TID2013,I15,/data/projectwork/swati_mam/new model data/tid2013/tid2013/distorted_images/i15_12_3.bmp,/data/projectwork/swati_mam/new model data/tid2013/tid2013/reference_images/I15.BMP,type_12,3,4.22222,0.12527,12,i15_12_3.bmp,train
TID2013,I15,/data/projectwork/swati_mam/new model data/tid2013/tid2013/distorted_images/i15_12_4.bmp,/data/projectwork/swati_mam/new model data/tid2013/tid2013/reference_images/I15.BMP,type_12,4,3.2,0.0807399999999999,12,i15_12_4.bmp,train
TID2013,I15,/data/projectwork/swati_mam/new model data/tid2013/tid2013/distorted_images/i15_12_5.bmp,/data/projectwork/swati_mam/new model data/tid2013/tid2013/reference_images/I15.BMP,type_12,5,2.56818,0.09314,12,i15_12_5.bmp,train
TID2013,I15,/data/projectwork/swati_mam/new model data/tid2013/tid2013/distorted_images/I15_13_1.bmp,/data/projectwork/swati_mam/new model data/tid2013/tid2013/reference_images/I15.BMP,type_13,1,4.84091,0.13615,13,I15_13_1.bmp,train
TID2013,I15,/data/projectwork/swati_mam/new model data/tid2013/tid2013/distorted_images/i15_13_2.bmp,/data/projectwork/swati_mam/new model data/tid2013/tid2013/reference_images/I15.BMP,type_13,2,3.76744,0.09777,13,i15_13_2.bmp,train
TID2013,I15,/data/projectwork/swati_mam/new model data/tid2013/tid2013/distorted_images/i15_13_3.bmp,/data/projectwork/swati_mam/new model data/tid2013/tid2013/reference_images/I15.BMP,type_13,3,3.34884,0.07268,13,i15_13_3.bmp,train
TID2013,I15,/data/projectwork/swati_mam/new model data/tid2013/tid2013/distorted_images/i15_13_4.bmp,/data/projectwork/swati_mam/new model data/tid2013/tid2013/reference_images/I15.BMP,type_13,4,2.86364,0.09421,13,i15_13_4.bmp,train
TID2013,I15,/data/projectwork/swati_mam/new model data/tid2013/tid2013/distorted_images/i15_13_5.bmp,/data/projectwork/swati_mam/new model data/tid2013/tid2013/reference_images/I15.BMP,type_13,5,2.11364,0.0801299999999999,13,i15_13_5.bmp,train
TID2013,I15,/data/projectwork/swati_mam/new model data/tid2013/tid2013/distorted_images/i15_14_1.bmp,/data/projectwork/swati_mam/new model data/tid2013/tid2013/reference_images/I15.BMP,type_14,1,5.59091,0.13756,14,i15_14_1.bmp,train
TID2013,I15,/data/projectwork/swati_mam/new model data/tid2013/tid2013/distorted_images/i15_14_2.bmp,/data/projectwork/swati_mam/new model data/tid2013/tid2013/reference_images/I15.BMP,type_14,2,6.15556,0.13683,14,i15_14_2.bmp,train
TID2013,I15,/data/projectwork/swati_mam/new model data/tid2013/tid2013/distorted_images/i15_14_3.bmp,/data/projectwork/swati_mam/new model data/tid2013/tid2013/reference_images/I15.BMP,type_14,3,5.95556,0.14386,14,i15_14_3.bmp,train
TID2013,I15,/data/projectwork/swati_mam/new model data/tid2013/tid2013/distorted_images/i15_14_4.bmp,/data/projectwork/swati_mam/new model data/tid2013/tid2013/reference_images/I15.BMP,type_14,4,5.02381,0.0981,14,i15_14_4.bmp,train
TID2013,I15,/data/projectwork/swati_mam/new model data/tid2013/tid2013/distorted_images/i15_14_5.bmp,/data/projectwork/swati_mam/new model data/tid2013/tid2013/reference_images/I15.BMP,type_14,5,3.79545,0.1227299999999999,14,i15_14_5.bmp,train
TID2013,I15,/data/projectwork/swati_mam/new model data/tid2013/tid2013/distorted_images/i15_15_1.bmp,/data/projectwork/swati_mam/new model data/tid2013/tid2013/reference_images/I15.BMP,type_15,1,3.88636,0.14451,15,i15_15_1.bmp,train
TID2013,I15,/data/projectwork/swati_mam/new model data/tid2013/tid2013/distorted_images/i15_15_2.bmp,/data/projectwork/swati_mam/new model data/tid2013/tid2013/reference_images/I15.BMP,type_15,2,4.02273,0.13051,15,i15_15_2.bmp,train
TID2013,I15,/data/projectwork/swati_mam/new model data/tid2013/tid2013/distorted_images/i15_15_3.bmp,/data/projectwork/swati_mam/new model data/tid2013/tid2013/reference_images/I15.BMP,type_15,3,3.95455,0.13619,15,i15_15_3.bmp,train
TID2013,I15,/data/projectwork/swati_mam/new model data/tid2013/tid2013/distorted_images/i15_15_4.bmp,/data/projectwork/swati_mam/new model data/tid2013/tid2013/reference_images/I15.BMP,type_15,4,4.13636,0.12691,15,i15_15_4.bmp,train
TID2013,I15,/data/projectwork/swati_mam/new model data/tid2013/tid2013/distorted_images/i15_15_5.bmp,/data/projectwork/swati_mam/new model data/tid2013/tid2013/reference_images/I15.BMP,type_15,5,4.95455,0.1605599999999999,15,i15_15_5.bmp,train
TID2013,I15,/data/projectwork/swati_mam/new model data/tid2013/tid2013/distorted_images/i15_16_1.bmp,/data/projectwork/swati_mam/new model data/tid2013/tid2013/reference_images/I15.BMP,type_16,1,6.22727,0.14681,16,i15_16_1.bmp,train
TID2013,I15,/data/projectwork/swati_mam/new model data/tid2013/tid2013/distorted_images/i15_16_2.bmp,/data/projectwork/swati_mam/new model data/tid2013/tid2013/reference_images/I15.BMP,type_16,2,5.90698,0.1671,16,i15_16_2.bmp,train
TID2013,I15,/data/projectwork/swati_mam/new model data/tid2013/tid2013/distorted_images/i15_16_3.bmp,/data/projectwork/swati_mam/new model data/tid2013/tid2013/reference_images/I15.BMP,type_16,3,5.422219999999999,0.17635,16,i15_16_3.bmp,train
TID2013,I15,/data/projectwork/swati_mam/new model data/tid2013/tid2013/distorted_images/i15_16_4.bmp,/data/projectwork/swati_mam/new model data/tid2013/tid2013/reference_images/I15.BMP,type_16,4,5.38636,0.17668,16,i15_16_4.bmp,train
TID2013,I15,/data/projectwork/swati_mam/new model data/tid2013/tid2013/distorted_images/i15_16_5.bmp,/data/projectwork/swati_mam/new model data/tid2013/tid2013/reference_images/I15.BMP,type_16,5,4.02326,0.12943,16,i15_16_5.bmp,train
TID2013,I15,/data/projectwork/swati_mam/new model data/tid2013/tid2013/distorted_images/i15_17_1.bmp,/data/projectwork/swati_mam/new model data/tid2013/tid2013/reference_images/I15.BMP,type_17,1,5.93182,0.1340599999999999,17,i15_17_1.bmp,train
TID2013,I15,/data/projectwork/swati_mam/new model data/tid2013/tid2013/distorted_images/i15_17_2.bmp,/data/projectwork/swati_mam/new model data/tid2013/tid2013/reference_images/I15.BMP,type_17,2,6.66667,0.16924,17,i15_17_2.bmp,train
TID2013,I15,/data/projectwork/swati_mam/new model data/tid2013/tid2013/distorted_images/i15_17_3.bmp,/data/projectwork/swati_mam/new model data/tid2013/tid2013/reference_images/I15.BMP,type_17,3,5.0,0.12958,17,i15_17_3.bmp,train
TID2013,I15,/data/projectwork/swati_mam/new model data/tid2013/tid2013/distorted_images/i15_17_4.bmp,/data/projectwork/swati_mam/new model data/tid2013/tid2013/reference_images/I15.BMP,type_17,4,6.31111,0.22183,17,i15_17_4.bmp,train
TID2013,I15,/data/projectwork/swati_mam/new model data/tid2013/tid2013/distorted_images/i15_17_5.bmp,/data/projectwork/swati_mam/new model data/tid2013/tid2013/reference_images/I15.BMP,type_17,5,3.82222,0.15166,17,i15_17_5.bmp,train
TID2013,I15,/data/projectwork/swati_mam/new model data/tid2013/tid2013/distorted_images/i15_18_1.bmp,/data/projectwork/swati_mam/new model data/tid2013/tid2013/reference_images/I15.BMP,type_18,1,5.15556,0.12154,18,i15_18_1.bmp,train
TID2013,I15,/data/projectwork/swati_mam/new model data/tid2013/tid2013/distorted_images/i15_18_2.bmp,/data/projectwork/swati_mam/new model data/tid2013/tid2013/reference_images/I15.BMP,type_18,2,4.81395,0.11034,18,i15_18_2.bmp,train
TID2013,I15,/data/projectwork/swati_mam/new model data/tid2013/tid2013/distorted_images/i15_18_3.bmp,/data/projectwork/swati_mam/new model data/tid2013/tid2013/reference_images/I15.BMP,type_18,3,4.37209,0.10919,18,i15_18_3.bmp,train
TID2013,I15,/data/projectwork/swati_mam/new model data/tid2013/tid2013/distorted_images/i15_18_4.bmp,/data/projectwork/swati_mam/new model data/tid2013/tid2013/reference_images/I15.BMP,type_18,4,4.09091,0.13567,18,i15_18_4.bmp,train
TID2013,I15,/data/projectwork/swati_mam/new model data/tid2013/tid2013/distorted_images/i15_18_5.bmp,/data/projectwork/swati_mam/new model data/tid2013/tid2013/reference_images/I15.BMP,type_18,5,3.76744,0.16391,18,i15_18_5.bmp,train
TID2013,I15,/data/projectwork/swati_mam/new model data/tid2013/tid2013/distorted_images/i15_19_1.bmp,/data/projectwork/swati_mam/new model data/tid2013/tid2013/reference_images/I15.BMP,type_19,1,5.90909,0.11049,19,i15_19_1.bmp,train
TID2013,I15,/data/projectwork/swati_mam/new model data/tid2013/tid2013/distorted_images/i15_19_2.bmp,/data/projectwork/swati_mam/new model data/tid2013/tid2013/reference_images/I15.BMP,type_19,2,5.33333,0.12172,19,i15_19_2.bmp,train
TID2013,I15,/data/projectwork/swati_mam/new model data/tid2013/tid2013/distorted_images/i15_19_3.bmp,/data/projectwork/swati_mam/new model data/tid2013/tid2013/reference_images/I15.BMP,type_19,3,4.72093,0.08272,19,i15_19_3.bmp,train
TID2013,I15,/data/projectwork/swati_mam/new model data/tid2013/tid2013/distorted_images/i15_19_4.bmp,/data/projectwork/swati_mam/new model data/tid2013/tid2013/reference_images/I15.BMP,type_19,4,4.37209,0.08716,19,i15_19_4.bmp,train
TID2013,I15,/data/projectwork/swati_mam/new model data/tid2013/tid2013/distorted_images/i15_19_5.bmp,/data/projectwork/swati_mam/new model data/tid2013/tid2013/reference_images/I15.BMP,type_19,5,3.91111,0.09335,19,i15_19_5.bmp,train
TID2013,I15,/data/projectwork/swati_mam/new model data/tid2013/tid2013/distorted_images/i15_20_1.bmp,/data/projectwork/swati_mam/new model data/tid2013/tid2013/reference_images/I15.BMP,type_20,1,6.32558,0.12183,20,i15_20_1.bmp,train
TID2013,I15,/data/projectwork/swati_mam/new model data/tid2013/tid2013/distorted_images/i15_20_2.bmp,/data/projectwork/swati_mam/new model data/tid2013/tid2013/reference_images/I15.BMP,type_20,2,5.64444,0.11824,20,i15_20_2.bmp,train
TID2013,I15,/data/projectwork/swati_mam/new model data/tid2013/tid2013/distorted_images/i15_20_3.bmp,/data/projectwork/swati_mam/new model data/tid2013/tid2013/reference_images/I15.BMP,type_20,3,4.744190000000001,0.1190099999999999,20,i15_20_3.bmp,train
TID2013,I15,/data/projectwork/swati_mam/new model data/tid2013/tid2013/distorted_images/i15_20_4.bmp,/data/projectwork/swati_mam/new model data/tid2013/tid2013/reference_images/I15.BMP,type_20,4,3.13333,0.09216,20,i15_20_4.bmp,train
TID2013,I15,/data/projectwork/swati_mam/new model data/tid2013/tid2013/distorted_images/i15_20_5.bmp,/data/projectwork/swati_mam/new model data/tid2013/tid2013/reference_images/I15.BMP,type_20,5,2.44444,0.10683,20,i15_20_5.bmp,train
TID2013,I15,/data/projectwork/swati_mam/new model data/tid2013/tid2013/distorted_images/i15_21_1.bmp,/data/projectwork/swati_mam/new model data/tid2013/tid2013/reference_images/I15.BMP,type_21,1,5.22727,0.12802,21,i15_21_1.bmp,train
TID2013,I15,/data/projectwork/swati_mam/new model data/tid2013/tid2013/distorted_images/i15_21_2.bmp,/data/projectwork/swati_mam/new model data/tid2013/tid2013/reference_images/I15.BMP,type_21,2,4.55556,0.12787,21,i15_21_2.bmp,train
TID2013,I15,/data/projectwork/swati_mam/new model data/tid2013/tid2013/distorted_images/i15_21_3.bmp,/data/projectwork/swati_mam/new model data/tid2013/tid2013/reference_images/I15.BMP,type_21,3,3.91111,0.09335,21,i15_21_3.bmp,train
TID2013,I15,/data/projectwork/swati_mam/new model data/tid2013/tid2013/distorted_images/i15_21_4.bmp,/data/projectwork/swati_mam/new model data/tid2013/tid2013/reference_images/I15.BMP,type_21,4,3.11364,0.07341,21,i15_21_4.bmp,train
TID2013,I15,/data/projectwork/swati_mam/new model data/tid2013/tid2013/distorted_images/i15_21_5.bmp,/data/projectwork/swati_mam/new model data/tid2013/tid2013/reference_images/I15.BMP,type_21,5,2.30233,0.08407,21,i15_21_5.bmp,train
TID2013,I15,/data/projectwork/swati_mam/new model data/tid2013/tid2013/distorted_images/i15_22_1.bmp,/data/projectwork/swati_mam/new model data/tid2013/tid2013/reference_images/I15.BMP,type_22,1,6.33333,0.17213,22,i15_22_1.bmp,train
TID2013,I15,/data/projectwork/swati_mam/new model data/tid2013/tid2013/distorted_images/i15_22_2.bmp,/data/projectwork/swati_mam/new model data/tid2013/tid2013/reference_images/I15.BMP,type_22,2,5.8,0.12804,22,i15_22_2.bmp,train
TID2013,I15,/data/projectwork/swati_mam/new model data/tid2013/tid2013/distorted_images/i15_22_3.bmp,/data/projectwork/swati_mam/new model data/tid2013/tid2013/reference_images/I15.BMP,type_22,3,5.38636,0.12119,22,i15_22_3.bmp,train
TID2013,I15,/data/projectwork/swati_mam/new model data/tid2013/tid2013/distorted_images/i15_22_4.bmp,/data/projectwork/swati_mam/new model data/tid2013/tid2013/reference_images/I15.BMP,type_22,4,4.4888900000000005,0.10243,22,i15_22_4.bmp,train
TID2013,I15,/data/projectwork/swati_mam/new model data/tid2013/tid2013/distorted_images/i15_22_5.bmp,/data/projectwork/swati_mam/new model data/tid2013/tid2013/reference_images/I15.BMP,type_22,5,3.71111,0.12017,22,i15_22_5.bmp,train
TID2013,I15,/data/projectwork/swati_mam/new model data/tid2013/tid2013/distorted_images/i15_23_1.bmp,/data/projectwork/swati_mam/new model data/tid2013/tid2013/reference_images/I15.BMP,type_23,1,5.90909,0.15353,23,i15_23_1.bmp,train
TID2013,I15,/data/projectwork/swati_mam/new model data/tid2013/tid2013/distorted_images/i15_23_2.bmp,/data/projectwork/swati_mam/new model data/tid2013/tid2013/reference_images/I15.BMP,type_23,2,5.90909,0.1318099999999999,23,i15_23_2.bmp,train
TID2013,I15,/data/projectwork/swati_mam/new model data/tid2013/tid2013/distorted_images/i15_23_3.bmp,/data/projectwork/swati_mam/new model data/tid2013/tid2013/reference_images/I15.BMP,type_23,3,5.36364,0.15445,23,i15_23_3.bmp,train
TID2013,I15,/data/projectwork/swati_mam/new model data/tid2013/tid2013/distorted_images/i15_23_4.bmp,/data/projectwork/swati_mam/new model data/tid2013/tid2013/reference_images/I15.BMP,type_23,4,4.47727,0.12649,23,i15_23_4.bmp,train
TID2013,I15,/data/projectwork/swati_mam/new model data/tid2013/tid2013/distorted_images/i15_23_5.bmp,/data/projectwork/swati_mam/new model data/tid2013/tid2013/reference_images/I15.BMP,type_23,5,3.37209,0.08716,23,i15_23_5.bmp,train
TID2013,I15,/data/projectwork/swati_mam/new model data/tid2013/tid2013/distorted_images/i15_24_1.bmp,/data/projectwork/swati_mam/new model data/tid2013/tid2013/reference_images/I15.BMP,type_24,1,5.77273,0.14325,24,i15_24_1.bmp,train
TID2013,I15,/data/projectwork/swati_mam/new model data/tid2013/tid2013/distorted_images/i15_24_2.bmp,/data/projectwork/swati_mam/new model data/tid2013/tid2013/reference_images/I15.BMP,type_24,2,4.81395,0.10006,24,i15_24_2.bmp,train
TID2013,I15,/data/projectwork/swati_mam/new model data/tid2013/tid2013/distorted_images/i15_24_3.bmp,/data/projectwork/swati_mam/new model data/tid2013/tid2013/reference_images/I15.BMP,type_24,3,3.22727,0.09569,24,i15_24_3.bmp,train
TID2013,I15,/data/projectwork/swati_mam/new model data/tid2013/tid2013/distorted_images/i15_24_4.bmp,/data/projectwork/swati_mam/new model data/tid2013/tid2013/reference_images/I15.BMP,type_24,4,1.88636,0.08634,24,i15_24_4.bmp,train
TID2013,I15,/data/projectwork/swati_mam/new model data/tid2013/tid2013/distorted_images/i15_24_5.bmp,/data/projectwork/swati_mam/new model data/tid2013/tid2013/reference_images/I15.BMP,type_24,5,0.72727,0.09295,24,i15_24_5.bmp,train
TID2013,I16,/data/projectwork/swati_mam/new model data/tid2013/tid2013/distorted_images/I16_01_1.bmp,/data/projectwork/swati_mam/new model data/tid2013/tid2013/reference_images/I16.BMP,type_01,1,5.61538,0.10644,01,I16_01_1.bmp,train
TID2013,I16,/data/projectwork/swati_mam/new model data/tid2013/tid2013/distorted_images/i16_01_2.bmp,/data/projectwork/swati_mam/new model data/tid2013/tid2013/reference_images/I16.BMP,type_01,2,5.65,0.17157,01,i16_01_2.bmp,train
TID2013,I16,/data/projectwork/swati_mam/new model data/tid2013/tid2013/distorted_images/i16_01_3.bmp,/data/projectwork/swati_mam/new model data/tid2013/tid2013/reference_images/I16.BMP,type_01,3,5.02632,0.10842,01,i16_01_3.bmp,train
TID2013,I16,/data/projectwork/swati_mam/new model data/tid2013/tid2013/distorted_images/i16_01_4.bmp,/data/projectwork/swati_mam/new model data/tid2013/tid2013/reference_images/I16.BMP,type_01,4,4.15385,0.1059599999999999,01,i16_01_4.bmp,train
TID2013,I16,/data/projectwork/swati_mam/new model data/tid2013/tid2013/distorted_images/i16_01_5.bmp,/data/projectwork/swati_mam/new model data/tid2013/tid2013/reference_images/I16.BMP,type_01,5,3.94872,0.10848,01,i16_01_5.bmp,train
TID2013,I16,/data/projectwork/swati_mam/new model data/tid2013/tid2013/distorted_images/i16_02_1.bmp,/data/projectwork/swati_mam/new model data/tid2013/tid2013/reference_images/I16.BMP,type_02,1,5.9,0.1533,02,i16_02_1.bmp,train
TID2013,I16,/data/projectwork/swati_mam/new model data/tid2013/tid2013/distorted_images/i16_02_2.bmp,/data/projectwork/swati_mam/new model data/tid2013/tid2013/reference_images/I16.BMP,type_02,2,6.15,0.2078199999999999,02,i16_02_2.bmp,train
TID2013,I16,/data/projectwork/swati_mam/new model data/tid2013/tid2013/distorted_images/i16_02_3.bmp,/data/projectwork/swati_mam/new model data/tid2013/tid2013/reference_images/I16.BMP,type_02,3,5.575,0.13175,02,i16_02_3.bmp,train
TID2013,I16,/data/projectwork/swati_mam/new model data/tid2013/tid2013/distorted_images/i16_02_4.bmp,/data/projectwork/swati_mam/new model data/tid2013/tid2013/reference_images/I16.BMP,type_02,4,5.2,0.12349,02,i16_02_4.bmp,train
TID2013,I16,/data/projectwork/swati_mam/new model data/tid2013/tid2013/distorted_images/i16_02_5.bmp,/data/projectwork/swati_mam/new model data/tid2013/tid2013/reference_images/I16.BMP,type_02,5,4.61538,0.09327,02,i16_02_5.bmp,train
TID2013,I16,/data/projectwork/swati_mam/new model data/tid2013/tid2013/distorted_images/i16_03_1.bmp,/data/projectwork/swati_mam/new model data/tid2013/tid2013/reference_images/I16.BMP,type_03,1,4.74359,0.11872,03,i16_03_1.bmp,train
TID2013,I16,/data/projectwork/swati_mam/new model data/tid2013/tid2013/distorted_images/i16_03_2.bmp,/data/projectwork/swati_mam/new model data/tid2013/tid2013/reference_images/I16.BMP,type_03,2,4.07895,0.0863299999999999,03,i16_03_2.bmp,train
TID2013,I16,/data/projectwork/swati_mam/new model data/tid2013/tid2013/distorted_images/i16_03_3.bmp,/data/projectwork/swati_mam/new model data/tid2013/tid2013/reference_images/I16.BMP,type_03,3,3.69231,0.08995,03,i16_03_3.bmp,train
TID2013,I16,/data/projectwork/swati_mam/new model data/tid2013/tid2013/distorted_images/i16_03_4.bmp,/data/projectwork/swati_mam/new model data/tid2013/tid2013/reference_images/I16.BMP,type_03,4,3.23684,0.0944,03,i16_03_4.bmp,train
TID2013,I16,/data/projectwork/swati_mam/new model data/tid2013/tid2013/distorted_images/i16_03_5.bmp,/data/projectwork/swati_mam/new model data/tid2013/tid2013/reference_images/I16.BMP,type_03,5,2.79487,0.09014,03,i16_03_5.bmp,train
TID2013,I16,/data/projectwork/swati_mam/new model data/tid2013/tid2013/distorted_images/i16_04_1.bmp,/data/projectwork/swati_mam/new model data/tid2013/tid2013/reference_images/I16.BMP,type_04,1,5.825,0.14092,04,i16_04_1.bmp,train
TID2013,I16,/data/projectwork/swati_mam/new model data/tid2013/tid2013/distorted_images/i16_04_2.bmp,/data/projectwork/swati_mam/new model data/tid2013/tid2013/reference_images/I16.BMP,type_04,2,5.82051,0.1139299999999999,04,i16_04_2.bmp,train
TID2013,I16,/data/projectwork/swati_mam/new model data/tid2013/tid2013/distorted_images/i16_04_3.bmp,/data/projectwork/swati_mam/new model data/tid2013/tid2013/reference_images/I16.BMP,type_04,3,5.75,0.15712,04,i16_04_3.bmp,train
TID2013,I16,/data/projectwork/swati_mam/new model data/tid2013/tid2013/distorted_images/i16_04_4.bmp,/data/projectwork/swati_mam/new model data/tid2013/tid2013/reference_images/I16.BMP,type_04,4,5.12821,0.17078,04,i16_04_4.bmp,train
TID2013,I16,/data/projectwork/swati_mam/new model data/tid2013/tid2013/distorted_images/i16_04_5.bmp,/data/projectwork/swati_mam/new model data/tid2013/tid2013/reference_images/I16.BMP,type_04,5,4.61538,0.1338,04,i16_04_5.bmp,train
TID2013,I16,/data/projectwork/swati_mam/new model data/tid2013/tid2013/distorted_images/i16_05_1.bmp,/data/projectwork/swati_mam/new model data/tid2013/tid2013/reference_images/I16.BMP,type_05,1,5.8,0.15083,05,i16_05_1.bmp,train
TID2013,I16,/data/projectwork/swati_mam/new model data/tid2013/tid2013/distorted_images/i16_05_2.bmp,/data/projectwork/swati_mam/new model data/tid2013/tid2013/reference_images/I16.BMP,type_05,2,5.61538,0.12359,05,i16_05_2.bmp,train
TID2013,I16,/data/projectwork/swati_mam/new model data/tid2013/tid2013/distorted_images/i16_05_3.bmp,/data/projectwork/swati_mam/new model data/tid2013/tid2013/reference_images/I16.BMP,type_05,3,5.23077,0.11729,05,i16_05_3.bmp,train
TID2013,I16,/data/projectwork/swati_mam/new model data/tid2013/tid2013/distorted_images/i16_05_4.bmp,/data/projectwork/swati_mam/new model data/tid2013/tid2013/reference_images/I16.BMP,type_05,4,4.35,0.11484,05,i16_05_4.bmp,train
TID2013,I16,/data/projectwork/swati_mam/new model data/tid2013/tid2013/distorted_images/i16_05_5.bmp,/data/projectwork/swati_mam/new model data/tid2013/tid2013/reference_images/I16.BMP,type_05,5,3.39474,0.07929,05,i16_05_5.bmp,train
TID2013,I16,/data/projectwork/swati_mam/new model data/tid2013/tid2013/distorted_images/i16_06_1.bmp,/data/projectwork/swati_mam/new model data/tid2013/tid2013/reference_images/I16.BMP,type_06,1,5.28205,0.11999,06,i16_06_1.bmp,train
TID2013,I16,/data/projectwork/swati_mam/new model data/tid2013/tid2013/distorted_images/i16_06_2.bmp,/data/projectwork/swati_mam/new model data/tid2013/tid2013/reference_images/I16.BMP,type_06,2,4.82051,0.13984,06,i16_06_2.bmp,train
TID2013,I16,/data/projectwork/swati_mam/new model data/tid2013/tid2013/distorted_images/i16_06_3.bmp,/data/projectwork/swati_mam/new model data/tid2013/tid2013/reference_images/I16.BMP,type_06,3,4.53846,0.07983,06,i16_06_3.bmp,train
TID2013,I16,/data/projectwork/swati_mam/new model data/tid2013/tid2013/distorted_images/i16_06_4.bmp,/data/projectwork/swati_mam/new model data/tid2013/tid2013/reference_images/I16.BMP,type_06,4,3.97368,0.09479,06,i16_06_4.bmp,train
TID2013,I16,/data/projectwork/swati_mam/new model data/tid2013/tid2013/distorted_images/i16_06_5.bmp,/data/projectwork/swati_mam/new model data/tid2013/tid2013/reference_images/I16.BMP,type_06,5,3.58974,0.09399,06,i16_06_5.bmp,train
TID2013,I16,/data/projectwork/swati_mam/new model data/tid2013/tid2013/distorted_images/i16_07_1.bmp,/data/projectwork/swati_mam/new model data/tid2013/tid2013/reference_images/I16.BMP,type_07,1,5.475,0.18367,07,i16_07_1.bmp,train
TID2013,I16,/data/projectwork/swati_mam/new model data/tid2013/tid2013/distorted_images/i16_07_2.bmp,/data/projectwork/swati_mam/new model data/tid2013/tid2013/reference_images/I16.BMP,type_07,2,4.75,0.12624,07,i16_07_2.bmp,train
TID2013,I16,/data/projectwork/swati_mam/new model data/tid2013/tid2013/distorted_images/i16_07_3.bmp,/data/projectwork/swati_mam/new model data/tid2013/tid2013/reference_images/I16.BMP,type_07,3,4.35,0.12525,07,i16_07_3.bmp,train
TID2013,I16,/data/projectwork/swati_mam/new model data/tid2013/tid2013/distorted_images/i16_07_4.bmp,/data/projectwork/swati_mam/new model data/tid2013/tid2013/reference_images/I16.BMP,type_07,4,3.66667,0.0982,07,i16_07_4.bmp,train
TID2013,I16,/data/projectwork/swati_mam/new model data/tid2013/tid2013/distorted_images/i16_07_5.bmp,/data/projectwork/swati_mam/new model data/tid2013/tid2013/reference_images/I16.BMP,type_07,5,3.10256,0.10754,07,i16_07_5.bmp,train
TID2013,I16,/data/projectwork/swati_mam/new model data/tid2013/tid2013/distorted_images/i16_08_1.bmp,/data/projectwork/swati_mam/new model data/tid2013/tid2013/reference_images/I16.BMP,type_08,1,5.82051,0.12494,08,i16_08_1.bmp,train
TID2013,I16,/data/projectwork/swati_mam/new model data/tid2013/tid2013/distorted_images/i16_08_2.bmp,/data/projectwork/swati_mam/new model data/tid2013/tid2013/reference_images/I16.BMP,type_08,2,5.225,0.13914,08,i16_08_2.bmp,train
TID2013,I16,/data/projectwork/swati_mam/new model data/tid2013/tid2013/distorted_images/i16_08_3.bmp,/data/projectwork/swati_mam/new model data/tid2013/tid2013/reference_images/I16.BMP,type_08,3,4.275,0.1224099999999999,08,i16_08_3.bmp,train
TID2013,I16,/data/projectwork/swati_mam/new model data/tid2013/tid2013/distorted_images/i16_08_4.bmp,/data/projectwork/swati_mam/new model data/tid2013/tid2013/reference_images/I16.BMP,type_08,4,3.615380000000001,0.09327,08,i16_08_4.bmp,train
TID2013,I16,/data/projectwork/swati_mam/new model data/tid2013/tid2013/distorted_images/i16_08_5.bmp,/data/projectwork/swati_mam/new model data/tid2013/tid2013/reference_images/I16.BMP,type_08,5,2.925,0.08936,08,i16_08_5.bmp,train
TID2013,I16,/data/projectwork/swati_mam/new model data/tid2013/tid2013/distorted_images/i16_09_1.bmp,/data/projectwork/swati_mam/new model data/tid2013/tid2013/reference_images/I16.BMP,type_09,1,6.02564,0.15164,09,i16_09_1.bmp,train
TID2013,I16,/data/projectwork/swati_mam/new model data/tid2013/tid2013/distorted_images/i16_09_2.bmp,/data/projectwork/swati_mam/new model data/tid2013/tid2013/reference_images/I16.BMP,type_09,2,5.76923,0.16799,09,i16_09_2.bmp,train
TID2013,I16,/data/projectwork/swati_mam/new model data/tid2013/tid2013/distorted_images/i16_09_3.bmp,/data/projectwork/swati_mam/new model data/tid2013/tid2013/reference_images/I16.BMP,type_09,3,4.58974,0.14376,09,i16_09_3.bmp,train
TID2013,I16,/data/projectwork/swati_mam/new model data/tid2013/tid2013/distorted_images/i16_09_4.bmp,/data/projectwork/swati_mam/new model data/tid2013/tid2013/reference_images/I16.BMP,type_09,4,3.12821,0.0825299999999999,09,i16_09_4.bmp,train
TID2013,I16,/data/projectwork/swati_mam/new model data/tid2013/tid2013/distorted_images/i16_09_5.bmp,/data/projectwork/swati_mam/new model data/tid2013/tid2013/reference_images/I16.BMP,type_09,5,2.34211,0.08549,09,i16_09_5.bmp,train
TID2013,I16,/data/projectwork/swati_mam/new model data/tid2013/tid2013/distorted_images/i16_10_1.bmp,/data/projectwork/swati_mam/new model data/tid2013/tid2013/reference_images/I16.BMP,type_10,1,5.9,0.16125,10,i16_10_1.bmp,train
TID2013,I16,/data/projectwork/swati_mam/new model data/tid2013/tid2013/distorted_images/i16_10_2.bmp,/data/projectwork/swati_mam/new model data/tid2013/tid2013/reference_images/I16.BMP,type_10,2,5.76923,0.16799,10,i16_10_2.bmp,train
TID2013,I16,/data/projectwork/swati_mam/new model data/tid2013/tid2013/distorted_images/i16_10_3.bmp,/data/projectwork/swati_mam/new model data/tid2013/tid2013/reference_images/I16.BMP,type_10,3,5.25641,0.12932,10,i16_10_3.bmp,train
TID2013,I16,/data/projectwork/swati_mam/new model data/tid2013/tid2013/distorted_images/i16_10_4.bmp,/data/projectwork/swati_mam/new model data/tid2013/tid2013/reference_images/I16.BMP,type_10,4,3.615380000000001,0.09327,10,i16_10_4.bmp,train
TID2013,I16,/data/projectwork/swati_mam/new model data/tid2013/tid2013/distorted_images/i16_10_5.bmp,/data/projectwork/swati_mam/new model data/tid2013/tid2013/reference_images/I16.BMP,type_10,5,2.4615400000000003,0.07983,10,i16_10_5.bmp,train
TID2013,I16,/data/projectwork/swati_mam/new model data/tid2013/tid2013/distorted_images/I16_11_1.bmp,/data/projectwork/swati_mam/new model data/tid2013/tid2013/reference_images/I16.BMP,type_11,1,5.875,0.14658,11,I16_11_1.bmp,train
TID2013,I16,/data/projectwork/swati_mam/new model data/tid2013/tid2013/distorted_images/i16_11_2.bmp,/data/projectwork/swati_mam/new model data/tid2013/tid2013/reference_images/I16.BMP,type_11,2,5.075,0.14743,11,i16_11_2.bmp,train
TID2013,I16,/data/projectwork/swati_mam/new model data/tid2013/tid2013/distorted_images/i16_11_3.bmp,/data/projectwork/swati_mam/new model data/tid2013/tid2013/reference_images/I16.BMP,type_11,3,2.89744,0.09452,11,i16_11_3.bmp,train
TID2013,I16,/data/projectwork/swati_mam/new model data/tid2013/tid2013/distorted_images/i16_11_4.bmp,/data/projectwork/swati_mam/new model data/tid2013/tid2013/reference_images/I16.BMP,type_11,4,2.075,0.07406,11,i16_11_4.bmp,train
TID2013,I16,/data/projectwork/swati_mam/new model data/tid2013/tid2013/distorted_images/i16_11_5.bmp,/data/projectwork/swati_mam/new model data/tid2013/tid2013/reference_images/I16.BMP,type_11,5,0.95,0.1412,11,i16_11_5.bmp,train
TID2013,I16,/data/projectwork/swati_mam/new model data/tid2013/tid2013/distorted_images/i16_12_1.bmp,/data/projectwork/swati_mam/new model data/tid2013/tid2013/reference_images/I16.BMP,type_12,1,5.875,0.14658,12,i16_12_1.bmp,train
TID2013,I16,/data/projectwork/swati_mam/new model data/tid2013/tid2013/distorted_images/i16_12_2.bmp,/data/projectwork/swati_mam/new model data/tid2013/tid2013/reference_images/I16.BMP,type_12,2,5.575,0.12692,12,i16_12_2.bmp,train
TID2013,I16,/data/projectwork/swati_mam/new model data/tid2013/tid2013/distorted_images/i16_12_3.bmp,/data/projectwork/swati_mam/new model data/tid2013/tid2013/reference_images/I16.BMP,type_12,3,4.925,0.14312,12,i16_12_3.bmp,train
TID2013,I16,/data/projectwork/swati_mam/new model data/tid2013/tid2013/distorted_images/i16_12_4.bmp,/data/projectwork/swati_mam/new model data/tid2013/tid2013/reference_images/I16.BMP,type_12,4,3.28205,0.09559,12,i16_12_4.bmp,train
TID2013,I16,/data/projectwork/swati_mam/new model data/tid2013/tid2013/distorted_images/i16_12_5.bmp,/data/projectwork/swati_mam/new model data/tid2013/tid2013/reference_images/I16.BMP,type_12,5,2.6,0.11068,12,i16_12_5.bmp,train
TID2013,I16,/data/projectwork/swati_mam/new model data/tid2013/tid2013/distorted_images/I16_13_1.bmp,/data/projectwork/swati_mam/new model data/tid2013/tid2013/reference_images/I16.BMP,type_13,1,4.6,0.13134,13,I16_13_1.bmp,train
TID2013,I16,/data/projectwork/swati_mam/new model data/tid2013/tid2013/distorted_images/i16_13_2.bmp,/data/projectwork/swati_mam/new model data/tid2013/tid2013/reference_images/I16.BMP,type_13,2,3.81579,0.1043099999999999,13,i16_13_2.bmp,train
TID2013,I16,/data/projectwork/swati_mam/new model data/tid2013/tid2013/distorted_images/i16_13_3.bmp,/data/projectwork/swati_mam/new model data/tid2013/tid2013/reference_images/I16.BMP,type_13,3,4.46154,0.11942,13,i16_13_3.bmp,train
TID2013,I16,/data/projectwork/swati_mam/new model data/tid2013/tid2013/distorted_images/i16_13_4.bmp,/data/projectwork/swati_mam/new model data/tid2013/tid2013/reference_images/I16.BMP,type_13,4,3.05128,0.0884399999999999,13,i16_13_4.bmp,train
TID2013,I16,/data/projectwork/swati_mam/new model data/tid2013/tid2013/distorted_images/i16_13_5.bmp,/data/projectwork/swati_mam/new model data/tid2013/tid2013/reference_images/I16.BMP,type_13,5,3.625,0.0980299999999999,13,i16_13_5.bmp,train
TID2013,I16,/data/projectwork/swati_mam/new model data/tid2013/tid2013/distorted_images/i16_14_1.bmp,/data/projectwork/swati_mam/new model data/tid2013/tid2013/reference_images/I16.BMP,type_14,1,5.76923,0.1379,14,i16_14_1.bmp,train
TID2013,I16,/data/projectwork/swati_mam/new model data/tid2013/tid2013/distorted_images/i16_14_2.bmp,/data/projectwork/swati_mam/new model data/tid2013/tid2013/reference_images/I16.BMP,type_14,2,6.1315800000000005,0.1350599999999999,14,i16_14_2.bmp,train
TID2013,I16,/data/projectwork/swati_mam/new model data/tid2013/tid2013/distorted_images/i16_14_3.bmp,/data/projectwork/swati_mam/new model data/tid2013/tid2013/reference_images/I16.BMP,type_14,3,5.61538,0.11244,14,i16_14_3.bmp,train
TID2013,I16,/data/projectwork/swati_mam/new model data/tid2013/tid2013/distorted_images/i16_14_4.bmp,/data/projectwork/swati_mam/new model data/tid2013/tid2013/reference_images/I16.BMP,type_14,4,5.52632,0.13282,14,i16_14_4.bmp,train
TID2013,I16,/data/projectwork/swati_mam/new model data/tid2013/tid2013/distorted_images/i16_14_5.bmp,/data/projectwork/swati_mam/new model data/tid2013/tid2013/reference_images/I16.BMP,type_14,5,4.575,0.14092,14,i16_14_5.bmp,train
TID2013,I16,/data/projectwork/swati_mam/new model data/tid2013/tid2013/distorted_images/i16_15_1.bmp,/data/projectwork/swati_mam/new model data/tid2013/tid2013/reference_images/I16.BMP,type_15,1,3.41026,0.11304,15,i16_15_1.bmp,train
TID2013,I16,/data/projectwork/swati_mam/new model data/tid2013/tid2013/distorted_images/i16_15_2.bmp,/data/projectwork/swati_mam/new model data/tid2013/tid2013/reference_images/I16.BMP,type_15,2,3.53846,0.1248099999999999,15,i16_15_2.bmp,train
TID2013,I16,/data/projectwork/swati_mam/new model data/tid2013/tid2013/distorted_images/i16_15_3.bmp,/data/projectwork/swati_mam/new model data/tid2013/tid2013/reference_images/I16.BMP,type_15,3,3.475,0.1224099999999999,15,i16_15_3.bmp,train
TID2013,I16,/data/projectwork/swati_mam/new model data/tid2013/tid2013/distorted_images/i16_15_4.bmp,/data/projectwork/swati_mam/new model data/tid2013/tid2013/reference_images/I16.BMP,type_15,4,3.65,0.1348599999999999,15,i16_15_4.bmp,train
TID2013,I16,/data/projectwork/swati_mam/new model data/tid2013/tid2013/distorted_images/i16_15_5.bmp,/data/projectwork/swati_mam/new model data/tid2013/tid2013/reference_images/I16.BMP,type_15,5,4.02632,0.12052,15,i16_15_5.bmp,train
TID2013,I16,/data/projectwork/swati_mam/new model data/tid2013/tid2013/distorted_images/i16_16_1.bmp,/data/projectwork/swati_mam/new model data/tid2013/tid2013/reference_images/I16.BMP,type_16,1,5.923080000000001,0.1375299999999999,16,i16_16_1.bmp,train
TID2013,I16,/data/projectwork/swati_mam/new model data/tid2013/tid2013/distorted_images/i16_16_2.bmp,/data/projectwork/swati_mam/new model data/tid2013/tid2013/reference_images/I16.BMP,type_16,2,6.275,0.14572,16,i16_16_2.bmp,train
TID2013,I16,/data/projectwork/swati_mam/new model data/tid2013/tid2013/distorted_images/i16_16_3.bmp,/data/projectwork/swati_mam/new model data/tid2013/tid2013/reference_images/I16.BMP,type_16,3,5.68421,0.18272,16,i16_16_3.bmp,train
TID2013,I16,/data/projectwork/swati_mam/new model data/tid2013/tid2013/distorted_images/i16_16_4.bmp,/data/projectwork/swati_mam/new model data/tid2013/tid2013/reference_images/I16.BMP,type_16,4,5.75,0.22845,16,i16_16_4.bmp,train
TID2013,I16,/data/projectwork/swati_mam/new model data/tid2013/tid2013/distorted_images/i16_16_5.bmp,/data/projectwork/swati_mam/new model data/tid2013/tid2013/reference_images/I16.BMP,type_16,5,4.61538,0.14781,16,i16_16_5.bmp,train
TID2013,I16,/data/projectwork/swati_mam/new model data/tid2013/tid2013/distorted_images/i16_17_1.bmp,/data/projectwork/swati_mam/new model data/tid2013/tid2013/reference_images/I16.BMP,type_17,1,5.825,0.13642,17,i16_17_1.bmp,train
TID2013,I16,/data/projectwork/swati_mam/new model data/tid2013/tid2013/distorted_images/i16_17_2.bmp,/data/projectwork/swati_mam/new model data/tid2013/tid2013/reference_images/I16.BMP,type_17,2,7.1,0.16882,17,i16_17_2.bmp,train
TID2013,I16,/data/projectwork/swati_mam/new model data/tid2013/tid2013/distorted_images/i16_17_3.bmp,/data/projectwork/swati_mam/new model data/tid2013/tid2013/reference_images/I16.BMP,type_17,3,4.75,0.15309,17,i16_17_3.bmp,train
TID2013,I16,/data/projectwork/swati_mam/new model data/tid2013/tid2013/distorted_images/i16_17_4.bmp,/data/projectwork/swati_mam/new model data/tid2013/tid2013/reference_images/I16.BMP,type_17,4,6.65,0.22514,17,i16_17_4.bmp,train
TID2013,I16,/data/projectwork/swati_mam/new model data/tid2013/tid2013/distorted_images/i16_17_5.bmp,/data/projectwork/swati_mam/new model data/tid2013/tid2013/reference_images/I16.BMP,type_17,5,3.35897,0.07681,17,i16_17_5.bmp,train
TID2013,I16,/data/projectwork/swati_mam/new model data/tid2013/tid2013/distorted_images/i16_18_1.bmp,/data/projectwork/swati_mam/new model data/tid2013/tid2013/reference_images/I16.BMP,type_18,1,4.6,0.13601,18,i16_18_1.bmp,train
TID2013,I16,/data/projectwork/swati_mam/new model data/tid2013/tid2013/distorted_images/i16_18_2.bmp,/data/projectwork/swati_mam/new model data/tid2013/tid2013/reference_images/I16.BMP,type_18,2,4.3947400000000005,0.11495,18,i16_18_2.bmp,train
TID2013,I16,/data/projectwork/swati_mam/new model data/tid2013/tid2013/distorted_images/i16_18_3.bmp,/data/projectwork/swati_mam/new model data/tid2013/tid2013/reference_images/I16.BMP,type_18,3,4.05,0.11152,18,i16_18_3.bmp,train
TID2013,I16,/data/projectwork/swati_mam/new model data/tid2013/tid2013/distorted_images/i16_18_4.bmp,/data/projectwork/swati_mam/new model data/tid2013/tid2013/reference_images/I16.BMP,type_18,4,3.92308,0.11685,18,i16_18_4.bmp,train
TID2013,I16,/data/projectwork/swati_mam/new model data/tid2013/tid2013/distorted_images/i16_18_5.bmp,/data/projectwork/swati_mam/new model data/tid2013/tid2013/reference_images/I16.BMP,type_18,5,3.94737,0.09809,18,i16_18_5.bmp,train
TID2013,I16,/data/projectwork/swati_mam/new model data/tid2013/tid2013/distorted_images/i16_19_1.bmp,/data/projectwork/swati_mam/new model data/tid2013/tid2013/reference_images/I16.BMP,type_19,1,5.575,0.14529,19,i16_19_1.bmp,train
TID2013,I16,/data/projectwork/swati_mam/new model data/tid2013/tid2013/distorted_images/i16_19_2.bmp,/data/projectwork/swati_mam/new model data/tid2013/tid2013/reference_images/I16.BMP,type_19,2,5.375,0.14443,19,i16_19_2.bmp,train
TID2013,I16,/data/projectwork/swati_mam/new model data/tid2013/tid2013/distorted_images/i16_19_3.bmp,/data/projectwork/swati_mam/new model data/tid2013/tid2013/reference_images/I16.BMP,type_19,3,4.61538,0.11244,19,i16_19_3.bmp,train
TID2013,I16,/data/projectwork/swati_mam/new model data/tid2013/tid2013/distorted_images/i16_19_4.bmp,/data/projectwork/swati_mam/new model data/tid2013/tid2013/reference_images/I16.BMP,type_19,4,4.15385,0.08534,19,i16_19_4.bmp,train
TID2013,I16,/data/projectwork/swati_mam/new model data/tid2013/tid2013/distorted_images/i16_19_5.bmp,/data/projectwork/swati_mam/new model data/tid2013/tid2013/reference_images/I16.BMP,type_19,5,3.66667,0.10468,19,i16_19_5.bmp,train
TID2013,I16,/data/projectwork/swati_mam/new model data/tid2013/tid2013/distorted_images/i16_20_1.bmp,/data/projectwork/swati_mam/new model data/tid2013/tid2013/reference_images/I16.BMP,type_20,1,6.076919999999999,0.13266,20,i16_20_1.bmp,train
TID2013,I16,/data/projectwork/swati_mam/new model data/tid2013/tid2013/distorted_images/i16_20_2.bmp,/data/projectwork/swati_mam/new model data/tid2013/tid2013/reference_images/I16.BMP,type_20,2,5.74359,0.15688,20,i16_20_2.bmp,train
TID2013,I16,/data/projectwork/swati_mam/new model data/tid2013/tid2013/distorted_images/i16_20_3.bmp,/data/projectwork/swati_mam/new model data/tid2013/tid2013/reference_images/I16.BMP,type_20,3,5.18421,0.12262,20,i16_20_3.bmp,train
TID2013,I16,/data/projectwork/swati_mam/new model data/tid2013/tid2013/distorted_images/i16_20_4.bmp,/data/projectwork/swati_mam/new model data/tid2013/tid2013/reference_images/I16.BMP,type_20,4,4.125,0.12839,20,i16_20_4.bmp,train
TID2013,I16,/data/projectwork/swati_mam/new model data/tid2013/tid2013/distorted_images/i16_20_5.bmp,/data/projectwork/swati_mam/new model data/tid2013/tid2013/reference_images/I16.BMP,type_20,5,3.58974,0.12932,20,i16_20_5.bmp,train
TID2013,I16,/data/projectwork/swati_mam/new model data/tid2013/tid2013/distorted_images/i16_21_1.bmp,/data/projectwork/swati_mam/new model data/tid2013/tid2013/reference_images/I16.BMP,type_21,1,5.825,0.1728,21,i16_21_1.bmp,train
TID2013,I16,/data/projectwork/swati_mam/new model data/tid2013/tid2013/distorted_images/i16_21_2.bmp,/data/projectwork/swati_mam/new model data/tid2013/tid2013/reference_images/I16.BMP,type_21,2,5.46154,0.13493,21,i16_21_2.bmp,train
TID2013,I16,/data/projectwork/swati_mam/new model data/tid2013/tid2013/distorted_images/i16_21_3.bmp,/data/projectwork/swati_mam/new model data/tid2013/tid2013/reference_images/I16.BMP,type_21,3,4.25641,0.10707,21,i16_21_3.bmp,train
TID2013,I16,/data/projectwork/swati_mam/new model data/tid2013/tid2013/distorted_images/i16_21_4.bmp,/data/projectwork/swati_mam/new model data/tid2013/tid2013/reference_images/I16.BMP,type_21,4,3.76923,0.09218,21,i16_21_4.bmp,train
TID2013,I16,/data/projectwork/swati_mam/new model data/tid2013/tid2013/distorted_images/i16_21_5.bmp,/data/projectwork/swati_mam/new model data/tid2013/tid2013/reference_images/I16.BMP,type_21,5,1.84615,0.09272,21,i16_21_5.bmp,train
TID2013,I16,/data/projectwork/swati_mam/new model data/tid2013/tid2013/distorted_images/i16_22_1.bmp,/data/projectwork/swati_mam/new model data/tid2013/tid2013/reference_images/I16.BMP,type_22,1,5.61538,0.1338,22,i16_22_1.bmp,train
TID2013,I16,/data/projectwork/swati_mam/new model data/tid2013/tid2013/distorted_images/i16_22_2.bmp,/data/projectwork/swati_mam/new model data/tid2013/tid2013/reference_images/I16.BMP,type_22,2,5.35,0.1348599999999999,22,i16_22_2.bmp,train
TID2013,I16,/data/projectwork/swati_mam/new model data/tid2013/tid2013/distorted_images/i16_22_3.bmp,/data/projectwork/swati_mam/new model data/tid2013/tid2013/reference_images/I16.BMP,type_22,3,4.94595,0.085,22,i16_22_3.bmp,train
TID2013,I16,/data/projectwork/swati_mam/new model data/tid2013/tid2013/distorted_images/i16_22_4.bmp,/data/projectwork/swati_mam/new model data/tid2013/tid2013/reference_images/I16.BMP,type_22,4,3.97368,0.11463,22,i16_22_4.bmp,train
TID2013,I16,/data/projectwork/swati_mam/new model data/tid2013/tid2013/distorted_images/i16_22_5.bmp,/data/projectwork/swati_mam/new model data/tid2013/tid2013/reference_images/I16.BMP,type_22,5,2.775,0.09005,22,i16_22_5.bmp,train
TID2013,I16,/data/projectwork/swati_mam/new model data/tid2013/tid2013/distorted_images/i16_23_1.bmp,/data/projectwork/swati_mam/new model data/tid2013/tid2013/reference_images/I16.BMP,type_23,1,6.125,0.14658,23,i16_23_1.bmp,train
TID2013,I16,/data/projectwork/swati_mam/new model data/tid2013/tid2013/distorted_images/i16_23_2.bmp,/data/projectwork/swati_mam/new model data/tid2013/tid2013/reference_images/I16.BMP,type_23,2,4.825,0.13175,23,i16_23_2.bmp,train
TID2013,I16,/data/projectwork/swati_mam/new model data/tid2013/tid2013/distorted_images/i16_23_3.bmp,/data/projectwork/swati_mam/new model data/tid2013/tid2013/reference_images/I16.BMP,type_23,3,2.7,0.07246,23,i16_23_3.bmp,train
TID2013,I16,/data/projectwork/swati_mam/new model data/tid2013/tid2013/distorted_images/i16_23_4.bmp,/data/projectwork/swati_mam/new model data/tid2013/tid2013/reference_images/I16.BMP,type_23,4,2.15789,0.09507,23,i16_23_4.bmp,train
TID2013,I16,/data/projectwork/swati_mam/new model data/tid2013/tid2013/distorted_images/i16_23_5.bmp,/data/projectwork/swati_mam/new model data/tid2013/tid2013/reference_images/I16.BMP,type_23,5,1.52632,0.081,23,i16_23_5.bmp,train
TID2013,I16,/data/projectwork/swati_mam/new model data/tid2013/tid2013/distorted_images/i16_24_1.bmp,/data/projectwork/swati_mam/new model data/tid2013/tid2013/reference_images/I16.BMP,type_24,1,5.36842,0.12014,24,i16_24_1.bmp,train
TID2013,I16,/data/projectwork/swati_mam/new model data/tid2013/tid2013/distorted_images/i16_24_2.bmp,/data/projectwork/swati_mam/new model data/tid2013/tid2013/reference_images/I16.BMP,type_24,2,4.052630000000001,0.09809,24,i16_24_2.bmp,train
TID2013,I16,/data/projectwork/swati_mam/new model data/tid2013/tid2013/distorted_images/i16_24_3.bmp,/data/projectwork/swati_mam/new model data/tid2013/tid2013/reference_images/I16.BMP,type_24,3,2.64103,0.11169,24,i16_24_3.bmp,train
TID2013,I16,/data/projectwork/swati_mam/new model data/tid2013/tid2013/distorted_images/i16_24_4.bmp,/data/projectwork/swati_mam/new model data/tid2013/tid2013/reference_images/I16.BMP,type_24,4,1.84211,0.05915,24,i16_24_4.bmp,train
TID2013,I16,/data/projectwork/swati_mam/new model data/tid2013/tid2013/distorted_images/i16_24_5.bmp,/data/projectwork/swati_mam/new model data/tid2013/tid2013/reference_images/I16.BMP,type_24,5,0.97436,0.1174299999999999,24,i16_24_5.bmp,train
TID2013,I17,/data/projectwork/swati_mam/new model data/tid2013/tid2013/distorted_images/I17_01_1.bmp,/data/projectwork/swati_mam/new model data/tid2013/tid2013/reference_images/I17.BMP,type_01,1,5.89189,0.09192,01,I17_01_1.bmp,train
TID2013,I17,/data/projectwork/swati_mam/new model data/tid2013/tid2013/distorted_images/i17_01_2.bmp,/data/projectwork/swati_mam/new model data/tid2013/tid2013/reference_images/I17.BMP,type_01,2,5.21053,0.11861,01,i17_01_2.bmp,train
TID2013,I17,/data/projectwork/swati_mam/new model data/tid2013/tid2013/distorted_images/i17_01_3.bmp,/data/projectwork/swati_mam/new model data/tid2013/tid2013/reference_images/I17.BMP,type_01,3,5.05128,0.12535,01,i17_01_3.bmp,train
TID2013,I17,/data/projectwork/swati_mam/new model data/tid2013/tid2013/distorted_images/i17_01_4.bmp,/data/projectwork/swati_mam/new model data/tid2013/tid2013/reference_images/I17.BMP,type_01,4,4.38462,0.12359,01,i17_01_4.bmp,train
TID2013,I17,/data/projectwork/swati_mam/new model data/tid2013/tid2013/distorted_images/i17_01_5.bmp,/data/projectwork/swati_mam/new model data/tid2013/tid2013/reference_images/I17.BMP,type_01,5,3.87179,0.09716,01,i17_01_5.bmp,train
TID2013,I17,/data/projectwork/swati_mam/new model data/tid2013/tid2013/distorted_images/i17_02_1.bmp,/data/projectwork/swati_mam/new model data/tid2013/tid2013/reference_images/I17.BMP,type_02,1,5.75,0.15712,02,i17_02_1.bmp,train
TID2013,I17,/data/projectwork/swati_mam/new model data/tid2013/tid2013/distorted_images/i17_02_2.bmp,/data/projectwork/swati_mam/new model data/tid2013/tid2013/reference_images/I17.BMP,type_02,2,6.0,0.15,02,i17_02_2.bmp,train
TID2013,I17,/data/projectwork/swati_mam/new model data/tid2013/tid2013/distorted_images/i17_02_3.bmp,/data/projectwork/swati_mam/new model data/tid2013/tid2013/reference_images/I17.BMP,type_02,3,5.825,0.16158,02,i17_02_3.bmp,train
TID2013,I17,/data/projectwork/swati_mam/new model data/tid2013/tid2013/distorted_images/i17_02_4.bmp,/data/projectwork/swati_mam/new model data/tid2013/tid2013/reference_images/I17.BMP,type_02,4,5.275,0.13687,02,i17_02_4.bmp,train
TID2013,I17,/data/projectwork/swati_mam/new model data/tid2013/tid2013/distorted_images/i17_02_5.bmp,/data/projectwork/swati_mam/new model data/tid2013/tid2013/reference_images/I17.BMP,type_02,5,4.48718,0.10174,02,i17_02_5.bmp,train
TID2013,I17,/data/projectwork/swati_mam/new model data/tid2013/tid2013/distorted_images/i17_03_1.bmp,/data/projectwork/swati_mam/new model data/tid2013/tid2013/reference_images/I17.BMP,type_03,1,4.97368,0.1018299999999999,03,i17_03_1.bmp,train
TID2013,I17,/data/projectwork/swati_mam/new model data/tid2013/tid2013/distorted_images/i17_03_2.bmp,/data/projectwork/swati_mam/new model data/tid2013/tid2013/reference_images/I17.BMP,type_03,2,4.4359,0.10754,03,i17_03_2.bmp,train
TID2013,I17,/data/projectwork/swati_mam/new model data/tid2013/tid2013/distorted_images/i17_03_3.bmp,/data/projectwork/swati_mam/new model data/tid2013/tid2013/reference_images/I17.BMP,type_03,3,3.82051,0.07135,03,i17_03_3.bmp,train
TID2013,I17,/data/projectwork/swati_mam/new model data/tid2013/tid2013/distorted_images/i17_03_4.bmp,/data/projectwork/swati_mam/new model data/tid2013/tid2013/reference_images/I17.BMP,type_03,4,3.35,0.11484,03,i17_03_4.bmp,train
TID2013,I17,/data/projectwork/swati_mam/new model data/tid2013/tid2013/distorted_images/i17_03_5.bmp,/data/projectwork/swati_mam/new model data/tid2013/tid2013/reference_images/I17.BMP,type_03,5,2.89744,0.0872899999999999,03,i17_03_5.bmp,train
TID2013,I17,/data/projectwork/swati_mam/new model data/tid2013/tid2013/distorted_images/i17_04_1.bmp,/data/projectwork/swati_mam/new model data/tid2013/tid2013/reference_images/I17.BMP,type_04,1,5.76923,0.12276,04,i17_04_1.bmp,train
TID2013,I17,/data/projectwork/swati_mam/new model data/tid2013/tid2013/distorted_images/i17_04_2.bmp,/data/projectwork/swati_mam/new model data/tid2013/tid2013/reference_images/I17.BMP,type_04,2,5.97368,0.10842,04,i17_04_2.bmp,train
TID2013,I17,/data/projectwork/swati_mam/new model data/tid2013/tid2013/distorted_images/i17_04_3.bmp,/data/projectwork/swati_mam/new model data/tid2013/tid2013/reference_images/I17.BMP,type_04,3,5.33333,0.11657,04,i17_04_3.bmp,train
TID2013,I17,/data/projectwork/swati_mam/new model data/tid2013/tid2013/distorted_images/i17_04_4.bmp,/data/projectwork/swati_mam/new model data/tid2013/tid2013/reference_images/I17.BMP,type_04,4,5.23684,0.1312299999999999,04,i17_04_4.bmp,train
TID2013,I17,/data/projectwork/swati_mam/new model data/tid2013/tid2013/distorted_images/i17_04_5.bmp,/data/projectwork/swati_mam/new model data/tid2013/tid2013/reference_images/I17.BMP,type_04,5,4.73684,0.0887299999999999,04,i17_04_5.bmp,train
TID2013,I17,/data/projectwork/swati_mam/new model data/tid2013/tid2013/distorted_images/i17_05_1.bmp,/data/projectwork/swati_mam/new model data/tid2013/tid2013/reference_images/I17.BMP,type_05,1,5.825,0.14953,05,i17_05_1.bmp,train
TID2013,I17,/data/projectwork/swati_mam/new model data/tid2013/tid2013/distorted_images/i17_05_2.bmp,/data/projectwork/swati_mam/new model data/tid2013/tid2013/reference_images/I17.BMP,type_05,2,5.925,0.15964,05,i17_05_2.bmp,train
TID2013,I17,/data/projectwork/swati_mam/new model data/tid2013/tid2013/distorted_images/i17_05_3.bmp,/data/projectwork/swati_mam/new model data/tid2013/tid2013/reference_images/I17.BMP,type_05,3,5.23684,0.11431,05,i17_05_3.bmp,train
TID2013,I17,/data/projectwork/swati_mam/new model data/tid2013/tid2013/distorted_images/i17_05_4.bmp,/data/projectwork/swati_mam/new model data/tid2013/tid2013/reference_images/I17.BMP,type_05,4,4.17949,0.08004,05,i17_05_4.bmp,train
TID2013,I17,/data/projectwork/swati_mam/new model data/tid2013/tid2013/distorted_images/i17_05_5.bmp,/data/projectwork/swati_mam/new model data/tid2013/tid2013/reference_images/I17.BMP,type_05,5,3.34211,0.09324,05,i17_05_5.bmp,train
TID2013,I17,/data/projectwork/swati_mam/new model data/tid2013/tid2013/distorted_images/i17_06_1.bmp,/data/projectwork/swati_mam/new model data/tid2013/tid2013/reference_images/I17.BMP,type_06,1,4.23684,0.12584,06,i17_06_1.bmp,train
TID2013,I17,/data/projectwork/swati_mam/new model data/tid2013/tid2013/distorted_images/i17_06_2.bmp,/data/projectwork/swati_mam/new model data/tid2013/tid2013/reference_images/I17.BMP,type_06,2,4.43243,0.13535,06,i17_06_2.bmp,train
TID2013,I17,/data/projectwork/swati_mam/new model data/tid2013/tid2013/distorted_images/i17_06_3.bmp,/data/projectwork/swati_mam/new model data/tid2013/tid2013/reference_images/I17.BMP,type_06,3,4.0,0.1118,06,i17_06_3.bmp,train
TID2013,I17,/data/projectwork/swati_mam/new model data/tid2013/tid2013/distorted_images/i17_06_4.bmp,/data/projectwork/swati_mam/new model data/tid2013/tid2013/reference_images/I17.BMP,type_06,4,3.55,0.1412,06,i17_06_4.bmp,train
TID2013,I17,/data/projectwork/swati_mam/new model data/tid2013/tid2013/distorted_images/i17_06_5.bmp,/data/projectwork/swati_mam/new model data/tid2013/tid2013/reference_images/I17.BMP,type_06,5,3.30769,0.12642,06,i17_06_5.bmp,train
TID2013,I17,/data/projectwork/swati_mam/new model data/tid2013/tid2013/distorted_images/i17_07_1.bmp,/data/projectwork/swati_mam/new model data/tid2013/tid2013/reference_images/I17.BMP,type_07,1,5.71795,0.11999,07,i17_07_1.bmp,train
TID2013,I17,/data/projectwork/swati_mam/new model data/tid2013/tid2013/distorted_images/i17_07_2.bmp,/data/projectwork/swati_mam/new model data/tid2013/tid2013/reference_images/I17.BMP,type_07,2,4.65789,0.12497,07,i17_07_2.bmp,train
TID2013,I17,/data/projectwork/swati_mam/new model data/tid2013/tid2013/distorted_images/i17_07_3.bmp,/data/projectwork/swati_mam/new model data/tid2013/tid2013/reference_images/I17.BMP,type_07,3,3.89744,0.10124,07,i17_07_3.bmp,train
TID2013,I17,/data/projectwork/swati_mam/new model data/tid2013/tid2013/distorted_images/i17_07_4.bmp,/data/projectwork/swati_mam/new model data/tid2013/tid2013/reference_images/I17.BMP,type_07,4,3.20513,0.09716,07,i17_07_4.bmp,train
TID2013,I17,/data/projectwork/swati_mam/new model data/tid2013/tid2013/distorted_images/i17_07_5.bmp,/data/projectwork/swati_mam/new model data/tid2013/tid2013/reference_images/I17.BMP,type_07,5,2.47368,0.081,07,i17_07_5.bmp,train
TID2013,I17,/data/projectwork/swati_mam/new model data/tid2013/tid2013/distorted_images/i17_08_1.bmp,/data/projectwork/swati_mam/new model data/tid2013/tid2013/reference_images/I17.BMP,type_08,1,5.74359,0.11872,08,i17_08_1.bmp,train
TID2013,I17,/data/projectwork/swati_mam/new model data/tid2013/tid2013/distorted_images/i17_08_2.bmp,/data/projectwork/swati_mam/new model data/tid2013/tid2013/reference_images/I17.BMP,type_08,2,5.225,0.14356,08,i17_08_2.bmp,train
TID2013,I17,/data/projectwork/swati_mam/new model data/tid2013/tid2013/distorted_images/i17_08_3.bmp,/data/projectwork/swati_mam/new model data/tid2013/tid2013/reference_images/I17.BMP,type_08,3,4.575,0.1166599999999999,08,i17_08_3.bmp,train
TID2013,I17,/data/projectwork/swati_mam/new model data/tid2013/tid2013/distorted_images/i17_08_4.bmp,/data/projectwork/swati_mam/new model data/tid2013/tid2013/reference_images/I17.BMP,type_08,4,3.71795,0.10223,08,i17_08_4.bmp,train
TID2013,I17,/data/projectwork/swati_mam/new model data/tid2013/tid2013/distorted_images/i17_08_5.bmp,/data/projectwork/swati_mam/new model data/tid2013/tid2013/reference_images/I17.BMP,type_08,5,2.95,0.08624,08,i17_08_5.bmp,train
TID2013,I17,/data/projectwork/swati_mam/new model data/tid2013/tid2013/distorted_images/i17_09_1.bmp,/data/projectwork/swati_mam/new model data/tid2013/tid2013/reference_images/I17.BMP,type_09,1,6.025,0.15202,09,i17_09_1.bmp,train
TID2013,I17,/data/projectwork/swati_mam/new model data/tid2013/tid2013/distorted_images/i17_09_2.bmp,/data/projectwork/swati_mam/new model data/tid2013/tid2013/reference_images/I17.BMP,type_09,2,6.10526,0.16969,09,i17_09_2.bmp,train
TID2013,I17,/data/projectwork/swati_mam/new model data/tid2013/tid2013/distorted_images/i17_09_3.bmp,/data/projectwork/swati_mam/new model data/tid2013/tid2013/reference_images/I17.BMP,type_09,3,5.025,0.16003,09,i17_09_3.bmp,train
TID2013,I17,/data/projectwork/swati_mam/new model data/tid2013/tid2013/distorted_images/i17_09_4.bmp,/data/projectwork/swati_mam/new model data/tid2013/tid2013/reference_images/I17.BMP,type_09,4,3.82051,0.10174,09,i17_09_4.bmp,train
TID2013,I17,/data/projectwork/swati_mam/new model data/tid2013/tid2013/distorted_images/i17_09_5.bmp,/data/projectwork/swati_mam/new model data/tid2013/tid2013/reference_images/I17.BMP,type_09,5,2.45946,0.0819299999999999,09,i17_09_5.bmp,train
TID2013,I17,/data/projectwork/swati_mam/new model data/tid2013/tid2013/distorted_images/i17_10_1.bmp,/data/projectwork/swati_mam/new model data/tid2013/tid2013/reference_images/I17.BMP,type_10,1,6.05128,0.14481,10,i17_10_1.bmp,train
TID2013,I17,/data/projectwork/swati_mam/new model data/tid2013/tid2013/distorted_images/i17_10_2.bmp,/data/projectwork/swati_mam/new model data/tid2013/tid2013/reference_images/I17.BMP,type_10,2,5.925,0.14312,10,i17_10_2.bmp,train
TID2013,I17,/data/projectwork/swati_mam/new model data/tid2013/tid2013/distorted_images/i17_10_3.bmp,/data/projectwork/swati_mam/new model data/tid2013/tid2013/reference_images/I17.BMP,type_10,3,5.15385,0.11199,10,i17_10_3.bmp,train
TID2013,I17,/data/projectwork/swati_mam/new model data/tid2013/tid2013/distorted_images/i17_10_4.bmp,/data/projectwork/swati_mam/new model data/tid2013/tid2013/reference_images/I17.BMP,type_10,4,3.425,0.12692,10,i17_10_4.bmp,train
TID2013,I17,/data/projectwork/swati_mam/new model data/tid2013/tid2013/distorted_images/i17_10_5.bmp,/data/projectwork/swati_mam/new model data/tid2013/tid2013/reference_images/I17.BMP,type_10,5,2.25,0.0984299999999999,10,i17_10_5.bmp,train
TID2013,I17,/data/projectwork/swati_mam/new model data/tid2013/tid2013/distorted_images/I17_11_1.bmp,/data/projectwork/swati_mam/new model data/tid2013/tid2013/reference_images/I17.BMP,type_11,1,5.5641,0.14411,11,I17_11_1.bmp,train
TID2013,I17,/data/projectwork/swati_mam/new model data/tid2013/tid2013/distorted_images/i17_11_2.bmp,/data/projectwork/swati_mam/new model data/tid2013/tid2013/reference_images/I17.BMP,type_11,2,5.4359,0.17313,11,i17_11_2.bmp,train
TID2013,I17,/data/projectwork/swati_mam/new model data/tid2013/tid2013/distorted_images/i17_11_3.bmp,/data/projectwork/swati_mam/new model data/tid2013/tid2013/reference_images/I17.BMP,type_11,3,3.84615,0.09272,11,i17_11_3.bmp,train
TID2013,I17,/data/projectwork/swati_mam/new model data/tid2013/tid2013/distorted_images/i17_11_4.bmp,/data/projectwork/swati_mam/new model data/tid2013/tid2013/reference_images/I17.BMP,type_11,4,2.76923,0.11154,11,i17_11_4.bmp,train
TID2013,I17,/data/projectwork/swati_mam/new model data/tid2013/tid2013/distorted_images/i17_11_5.bmp,/data/projectwork/swati_mam/new model data/tid2013/tid2013/reference_images/I17.BMP,type_11,5,1.025,0.0967399999999999,11,i17_11_5.bmp,train
TID2013,I17,/data/projectwork/swati_mam/new model data/tid2013/tid2013/distorted_images/i17_12_1.bmp,/data/projectwork/swati_mam/new model data/tid2013/tid2013/reference_images/I17.BMP,type_12,1,5.875,0.17025,12,i17_12_1.bmp,train
TID2013,I17,/data/projectwork/swati_mam/new model data/tid2013/tid2013/distorted_images/i17_12_2.bmp,/data/projectwork/swati_mam/new model data/tid2013/tid2013/reference_images/I17.BMP,type_12,2,5.923080000000001,0.16372,12,i17_12_2.bmp,train
TID2013,I17,/data/projectwork/swati_mam/new model data/tid2013/tid2013/distorted_images/i17_12_3.bmp,/data/projectwork/swati_mam/new model data/tid2013/tid2013/reference_images/I17.BMP,type_12,3,5.076919999999999,0.1375299999999999,12,i17_12_3.bmp,train
TID2013,I17,/data/projectwork/swati_mam/new model data/tid2013/tid2013/distorted_images/i17_12_4.bmp,/data/projectwork/swati_mam/new model data/tid2013/tid2013/reference_images/I17.BMP,type_12,4,3.925,0.0961,12,i17_12_4.bmp,train
TID2013,I17,/data/projectwork/swati_mam/new model data/tid2013/tid2013/distorted_images/i17_12_5.bmp,/data/projectwork/swati_mam/new model data/tid2013/tid2013/reference_images/I17.BMP,type_12,5,2.48718,0.08004,12,i17_12_5.bmp,train
TID2013,I17,/data/projectwork/swati_mam/new model data/tid2013/tid2013/distorted_images/I17_13_1.bmp,/data/projectwork/swati_mam/new model data/tid2013/tid2013/reference_images/I17.BMP,type_13,1,5.15,0.1348599999999999,13,I17_13_1.bmp,train
TID2013,I17,/data/projectwork/swati_mam/new model data/tid2013/tid2013/distorted_images/i17_13_2.bmp,/data/projectwork/swati_mam/new model data/tid2013/tid2013/reference_images/I17.BMP,type_13,2,4.45,0.13205,13,i17_13_2.bmp,train
TID2013,I17,/data/projectwork/swati_mam/new model data/tid2013/tid2013/distorted_images/i17_13_3.bmp,/data/projectwork/swati_mam/new model data/tid2013/tid2013/reference_images/I17.BMP,type_13,3,3.26316,0.07143,13,i17_13_3.bmp,train
TID2013,I17,/data/projectwork/swati_mam/new model data/tid2013/tid2013/distorted_images/i17_13_4.bmp,/data/projectwork/swati_mam/new model data/tid2013/tid2013/reference_images/I17.BMP,type_13,4,2.425,0.11117,13,i17_13_4.bmp,train
TID2013,I17,/data/projectwork/swati_mam/new model data/tid2013/tid2013/distorted_images/i17_13_5.bmp,/data/projectwork/swati_mam/new model data/tid2013/tid2013/reference_images/I17.BMP,type_13,5,2.36842,0.07825,13,i17_13_5.bmp,train
TID2013,I17,/data/projectwork/swati_mam/new model data/tid2013/tid2013/distorted_images/i17_14_1.bmp,/data/projectwork/swati_mam/new model data/tid2013/tid2013/reference_images/I17.BMP,type_14,1,5.875,0.1377799999999999,14,i17_14_1.bmp,train
TID2013,I17,/data/projectwork/swati_mam/new model data/tid2013/tid2013/distorted_images/i17_14_2.bmp,/data/projectwork/swati_mam/new model data/tid2013/tid2013/reference_images/I17.BMP,type_14,2,5.79487,0.13655,14,i17_14_2.bmp,train
TID2013,I17,/data/projectwork/swati_mam/new model data/tid2013/tid2013/distorted_images/i17_14_3.bmp,/data/projectwork/swati_mam/new model data/tid2013/tid2013/reference_images/I17.BMP,type_14,3,5.52632,0.14287,14,i17_14_3.bmp,train
TID2013,I17,/data/projectwork/swati_mam/new model data/tid2013/tid2013/distorted_images/i17_14_4.bmp,/data/projectwork/swati_mam/new model data/tid2013/tid2013/reference_images/I17.BMP,type_14,4,4.358969999999999,0.12814,14,i17_14_4.bmp,train
TID2013,I17,/data/projectwork/swati_mam/new model data/tid2013/tid2013/distorted_images/i17_14_5.bmp,/data/projectwork/swati_mam/new model data/tid2013/tid2013/reference_images/I17.BMP,type_14,5,3.525,0.12741,14,i17_14_5.bmp,train
TID2013,I17,/data/projectwork/swati_mam/new model data/tid2013/tid2013/distorted_images/i17_15_1.bmp,/data/projectwork/swati_mam/new model data/tid2013/tid2013/reference_images/I17.BMP,type_15,1,3.55,0.1766,15,i17_15_1.bmp,train
TID2013,I17,/data/projectwork/swati_mam/new model data/tid2013/tid2013/distorted_images/i17_15_2.bmp,/data/projectwork/swati_mam/new model data/tid2013/tid2013/reference_images/I17.BMP,type_15,2,3.41026,0.14827,15,i17_15_2.bmp,train
TID2013,I17,/data/projectwork/swati_mam/new model data/tid2013/tid2013/distorted_images/i17_15_3.bmp,/data/projectwork/swati_mam/new model data/tid2013/tid2013/reference_images/I17.BMP,type_15,3,3.25641,0.14827,15,i17_15_3.bmp,train
TID2013,I17,/data/projectwork/swati_mam/new model data/tid2013/tid2013/distorted_images/i17_15_4.bmp,/data/projectwork/swati_mam/new model data/tid2013/tid2013/reference_images/I17.BMP,type_15,4,3.625,0.14003,15,i17_15_4.bmp,train
TID2013,I17,/data/projectwork/swati_mam/new model data/tid2013/tid2013/distorted_images/i17_15_5.bmp,/data/projectwork/swati_mam/new model data/tid2013/tid2013/reference_images/I17.BMP,type_15,5,4.0,0.14142,15,i17_15_5.bmp,train
TID2013,I17,/data/projectwork/swati_mam/new model data/tid2013/tid2013/distorted_images/i17_16_1.bmp,/data/projectwork/swati_mam/new model data/tid2013/tid2013/reference_images/I17.BMP,type_16,1,5.925,0.1341099999999999,16,i17_16_1.bmp,train
TID2013,I17,/data/projectwork/swati_mam/new model data/tid2013/tid2013/distorted_images/i17_16_2.bmp,/data/projectwork/swati_mam/new model data/tid2013/tid2013/reference_images/I17.BMP,type_16,2,6.025,0.16389,16,i17_16_2.bmp,train
TID2013,I17,/data/projectwork/swati_mam/new model data/tid2013/tid2013/distorted_images/i17_16_3.bmp,/data/projectwork/swati_mam/new model data/tid2013/tid2013/reference_images/I17.BMP,type_16,3,5.57895,0.14714,16,i17_16_3.bmp,train
TID2013,I17,/data/projectwork/swati_mam/new model data/tid2013/tid2013/distorted_images/i17_16_4.bmp,/data/projectwork/swati_mam/new model data/tid2013/tid2013/reference_images/I17.BMP,type_16,4,5.15789,0.16019,16,i17_16_4.bmp,train
TID2013,I17,/data/projectwork/swati_mam/new model data/tid2013/tid2013/distorted_images/i17_16_5.bmp,/data/projectwork/swati_mam/new model data/tid2013/tid2013/reference_images/I17.BMP,type_16,5,4.17949,0.14895,16,i17_16_5.bmp,train
TID2013,I17,/data/projectwork/swati_mam/new model data/tid2013/tid2013/distorted_images/i17_17_1.bmp,/data/projectwork/swati_mam/new model data/tid2013/tid2013/reference_images/I17.BMP,type_17,1,5.575,0.1166599999999999,17,i17_17_1.bmp,train
TID2013,I17,/data/projectwork/swati_mam/new model data/tid2013/tid2013/distorted_images/i17_17_2.bmp,/data/projectwork/swati_mam/new model data/tid2013/tid2013/reference_images/I17.BMP,type_17,2,6.625,0.17207,17,i17_17_2.bmp,train
TID2013,I17,/data/projectwork/swati_mam/new model data/tid2013/tid2013/distorted_images/i17_17_3.bmp,/data/projectwork/swati_mam/new model data/tid2013/tid2013/reference_images/I17.BMP,type_17,3,4.48718,0.10801,17,i17_17_3.bmp,train
TID2013,I17,/data/projectwork/swati_mam/new model data/tid2013/tid2013/distorted_images/i17_17_4.bmp,/data/projectwork/swati_mam/new model data/tid2013/tid2013/reference_images/I17.BMP,type_17,4,7.1,0.22305,17,i17_17_4.bmp,train
TID2013,I17,/data/projectwork/swati_mam/new model data/tid2013/tid2013/distorted_images/i17_17_5.bmp,/data/projectwork/swati_mam/new model data/tid2013/tid2013/reference_images/I17.BMP,type_17,5,3.3684199999999995,0.07825,17,i17_17_5.bmp,train
TID2013,I17,/data/projectwork/swati_mam/new model data/tid2013/tid2013/distorted_images/i17_18_1.bmp,/data/projectwork/swati_mam/new model data/tid2013/tid2013/reference_images/I17.BMP,type_18,1,4.55,0.13205,18,i17_18_1.bmp,train
TID2013,I17,/data/projectwork/swati_mam/new model data/tid2013/tid2013/distorted_images/i17_18_2.bmp,/data/projectwork/swati_mam/new model data/tid2013/tid2013/reference_images/I17.BMP,type_18,2,4.076919999999999,0.1375299999999999,18,i17_18_2.bmp,train
TID2013,I17,/data/projectwork/swati_mam/new model data/tid2013/tid2013/distorted_images/i17_18_3.bmp,/data/projectwork/swati_mam/new model data/tid2013/tid2013/reference_images/I17.BMP,type_18,3,4.12821,0.13164,18,i17_18_3.bmp,train
TID2013,I17,/data/projectwork/swati_mam/new model data/tid2013/tid2013/distorted_images/i17_18_4.bmp,/data/projectwork/swati_mam/new model data/tid2013/tid2013/reference_images/I17.BMP,type_18,4,3.82051,0.14895,18,i17_18_4.bmp,train
TID2013,I17,/data/projectwork/swati_mam/new model data/tid2013/tid2013/distorted_images/i17_18_5.bmp,/data/projectwork/swati_mam/new model data/tid2013/tid2013/reference_images/I17.BMP,type_18,5,3.71795,0.11438,18,i17_18_5.bmp,train
TID2013,I17,/data/projectwork/swati_mam/new model data/tid2013/tid2013/distorted_images/i17_19_1.bmp,/data/projectwork/swati_mam/new model data/tid2013/tid2013/reference_images/I17.BMP,type_19,1,5.725,0.12741,19,i17_19_1.bmp,train
TID2013,I17,/data/projectwork/swati_mam/new model data/tid2013/tid2013/distorted_images/i17_19_2.bmp,/data/projectwork/swati_mam/new model data/tid2013/tid2013/reference_images/I17.BMP,type_19,2,5.33333,0.12735,19,i17_19_2.bmp,train
TID2013,I17,/data/projectwork/swati_mam/new model data/tid2013/tid2013/distorted_images/i17_19_3.bmp,/data/projectwork/swati_mam/new model data/tid2013/tid2013/reference_images/I17.BMP,type_19,3,4.76923,0.16403,19,i17_19_3.bmp,train
TID2013,I17,/data/projectwork/swati_mam/new model data/tid2013/tid2013/distorted_images/i17_19_4.bmp,/data/projectwork/swati_mam/new model data/tid2013/tid2013/reference_images/I17.BMP,type_19,4,4.30769,0.1097099999999999,19,i17_19_4.bmp,train
TID2013,I17,/data/projectwork/swati_mam/new model data/tid2013/tid2013/distorted_images/i17_19_5.bmp,/data/projectwork/swati_mam/new model data/tid2013/tid2013/reference_images/I17.BMP,type_19,5,3.92308,0.11109,19,i17_19_5.bmp,train
TID2013,I17,/data/projectwork/swati_mam/new model data/tid2013/tid2013/distorted_images/i17_20_1.bmp,/data/projectwork/swati_mam/new model data/tid2013/tid2013/reference_images/I17.BMP,type_20,1,5.75,0.18957,20,i17_20_1.bmp,train
TID2013,I17,/data/projectwork/swati_mam/new model data/tid2013/tid2013/distorted_images/i17_20_2.bmp,/data/projectwork/swati_mam/new model data/tid2013/tid2013/reference_images/I17.BMP,type_20,2,5.45,0.15391,20,i17_20_2.bmp,train
TID2013,I17,/data/projectwork/swati_mam/new model data/tid2013/tid2013/distorted_images/i17_20_3.bmp,/data/projectwork/swati_mam/new model data/tid2013/tid2013/reference_images/I17.BMP,type_20,3,4.86842,0.1127,20,i17_20_3.bmp,train
TID2013,I17,/data/projectwork/swati_mam/new model data/tid2013/tid2013/distorted_images/i17_20_4.bmp,/data/projectwork/swati_mam/new model data/tid2013/tid2013/reference_images/I17.BMP,type_20,4,4.36842,0.12577,20,i17_20_4.bmp,train
TID2013,I17,/data/projectwork/swati_mam/new model data/tid2013/tid2013/distorted_images/i17_20_5.bmp,/data/projectwork/swati_mam/new model data/tid2013/tid2013/reference_images/I17.BMP,type_20,5,2.86486,0.1022899999999999,20,i17_20_5.bmp,train
TID2013,I17,/data/projectwork/swati_mam/new model data/tid2013/tid2013/distorted_images/i17_21_1.bmp,/data/projectwork/swati_mam/new model data/tid2013/tid2013/reference_images/I17.BMP,type_21,1,5.425,0.13175,21,i17_21_1.bmp,train
TID2013,I17,/data/projectwork/swati_mam/new model data/tid2013/tid2013/distorted_images/i17_21_2.bmp,/data/projectwork/swati_mam/new model data/tid2013/tid2013/reference_images/I17.BMP,type_21,2,4.79487,0.10987,21,i17_21_2.bmp,train
TID2013,I17,/data/projectwork/swati_mam/new model data/tid2013/tid2013/distorted_images/i17_21_3.bmp,/data/projectwork/swati_mam/new model data/tid2013/tid2013/reference_images/I17.BMP,type_21,3,4.25,0.1357799999999999,21,i17_21_3.bmp,train
TID2013,I17,/data/projectwork/swati_mam/new model data/tid2013/tid2013/distorted_images/i17_21_4.bmp,/data/projectwork/swati_mam/new model data/tid2013/tid2013/reference_images/I17.BMP,type_21,4,3.3846199999999995,0.10644,21,i17_21_4.bmp,train
TID2013,I17,/data/projectwork/swati_mam/new model data/tid2013/tid2013/distorted_images/i17_21_5.bmp,/data/projectwork/swati_mam/new model data/tid2013/tid2013/reference_images/I17.BMP,type_21,5,2.52632,0.081,21,i17_21_5.bmp,train
TID2013,I17,/data/projectwork/swati_mam/new model data/tid2013/tid2013/distorted_images/i17_22_1.bmp,/data/projectwork/swati_mam/new model data/tid2013/tid2013/reference_images/I17.BMP,type_22,1,5.975,0.14356,22,i17_22_1.bmp,train
TID2013,I17,/data/projectwork/swati_mam/new model data/tid2013/tid2013/distorted_images/i17_22_2.bmp,/data/projectwork/swati_mam/new model data/tid2013/tid2013/reference_images/I17.BMP,type_22,2,5.61538,0.1288,22,i17_22_2.bmp,train
TID2013,I17,/data/projectwork/swati_mam/new model data/tid2013/tid2013/distorted_images/i17_22_3.bmp,/data/projectwork/swati_mam/new model data/tid2013/tid2013/reference_images/I17.BMP,type_22,3,4.34211,0.12497,22,i17_22_3.bmp,train
TID2013,I17,/data/projectwork/swati_mam/new model data/tid2013/tid2013/distorted_images/i17_22_4.bmp,/data/projectwork/swati_mam/new model data/tid2013/tid2013/reference_images/I17.BMP,type_22,4,3.58974,0.11304,22,i17_22_4.bmp,train
TID2013,I17,/data/projectwork/swati_mam/new model data/tid2013/tid2013/distorted_images/i17_22_5.bmp,/data/projectwork/swati_mam/new model data/tid2013/tid2013/reference_images/I17.BMP,type_22,5,2.89744,0.09452,22,i17_22_5.bmp,train
TID2013,I17,/data/projectwork/swati_mam/new model data/tid2013/tid2013/distorted_images/i17_23_1.bmp,/data/projectwork/swati_mam/new model data/tid2013/tid2013/reference_images/I17.BMP,type_23,1,5.9,0.18303,23,i17_23_1.bmp,train
TID2013,I17,/data/projectwork/swati_mam/new model data/tid2013/tid2013/distorted_images/i17_23_2.bmp,/data/projectwork/swati_mam/new model data/tid2013/tid2013/reference_images/I17.BMP,type_23,2,5.9,0.14916,23,i17_23_2.bmp,train
TID2013,I17,/data/projectwork/swati_mam/new model data/tid2013/tid2013/distorted_images/i17_23_3.bmp,/data/projectwork/swati_mam/new model data/tid2013/tid2013/reference_images/I17.BMP,type_23,3,4.5641,0.15721,23,i17_23_3.bmp,train
TID2013,I17,/data/projectwork/swati_mam/new model data/tid2013/tid2013/distorted_images/i17_23_4.bmp,/data/projectwork/swati_mam/new model data/tid2013/tid2013/reference_images/I17.BMP,type_23,4,3.15385,0.1059599999999999,23,i17_23_4.bmp,train
TID2013,I17,/data/projectwork/swati_mam/new model data/tid2013/tid2013/distorted_images/i17_23_5.bmp,/data/projectwork/swati_mam/new model data/tid2013/tid2013/reference_images/I17.BMP,type_23,5,1.92308,0.09854,23,i17_23_5.bmp,train
TID2013,I17,/data/projectwork/swati_mam/new model data/tid2013/tid2013/distorted_images/i17_24_1.bmp,/data/projectwork/swati_mam/new model data/tid2013/tid2013/reference_images/I17.BMP,type_24,1,6.05,0.1766,24,i17_24_1.bmp,train
TID2013,I17,/data/projectwork/swati_mam/new model data/tid2013/tid2013/distorted_images/i17_24_2.bmp,/data/projectwork/swati_mam/new model data/tid2013/tid2013/reference_images/I17.BMP,type_24,2,5.525,0.18367,24,i17_24_2.bmp,train
TID2013,I17,/data/projectwork/swati_mam/new model data/tid2013/tid2013/distorted_images/i17_24_3.bmp,/data/projectwork/swati_mam/new model data/tid2013/tid2013/reference_images/I17.BMP,type_24,3,3.97368,0.10842,24,i17_24_3.bmp,train
TID2013,I17,/data/projectwork/swati_mam/new model data/tid2013/tid2013/distorted_images/i17_24_4.bmp,/data/projectwork/swati_mam/new model data/tid2013/tid2013/reference_images/I17.BMP,type_24,4,2.02564,0.11169,24,i17_24_4.bmp,train
TID2013,I17,/data/projectwork/swati_mam/new model data/tid2013/tid2013/distorted_images/i17_24_5.bmp,/data/projectwork/swati_mam/new model data/tid2013/tid2013/reference_images/I17.BMP,type_24,5,0.3421099999999999,0.09324,24,i17_24_5.bmp,train
TID2013,I18,/data/projectwork/swati_mam/new model data/tid2013/tid2013/distorted_images/I18_01_1.bmp,/data/projectwork/swati_mam/new model data/tid2013/tid2013/reference_images/I18.BMP,type_01,1,5.69048,0.1236599999999999,01,I18_01_1.bmp,train
TID2013,I18,/data/projectwork/swati_mam/new model data/tid2013/tid2013/distorted_images/i18_01_2.bmp,/data/projectwork/swati_mam/new model data/tid2013/tid2013/reference_images/I18.BMP,type_01,2,5.414630000000001,0.13348,01,i18_01_2.bmp,train
TID2013,I18,/data/projectwork/swati_mam/new model data/tid2013/tid2013/distorted_images/i18_01_3.bmp,/data/projectwork/swati_mam/new model data/tid2013/tid2013/reference_images/I18.BMP,type_01,3,4.85,0.10338,01,i18_01_3.bmp,train
TID2013,I18,/data/projectwork/swati_mam/new model data/tid2013/tid2013/distorted_images/i18_01_4.bmp,/data/projectwork/swati_mam/new model data/tid2013/tid2013/reference_images/I18.BMP,type_01,4,4.46341,0.1096099999999999,01,i18_01_4.bmp,train
TID2013,I18,/data/projectwork/swati_mam/new model data/tid2013/tid2013/distorted_images/i18_01_5.bmp,/data/projectwork/swati_mam/new model data/tid2013/tid2013/reference_images/I18.BMP,type_01,5,4.0,0.1,01,i18_01_5.bmp,train
TID2013,I18,/data/projectwork/swati_mam/new model data/tid2013/tid2013/distorted_images/i18_02_1.bmp,/data/projectwork/swati_mam/new model data/tid2013/tid2013/reference_images/I18.BMP,type_02,1,5.951219999999999,0.16525,02,i18_02_1.bmp,train
TID2013,I18,/data/projectwork/swati_mam/new model data/tid2013/tid2013/distorted_images/i18_02_2.bmp,/data/projectwork/swati_mam/new model data/tid2013/tid2013/reference_images/I18.BMP,type_02,2,5.88095,0.15505,02,i18_02_2.bmp,train
TID2013,I18,/data/projectwork/swati_mam/new model data/tid2013/tid2013/distorted_images/i18_02_3.bmp,/data/projectwork/swati_mam/new model data/tid2013/tid2013/reference_images/I18.BMP,type_02,3,5.7381,0.15081,02,i18_02_3.bmp,train
TID2013,I18,/data/projectwork/swati_mam/new model data/tid2013/tid2013/distorted_images/i18_02_4.bmp,/data/projectwork/swati_mam/new model data/tid2013/tid2013/reference_images/I18.BMP,type_02,4,4.63415,0.10774,02,i18_02_4.bmp,train
TID2013,I18,/data/projectwork/swati_mam/new model data/tid2013/tid2013/distorted_images/i18_02_5.bmp,/data/projectwork/swati_mam/new model data/tid2013/tid2013/reference_images/I18.BMP,type_02,5,4.2439,0.10221,02,i18_02_5.bmp,train
TID2013,I18,/data/projectwork/swati_mam/new model data/tid2013/tid2013/distorted_images/i18_03_1.bmp,/data/projectwork/swati_mam/new model data/tid2013/tid2013/reference_images/I18.BMP,type_03,1,4.97619,0.13673,03,i18_03_1.bmp,train
TID2013,I18,/data/projectwork/swati_mam/new model data/tid2013/tid2013/distorted_images/i18_03_2.bmp,/data/projectwork/swati_mam/new model data/tid2013/tid2013/reference_images/I18.BMP,type_03,2,4.55,0.07866,03,i18_03_2.bmp,train
TID2013,I18,/data/projectwork/swati_mam/new model data/tid2013/tid2013/distorted_images/i18_03_3.bmp,/data/projectwork/swati_mam/new model data/tid2013/tid2013/reference_images/I18.BMP,type_03,3,3.7381,0.08947,03,i18_03_3.bmp,train
TID2013,I18,/data/projectwork/swati_mam/new model data/tid2013/tid2013/distorted_images/i18_03_4.bmp,/data/projectwork/swati_mam/new model data/tid2013/tid2013/reference_images/I18.BMP,type_03,4,3.11905,0.09644,03,i18_03_4.bmp,train
TID2013,I18,/data/projectwork/swati_mam/new model data/tid2013/tid2013/distorted_images/i18_03_5.bmp,/data/projectwork/swati_mam/new model data/tid2013/tid2013/reference_images/I18.BMP,type_03,5,2.54762,0.1269,03,i18_03_5.bmp,train
TID2013,I18,/data/projectwork/swati_mam/new model data/tid2013/tid2013/distorted_images/i18_04_1.bmp,/data/projectwork/swati_mam/new model data/tid2013/tid2013/reference_images/I18.BMP,type_04,1,6.175,0.1054,04,i18_04_1.bmp,train
TID2013,I18,/data/projectwork/swati_mam/new model data/tid2013/tid2013/distorted_images/i18_04_2.bmp,/data/projectwork/swati_mam/new model data/tid2013/tid2013/reference_images/I18.BMP,type_04,2,5.88095,0.17562,04,i18_04_2.bmp,train
TID2013,I18,/data/projectwork/swati_mam/new model data/tid2013/tid2013/distorted_images/i18_04_3.bmp,/data/projectwork/swati_mam/new model data/tid2013/tid2013/reference_images/I18.BMP,type_04,3,5.87805,0.1471299999999999,04,i18_04_3.bmp,train
TID2013,I18,/data/projectwork/swati_mam/new model data/tid2013/tid2013/distorted_images/i18_04_4.bmp,/data/projectwork/swati_mam/new model data/tid2013/tid2013/reference_images/I18.BMP,type_04,4,5.317069999999999,0.13985,04,i18_04_4.bmp,train
TID2013,I18,/data/projectwork/swati_mam/new model data/tid2013/tid2013/distorted_images/i18_04_5.bmp,/data/projectwork/swati_mam/new model data/tid2013/tid2013/reference_images/I18.BMP,type_04,5,4.34146,0.11235,04,i18_04_5.bmp,train
TID2013,I18,/data/projectwork/swati_mam/new model data/tid2013/tid2013/distorted_images/i18_05_1.bmp,/data/projectwork/swati_mam/new model data/tid2013/tid2013/reference_images/I18.BMP,type_05,1,6.2439,0.1233099999999999,05,i18_05_1.bmp,train
TID2013,I18,/data/projectwork/swati_mam/new model data/tid2013/tid2013/distorted_images/i18_05_2.bmp,/data/projectwork/swati_mam/new model data/tid2013/tid2013/reference_images/I18.BMP,type_05,2,5.60976,0.10278,05,i18_05_2.bmp,train
TID2013,I18,/data/projectwork/swati_mam/new model data/tid2013/tid2013/distorted_images/i18_05_3.bmp,/data/projectwork/swati_mam/new model data/tid2013/tid2013/reference_images/I18.BMP,type_05,3,5.170730000000001,0.10854,05,i18_05_3.bmp,train
TID2013,I18,/data/projectwork/swati_mam/new model data/tid2013/tid2013/distorted_images/i18_05_4.bmp,/data/projectwork/swati_mam/new model data/tid2013/tid2013/reference_images/I18.BMP,type_05,4,4.0,0.1,05,i18_05_4.bmp,train
TID2013,I18,/data/projectwork/swati_mam/new model data/tid2013/tid2013/distorted_images/i18_05_5.bmp,/data/projectwork/swati_mam/new model data/tid2013/tid2013/reference_images/I18.BMP,type_05,5,3.125,0.09479,05,i18_05_5.bmp,train
TID2013,I18,/data/projectwork/swati_mam/new model data/tid2013/tid2013/distorted_images/i18_06_1.bmp,/data/projectwork/swati_mam/new model data/tid2013/tid2013/reference_images/I18.BMP,type_06,1,4.57143,0.1124,06,i18_06_1.bmp,train
TID2013,I18,/data/projectwork/swati_mam/new model data/tid2013/tid2013/distorted_images/i18_06_2.bmp,/data/projectwork/swati_mam/new model data/tid2013/tid2013/reference_images/I18.BMP,type_06,2,4.15,0.1201599999999999,06,i18_06_2.bmp,train
TID2013,I18,/data/projectwork/swati_mam/new model data/tid2013/tid2013/distorted_images/i18_06_3.bmp,/data/projectwork/swati_mam/new model data/tid2013/tid2013/reference_images/I18.BMP,type_06,3,3.80952,0.09059,06,i18_06_3.bmp,train
TID2013,I18,/data/projectwork/swati_mam/new model data/tid2013/tid2013/distorted_images/i18_06_4.bmp,/data/projectwork/swati_mam/new model data/tid2013/tid2013/reference_images/I18.BMP,type_06,4,3.73171,0.10362,06,i18_06_4.bmp,train
TID2013,I18,/data/projectwork/swati_mam/new model data/tid2013/tid2013/distorted_images/i18_06_5.bmp,/data/projectwork/swati_mam/new model data/tid2013/tid2013/reference_images/I18.BMP,type_06,5,3.19512,0.1047299999999999,06,i18_06_5.bmp,train
TID2013,I18,/data/projectwork/swati_mam/new model data/tid2013/tid2013/distorted_images/i18_07_1.bmp,/data/projectwork/swati_mam/new model data/tid2013/tid2013/reference_images/I18.BMP,type_07,1,5.57143,0.13529,07,i18_07_1.bmp,train
TID2013,I18,/data/projectwork/swati_mam/new model data/tid2013/tid2013/distorted_images/i18_07_2.bmp,/data/projectwork/swati_mam/new model data/tid2013/tid2013/reference_images/I18.BMP,type_07,2,4.92857,0.14828,07,i18_07_2.bmp,train
TID2013,I18,/data/projectwork/swati_mam/new model data/tid2013/tid2013/distorted_images/i18_07_3.bmp,/data/projectwork/swati_mam/new model data/tid2013/tid2013/reference_images/I18.BMP,type_07,3,4.21429,0.13272,07,i18_07_3.bmp,train
TID2013,I18,/data/projectwork/swati_mam/new model data/tid2013/tid2013/distorted_images/i18_07_4.bmp,/data/projectwork/swati_mam/new model data/tid2013/tid2013/reference_images/I18.BMP,type_07,4,3.40476,0.1169299999999999,07,i18_07_4.bmp,train
TID2013,I18,/data/projectwork/swati_mam/new model data/tid2013/tid2013/distorted_images/i18_07_5.bmp,/data/projectwork/swati_mam/new model data/tid2013/tid2013/reference_images/I18.BMP,type_07,5,3.0,0.09756,07,i18_07_5.bmp,train
TID2013,I18,/data/projectwork/swati_mam/new model data/tid2013/tid2013/distorted_images/i18_08_1.bmp,/data/projectwork/swati_mam/new model data/tid2013/tid2013/reference_images/I18.BMP,type_08,1,5.69048,0.11899,08,i18_08_1.bmp,train
TID2013,I18,/data/projectwork/swati_mam/new model data/tid2013/tid2013/distorted_images/i18_08_2.bmp,/data/projectwork/swati_mam/new model data/tid2013/tid2013/reference_images/I18.BMP,type_08,2,4.65854,0.12725,08,i18_08_2.bmp,train
TID2013,I18,/data/projectwork/swati_mam/new model data/tid2013/tid2013/distorted_images/i18_08_3.bmp,/data/projectwork/swati_mam/new model data/tid2013/tid2013/reference_images/I18.BMP,type_08,3,4.14286,0.10417,08,i18_08_3.bmp,train
TID2013,I18,/data/projectwork/swati_mam/new model data/tid2013/tid2013/distorted_images/i18_08_4.bmp,/data/projectwork/swati_mam/new model data/tid2013/tid2013/reference_images/I18.BMP,type_08,4,3.04762,0.09495,08,i18_08_4.bmp,train
TID2013,I18,/data/projectwork/swati_mam/new model data/tid2013/tid2013/distorted_images/i18_08_5.bmp,/data/projectwork/swati_mam/new model data/tid2013/tid2013/reference_images/I18.BMP,type_08,5,2.04878,0.08415,08,i18_08_5.bmp,train
TID2013,I18,/data/projectwork/swati_mam/new model data/tid2013/tid2013/distorted_images/i18_09_1.bmp,/data/projectwork/swati_mam/new model data/tid2013/tid2013/reference_images/I18.BMP,type_09,1,6.02439,0.15613,09,i18_09_1.bmp,train
TID2013,I18,/data/projectwork/swati_mam/new model data/tid2013/tid2013/distorted_images/i18_09_2.bmp,/data/projectwork/swati_mam/new model data/tid2013/tid2013/reference_images/I18.BMP,type_09,2,5.88095,0.15134,09,i18_09_2.bmp,train
TID2013,I18,/data/projectwork/swati_mam/new model data/tid2013/tid2013/distorted_images/i18_09_3.bmp,/data/projectwork/swati_mam/new model data/tid2013/tid2013/reference_images/I18.BMP,type_09,3,4.2619,0.1169299999999999,09,i18_09_3.bmp,train
TID2013,I18,/data/projectwork/swati_mam/new model data/tid2013/tid2013/distorted_images/i18_09_4.bmp,/data/projectwork/swati_mam/new model data/tid2013/tid2013/reference_images/I18.BMP,type_09,4,3.0243900000000004,0.10049,09,i18_09_4.bmp,train
TID2013,I18,/data/projectwork/swati_mam/new model data/tid2013/tid2013/distorted_images/i18_09_5.bmp,/data/projectwork/swati_mam/new model data/tid2013/tid2013/reference_images/I18.BMP,type_09,5,1.7073200000000002,0.09904,09,i18_09_5.bmp,train
TID2013,I18,/data/projectwork/swati_mam/new model data/tid2013/tid2013/distorted_images/i18_10_1.bmp,/data/projectwork/swati_mam/new model data/tid2013/tid2013/reference_images/I18.BMP,type_10,1,6.073169999999999,0.14384,10,i18_10_1.bmp,train
TID2013,I18,/data/projectwork/swati_mam/new model data/tid2013/tid2013/distorted_images/i18_10_2.bmp,/data/projectwork/swati_mam/new model data/tid2013/tid2013/reference_images/I18.BMP,type_10,2,5.78049,0.14841,10,i18_10_2.bmp,train
TID2013,I18,/data/projectwork/swati_mam/new model data/tid2013/tid2013/distorted_images/i18_10_3.bmp,/data/projectwork/swati_mam/new model data/tid2013/tid2013/reference_images/I18.BMP,type_10,3,4.675,0.11395,10,i18_10_3.bmp,train
TID2013,I18,/data/projectwork/swati_mam/new model data/tid2013/tid2013/distorted_images/i18_10_4.bmp,/data/projectwork/swati_mam/new model data/tid2013/tid2013/reference_images/I18.BMP,type_10,4,3.5,0.1024099999999999,10,i18_10_4.bmp,train
TID2013,I18,/data/projectwork/swati_mam/new model data/tid2013/tid2013/distorted_images/i18_10_5.bmp,/data/projectwork/swati_mam/new model data/tid2013/tid2013/reference_images/I18.BMP,type_10,5,2.17073,0.09696,10,i18_10_5.bmp,train
TID2013,I18,/data/projectwork/swati_mam/new model data/tid2013/tid2013/distorted_images/I18_11_1.bmp,/data/projectwork/swati_mam/new model data/tid2013/tid2013/reference_images/I18.BMP,type_11,1,5.804880000000001,0.1551,11,I18_11_1.bmp,train
TID2013,I18,/data/projectwork/swati_mam/new model data/tid2013/tid2013/distorted_images/i18_11_2.bmp,/data/projectwork/swati_mam/new model data/tid2013/tid2013/reference_images/I18.BMP,type_11,2,5.5,0.12711,11,i18_11_2.bmp,train
TID2013,I18,/data/projectwork/swati_mam/new model data/tid2013/tid2013/distorted_images/i18_11_3.bmp,/data/projectwork/swati_mam/new model data/tid2013/tid2013/reference_images/I18.BMP,type_11,3,4.5122,0.13413,11,i18_11_3.bmp,train
TID2013,I18,/data/projectwork/swati_mam/new model data/tid2013/tid2013/distorted_images/i18_11_4.bmp,/data/projectwork/swati_mam/new model data/tid2013/tid2013/reference_images/I18.BMP,type_11,4,3.07143,0.1032,11,i18_11_4.bmp,train
TID2013,I18,/data/projectwork/swati_mam/new model data/tid2013/tid2013/distorted_images/i18_11_5.bmp,/data/projectwork/swati_mam/new model data/tid2013/tid2013/reference_images/I18.BMP,type_11,5,1.0,0.1118,11,i18_11_5.bmp,train
TID2013,I18,/data/projectwork/swati_mam/new model data/tid2013/tid2013/distorted_images/i18_12_1.bmp,/data/projectwork/swati_mam/new model data/tid2013/tid2013/reference_images/I18.BMP,type_12,1,6.35714,0.18694,12,i18_12_1.bmp,train
TID2013,I18,/data/projectwork/swati_mam/new model data/tid2013/tid2013/distorted_images/i18_12_2.bmp,/data/projectwork/swati_mam/new model data/tid2013/tid2013/reference_images/I18.BMP,type_12,2,5.36585,0.12793,12,i18_12_2.bmp,train
TID2013,I18,/data/projectwork/swati_mam/new model data/tid2013/tid2013/distorted_images/i18_12_3.bmp,/data/projectwork/swati_mam/new model data/tid2013/tid2013/reference_images/I18.BMP,type_12,3,5.560980000000001,0.15445,12,i18_12_3.bmp,train
TID2013,I18,/data/projectwork/swati_mam/new model data/tid2013/tid2013/distorted_images/i18_12_4.bmp,/data/projectwork/swati_mam/new model data/tid2013/tid2013/reference_images/I18.BMP,type_12,4,4.925,0.10833,12,i18_12_4.bmp,train
TID2013,I18,/data/projectwork/swati_mam/new model data/tid2013/tid2013/distorted_images/i18_12_5.bmp,/data/projectwork/swati_mam/new model data/tid2013/tid2013/reference_images/I18.BMP,type_12,5,2.6585400000000003,0.08868,12,i18_12_5.bmp,train
TID2013,I18,/data/projectwork/swati_mam/new model data/tid2013/tid2013/distorted_images/I18_13_1.bmp,/data/projectwork/swati_mam/new model data/tid2013/tid2013/reference_images/I18.BMP,type_13,1,4.14634,0.1066599999999999,13,I18_13_1.bmp,train
TID2013,I18,/data/projectwork/swati_mam/new model data/tid2013/tid2013/distorted_images/i18_13_2.bmp,/data/projectwork/swati_mam/new model data/tid2013/tid2013/reference_images/I18.BMP,type_13,2,4.35714,0.11577,13,i18_13_2.bmp,train
TID2013,I18,/data/projectwork/swati_mam/new model data/tid2013/tid2013/distorted_images/i18_13_3.bmp,/data/projectwork/swati_mam/new model data/tid2013/tid2013/reference_images/I18.BMP,type_13,3,3.88095,0.09037,13,i18_13_3.bmp,train
TID2013,I18,/data/projectwork/swati_mam/new model data/tid2013/tid2013/distorted_images/i18_13_4.bmp,/data/projectwork/swati_mam/new model data/tid2013/tid2013/reference_images/I18.BMP,type_13,4,2.9024400000000004,0.10235,13,i18_13_4.bmp,train
TID2013,I18,/data/projectwork/swati_mam/new model data/tid2013/tid2013/distorted_images/i18_13_5.bmp,/data/projectwork/swati_mam/new model data/tid2013/tid2013/reference_images/I18.BMP,type_13,5,2.46341,0.0778799999999999,13,i18_13_5.bmp,train
TID2013,I18,/data/projectwork/swati_mam/new model data/tid2013/tid2013/distorted_images/i18_14_1.bmp,/data/projectwork/swati_mam/new model data/tid2013/tid2013/reference_images/I18.BMP,type_14,1,4.951219999999999,0.14201,14,i18_14_1.bmp,train
TID2013,I18,/data/projectwork/swati_mam/new model data/tid2013/tid2013/distorted_images/i18_14_2.bmp,/data/projectwork/swati_mam/new model data/tid2013/tid2013/reference_images/I18.BMP,type_14,2,6.0,0.14677,14,i18_14_2.bmp,train
TID2013,I18,/data/projectwork/swati_mam/new model data/tid2013/tid2013/distorted_images/i18_14_3.bmp,/data/projectwork/swati_mam/new model data/tid2013/tid2013/reference_images/I18.BMP,type_14,3,4.195119999999999,0.12541,14,i18_14_3.bmp,train
TID2013,I18,/data/projectwork/swati_mam/new model data/tid2013/tid2013/distorted_images/i18_14_4.bmp,/data/projectwork/swati_mam/new model data/tid2013/tid2013/reference_images/I18.BMP,type_14,4,4.16667,0.15764,14,i18_14_4.bmp,train
TID2013,I18,/data/projectwork/swati_mam/new model data/tid2013/tid2013/distorted_images/i18_14_5.bmp,/data/projectwork/swati_mam/new model data/tid2013/tid2013/reference_images/I18.BMP,type_14,5,3.34146,0.11753,14,i18_14_5.bmp,train
TID2013,I18,/data/projectwork/swati_mam/new model data/tid2013/tid2013/distorted_images/i18_15_1.bmp,/data/projectwork/swati_mam/new model data/tid2013/tid2013/reference_images/I18.BMP,type_15,1,3.21951,0.1314,15,i18_15_1.bmp,train
TID2013,I18,/data/projectwork/swati_mam/new model data/tid2013/tid2013/distorted_images/i18_15_2.bmp,/data/projectwork/swati_mam/new model data/tid2013/tid2013/reference_images/I18.BMP,type_15,2,3.34146,0.13184,15,i18_15_2.bmp,train
TID2013,I18,/data/projectwork/swati_mam/new model data/tid2013/tid2013/distorted_images/i18_15_3.bmp,/data/projectwork/swati_mam/new model data/tid2013/tid2013/reference_images/I18.BMP,type_15,3,3.2,0.12845,15,i18_15_3.bmp,train
TID2013,I18,/data/projectwork/swati_mam/new model data/tid2013/tid2013/distorted_images/i18_15_4.bmp,/data/projectwork/swati_mam/new model data/tid2013/tid2013/reference_images/I18.BMP,type_15,4,3.525,0.13687,15,i18_15_4.bmp,train
TID2013,I18,/data/projectwork/swati_mam/new model data/tid2013/tid2013/distorted_images/i18_15_5.bmp,/data/projectwork/swati_mam/new model data/tid2013/tid2013/reference_images/I18.BMP,type_15,5,3.95238,0.1302,15,i18_15_5.bmp,train
TID2013,I18,/data/projectwork/swati_mam/new model data/tid2013/tid2013/distorted_images/i18_16_1.bmp,/data/projectwork/swati_mam/new model data/tid2013/tid2013/reference_images/I18.BMP,type_16,1,6.414630000000001,0.13787,16,i18_16_1.bmp,train
TID2013,I18,/data/projectwork/swati_mam/new model data/tid2013/tid2013/distorted_images/i18_16_2.bmp,/data/projectwork/swati_mam/new model data/tid2013/tid2013/reference_images/I18.BMP,type_16,2,5.952380000000001,0.18118,16,i18_16_2.bmp,train
TID2013,I18,/data/projectwork/swati_mam/new model data/tid2013/tid2013/distorted_images/i18_16_3.bmp,/data/projectwork/swati_mam/new model data/tid2013/tid2013/reference_images/I18.BMP,type_16,3,5.69048,0.16319,16,i18_16_3.bmp,train
TID2013,I18,/data/projectwork/swati_mam/new model data/tid2013/tid2013/distorted_images/i18_16_4.bmp,/data/projectwork/swati_mam/new model data/tid2013/tid2013/reference_images/I18.BMP,type_16,4,5.0,0.15411,16,i18_16_4.bmp,train
TID2013,I18,/data/projectwork/swati_mam/new model data/tid2013/tid2013/distorted_images/i18_16_5.bmp,/data/projectwork/swati_mam/new model data/tid2013/tid2013/reference_images/I18.BMP,type_16,5,4.25641,0.13912,16,i18_16_5.bmp,train
TID2013,I18,/data/projectwork/swati_mam/new model data/tid2013/tid2013/distorted_images/i18_17_1.bmp,/data/projectwork/swati_mam/new model data/tid2013/tid2013/reference_images/I18.BMP,type_17,1,5.92857,0.16968,17,i18_17_1.bmp,train
TID2013,I18,/data/projectwork/swati_mam/new model data/tid2013/tid2013/distorted_images/i18_17_2.bmp,/data/projectwork/swati_mam/new model data/tid2013/tid2013/reference_images/I18.BMP,type_17,2,6.09756,0.16107,17,i18_17_2.bmp,train
TID2013,I18,/data/projectwork/swati_mam/new model data/tid2013/tid2013/distorted_images/i18_17_3.bmp,/data/projectwork/swati_mam/new model data/tid2013/tid2013/reference_images/I18.BMP,type_17,3,4.414630000000001,0.14212,17,i18_17_3.bmp,train
TID2013,I18,/data/projectwork/swati_mam/new model data/tid2013/tid2013/distorted_images/i18_17_4.bmp,/data/projectwork/swati_mam/new model data/tid2013/tid2013/reference_images/I18.BMP,type_17,4,5.90476,0.20705,17,i18_17_4.bmp,train
TID2013,I18,/data/projectwork/swati_mam/new model data/tid2013/tid2013/distorted_images/i18_17_5.bmp,/data/projectwork/swati_mam/new model data/tid2013/tid2013/reference_images/I18.BMP,type_17,5,3.4878,0.15473,17,i18_17_5.bmp,train
TID2013,I18,/data/projectwork/swati_mam/new model data/tid2013/tid2013/distorted_images/i18_18_1.bmp,/data/projectwork/swati_mam/new model data/tid2013/tid2013/reference_images/I18.BMP,type_18,1,5.02439,0.14424,18,i18_18_1.bmp,train
TID2013,I18,/data/projectwork/swati_mam/new model data/tid2013/tid2013/distorted_images/i18_18_2.bmp,/data/projectwork/swati_mam/new model data/tid2013/tid2013/reference_images/I18.BMP,type_18,2,4.8,0.11832,18,i18_18_2.bmp,train
TID2013,I18,/data/projectwork/swati_mam/new model data/tid2013/tid2013/distorted_images/i18_18_3.bmp,/data/projectwork/swati_mam/new model data/tid2013/tid2013/reference_images/I18.BMP,type_18,3,4.35714,0.12963,18,i18_18_3.bmp,train
TID2013,I18,/data/projectwork/swati_mam/new model data/tid2013/tid2013/distorted_images/i18_18_4.bmp,/data/projectwork/swati_mam/new model data/tid2013/tid2013/reference_images/I18.BMP,type_18,4,4.07143,0.19458,18,i18_18_4.bmp,train
TID2013,I18,/data/projectwork/swati_mam/new model data/tid2013/tid2013/distorted_images/i18_18_5.bmp,/data/projectwork/swati_mam/new model data/tid2013/tid2013/reference_images/I18.BMP,type_18,5,4.09524,0.2177199999999999,18,i18_18_5.bmp,train
TID2013,I18,/data/projectwork/swati_mam/new model data/tid2013/tid2013/distorted_images/i18_19_1.bmp,/data/projectwork/swati_mam/new model data/tid2013/tid2013/reference_images/I18.BMP,type_19,1,5.14286,0.12404,19,i18_19_1.bmp,train
TID2013,I18,/data/projectwork/swati_mam/new model data/tid2013/tid2013/distorted_images/i18_19_2.bmp,/data/projectwork/swati_mam/new model data/tid2013/tid2013/reference_images/I18.BMP,type_19,2,5.07143,0.1444099999999999,19,i18_19_2.bmp,train
TID2013,I18,/data/projectwork/swati_mam/new model data/tid2013/tid2013/distorted_images/i18_19_3.bmp,/data/projectwork/swati_mam/new model data/tid2013/tid2013/reference_images/I18.BMP,type_19,3,4.375,0.09143,19,i18_19_3.bmp,train
TID2013,I18,/data/projectwork/swati_mam/new model data/tid2013/tid2013/distorted_images/i18_19_4.bmp,/data/projectwork/swati_mam/new model data/tid2013/tid2013/reference_images/I18.BMP,type_19,4,3.85366,0.10092,19,i18_19_4.bmp,train
TID2013,I18,/data/projectwork/swati_mam/new model data/tid2013/tid2013/distorted_images/i18_19_5.bmp,/data/projectwork/swati_mam/new model data/tid2013/tid2013/reference_images/I18.BMP,type_19,5,3.70732,0.08619,19,i18_19_5.bmp,train
TID2013,I18,/data/projectwork/swati_mam/new model data/tid2013/tid2013/distorted_images/i18_20_1.bmp,/data/projectwork/swati_mam/new model data/tid2013/tid2013/reference_images/I18.BMP,type_20,1,6.16667,0.15764,20,i18_20_1.bmp,train
TID2013,I18,/data/projectwork/swati_mam/new model data/tid2013/tid2013/distorted_images/i18_20_2.bmp,/data/projectwork/swati_mam/new model data/tid2013/tid2013/reference_images/I18.BMP,type_20,2,5.57143,0.10724,20,i18_20_2.bmp,train
TID2013,I18,/data/projectwork/swati_mam/new model data/tid2013/tid2013/distorted_images/i18_20_3.bmp,/data/projectwork/swati_mam/new model data/tid2013/tid2013/reference_images/I18.BMP,type_20,3,5.36585,0.1325,20,i18_20_3.bmp,train
TID2013,I18,/data/projectwork/swati_mam/new model data/tid2013/tid2013/distorted_images/i18_20_4.bmp,/data/projectwork/swati_mam/new model data/tid2013/tid2013/reference_images/I18.BMP,type_20,4,4.36585,0.12793,20,i18_20_4.bmp,train
TID2013,I18,/data/projectwork/swati_mam/new model data/tid2013/tid2013/distorted_images/i18_20_5.bmp,/data/projectwork/swati_mam/new model data/tid2013/tid2013/reference_images/I18.BMP,type_20,5,3.325,0.12936,20,i18_20_5.bmp,train
TID2013,I18,/data/projectwork/swati_mam/new model data/tid2013/tid2013/distorted_images/i18_21_1.bmp,/data/projectwork/swati_mam/new model data/tid2013/tid2013/reference_images/I18.BMP,type_21,1,5.52381,0.14769,21,i18_21_1.bmp,train
TID2013,I18,/data/projectwork/swati_mam/new model data/tid2013/tid2013/distorted_images/i18_21_2.bmp,/data/projectwork/swati_mam/new model data/tid2013/tid2013/reference_images/I18.BMP,type_21,2,5.34146,0.12249,21,i18_21_2.bmp,train
TID2013,I18,/data/projectwork/swati_mam/new model data/tid2013/tid2013/distorted_images/i18_21_3.bmp,/data/projectwork/swati_mam/new model data/tid2013/tid2013/reference_images/I18.BMP,type_21,3,4.5,0.11294,21,i18_21_3.bmp,train
TID2013,I18,/data/projectwork/swati_mam/new model data/tid2013/tid2013/distorted_images/i18_21_4.bmp,/data/projectwork/swati_mam/new model data/tid2013/tid2013/reference_images/I18.BMP,type_21,4,3.2619,0.13067,21,i18_21_4.bmp,train
TID2013,I18,/data/projectwork/swati_mam/new model data/tid2013/tid2013/distorted_images/i18_21_5.bmp,/data/projectwork/swati_mam/new model data/tid2013/tid2013/reference_images/I18.BMP,type_21,5,2.31707,0.08044,21,i18_21_5.bmp,train
TID2013,I18,/data/projectwork/swati_mam/new model data/tid2013/tid2013/distorted_images/i18_22_1.bmp,/data/projectwork/swati_mam/new model data/tid2013/tid2013/reference_images/I18.BMP,type_22,1,5.71429,0.1624799999999999,22,i18_22_1.bmp,train
TID2013,I18,/data/projectwork/swati_mam/new model data/tid2013/tid2013/distorted_images/i18_22_2.bmp,/data/projectwork/swati_mam/new model data/tid2013/tid2013/reference_images/I18.BMP,type_22,2,4.40476,0.11198,22,i18_22_2.bmp,train
TID2013,I18,/data/projectwork/swati_mam/new model data/tid2013/tid2013/distorted_images/i18_22_3.bmp,/data/projectwork/swati_mam/new model data/tid2013/tid2013/reference_images/I18.BMP,type_22,3,3.68293,0.10597,22,i18_22_3.bmp,train
TID2013,I18,/data/projectwork/swati_mam/new model data/tid2013/tid2013/distorted_images/i18_22_4.bmp,/data/projectwork/swati_mam/new model data/tid2013/tid2013/reference_images/I18.BMP,type_22,4,2.95238,0.08878,22,i18_22_4.bmp,train
TID2013,I18,/data/projectwork/swati_mam/new model data/tid2013/tid2013/distorted_images/i18_22_5.bmp,/data/projectwork/swati_mam/new model data/tid2013/tid2013/reference_images/I18.BMP,type_22,5,2.33333,0.10468,22,i18_22_5.bmp,train
TID2013,I18,/data/projectwork/swati_mam/new model data/tid2013/tid2013/distorted_images/i18_23_1.bmp,/data/projectwork/swati_mam/new model data/tid2013/tid2013/reference_images/I18.BMP,type_23,1,6.30952,0.13251,23,i18_23_1.bmp,train
TID2013,I18,/data/projectwork/swati_mam/new model data/tid2013/tid2013/distorted_images/i18_23_2.bmp,/data/projectwork/swati_mam/new model data/tid2013/tid2013/reference_images/I18.BMP,type_23,2,6.19048,0.15148,23,i18_23_2.bmp,train
TID2013,I18,/data/projectwork/swati_mam/new model data/tid2013/tid2013/distorted_images/i18_23_3.bmp,/data/projectwork/swati_mam/new model data/tid2013/tid2013/reference_images/I18.BMP,type_23,3,6.075,0.14743,23,i18_23_3.bmp,train
TID2013,I18,/data/projectwork/swati_mam/new model data/tid2013/tid2013/distorted_images/i18_23_4.bmp,/data/projectwork/swati_mam/new model data/tid2013/tid2013/reference_images/I18.BMP,type_23,4,5.92857,0.14828,23,i18_23_4.bmp,train
TID2013,I18,/data/projectwork/swati_mam/new model data/tid2013/tid2013/distorted_images/i18_23_5.bmp,/data/projectwork/swati_mam/new model data/tid2013/tid2013/reference_images/I18.BMP,type_23,5,4.0,0.10607,23,i18_23_5.bmp,train
TID2013,I18,/data/projectwork/swati_mam/new model data/tid2013/tid2013/distorted_images/i18_24_1.bmp,/data/projectwork/swati_mam/new model data/tid2013/tid2013/reference_images/I18.BMP,type_24,1,5.90244,0.1535,24,i18_24_1.bmp,train
TID2013,I18,/data/projectwork/swati_mam/new model data/tid2013/tid2013/distorted_images/i18_24_2.bmp,/data/projectwork/swati_mam/new model data/tid2013/tid2013/reference_images/I18.BMP,type_24,2,5.59524,0.12168,24,i18_24_2.bmp,train
TID2013,I18,/data/projectwork/swati_mam/new model data/tid2013/tid2013/distorted_images/i18_24_3.bmp,/data/projectwork/swati_mam/new model data/tid2013/tid2013/reference_images/I18.BMP,type_24,3,4.585369999999999,0.11427,24,i18_24_3.bmp,train
TID2013,I18,/data/projectwork/swati_mam/new model data/tid2013/tid2013/distorted_images/i18_24_4.bmp,/data/projectwork/swati_mam/new model data/tid2013/tid2013/reference_images/I18.BMP,type_24,4,3.21951,0.12201,24,i18_24_4.bmp,train
TID2013,I18,/data/projectwork/swati_mam/new model data/tid2013/tid2013/distorted_images/i18_24_5.bmp,/data/projectwork/swati_mam/new model data/tid2013/tid2013/reference_images/I18.BMP,type_24,5,1.02381,0.14081,24,i18_24_5.bmp,train
TID2013,I19,/data/projectwork/swati_mam/new model data/tid2013/tid2013/distorted_images/I19_01_1.bmp,/data/projectwork/swati_mam/new model data/tid2013/tid2013/reference_images/I19.BMP,type_01,1,5.72973,0.1650599999999999,01,I19_01_1.bmp,train
TID2013,I19,/data/projectwork/swati_mam/new model data/tid2013/tid2013/distorted_images/i19_01_2.bmp,/data/projectwork/swati_mam/new model data/tid2013/tid2013/reference_images/I19.BMP,type_01,2,5.10811,0.13121,01,i19_01_2.bmp,train
TID2013,I19,/data/projectwork/swati_mam/new model data/tid2013/tid2013/distorted_images/i19_01_3.bmp,/data/projectwork/swati_mam/new model data/tid2013/tid2013/reference_images/I19.BMP,type_01,3,4.60526,0.11495,01,i19_01_3.bmp,train
TID2013,I19,/data/projectwork/swati_mam/new model data/tid2013/tid2013/distorted_images/i19_01_4.bmp,/data/projectwork/swati_mam/new model data/tid2013/tid2013/reference_images/I19.BMP,type_01,4,4.13514,0.1092,01,i19_01_4.bmp,train
TID2013,I19,/data/projectwork/swati_mam/new model data/tid2013/tid2013/distorted_images/i19_01_5.bmp,/data/projectwork/swati_mam/new model data/tid2013/tid2013/reference_images/I19.BMP,type_01,5,3.56757,0.08145,01,i19_01_5.bmp,train
TID2013,I19,/data/projectwork/swati_mam/new model data/tid2013/tid2013/distorted_images/i19_02_1.bmp,/data/projectwork/swati_mam/new model data/tid2013/tid2013/reference_images/I19.BMP,type_02,1,6.08108,0.1638599999999999,02,i19_02_1.bmp,train
TID2013,I19,/data/projectwork/swati_mam/new model data/tid2013/tid2013/distorted_images/i19_02_2.bmp,/data/projectwork/swati_mam/new model data/tid2013/tid2013/reference_images/I19.BMP,type_02,2,5.64865,0.15392,02,i19_02_2.bmp,train
TID2013,I19,/data/projectwork/swati_mam/new model data/tid2013/tid2013/distorted_images/i19_02_3.bmp,/data/projectwork/swati_mam/new model data/tid2013/tid2013/reference_images/I19.BMP,type_02,3,5.57895,0.19914,02,i19_02_3.bmp,train
TID2013,I19,/data/projectwork/swati_mam/new model data/tid2013/tid2013/distorted_images/i19_02_4.bmp,/data/projectwork/swati_mam/new model data/tid2013/tid2013/reference_images/I19.BMP,type_02,4,5.0,0.11467,02,i19_02_4.bmp,train
TID2013,I19,/data/projectwork/swati_mam/new model data/tid2013/tid2013/distorted_images/i19_02_5.bmp,/data/projectwork/swati_mam/new model data/tid2013/tid2013/reference_images/I19.BMP,type_02,5,4.47222,0.14426,02,i19_02_5.bmp,train
TID2013,I19,/data/projectwork/swati_mam/new model data/tid2013/tid2013/distorted_images/i19_03_1.bmp,/data/projectwork/swati_mam/new model data/tid2013/tid2013/reference_images/I19.BMP,type_03,1,4.66667,0.13029,03,i19_03_1.bmp,train
TID2013,I19,/data/projectwork/swati_mam/new model data/tid2013/tid2013/distorted_images/i19_03_2.bmp,/data/projectwork/swati_mam/new model data/tid2013/tid2013/reference_images/I19.BMP,type_03,2,4.05405,0.085,03,i19_03_2.bmp,train
TID2013,I19,/data/projectwork/swati_mam/new model data/tid2013/tid2013/distorted_images/i19_03_3.bmp,/data/projectwork/swati_mam/new model data/tid2013/tid2013/reference_images/I19.BMP,type_03,3,3.631580000000001,0.108,03,i19_03_3.bmp,train
TID2013,I19,/data/projectwork/swati_mam/new model data/tid2013/tid2013/distorted_images/i19_03_4.bmp,/data/projectwork/swati_mam/new model data/tid2013/tid2013/reference_images/I19.BMP,type_03,4,3.0,0.11769,03,i19_03_4.bmp,train
TID2013,I19,/data/projectwork/swati_mam/new model data/tid2013/tid2013/distorted_images/i19_03_5.bmp,/data/projectwork/swati_mam/new model data/tid2013/tid2013/reference_images/I19.BMP,type_03,5,2.52632,0.081,03,i19_03_5.bmp,train
TID2013,I19,/data/projectwork/swati_mam/new model data/tid2013/tid2013/distorted_images/i19_04_1.bmp,/data/projectwork/swati_mam/new model data/tid2013/tid2013/reference_images/I19.BMP,type_04,1,5.8947400000000005,0.15249,04,i19_04_1.bmp,train
TID2013,I19,/data/projectwork/swati_mam/new model data/tid2013/tid2013/distorted_images/i19_04_2.bmp,/data/projectwork/swati_mam/new model data/tid2013/tid2013/reference_images/I19.BMP,type_04,2,5.94595,0.17906,04,i19_04_2.bmp,train
TID2013,I19,/data/projectwork/swati_mam/new model data/tid2013/tid2013/distorted_images/i19_04_3.bmp,/data/projectwork/swati_mam/new model data/tid2013/tid2013/reference_images/I19.BMP,type_04,3,5.8947400000000005,0.1655599999999999,04,i19_04_3.bmp,train
TID2013,I19,/data/projectwork/swati_mam/new model data/tid2013/tid2013/distorted_images/i19_04_4.bmp,/data/projectwork/swati_mam/new model data/tid2013/tid2013/reference_images/I19.BMP,type_04,4,5.24324,0.14507,04,i19_04_4.bmp,train
TID2013,I19,/data/projectwork/swati_mam/new model data/tid2013/tid2013/distorted_images/i19_04_5.bmp,/data/projectwork/swati_mam/new model data/tid2013/tid2013/reference_images/I19.BMP,type_04,5,4.48649,0.1303,04,i19_04_5.bmp,train
TID2013,I19,/data/projectwork/swati_mam/new model data/tid2013/tid2013/distorted_images/i19_05_1.bmp,/data/projectwork/swati_mam/new model data/tid2013/tid2013/reference_images/I19.BMP,type_05,1,5.97368,0.15563,05,i19_05_1.bmp,train
TID2013,I19,/data/projectwork/swati_mam/new model data/tid2013/tid2013/distorted_images/i19_05_2.bmp,/data/projectwork/swati_mam/new model data/tid2013/tid2013/reference_images/I19.BMP,type_05,2,5.5,0.138,05,i19_05_2.bmp,train
TID2013,I19,/data/projectwork/swati_mam/new model data/tid2013/tid2013/distorted_images/i19_05_3.bmp,/data/projectwork/swati_mam/new model data/tid2013/tid2013/reference_images/I19.BMP,type_05,3,5.07895,0.11399,05,i19_05_3.bmp,train
TID2013,I19,/data/projectwork/swati_mam/new model data/tid2013/tid2013/distorted_images/i19_05_4.bmp,/data/projectwork/swati_mam/new model data/tid2013/tid2013/reference_images/I19.BMP,type_05,4,4.0,0.09623,05,i19_05_4.bmp,train
TID2013,I19,/data/projectwork/swati_mam/new model data/tid2013/tid2013/distorted_images/i19_05_5.bmp,/data/projectwork/swati_mam/new model data/tid2013/tid2013/reference_images/I19.BMP,type_05,5,3.18421,0.11075,05,i19_05_5.bmp,train
TID2013,I19,/data/projectwork/swati_mam/new model data/tid2013/tid2013/distorted_images/i19_06_1.bmp,/data/projectwork/swati_mam/new model data/tid2013/tid2013/reference_images/I19.BMP,type_06,1,4.73684,0.12165,06,i19_06_1.bmp,train
TID2013,I19,/data/projectwork/swati_mam/new model data/tid2013/tid2013/distorted_images/i19_06_2.bmp,/data/projectwork/swati_mam/new model data/tid2013/tid2013/reference_images/I19.BMP,type_06,2,4.64865,0.1280099999999999,06,i19_06_2.bmp,train
TID2013,I19,/data/projectwork/swati_mam/new model data/tid2013/tid2013/distorted_images/i19_06_3.bmp,/data/projectwork/swati_mam/new model data/tid2013/tid2013/reference_images/I19.BMP,type_06,3,3.86842,0.14966,06,i19_06_3.bmp,train
TID2013,I19,/data/projectwork/swati_mam/new model data/tid2013/tid2013/distorted_images/i19_06_4.bmp,/data/projectwork/swati_mam/new model data/tid2013/tid2013/reference_images/I19.BMP,type_06,4,3.56757,0.1180599999999999,06,i19_06_4.bmp,train
TID2013,I19,/data/projectwork/swati_mam/new model data/tid2013/tid2013/distorted_images/i19_06_5.bmp,/data/projectwork/swati_mam/new model data/tid2013/tid2013/reference_images/I19.BMP,type_06,5,3.18919,0.10701,06,i19_06_5.bmp,train
TID2013,I19,/data/projectwork/swati_mam/new model data/tid2013/tid2013/distorted_images/i19_07_1.bmp,/data/projectwork/swati_mam/new model data/tid2013/tid2013/reference_images/I19.BMP,type_07,1,5.37838,0.1104599999999999,07,i19_07_1.bmp,train
TID2013,I19,/data/projectwork/swati_mam/new model data/tid2013/tid2013/distorted_images/i19_07_2.bmp,/data/projectwork/swati_mam/new model data/tid2013/tid2013/reference_images/I19.BMP,type_07,2,4.675680000000001,0.14329,07,i19_07_2.bmp,train
TID2013,I19,/data/projectwork/swati_mam/new model data/tid2013/tid2013/distorted_images/i19_07_3.bmp,/data/projectwork/swati_mam/new model data/tid2013/tid2013/reference_images/I19.BMP,type_07,3,3.88889,0.1095599999999999,07,i19_07_3.bmp,train
TID2013,I19,/data/projectwork/swati_mam/new model data/tid2013/tid2013/distorted_images/i19_07_4.bmp,/data/projectwork/swati_mam/new model data/tid2013/tid2013/reference_images/I19.BMP,type_07,4,3.19444,0.10259,07,i19_07_4.bmp,train
TID2013,I19,/data/projectwork/swati_mam/new model data/tid2013/tid2013/distorted_images/i19_07_5.bmp,/data/projectwork/swati_mam/new model data/tid2013/tid2013/reference_images/I19.BMP,type_07,5,2.60526,0.11495,07,i19_07_5.bmp,train
TID2013,I19,/data/projectwork/swati_mam/new model data/tid2013/tid2013/distorted_images/i19_08_1.bmp,/data/projectwork/swati_mam/new model data/tid2013/tid2013/reference_images/I19.BMP,type_08,1,5.35135,0.10268,08,i19_08_1.bmp,train
TID2013,I19,/data/projectwork/swati_mam/new model data/tid2013/tid2013/distorted_images/i19_08_2.bmp,/data/projectwork/swati_mam/new model data/tid2013/tid2013/reference_images/I19.BMP,type_08,2,4.7027,0.12599,08,i19_08_2.bmp,train
TID2013,I19,/data/projectwork/swati_mam/new model data/tid2013/tid2013/distorted_images/i19_08_3.bmp,/data/projectwork/swati_mam/new model data/tid2013/tid2013/reference_images/I19.BMP,type_08,3,3.76316,0.1312299999999999,08,i19_08_3.bmp,train
TID2013,I19,/data/projectwork/swati_mam/new model data/tid2013/tid2013/distorted_images/i19_08_4.bmp,/data/projectwork/swati_mam/new model data/tid2013/tid2013/reference_images/I19.BMP,type_08,4,2.89189,0.1132799999999999,08,i19_08_4.bmp,train
TID2013,I19,/data/projectwork/swati_mam/new model data/tid2013/tid2013/distorted_images/i19_08_5.bmp,/data/projectwork/swati_mam/new model data/tid2013/tid2013/reference_images/I19.BMP,type_08,5,2.27027,0.09856,08,i19_08_5.bmp,train
TID2013,I19,/data/projectwork/swati_mam/new model data/tid2013/tid2013/distorted_images/i19_09_1.bmp,/data/projectwork/swati_mam/new model data/tid2013/tid2013/reference_images/I19.BMP,type_09,1,6.08108,0.15469,09,i19_09_1.bmp,train
TID2013,I19,/data/projectwork/swati_mam/new model data/tid2013/tid2013/distorted_images/i19_09_2.bmp,/data/projectwork/swati_mam/new model data/tid2013/tid2013/reference_images/I19.BMP,type_09,2,5.8947400000000005,0.18152,09,i19_09_2.bmp,train
TID2013,I19,/data/projectwork/swati_mam/new model data/tid2013/tid2013/distorted_images/i19_09_3.bmp,/data/projectwork/swati_mam/new model data/tid2013/tid2013/reference_images/I19.BMP,type_09,3,4.86842,0.15422,09,i19_09_3.bmp,train
TID2013,I19,/data/projectwork/swati_mam/new model data/tid2013/tid2013/distorted_images/i19_09_4.bmp,/data/projectwork/swati_mam/new model data/tid2013/tid2013/reference_images/I19.BMP,type_09,4,3.27027,0.09084,09,i19_09_4.bmp,train
TID2013,I19,/data/projectwork/swati_mam/new model data/tid2013/tid2013/distorted_images/i19_09_5.bmp,/data/projectwork/swati_mam/new model data/tid2013/tid2013/reference_images/I19.BMP,type_09,5,1.86486,0.1022899999999999,09,i19_09_5.bmp,train
TID2013,I19,/data/projectwork/swati_mam/new model data/tid2013/tid2013/distorted_images/i19_10_1.bmp,/data/projectwork/swati_mam/new model data/tid2013/tid2013/reference_images/I19.BMP,type_10,1,5.73684,0.14739,10,i19_10_1.bmp,train
TID2013,I19,/data/projectwork/swati_mam/new model data/tid2013/tid2013/distorted_images/i19_10_2.bmp,/data/projectwork/swati_mam/new model data/tid2013/tid2013/reference_images/I19.BMP,type_10,2,5.47222,0.11444,10,i19_10_2.bmp,train
TID2013,I19,/data/projectwork/swati_mam/new model data/tid2013/tid2013/distorted_images/i19_10_3.bmp,/data/projectwork/swati_mam/new model data/tid2013/tid2013/reference_images/I19.BMP,type_10,3,4.86111,0.11217,10,i19_10_3.bmp,train
TID2013,I19,/data/projectwork/swati_mam/new model data/tid2013/tid2013/distorted_images/i19_10_4.bmp,/data/projectwork/swati_mam/new model data/tid2013/tid2013/reference_images/I19.BMP,type_10,4,3.0,0.10811,10,i19_10_4.bmp,train
TID2013,I19,/data/projectwork/swati_mam/new model data/tid2013/tid2013/distorted_images/i19_10_5.bmp,/data/projectwork/swati_mam/new model data/tid2013/tid2013/reference_images/I19.BMP,type_10,5,1.65789,0.15469,10,i19_10_5.bmp,train
TID2013,I19,/data/projectwork/swati_mam/new model data/tid2013/tid2013/distorted_images/I19_11_1.bmp,/data/projectwork/swati_mam/new model data/tid2013/tid2013/reference_images/I19.BMP,type_11,1,5.52632,0.1851,11,I19_11_1.bmp,train
TID2013,I19,/data/projectwork/swati_mam/new model data/tid2013/tid2013/distorted_images/i19_11_2.bmp,/data/projectwork/swati_mam/new model data/tid2013/tid2013/reference_images/I19.BMP,type_11,2,4.97368,0.11463,11,i19_11_2.bmp,train
TID2013,I19,/data/projectwork/swati_mam/new model data/tid2013/tid2013/distorted_images/i19_11_3.bmp,/data/projectwork/swati_mam/new model data/tid2013/tid2013/reference_images/I19.BMP,type_11,3,4.52632,0.13794,11,i19_11_3.bmp,train
TID2013,I19,/data/projectwork/swati_mam/new model data/tid2013/tid2013/distorted_images/i19_11_4.bmp,/data/projectwork/swati_mam/new model data/tid2013/tid2013/reference_images/I19.BMP,type_11,4,2.94595,0.11432,11,i19_11_4.bmp,train
TID2013,I19,/data/projectwork/swati_mam/new model data/tid2013/tid2013/distorted_images/i19_11_5.bmp,/data/projectwork/swati_mam/new model data/tid2013/tid2013/reference_images/I19.BMP,type_11,5,1.23684,0.1312299999999999,11,i19_11_5.bmp,train
TID2013,I19,/data/projectwork/swati_mam/new model data/tid2013/tid2013/distorted_images/i19_12_1.bmp,/data/projectwork/swati_mam/new model data/tid2013/tid2013/reference_images/I19.BMP,type_12,1,6.1315800000000005,0.16295,12,i19_12_1.bmp,train
TID2013,I19,/data/projectwork/swati_mam/new model data/tid2013/tid2013/distorted_images/i19_12_2.bmp,/data/projectwork/swati_mam/new model data/tid2013/tid2013/reference_images/I19.BMP,type_12,2,5.59459,0.14534,12,i19_12_2.bmp,train
TID2013,I19,/data/projectwork/swati_mam/new model data/tid2013/tid2013/distorted_images/i19_12_3.bmp,/data/projectwork/swati_mam/new model data/tid2013/tid2013/reference_images/I19.BMP,type_12,3,5.18421,0.1616,12,i19_12_3.bmp,train
TID2013,I19,/data/projectwork/swati_mam/new model data/tid2013/tid2013/distorted_images/i19_12_4.bmp,/data/projectwork/swati_mam/new model data/tid2013/tid2013/reference_images/I19.BMP,type_12,4,5.08108,0.17254,12,i19_12_4.bmp,train
TID2013,I19,/data/projectwork/swati_mam/new model data/tid2013/tid2013/distorted_images/i19_12_5.bmp,/data/projectwork/swati_mam/new model data/tid2013/tid2013/reference_images/I19.BMP,type_12,5,4.52778,0.14426,12,i19_12_5.bmp,train
TID2013,I19,/data/projectwork/swati_mam/new model data/tid2013/tid2013/distorted_images/I19_13_1.bmp,/data/projectwork/swati_mam/new model data/tid2013/tid2013/reference_images/I19.BMP,type_13,1,4.675680000000001,0.16241,13,I19_13_1.bmp,train
TID2013,I19,/data/projectwork/swati_mam/new model data/tid2013/tid2013/distorted_images/i19_13_2.bmp,/data/projectwork/swati_mam/new model data/tid2013/tid2013/reference_images/I19.BMP,type_13,2,4.052630000000001,0.11738,13,i19_13_2.bmp,train
TID2013,I19,/data/projectwork/swati_mam/new model data/tid2013/tid2013/distorted_images/i19_13_3.bmp,/data/projectwork/swati_mam/new model data/tid2013/tid2013/reference_images/I19.BMP,type_13,3,3.62162,0.1104599999999999,13,i19_13_3.bmp,train
TID2013,I19,/data/projectwork/swati_mam/new model data/tid2013/tid2013/distorted_images/i19_13_4.bmp,/data/projectwork/swati_mam/new model data/tid2013/tid2013/reference_images/I19.BMP,type_13,4,3.07895,0.10111,13,i19_13_4.bmp,train
TID2013,I19,/data/projectwork/swati_mam/new model data/tid2013/tid2013/distorted_images/i19_13_5.bmp,/data/projectwork/swati_mam/new model data/tid2013/tid2013/reference_images/I19.BMP,type_13,5,1.94737,0.09809,13,i19_13_5.bmp,train
TID2013,I19,/data/projectwork/swati_mam/new model data/tid2013/tid2013/distorted_images/i19_14_1.bmp,/data/projectwork/swati_mam/new model data/tid2013/tid2013/reference_images/I19.BMP,type_14,1,5.61111,0.13192,14,i19_14_1.bmp,train
TID2013,I19,/data/projectwork/swati_mam/new model data/tid2013/tid2013/distorted_images/i19_14_2.bmp,/data/projectwork/swati_mam/new model data/tid2013/tid2013/reference_images/I19.BMP,type_14,2,6.02632,0.15111,14,i19_14_2.bmp,train
TID2013,I19,/data/projectwork/swati_mam/new model data/tid2013/tid2013/distorted_images/i19_14_3.bmp,/data/projectwork/swati_mam/new model data/tid2013/tid2013/reference_images/I19.BMP,type_14,3,5.45946,0.1244099999999999,14,i19_14_3.bmp,train
TID2013,I19,/data/projectwork/swati_mam/new model data/tid2013/tid2013/distorted_images/i19_14_4.bmp,/data/projectwork/swati_mam/new model data/tid2013/tid2013/reference_images/I19.BMP,type_14,4,4.92105,0.17209,14,i19_14_4.bmp,train
TID2013,I19,/data/projectwork/swati_mam/new model data/tid2013/tid2013/distorted_images/i19_14_5.bmp,/data/projectwork/swati_mam/new model data/tid2013/tid2013/reference_images/I19.BMP,type_14,5,3.64865,0.1718599999999999,14,i19_14_5.bmp,train
TID2013,I19,/data/projectwork/swati_mam/new model data/tid2013/tid2013/distorted_images/i19_15_1.bmp,/data/projectwork/swati_mam/new model data/tid2013/tid2013/reference_images/I19.BMP,type_15,1,2.88889,0.14042,15,i19_15_1.bmp,train
TID2013,I19,/data/projectwork/swati_mam/new model data/tid2013/tid2013/distorted_images/i19_15_2.bmp,/data/projectwork/swati_mam/new model data/tid2013/tid2013/reference_images/I19.BMP,type_15,2,3.2777800000000004,0.16011,15,i19_15_2.bmp,train
TID2013,I19,/data/projectwork/swati_mam/new model data/tid2013/tid2013/distorted_images/i19_15_3.bmp,/data/projectwork/swati_mam/new model data/tid2013/tid2013/reference_images/I19.BMP,type_15,3,3.51351,0.15583,15,i19_15_3.bmp,train
TID2013,I19,/data/projectwork/swati_mam/new model data/tid2013/tid2013/distorted_images/i19_15_4.bmp,/data/projectwork/swati_mam/new model data/tid2013/tid2013/reference_images/I19.BMP,type_15,4,3.68421,0.13977,15,i19_15_4.bmp,train
TID2013,I19,/data/projectwork/swati_mam/new model data/tid2013/tid2013/distorted_images/i19_15_5.bmp,/data/projectwork/swati_mam/new model data/tid2013/tid2013/reference_images/I19.BMP,type_15,5,3.54054,0.20793,15,i19_15_5.bmp,train
TID2013,I19,/data/projectwork/swati_mam/new model data/tid2013/tid2013/distorted_images/i19_16_1.bmp,/data/projectwork/swati_mam/new model data/tid2013/tid2013/reference_images/I19.BMP,type_16,1,6.1315800000000005,0.16295,16,i19_16_1.bmp,train
TID2013,I19,/data/projectwork/swati_mam/new model data/tid2013/tid2013/distorted_images/i19_16_2.bmp,/data/projectwork/swati_mam/new model data/tid2013/tid2013/reference_images/I19.BMP,type_16,2,6.26316,0.20277,16,i19_16_2.bmp,train
TID2013,I19,/data/projectwork/swati_mam/new model data/tid2013/tid2013/distorted_images/i19_16_3.bmp,/data/projectwork/swati_mam/new model data/tid2013/tid2013/reference_images/I19.BMP,type_16,3,5.28947,0.16183,16,i19_16_3.bmp,train
TID2013,I19,/data/projectwork/swati_mam/new model data/tid2013/tid2013/distorted_images/i19_16_4.bmp,/data/projectwork/swati_mam/new model data/tid2013/tid2013/reference_images/I19.BMP,type_16,4,5.84211,0.2249199999999999,16,i19_16_4.bmp,train
TID2013,I19,/data/projectwork/swati_mam/new model data/tid2013/tid2013/distorted_images/i19_16_5.bmp,/data/projectwork/swati_mam/new model data/tid2013/tid2013/reference_images/I19.BMP,type_16,5,4.41667,0.14367,16,i19_16_5.bmp,train
TID2013,I19,/data/projectwork/swati_mam/new model data/tid2013/tid2013/distorted_images/i19_17_1.bmp,/data/projectwork/swati_mam/new model data/tid2013/tid2013/reference_images/I19.BMP,type_17,1,5.47368,0.1774599999999999,17,i19_17_1.bmp,train
TID2013,I19,/data/projectwork/swati_mam/new model data/tid2013/tid2013/distorted_images/i19_17_2.bmp,/data/projectwork/swati_mam/new model data/tid2013/tid2013/reference_images/I19.BMP,type_17,2,6.18919,0.16143,17,i19_17_2.bmp,train
TID2013,I19,/data/projectwork/swati_mam/new model data/tid2013/tid2013/distorted_images/i19_17_3.bmp,/data/projectwork/swati_mam/new model data/tid2013/tid2013/reference_images/I19.BMP,type_17,3,4.43243,0.17323,17,i19_17_3.bmp,train
TID2013,I19,/data/projectwork/swati_mam/new model data/tid2013/tid2013/distorted_images/i19_17_4.bmp,/data/projectwork/swati_mam/new model data/tid2013/tid2013/reference_images/I19.BMP,type_17,4,5.75676,0.2337699999999999,17,i19_17_4.bmp,train
TID2013,I19,/data/projectwork/swati_mam/new model data/tid2013/tid2013/distorted_images/i19_17_5.bmp,/data/projectwork/swati_mam/new model data/tid2013/tid2013/reference_images/I19.BMP,type_17,5,3.34211,0.1356,17,i19_17_5.bmp,train
TID2013,I19,/data/projectwork/swati_mam/new model data/tid2013/tid2013/distorted_images/i19_18_1.bmp,/data/projectwork/swati_mam/new model data/tid2013/tid2013/reference_images/I19.BMP,type_18,1,5.13514,0.15834,18,i19_18_1.bmp,train
TID2013,I19,/data/projectwork/swati_mam/new model data/tid2013/tid2013/distorted_images/i19_18_2.bmp,/data/projectwork/swati_mam/new model data/tid2013/tid2013/reference_images/I19.BMP,type_18,2,4.38889,0.13765,18,i19_18_2.bmp,train
TID2013,I19,/data/projectwork/swati_mam/new model data/tid2013/tid2013/distorted_images/i19_18_3.bmp,/data/projectwork/swati_mam/new model data/tid2013/tid2013/reference_images/I19.BMP,type_18,3,4.24324,0.16398,18,i19_18_3.bmp,train
TID2013,I19,/data/projectwork/swati_mam/new model data/tid2013/tid2013/distorted_images/i19_18_4.bmp,/data/projectwork/swati_mam/new model data/tid2013/tid2013/reference_images/I19.BMP,type_18,4,4.08108,0.18481,18,i19_18_4.bmp,train
TID2013,I19,/data/projectwork/swati_mam/new model data/tid2013/tid2013/distorted_images/i19_18_5.bmp,/data/projectwork/swati_mam/new model data/tid2013/tid2013/reference_images/I19.BMP,type_18,5,4.05405,0.20206,18,i19_18_5.bmp,train
TID2013,I19,/data/projectwork/swati_mam/new model data/tid2013/tid2013/distorted_images/i19_19_1.bmp,/data/projectwork/swati_mam/new model data/tid2013/tid2013/reference_images/I19.BMP,type_19,1,5.54054,0.15094,19,i19_19_1.bmp,train
TID2013,I19,/data/projectwork/swati_mam/new model data/tid2013/tid2013/distorted_images/i19_19_2.bmp,/data/projectwork/swati_mam/new model data/tid2013/tid2013/reference_images/I19.BMP,type_19,2,4.97297,0.12377,19,i19_19_2.bmp,train
TID2013,I19,/data/projectwork/swati_mam/new model data/tid2013/tid2013/distorted_images/i19_19_3.bmp,/data/projectwork/swati_mam/new model data/tid2013/tid2013/reference_images/I19.BMP,type_19,3,4.55556,0.12696,19,i19_19_3.bmp,train
TID2013,I19,/data/projectwork/swati_mam/new model data/tid2013/tid2013/distorted_images/i19_19_4.bmp,/data/projectwork/swati_mam/new model data/tid2013/tid2013/reference_images/I19.BMP,type_19,4,4.31429,0.10514,19,i19_19_4.bmp,train
TID2013,I19,/data/projectwork/swati_mam/new model data/tid2013/tid2013/distorted_images/i19_19_5.bmp,/data/projectwork/swati_mam/new model data/tid2013/tid2013/reference_images/I19.BMP,type_19,5,3.55556,0.08282,19,i19_19_5.bmp,train
TID2013,I19,/data/projectwork/swati_mam/new model data/tid2013/tid2013/distorted_images/i19_20_1.bmp,/data/projectwork/swati_mam/new model data/tid2013/tid2013/reference_images/I19.BMP,type_20,1,5.7027,0.14736,20,i19_20_1.bmp,train
TID2013,I19,/data/projectwork/swati_mam/new model data/tid2013/tid2013/distorted_images/i19_20_2.bmp,/data/projectwork/swati_mam/new model data/tid2013/tid2013/reference_images/I19.BMP,type_20,2,5.71053,0.16605,20,i19_20_2.bmp,train
TID2013,I19,/data/projectwork/swati_mam/new model data/tid2013/tid2013/distorted_images/i19_20_3.bmp,/data/projectwork/swati_mam/new model data/tid2013/tid2013/reference_images/I19.BMP,type_20,3,5.18919,0.14723,20,i19_20_3.bmp,train
TID2013,I19,/data/projectwork/swati_mam/new model data/tid2013/tid2013/distorted_images/i19_20_4.bmp,/data/projectwork/swati_mam/new model data/tid2013/tid2013/reference_images/I19.BMP,type_20,4,4.13889,0.1050599999999999,20,i19_20_4.bmp,train
TID2013,I19,/data/projectwork/swati_mam/new model data/tid2013/tid2013/distorted_images/i19_20_5.bmp,/data/projectwork/swati_mam/new model data/tid2013/tid2013/reference_images/I19.BMP,type_20,5,3.05263,0.10492,20,i19_20_5.bmp,train
TID2013,I19,/data/projectwork/swati_mam/new model data/tid2013/tid2013/distorted_images/i19_21_1.bmp,/data/projectwork/swati_mam/new model data/tid2013/tid2013/reference_images/I19.BMP,type_21,1,5.40541,0.12939,21,i19_21_1.bmp,train
TID2013,I19,/data/projectwork/swati_mam/new model data/tid2013/tid2013/distorted_images/i19_21_2.bmp,/data/projectwork/swati_mam/new model data/tid2013/tid2013/reference_images/I19.BMP,type_21,2,5.16216,0.13521,21,i19_21_2.bmp,train
TID2013,I19,/data/projectwork/swati_mam/new model data/tid2013/tid2013/distorted_images/i19_21_3.bmp,/data/projectwork/swati_mam/new model data/tid2013/tid2013/reference_images/I19.BMP,type_21,3,4.08108,0.10382,21,i19_21_3.bmp,train
TID2013,I19,/data/projectwork/swati_mam/new model data/tid2013/tid2013/distorted_images/i19_21_4.bmp,/data/projectwork/swati_mam/new model data/tid2013/tid2013/reference_images/I19.BMP,type_21,4,3.56757,0.10496,21,i19_21_4.bmp,train
TID2013,I19,/data/projectwork/swati_mam/new model data/tid2013/tid2013/distorted_images/i19_21_5.bmp,/data/projectwork/swati_mam/new model data/tid2013/tid2013/reference_images/I19.BMP,type_21,5,2.25,0.09108,21,i19_21_5.bmp,train
TID2013,I19,/data/projectwork/swati_mam/new model data/tid2013/tid2013/distorted_images/i19_22_1.bmp,/data/projectwork/swati_mam/new model data/tid2013/tid2013/reference_images/I19.BMP,type_22,1,5.73684,0.1849,22,i19_22_1.bmp,train
TID2013,I19,/data/projectwork/swati_mam/new model data/tid2013/tid2013/distorted_images/i19_22_2.bmp,/data/projectwork/swati_mam/new model data/tid2013/tid2013/reference_images/I19.BMP,type_22,2,5.324319999999999,0.1483,22,i19_22_2.bmp,train
TID2013,I19,/data/projectwork/swati_mam/new model data/tid2013/tid2013/distorted_images/i19_22_3.bmp,/data/projectwork/swati_mam/new model data/tid2013/tid2013/reference_images/I19.BMP,type_22,3,4.4,0.10061,22,i19_22_3.bmp,train
TID2013,I19,/data/projectwork/swati_mam/new model data/tid2013/tid2013/distorted_images/i19_22_4.bmp,/data/projectwork/swati_mam/new model data/tid2013/tid2013/reference_images/I19.BMP,type_22,4,3.94737,0.14388,22,i19_22_4.bmp,train
TID2013,I19,/data/projectwork/swati_mam/new model data/tid2013/tid2013/distorted_images/i19_22_5.bmp,/data/projectwork/swati_mam/new model data/tid2013/tid2013/reference_images/I19.BMP,type_22,5,2.75676,0.12329,22,i19_22_5.bmp,train
TID2013,I19,/data/projectwork/swati_mam/new model data/tid2013/tid2013/distorted_images/i19_23_1.bmp,/data/projectwork/swati_mam/new model data/tid2013/tid2013/reference_images/I19.BMP,type_23,1,5.86842,0.17524,23,i19_23_1.bmp,train
TID2013,I19,/data/projectwork/swati_mam/new model data/tid2013/tid2013/distorted_images/i19_23_2.bmp,/data/projectwork/swati_mam/new model data/tid2013/tid2013/reference_images/I19.BMP,type_23,2,6.28947,0.1966099999999999,23,i19_23_2.bmp,train
TID2013,I19,/data/projectwork/swati_mam/new model data/tid2013/tid2013/distorted_images/i19_23_3.bmp,/data/projectwork/swati_mam/new model data/tid2013/tid2013/reference_images/I19.BMP,type_23,3,5.75676,0.16398,23,i19_23_3.bmp,train
TID2013,I19,/data/projectwork/swati_mam/new model data/tid2013/tid2013/distorted_images/i19_23_4.bmp,/data/projectwork/swati_mam/new model data/tid2013/tid2013/reference_images/I19.BMP,type_23,4,5.76316,0.18016,23,i19_23_4.bmp,train
TID2013,I19,/data/projectwork/swati_mam/new model data/tid2013/tid2013/distorted_images/i19_23_5.bmp,/data/projectwork/swati_mam/new model data/tid2013/tid2013/reference_images/I19.BMP,type_23,5,5.21622,0.15822,23,i19_23_5.bmp,train
TID2013,I19,/data/projectwork/swati_mam/new model data/tid2013/tid2013/distorted_images/i19_24_1.bmp,/data/projectwork/swati_mam/new model data/tid2013/tid2013/reference_images/I19.BMP,type_24,1,5.45946,0.15094,24,i19_24_1.bmp,train
TID2013,I19,/data/projectwork/swati_mam/new model data/tid2013/tid2013/distorted_images/i19_24_2.bmp,/data/projectwork/swati_mam/new model data/tid2013/tid2013/reference_images/I19.BMP,type_24,2,4.7027,0.15697,24,i19_24_2.bmp,train
TID2013,I19,/data/projectwork/swati_mam/new model data/tid2013/tid2013/distorted_images/i19_24_3.bmp,/data/projectwork/swati_mam/new model data/tid2013/tid2013/reference_images/I19.BMP,type_24,3,3.63889,0.12517,24,i19_24_3.bmp,train
TID2013,I19,/data/projectwork/swati_mam/new model data/tid2013/tid2013/distorted_images/i19_24_4.bmp,/data/projectwork/swati_mam/new model data/tid2013/tid2013/reference_images/I19.BMP,type_24,4,2.5,0.11009,24,i19_24_4.bmp,train
TID2013,I19,/data/projectwork/swati_mam/new model data/tid2013/tid2013/distorted_images/i19_24_5.bmp,/data/projectwork/swati_mam/new model data/tid2013/tid2013/reference_images/I19.BMP,type_24,5,0.77778,0.1185799999999999,24,i19_24_5.bmp,train
TID2013,I20,/data/projectwork/swati_mam/new model data/tid2013/tid2013/distorted_images/I20_01_1.bmp,/data/projectwork/swati_mam/new model data/tid2013/tid2013/reference_images/I20.BMP,type_01,1,5.76923,0.1379,01,I20_01_1.bmp,train
TID2013,I20,/data/projectwork/swati_mam/new model data/tid2013/tid2013/distorted_images/i20_01_2.bmp,/data/projectwork/swati_mam/new model data/tid2013/tid2013/reference_images/I20.BMP,type_01,2,5.51282,0.18084,01,i20_01_2.bmp,train
TID2013,I20,/data/projectwork/swati_mam/new model data/tid2013/tid2013/distorted_images/i20_01_3.bmp,/data/projectwork/swati_mam/new model data/tid2013/tid2013/reference_images/I20.BMP,type_01,3,4.92105,0.10111,01,i20_01_3.bmp,train
TID2013,I20,/data/projectwork/swati_mam/new model data/tid2013/tid2013/distorted_images/i20_01_4.bmp,/data/projectwork/swati_mam/new model data/tid2013/tid2013/reference_images/I20.BMP,type_01,4,4.4359,0.11914,01,i20_01_4.bmp,train
TID2013,I20,/data/projectwork/swati_mam/new model data/tid2013/tid2013/distorted_images/i20_01_5.bmp,/data/projectwork/swati_mam/new model data/tid2013/tid2013/reference_images/I20.BMP,type_01,5,3.78378,0.09467,01,i20_01_5.bmp,train
TID2013,I20,/data/projectwork/swati_mam/new model data/tid2013/tid2013/distorted_images/i20_02_1.bmp,/data/projectwork/swati_mam/new model data/tid2013/tid2013/reference_images/I20.BMP,type_02,1,5.84211,0.1686099999999999,02,i20_02_1.bmp,train
TID2013,I20,/data/projectwork/swati_mam/new model data/tid2013/tid2013/distorted_images/i20_02_2.bmp,/data/projectwork/swati_mam/new model data/tid2013/tid2013/reference_images/I20.BMP,type_02,2,5.79487,0.15461,02,i20_02_2.bmp,train
TID2013,I20,/data/projectwork/swati_mam/new model data/tid2013/tid2013/distorted_images/i20_02_3.bmp,/data/projectwork/swati_mam/new model data/tid2013/tid2013/reference_images/I20.BMP,type_02,3,5.51351,0.14615,02,i20_02_3.bmp,train
TID2013,I20,/data/projectwork/swati_mam/new model data/tid2013/tid2013/distorted_images/i20_02_4.bmp,/data/projectwork/swati_mam/new model data/tid2013/tid2013/reference_images/I20.BMP,type_02,4,5.28205,0.12535,02,i20_02_4.bmp,train
TID2013,I20,/data/projectwork/swati_mam/new model data/tid2013/tid2013/distorted_images/i20_02_5.bmp,/data/projectwork/swati_mam/new model data/tid2013/tid2013/reference_images/I20.BMP,type_02,5,4.48718,0.1195599999999999,02,i20_02_5.bmp,train
TID2013,I20,/data/projectwork/swati_mam/new model data/tid2013/tid2013/distorted_images/i20_03_1.bmp,/data/projectwork/swati_mam/new model data/tid2013/tid2013/reference_images/I20.BMP,type_03,1,4.947369999999999,0.162,03,i20_03_1.bmp,train
TID2013,I20,/data/projectwork/swati_mam/new model data/tid2013/tid2013/distorted_images/i20_03_2.bmp,/data/projectwork/swati_mam/new model data/tid2013/tid2013/reference_images/I20.BMP,type_03,2,4.21053,0.1243099999999999,03,i20_03_2.bmp,train
TID2013,I20,/data/projectwork/swati_mam/new model data/tid2013/tid2013/distorted_images/i20_03_3.bmp,/data/projectwork/swati_mam/new model data/tid2013/tid2013/reference_images/I20.BMP,type_03,3,3.81081,0.09235,03,i20_03_3.bmp,train
TID2013,I20,/data/projectwork/swati_mam/new model data/tid2013/tid2013/distorted_images/i20_03_4.bmp,/data/projectwork/swati_mam/new model data/tid2013/tid2013/reference_images/I20.BMP,type_03,4,3.12821,0.10371,03,i20_03_4.bmp,train
TID2013,I20,/data/projectwork/swati_mam/new model data/tid2013/tid2013/distorted_images/i20_03_5.bmp,/data/projectwork/swati_mam/new model data/tid2013/tid2013/reference_images/I20.BMP,type_03,5,2.65789,0.1304,03,i20_03_5.bmp,train
TID2013,I20,/data/projectwork/swati_mam/new model data/tid2013/tid2013/distorted_images/i20_04_1.bmp,/data/projectwork/swati_mam/new model data/tid2013/tid2013/reference_images/I20.BMP,type_04,1,5.71053,0.13371,04,i20_04_1.bmp,train
TID2013,I20,/data/projectwork/swati_mam/new model data/tid2013/tid2013/distorted_images/i20_04_2.bmp,/data/projectwork/swati_mam/new model data/tid2013/tid2013/reference_images/I20.BMP,type_04,2,5.47368,0.13282,04,i20_04_2.bmp,train
TID2013,I20,/data/projectwork/swati_mam/new model data/tid2013/tid2013/distorted_images/i20_04_3.bmp,/data/projectwork/swati_mam/new model data/tid2013/tid2013/reference_images/I20.BMP,type_04,3,5.15789,0.16019,04,i20_04_3.bmp,train
TID2013,I20,/data/projectwork/swati_mam/new model data/tid2013/tid2013/distorted_images/i20_04_4.bmp,/data/projectwork/swati_mam/new model data/tid2013/tid2013/reference_images/I20.BMP,type_04,4,4.72973,0.09856,04,i20_04_4.bmp,train
TID2013,I20,/data/projectwork/swati_mam/new model data/tid2013/tid2013/distorted_images/i20_04_5.bmp,/data/projectwork/swati_mam/new model data/tid2013/tid2013/reference_images/I20.BMP,type_04,5,4.05405,0.10073,04,i20_04_5.bmp,train
TID2013,I20,/data/projectwork/swati_mam/new model data/tid2013/tid2013/distorted_images/i20_05_1.bmp,/data/projectwork/swati_mam/new model data/tid2013/tid2013/reference_images/I20.BMP,type_05,1,6.02632,0.1464599999999999,05,i20_05_1.bmp,train
TID2013,I20,/data/projectwork/swati_mam/new model data/tid2013/tid2013/distorted_images/i20_05_2.bmp,/data/projectwork/swati_mam/new model data/tid2013/tid2013/reference_images/I20.BMP,type_05,2,5.76316,0.15539,05,i20_05_2.bmp,train
TID2013,I20,/data/projectwork/swati_mam/new model data/tid2013/tid2013/distorted_images/i20_05_3.bmp,/data/projectwork/swati_mam/new model data/tid2013/tid2013/reference_images/I20.BMP,type_05,3,5.3947400000000005,0.13694,05,i20_05_3.bmp,train
TID2013,I20,/data/projectwork/swati_mam/new model data/tid2013/tid2013/distorted_images/i20_05_4.bmp,/data/projectwork/swati_mam/new model data/tid2013/tid2013/reference_images/I20.BMP,type_05,4,4.23077,0.14259,05,i20_05_4.bmp,train
TID2013,I20,/data/projectwork/swati_mam/new model data/tid2013/tid2013/distorted_images/i20_05_5.bmp,/data/projectwork/swati_mam/new model data/tid2013/tid2013/reference_images/I20.BMP,type_05,5,2.92105,0.09401,05,i20_05_5.bmp,train
TID2013,I20,/data/projectwork/swati_mam/new model data/tid2013/tid2013/distorted_images/i20_06_1.bmp,/data/projectwork/swati_mam/new model data/tid2013/tid2013/reference_images/I20.BMP,type_06,1,4.97368,0.15563,06,i20_06_1.bmp,train
TID2013,I20,/data/projectwork/swati_mam/new model data/tid2013/tid2013/distorted_images/i20_06_2.bmp,/data/projectwork/swati_mam/new model data/tid2013/tid2013/reference_images/I20.BMP,type_06,2,4.13889,0.09744,06,i20_06_2.bmp,train
TID2013,I20,/data/projectwork/swati_mam/new model data/tid2013/tid2013/distorted_images/i20_06_3.bmp,/data/projectwork/swati_mam/new model data/tid2013/tid2013/reference_images/I20.BMP,type_06,3,3.94737,0.09809,06,i20_06_3.bmp,train
TID2013,I20,/data/projectwork/swati_mam/new model data/tid2013/tid2013/distorted_images/i20_06_4.bmp,/data/projectwork/swati_mam/new model data/tid2013/tid2013/reference_images/I20.BMP,type_06,4,3.4359,0.11914,06,i20_06_4.bmp,train
TID2013,I20,/data/projectwork/swati_mam/new model data/tid2013/tid2013/distorted_images/i20_06_5.bmp,/data/projectwork/swati_mam/new model data/tid2013/tid2013/reference_images/I20.BMP,type_06,5,3.10256,0.10754,06,i20_06_5.bmp,train
TID2013,I20,/data/projectwork/swati_mam/new model data/tid2013/tid2013/distorted_images/i20_07_1.bmp,/data/projectwork/swati_mam/new model data/tid2013/tid2013/reference_images/I20.BMP,type_07,1,5.28205,0.13543,07,i20_07_1.bmp,train
TID2013,I20,/data/projectwork/swati_mam/new model data/tid2013/tid2013/distorted_images/i20_07_2.bmp,/data/projectwork/swati_mam/new model data/tid2013/tid2013/reference_images/I20.BMP,type_07,2,4.72973,0.09856,07,i20_07_2.bmp,train
TID2013,I20,/data/projectwork/swati_mam/new model data/tid2013/tid2013/distorted_images/i20_07_3.bmp,/data/projectwork/swati_mam/new model data/tid2013/tid2013/reference_images/I20.BMP,type_07,3,4.47368,0.12195,07,i20_07_3.bmp,train
TID2013,I20,/data/projectwork/swati_mam/new model data/tid2013/tid2013/distorted_images/i20_07_4.bmp,/data/projectwork/swati_mam/new model data/tid2013/tid2013/reference_images/I20.BMP,type_07,4,3.73684,0.12721,07,i20_07_4.bmp,train
TID2013,I20,/data/projectwork/swati_mam/new model data/tid2013/tid2013/distorted_images/i20_07_5.bmp,/data/projectwork/swati_mam/new model data/tid2013/tid2013/reference_images/I20.BMP,type_07,5,3.28205,0.11999,07,i20_07_5.bmp,train
TID2013,I20,/data/projectwork/swati_mam/new model data/tid2013/tid2013/distorted_images/i20_08_1.bmp,/data/projectwork/swati_mam/new model data/tid2013/tid2013/reference_images/I20.BMP,type_08,1,5.65789,0.14062,08,i20_08_1.bmp,train
TID2013,I20,/data/projectwork/swati_mam/new model data/tid2013/tid2013/distorted_images/i20_08_2.bmp,/data/projectwork/swati_mam/new model data/tid2013/tid2013/reference_images/I20.BMP,type_08,2,5.2973,0.13166,08,i20_08_2.bmp,train
TID2013,I20,/data/projectwork/swati_mam/new model data/tid2013/tid2013/distorted_images/i20_08_3.bmp,/data/projectwork/swati_mam/new model data/tid2013/tid2013/reference_images/I20.BMP,type_08,3,4.02778,0.12099,08,i20_08_3.bmp,train
TID2013,I20,/data/projectwork/swati_mam/new model data/tid2013/tid2013/distorted_images/i20_08_4.bmp,/data/projectwork/swati_mam/new model data/tid2013/tid2013/reference_images/I20.BMP,type_08,4,3.42105,0.13227,08,i20_08_4.bmp,train
TID2013,I20,/data/projectwork/swati_mam/new model data/tid2013/tid2013/distorted_images/i20_08_5.bmp,/data/projectwork/swati_mam/new model data/tid2013/tid2013/reference_images/I20.BMP,type_08,5,2.58974,0.11304,08,i20_08_5.bmp,train
TID2013,I20,/data/projectwork/swati_mam/new model data/tid2013/tid2013/distorted_images/i20_09_1.bmp,/data/projectwork/swati_mam/new model data/tid2013/tid2013/reference_images/I20.BMP,type_09,1,6.26316,0.12721,09,i20_09_1.bmp,train
TID2013,I20,/data/projectwork/swati_mam/new model data/tid2013/tid2013/distorted_images/i20_09_2.bmp,/data/projectwork/swati_mam/new model data/tid2013/tid2013/reference_images/I20.BMP,type_09,2,6.1315800000000005,0.15864,09,i20_09_2.bmp,train
TID2013,I20,/data/projectwork/swati_mam/new model data/tid2013/tid2013/distorted_images/i20_09_3.bmp,/data/projectwork/swati_mam/new model data/tid2013/tid2013/reference_images/I20.BMP,type_09,3,5.33333,0.15097,09,i20_09_3.bmp,train
TID2013,I20,/data/projectwork/swati_mam/new model data/tid2013/tid2013/distorted_images/i20_09_4.bmp,/data/projectwork/swati_mam/new model data/tid2013/tid2013/reference_images/I20.BMP,type_09,4,3.75676,0.0967399999999999,09,i20_09_4.bmp,train
TID2013,I20,/data/projectwork/swati_mam/new model data/tid2013/tid2013/distorted_images/i20_09_5.bmp,/data/projectwork/swati_mam/new model data/tid2013/tid2013/reference_images/I20.BMP,type_09,5,2.21622,0.08661,09,i20_09_5.bmp,train
TID2013,I20,/data/projectwork/swati_mam/new model data/tid2013/tid2013/distorted_images/i20_10_1.bmp,/data/projectwork/swati_mam/new model data/tid2013/tid2013/reference_images/I20.BMP,type_10,1,6.1315800000000005,0.12439,10,i20_10_1.bmp,train
TID2013,I20,/data/projectwork/swati_mam/new model data/tid2013/tid2013/distorted_images/i20_10_2.bmp,/data/projectwork/swati_mam/new model data/tid2013/tid2013/reference_images/I20.BMP,type_10,2,5.73684,0.13767,10,i20_10_2.bmp,train
TID2013,I20,/data/projectwork/swati_mam/new model data/tid2013/tid2013/distorted_images/i20_10_3.bmp,/data/projectwork/swati_mam/new model data/tid2013/tid2013/reference_images/I20.BMP,type_10,3,4.94444,0.10352,10,i20_10_3.bmp,train
TID2013,I20,/data/projectwork/swati_mam/new model data/tid2013/tid2013/distorted_images/i20_10_4.bmp,/data/projectwork/swati_mam/new model data/tid2013/tid2013/reference_images/I20.BMP,type_10,4,3.57895,0.08009,10,i20_10_4.bmp,train
TID2013,I20,/data/projectwork/swati_mam/new model data/tid2013/tid2013/distorted_images/i20_10_5.bmp,/data/projectwork/swati_mam/new model data/tid2013/tid2013/reference_images/I20.BMP,type_10,5,2.74359,0.10707,10,i20_10_5.bmp,train
TID2013,I20,/data/projectwork/swati_mam/new model data/tid2013/tid2013/distorted_images/I20_11_1.bmp,/data/projectwork/swati_mam/new model data/tid2013/tid2013/reference_images/I20.BMP,type_11,1,5.57895,0.12135,11,I20_11_1.bmp,train
TID2013,I20,/data/projectwork/swati_mam/new model data/tid2013/tid2013/distorted_images/i20_11_2.bmp,/data/projectwork/swati_mam/new model data/tid2013/tid2013/reference_images/I20.BMP,type_11,2,4.84211,0.13687,11,i20_11_2.bmp,train
TID2013,I20,/data/projectwork/swati_mam/new model data/tid2013/tid2013/distorted_images/i20_11_3.bmp,/data/projectwork/swati_mam/new model data/tid2013/tid2013/reference_images/I20.BMP,type_11,3,3.43243,0.1117,11,i20_11_3.bmp,train
TID2013,I20,/data/projectwork/swati_mam/new model data/tid2013/tid2013/distorted_images/i20_11_4.bmp,/data/projectwork/swati_mam/new model data/tid2013/tid2013/reference_images/I20.BMP,type_11,4,2.05263,0.09076,11,i20_11_4.bmp,train
TID2013,I20,/data/projectwork/swati_mam/new model data/tid2013/tid2013/distorted_images/i20_11_5.bmp,/data/projectwork/swati_mam/new model data/tid2013/tid2013/reference_images/I20.BMP,type_11,5,0.74359,0.10707,11,i20_11_5.bmp,train
TID2013,I20,/data/projectwork/swati_mam/new model data/tid2013/tid2013/distorted_images/i20_12_1.bmp,/data/projectwork/swati_mam/new model data/tid2013/tid2013/reference_images/I20.BMP,type_12,1,6.12821,0.1745799999999999,12,i20_12_1.bmp,train
TID2013,I20,/data/projectwork/swati_mam/new model data/tid2013/tid2013/distorted_images/i20_12_2.bmp,/data/projectwork/swati_mam/new model data/tid2013/tid2013/reference_images/I20.BMP,type_12,2,5.30769,0.18545,12,i20_12_2.bmp,train
TID2013,I20,/data/projectwork/swati_mam/new model data/tid2013/tid2013/distorted_images/i20_12_3.bmp,/data/projectwork/swati_mam/new model data/tid2013/tid2013/reference_images/I20.BMP,type_12,3,4.447369999999999,0.11589,12,i20_12_3.bmp,train
TID2013,I20,/data/projectwork/swati_mam/new model data/tid2013/tid2013/distorted_images/i20_12_4.bmp,/data/projectwork/swati_mam/new model data/tid2013/tid2013/reference_images/I20.BMP,type_12,4,4.25641,0.15264,12,i20_12_4.bmp,train
TID2013,I20,/data/projectwork/swati_mam/new model data/tid2013/tid2013/distorted_images/i20_12_5.bmp,/data/projectwork/swati_mam/new model data/tid2013/tid2013/reference_images/I20.BMP,type_12,5,2.57895,0.09584,12,i20_12_5.bmp,train
TID2013,I20,/data/projectwork/swati_mam/new model data/tid2013/tid2013/distorted_images/I20_13_1.bmp,/data/projectwork/swati_mam/new model data/tid2013/tid2013/reference_images/I20.BMP,type_13,1,5.15385,0.13826,13,I20_13_1.bmp,train
TID2013,I20,/data/projectwork/swati_mam/new model data/tid2013/tid2013/distorted_images/i20_13_2.bmp,/data/projectwork/swati_mam/new model data/tid2013/tid2013/reference_images/I20.BMP,type_13,2,3.78947,0.135,13,i20_13_2.bmp,train
TID2013,I20,/data/projectwork/swati_mam/new model data/tid2013/tid2013/distorted_images/i20_13_3.bmp,/data/projectwork/swati_mam/new model data/tid2013/tid2013/reference_images/I20.BMP,type_13,3,3.82051,0.1195599999999999,13,i20_13_3.bmp,train
TID2013,I20,/data/projectwork/swati_mam/new model data/tid2013/tid2013/distorted_images/i20_13_4.bmp,/data/projectwork/swati_mam/new model data/tid2013/tid2013/reference_images/I20.BMP,type_13,4,2.89189,0.09192,13,i20_13_4.bmp,train
TID2013,I20,/data/projectwork/swati_mam/new model data/tid2013/tid2013/distorted_images/i20_13_5.bmp,/data/projectwork/swati_mam/new model data/tid2013/tid2013/reference_images/I20.BMP,type_13,5,2.02703,0.09735,13,i20_13_5.bmp,train
TID2013,I20,/data/projectwork/swati_mam/new model data/tid2013/tid2013/distorted_images/i20_14_1.bmp,/data/projectwork/swati_mam/new model data/tid2013/tid2013/reference_images/I20.BMP,type_14,1,6.02632,0.16002,14,i20_14_1.bmp,train
TID2013,I20,/data/projectwork/swati_mam/new model data/tid2013/tid2013/distorted_images/i20_14_2.bmp,/data/projectwork/swati_mam/new model data/tid2013/tid2013/reference_images/I20.BMP,type_14,2,5.84211,0.17663,14,i20_14_2.bmp,train
TID2013,I20,/data/projectwork/swati_mam/new model data/tid2013/tid2013/distorted_images/i20_14_3.bmp,/data/projectwork/swati_mam/new model data/tid2013/tid2013/reference_images/I20.BMP,type_14,3,4.552630000000001,0.1773,14,i20_14_3.bmp,train
TID2013,I20,/data/projectwork/swati_mam/new model data/tid2013/tid2013/distorted_images/i20_14_4.bmp,/data/projectwork/swati_mam/new model data/tid2013/tid2013/reference_images/I20.BMP,type_14,4,4.12821,0.18905,14,i20_14_4.bmp,train
TID2013,I20,/data/projectwork/swati_mam/new model data/tid2013/tid2013/distorted_images/i20_14_5.bmp,/data/projectwork/swati_mam/new model data/tid2013/tid2013/reference_images/I20.BMP,type_14,5,3.3684199999999995,0.16401,14,i20_14_5.bmp,train
TID2013,I20,/data/projectwork/swati_mam/new model data/tid2013/tid2013/distorted_images/i20_15_1.bmp,/data/projectwork/swati_mam/new model data/tid2013/tid2013/reference_images/I20.BMP,type_15,1,3.23077,0.1379,15,i20_15_1.bmp,train
TID2013,I20,/data/projectwork/swati_mam/new model data/tid2013/tid2013/distorted_images/i20_15_2.bmp,/data/projectwork/swati_mam/new model data/tid2013/tid2013/reference_images/I20.BMP,type_15,2,3.34211,0.1356,15,i20_15_2.bmp,train
TID2013,I20,/data/projectwork/swati_mam/new model data/tid2013/tid2013/distorted_images/i20_15_3.bmp,/data/projectwork/swati_mam/new model data/tid2013/tid2013/reference_images/I20.BMP,type_15,3,3.69231,0.1587,15,i20_15_3.bmp,train
TID2013,I20,/data/projectwork/swati_mam/new model data/tid2013/tid2013/distorted_images/i20_15_4.bmp,/data/projectwork/swati_mam/new model data/tid2013/tid2013/reference_images/I20.BMP,type_15,4,3.89744,0.15721,15,i20_15_4.bmp,train
TID2013,I20,/data/projectwork/swati_mam/new model data/tid2013/tid2013/distorted_images/i20_15_5.bmp,/data/projectwork/swati_mam/new model data/tid2013/tid2013/reference_images/I20.BMP,type_15,5,4.05128,0.18112,15,i20_15_5.bmp,train
TID2013,I20,/data/projectwork/swati_mam/new model data/tid2013/tid2013/distorted_images/i20_16_1.bmp,/data/projectwork/swati_mam/new model data/tid2013/tid2013/reference_images/I20.BMP,type_16,1,6.05128,0.17371,16,i20_16_1.bmp,train
TID2013,I20,/data/projectwork/swati_mam/new model data/tid2013/tid2013/distorted_images/i20_16_2.bmp,/data/projectwork/swati_mam/new model data/tid2013/tid2013/reference_images/I20.BMP,type_16,2,6.05405,0.15734,16,i20_16_2.bmp,train
TID2013,I20,/data/projectwork/swati_mam/new model data/tid2013/tid2013/distorted_images/i20_16_3.bmp,/data/projectwork/swati_mam/new model data/tid2013/tid2013/reference_images/I20.BMP,type_16,3,5.40541,0.1686099999999999,16,i20_16_3.bmp,train
TID2013,I20,/data/projectwork/swati_mam/new model data/tid2013/tid2013/distorted_images/i20_16_4.bmp,/data/projectwork/swati_mam/new model data/tid2013/tid2013/reference_images/I20.BMP,type_16,4,5.13514,0.1333,16,i20_16_4.bmp,train
TID2013,I20,/data/projectwork/swati_mam/new model data/tid2013/tid2013/distorted_images/i20_16_5.bmp,/data/projectwork/swati_mam/new model data/tid2013/tid2013/reference_images/I20.BMP,type_16,5,4.71795,0.14929,16,i20_16_5.bmp,train
TID2013,I20,/data/projectwork/swati_mam/new model data/tid2013/tid2013/distorted_images/i20_17_1.bmp,/data/projectwork/swati_mam/new model data/tid2013/tid2013/reference_images/I20.BMP,type_17,1,5.61538,0.15219,17,i20_17_1.bmp,train
TID2013,I20,/data/projectwork/swati_mam/new model data/tid2013/tid2013/distorted_images/i20_17_2.bmp,/data/projectwork/swati_mam/new model data/tid2013/tid2013/reference_images/I20.BMP,type_17,2,6.33333,0.19971,17,i20_17_2.bmp,train
TID2013,I20,/data/projectwork/swati_mam/new model data/tid2013/tid2013/distorted_images/i20_17_3.bmp,/data/projectwork/swati_mam/new model data/tid2013/tid2013/reference_images/I20.BMP,type_17,3,4.324319999999999,0.1327,17,i20_17_3.bmp,train
TID2013,I20,/data/projectwork/swati_mam/new model data/tid2013/tid2013/distorted_images/i20_17_4.bmp,/data/projectwork/swati_mam/new model data/tid2013/tid2013/reference_images/I20.BMP,type_17,4,5.87179,0.1745799999999999,17,i20_17_4.bmp,train
TID2013,I20,/data/projectwork/swati_mam/new model data/tid2013/tid2013/distorted_images/i20_17_5.bmp,/data/projectwork/swati_mam/new model data/tid2013/tid2013/reference_images/I20.BMP,type_17,5,3.53846,0.18075,17,i20_17_5.bmp,train
TID2013,I20,/data/projectwork/swati_mam/new model data/tid2013/tid2013/distorted_images/i20_18_1.bmp,/data/projectwork/swati_mam/new model data/tid2013/tid2013/reference_images/I20.BMP,type_18,1,5.61538,0.1338,18,i20_18_1.bmp,train
TID2013,I20,/data/projectwork/swati_mam/new model data/tid2013/tid2013/distorted_images/i20_18_2.bmp,/data/projectwork/swati_mam/new model data/tid2013/tid2013/reference_images/I20.BMP,type_18,2,5.23684,0.15087,18,i20_18_2.bmp,train
TID2013,I20,/data/projectwork/swati_mam/new model data/tid2013/tid2013/distorted_images/i20_18_3.bmp,/data/projectwork/swati_mam/new model data/tid2013/tid2013/reference_images/I20.BMP,type_18,3,4.5,0.13289,18,i20_18_3.bmp,train
TID2013,I20,/data/projectwork/swati_mam/new model data/tid2013/tid2013/distorted_images/i20_18_4.bmp,/data/projectwork/swati_mam/new model data/tid2013/tid2013/reference_images/I20.BMP,type_18,4,4.13514,0.13867,18,i20_18_4.bmp,train
TID2013,I20,/data/projectwork/swati_mam/new model data/tid2013/tid2013/distorted_images/i20_18_5.bmp,/data/projectwork/swati_mam/new model data/tid2013/tid2013/reference_images/I20.BMP,type_18,5,4.10526,0.16969,18,i20_18_5.bmp,train
TID2013,I20,/data/projectwork/swati_mam/new model data/tid2013/tid2013/distorted_images/i20_19_1.bmp,/data/projectwork/swati_mam/new model data/tid2013/tid2013/reference_images/I20.BMP,type_19,1,5.82051,0.14895,19,i20_19_1.bmp,train
TID2013,I20,/data/projectwork/swati_mam/new model data/tid2013/tid2013/distorted_images/i20_19_2.bmp,/data/projectwork/swati_mam/new model data/tid2013/tid2013/reference_images/I20.BMP,type_19,2,5.17949,0.16566,19,i20_19_2.bmp,train
TID2013,I20,/data/projectwork/swati_mam/new model data/tid2013/tid2013/distorted_images/i20_19_3.bmp,/data/projectwork/swati_mam/new model data/tid2013/tid2013/reference_images/I20.BMP,type_19,3,4.79487,0.12655,19,i20_19_3.bmp,train
TID2013,I20,/data/projectwork/swati_mam/new model data/tid2013/tid2013/distorted_images/i20_19_4.bmp,/data/projectwork/swati_mam/new model data/tid2013/tid2013/reference_images/I20.BMP,type_19,4,4.0,0.14951,19,i20_19_4.bmp,train
TID2013,I20,/data/projectwork/swati_mam/new model data/tid2013/tid2013/distorted_images/i20_19_5.bmp,/data/projectwork/swati_mam/new model data/tid2013/tid2013/reference_images/I20.BMP,type_19,5,3.4615400000000003,0.11942,19,i20_19_5.bmp,train
TID2013,I20,/data/projectwork/swati_mam/new model data/tid2013/tid2013/distorted_images/i20_20_1.bmp,/data/projectwork/swati_mam/new model data/tid2013/tid2013/reference_images/I20.BMP,type_20,1,6.15789,0.10867,20,i20_20_1.bmp,train
TID2013,I20,/data/projectwork/swati_mam/new model data/tid2013/tid2013/distorted_images/i20_20_2.bmp,/data/projectwork/swati_mam/new model data/tid2013/tid2013/reference_images/I20.BMP,type_20,2,5.46154,0.12997,20,i20_20_2.bmp,train
TID2013,I20,/data/projectwork/swati_mam/new model data/tid2013/tid2013/distorted_images/i20_20_3.bmp,/data/projectwork/swati_mam/new model data/tid2013/tid2013/reference_images/I20.BMP,type_20,3,4.78947,0.1243099999999999,20,i20_20_3.bmp,train
TID2013,I20,/data/projectwork/swati_mam/new model data/tid2013/tid2013/distorted_images/i20_20_4.bmp,/data/projectwork/swati_mam/new model data/tid2013/tid2013/reference_images/I20.BMP,type_20,4,3.52632,0.1275,20,i20_20_4.bmp,train
TID2013,I20,/data/projectwork/swati_mam/new model data/tid2013/tid2013/distorted_images/i20_20_5.bmp,/data/projectwork/swati_mam/new model data/tid2013/tid2013/reference_images/I20.BMP,type_20,5,2.71795,0.10223,20,i20_20_5.bmp,train
TID2013,I20,/data/projectwork/swati_mam/new model data/tid2013/tid2013/distorted_images/i20_21_1.bmp,/data/projectwork/swati_mam/new model data/tid2013/tid2013/reference_images/I20.BMP,type_21,1,5.552630000000001,0.16092,21,i20_21_1.bmp,train
TID2013,I20,/data/projectwork/swati_mam/new model data/tid2013/tid2013/distorted_images/i20_21_2.bmp,/data/projectwork/swati_mam/new model data/tid2013/tid2013/reference_images/I20.BMP,type_21,2,4.76316,0.1462099999999999,21,i20_21_2.bmp,train
TID2013,I20,/data/projectwork/swati_mam/new model data/tid2013/tid2013/distorted_images/i20_21_3.bmp,/data/projectwork/swati_mam/new model data/tid2013/tid2013/reference_images/I20.BMP,type_21,3,4.0,0.1025599999999999,21,i20_21_3.bmp,train
TID2013,I20,/data/projectwork/swati_mam/new model data/tid2013/tid2013/distorted_images/i20_21_4.bmp,/data/projectwork/swati_mam/new model data/tid2013/tid2013/reference_images/I20.BMP,type_21,4,3.24324,0.08886,21,i20_21_4.bmp,train
TID2013,I20,/data/projectwork/swati_mam/new model data/tid2013/tid2013/distorted_images/i20_21_5.bmp,/data/projectwork/swati_mam/new model data/tid2013/tid2013/reference_images/I20.BMP,type_21,5,2.57895,0.09584,21,i20_21_5.bmp,train
TID2013,I20,/data/projectwork/swati_mam/new model data/tid2013/tid2013/distorted_images/i20_22_1.bmp,/data/projectwork/swati_mam/new model data/tid2013/tid2013/reference_images/I20.BMP,type_22,1,6.0,0.16217,22,i20_22_1.bmp,train
TID2013,I20,/data/projectwork/swati_mam/new model data/tid2013/tid2013/distorted_images/i20_22_2.bmp,/data/projectwork/swati_mam/new model data/tid2013/tid2013/reference_images/I20.BMP,type_22,2,5.10526,0.14312,22,i20_22_2.bmp,train
TID2013,I20,/data/projectwork/swati_mam/new model data/tid2013/tid2013/distorted_images/i20_22_3.bmp,/data/projectwork/swati_mam/new model data/tid2013/tid2013/reference_images/I20.BMP,type_22,3,4.52632,0.1275,22,i20_22_3.bmp,train
TID2013,I20,/data/projectwork/swati_mam/new model data/tid2013/tid2013/distorted_images/i20_22_4.bmp,/data/projectwork/swati_mam/new model data/tid2013/tid2013/reference_images/I20.BMP,type_22,4,4.10811,0.09192,22,i20_22_4.bmp,train
TID2013,I20,/data/projectwork/swati_mam/new model data/tid2013/tid2013/distorted_images/i20_22_5.bmp,/data/projectwork/swati_mam/new model data/tid2013/tid2013/reference_images/I20.BMP,type_22,5,3.72973,0.08241,22,i20_22_5.bmp,train
TID2013,I20,/data/projectwork/swati_mam/new model data/tid2013/tid2013/distorted_images/i20_23_1.bmp,/data/projectwork/swati_mam/new model data/tid2013/tid2013/reference_images/I20.BMP,type_23,1,5.94872,0.1402,23,i20_23_1.bmp,train
TID2013,I20,/data/projectwork/swati_mam/new model data/tid2013/tid2013/distorted_images/i20_23_2.bmp,/data/projectwork/swati_mam/new model data/tid2013/tid2013/reference_images/I20.BMP,type_23,2,6.25641,0.19432,23,i20_23_2.bmp,train
TID2013,I20,/data/projectwork/swati_mam/new model data/tid2013/tid2013/distorted_images/i20_23_3.bmp,/data/projectwork/swati_mam/new model data/tid2013/tid2013/reference_images/I20.BMP,type_23,3,5.82051,0.18444,23,i20_23_3.bmp,train
TID2013,I20,/data/projectwork/swati_mam/new model data/tid2013/tid2013/distorted_images/i20_23_4.bmp,/data/projectwork/swati_mam/new model data/tid2013/tid2013/reference_images/I20.BMP,type_23,4,4.72973,0.13045,23,i20_23_4.bmp,train
TID2013,I20,/data/projectwork/swati_mam/new model data/tid2013/tid2013/distorted_images/i20_23_5.bmp,/data/projectwork/swati_mam/new model data/tid2013/tid2013/reference_images/I20.BMP,type_23,5,3.15385,0.13826,23,i20_23_5.bmp,train
TID2013,I20,/data/projectwork/swati_mam/new model data/tid2013/tid2013/distorted_images/i20_24_1.bmp,/data/projectwork/swati_mam/new model data/tid2013/tid2013/reference_images/I20.BMP,type_24,1,6.18421,0.13853,24,i20_24_1.bmp,train
TID2013,I20,/data/projectwork/swati_mam/new model data/tid2013/tid2013/distorted_images/i20_24_2.bmp,/data/projectwork/swati_mam/new model data/tid2013/tid2013/reference_images/I20.BMP,type_24,2,5.07895,0.1799599999999999,24,i20_24_2.bmp,train
TID2013,I20,/data/projectwork/swati_mam/new model data/tid2013/tid2013/distorted_images/i20_24_3.bmp,/data/projectwork/swati_mam/new model data/tid2013/tid2013/reference_images/I20.BMP,type_24,3,3.43243,0.12985,24,i20_24_3.bmp,train
TID2013,I20,/data/projectwork/swati_mam/new model data/tid2013/tid2013/distorted_images/i20_24_4.bmp,/data/projectwork/swati_mam/new model data/tid2013/tid2013/reference_images/I20.BMP,type_24,4,1.97436,0.11169,24,i20_24_4.bmp,train
TID2013,I20,/data/projectwork/swati_mam/new model data/tid2013/tid2013/distorted_images/i20_24_5.bmp,/data/projectwork/swati_mam/new model data/tid2013/tid2013/reference_images/I20.BMP,type_24,5,0.84211,0.12635,24,i20_24_5.bmp,train
TID2013,I21,/data/projectwork/swati_mam/new model data/tid2013/tid2013/distorted_images/I21_01_1.bmp,/data/projectwork/swati_mam/new model data/tid2013/tid2013/reference_images/I21.BMP,type_01,1,5.51163,0.10069,01,I21_01_1.bmp,holdout
TID2013,I21,/data/projectwork/swati_mam/new model data/tid2013/tid2013/distorted_images/i21_01_2.bmp,/data/projectwork/swati_mam/new model data/tid2013/tid2013/reference_images/I21.BMP,type_01,2,5.06977,0.10081,01,i21_01_2.bmp,holdout
TID2013,I21,/data/projectwork/swati_mam/new model data/tid2013/tid2013/distorted_images/i21_01_3.bmp,/data/projectwork/swati_mam/new model data/tid2013/tid2013/reference_images/I21.BMP,type_01,3,4.48837,0.12027,01,i21_01_3.bmp,holdout
TID2013,I21,/data/projectwork/swati_mam/new model data/tid2013/tid2013/distorted_images/i21_01_4.bmp,/data/projectwork/swati_mam/new model data/tid2013/tid2013/reference_images/I21.BMP,type_01,4,3.90698,0.10303,01,i21_01_4.bmp,holdout
TID2013,I21,/data/projectwork/swati_mam/new model data/tid2013/tid2013/distorted_images/i21_01_5.bmp,/data/projectwork/swati_mam/new model data/tid2013/tid2013/reference_images/I21.BMP,type_01,5,3.48837,0.11091,01,i21_01_5.bmp,holdout
TID2013,I21,/data/projectwork/swati_mam/new model data/tid2013/tid2013/distorted_images/i21_02_1.bmp,/data/projectwork/swati_mam/new model data/tid2013/tid2013/reference_images/I21.BMP,type_02,1,5.80952,0.12705,02,i21_02_1.bmp,holdout
TID2013,I21,/data/projectwork/swati_mam/new model data/tid2013/tid2013/distorted_images/i21_02_2.bmp,/data/projectwork/swati_mam/new model data/tid2013/tid2013/reference_images/I21.BMP,type_02,2,5.53488,0.12458,02,i21_02_2.bmp,holdout
TID2013,I21,/data/projectwork/swati_mam/new model data/tid2013/tid2013/distorted_images/i21_02_3.bmp,/data/projectwork/swati_mam/new model data/tid2013/tid2013/reference_images/I21.BMP,type_02,3,5.44186,0.13279,02,i21_02_3.bmp,holdout
TID2013,I21,/data/projectwork/swati_mam/new model data/tid2013/tid2013/distorted_images/i21_02_4.bmp,/data/projectwork/swati_mam/new model data/tid2013/tid2013/reference_images/I21.BMP,type_02,4,4.81395,0.10006,02,i21_02_4.bmp,holdout
TID2013,I21,/data/projectwork/swati_mam/new model data/tid2013/tid2013/distorted_images/i21_02_5.bmp,/data/projectwork/swati_mam/new model data/tid2013/tid2013/reference_images/I21.BMP,type_02,5,4.15,0.08329,02,i21_02_5.bmp,holdout
TID2013,I21,/data/projectwork/swati_mam/new model data/tid2013/tid2013/distorted_images/i21_03_1.bmp,/data/projectwork/swati_mam/new model data/tid2013/tid2013/reference_images/I21.BMP,type_03,1,4.39535,0.12367,03,i21_03_1.bmp,holdout
TID2013,I21,/data/projectwork/swati_mam/new model data/tid2013/tid2013/distorted_images/i21_03_2.bmp,/data/projectwork/swati_mam/new model data/tid2013/tid2013/reference_images/I21.BMP,type_03,2,3.92683,0.07227,03,i21_03_2.bmp,holdout
TID2013,I21,/data/projectwork/swati_mam/new model data/tid2013/tid2013/distorted_images/i21_03_3.bmp,/data/projectwork/swati_mam/new model data/tid2013/tid2013/reference_images/I21.BMP,type_03,3,3.16667,0.08856,03,i21_03_3.bmp,holdout
TID2013,I21,/data/projectwork/swati_mam/new model data/tid2013/tid2013/distorted_images/i21_03_4.bmp,/data/projectwork/swati_mam/new model data/tid2013/tid2013/reference_images/I21.BMP,type_03,4,3.06977,0.10604,03,i21_03_4.bmp,holdout
TID2013,I21,/data/projectwork/swati_mam/new model data/tid2013/tid2013/distorted_images/i21_03_5.bmp,/data/projectwork/swati_mam/new model data/tid2013/tid2013/reference_images/I21.BMP,type_03,5,2.5581400000000003,0.1153599999999999,03,i21_03_5.bmp,holdout
TID2013,I21,/data/projectwork/swati_mam/new model data/tid2013/tid2013/distorted_images/i21_04_1.bmp,/data/projectwork/swati_mam/new model data/tid2013/tid2013/reference_images/I21.BMP,type_04,1,5.93023,0.14106,04,i21_04_1.bmp,holdout
TID2013,I21,/data/projectwork/swati_mam/new model data/tid2013/tid2013/distorted_images/i21_04_2.bmp,/data/projectwork/swati_mam/new model data/tid2013/tid2013/reference_images/I21.BMP,type_04,2,6.02326,0.15939,04,i21_04_2.bmp,holdout
TID2013,I21,/data/projectwork/swati_mam/new model data/tid2013/tid2013/distorted_images/i21_04_3.bmp,/data/projectwork/swati_mam/new model data/tid2013/tid2013/reference_images/I21.BMP,type_04,3,5.46341,0.12483,04,i21_04_3.bmp,holdout
TID2013,I21,/data/projectwork/swati_mam/new model data/tid2013/tid2013/distorted_images/i21_04_4.bmp,/data/projectwork/swati_mam/new model data/tid2013/tid2013/reference_images/I21.BMP,type_04,4,5.33333,0.14548,04,i21_04_4.bmp,holdout
TID2013,I21,/data/projectwork/swati_mam/new model data/tid2013/tid2013/distorted_images/i21_04_5.bmp,/data/projectwork/swati_mam/new model data/tid2013/tid2013/reference_images/I21.BMP,type_04,5,4.65,0.10926,04,i21_04_5.bmp,holdout
TID2013,I21,/data/projectwork/swati_mam/new model data/tid2013/tid2013/distorted_images/i21_05_1.bmp,/data/projectwork/swati_mam/new model data/tid2013/tid2013/reference_images/I21.BMP,type_05,1,5.69767,0.13772,05,i21_05_1.bmp,holdout
TID2013,I21,/data/projectwork/swati_mam/new model data/tid2013/tid2013/distorted_images/i21_05_2.bmp,/data/projectwork/swati_mam/new model data/tid2013/tid2013/reference_images/I21.BMP,type_05,2,5.90698,0.1464,05,i21_05_2.bmp,holdout
TID2013,I21,/data/projectwork/swati_mam/new model data/tid2013/tid2013/distorted_images/i21_05_3.bmp,/data/projectwork/swati_mam/new model data/tid2013/tid2013/reference_images/I21.BMP,type_05,3,5.116280000000001,0.12397,05,i21_05_3.bmp,holdout
TID2013,I21,/data/projectwork/swati_mam/new model data/tid2013/tid2013/distorted_images/i21_05_4.bmp,/data/projectwork/swati_mam/new model data/tid2013/tid2013/reference_images/I21.BMP,type_05,4,3.92857,0.09155,05,i21_05_4.bmp,holdout
TID2013,I21,/data/projectwork/swati_mam/new model data/tid2013/tid2013/distorted_images/i21_05_5.bmp,/data/projectwork/swati_mam/new model data/tid2013/tid2013/reference_images/I21.BMP,type_05,5,3.0,0.0952399999999999,05,i21_05_5.bmp,holdout
TID2013,I21,/data/projectwork/swati_mam/new model data/tid2013/tid2013/distorted_images/i21_06_1.bmp,/data/projectwork/swati_mam/new model data/tid2013/tid2013/reference_images/I21.BMP,type_06,1,4.926830000000001,0.11118,06,i21_06_1.bmp,holdout
TID2013,I21,/data/projectwork/swati_mam/new model data/tid2013/tid2013/distorted_images/i21_06_2.bmp,/data/projectwork/swati_mam/new model data/tid2013/tid2013/reference_images/I21.BMP,type_06,2,4.38095,0.11143,06,i21_06_2.bmp,holdout
TID2013,I21,/data/projectwork/swati_mam/new model data/tid2013/tid2013/distorted_images/i21_06_3.bmp,/data/projectwork/swati_mam/new model data/tid2013/tid2013/reference_images/I21.BMP,type_06,3,4.02439,0.09439,06,i21_06_3.bmp,holdout
TID2013,I21,/data/projectwork/swati_mam/new model data/tid2013/tid2013/distorted_images/i21_06_4.bmp,/data/projectwork/swati_mam/new model data/tid2013/tid2013/reference_images/I21.BMP,type_06,4,3.5,0.07906,06,i21_06_4.bmp,holdout
TID2013,I21,/data/projectwork/swati_mam/new model data/tid2013/tid2013/distorted_images/i21_06_5.bmp,/data/projectwork/swati_mam/new model data/tid2013/tid2013/reference_images/I21.BMP,type_06,5,3.04762,0.1164099999999999,06,i21_06_5.bmp,holdout
TID2013,I21,/data/projectwork/swati_mam/new model data/tid2013/tid2013/distorted_images/i21_07_1.bmp,/data/projectwork/swati_mam/new model data/tid2013/tid2013/reference_images/I21.BMP,type_07,1,5.02439,0.1117099999999999,07,i21_07_1.bmp,holdout
TID2013,I21,/data/projectwork/swati_mam/new model data/tid2013/tid2013/distorted_images/i21_07_2.bmp,/data/projectwork/swati_mam/new model data/tid2013/tid2013/reference_images/I21.BMP,type_07,2,4.45,0.11699,07,i21_07_2.bmp,holdout
TID2013,I21,/data/projectwork/swati_mam/new model data/tid2013/tid2013/distorted_images/i21_07_3.bmp,/data/projectwork/swati_mam/new model data/tid2013/tid2013/reference_images/I21.BMP,type_07,3,4.16667,0.0819,07,i21_07_3.bmp,holdout
TID2013,I21,/data/projectwork/swati_mam/new model data/tid2013/tid2013/distorted_images/i21_07_4.bmp,/data/projectwork/swati_mam/new model data/tid2013/tid2013/reference_images/I21.BMP,type_07,4,3.59524,0.1068,07,i21_07_4.bmp,holdout
TID2013,I21,/data/projectwork/swati_mam/new model data/tid2013/tid2013/distorted_images/i21_07_5.bmp,/data/projectwork/swati_mam/new model data/tid2013/tid2013/reference_images/I21.BMP,type_07,5,3.16667,0.11624,07,i21_07_5.bmp,holdout
TID2013,I21,/data/projectwork/swati_mam/new model data/tid2013/tid2013/distorted_images/i21_08_1.bmp,/data/projectwork/swati_mam/new model data/tid2013/tid2013/reference_images/I21.BMP,type_08,1,5.5,0.11785,08,i21_08_1.bmp,holdout
TID2013,I21,/data/projectwork/swati_mam/new model data/tid2013/tid2013/distorted_images/i21_08_2.bmp,/data/projectwork/swati_mam/new model data/tid2013/tid2013/reference_images/I21.BMP,type_08,2,4.85714,0.12853,08,i21_08_2.bmp,holdout
TID2013,I21,/data/projectwork/swati_mam/new model data/tid2013/tid2013/distorted_images/i21_08_3.bmp,/data/projectwork/swati_mam/new model data/tid2013/tid2013/reference_images/I21.BMP,type_08,3,4.116280000000001,0.10509,08,i21_08_3.bmp,holdout
TID2013,I21,/data/projectwork/swati_mam/new model data/tid2013/tid2013/distorted_images/i21_08_4.bmp,/data/projectwork/swati_mam/new model data/tid2013/tid2013/reference_images/I21.BMP,type_08,4,3.23256,0.11784,08,i21_08_4.bmp,holdout
TID2013,I21,/data/projectwork/swati_mam/new model data/tid2013/tid2013/distorted_images/i21_08_5.bmp,/data/projectwork/swati_mam/new model data/tid2013/tid2013/reference_images/I21.BMP,type_08,5,2.16279,0.0865799999999999,08,i21_08_5.bmp,holdout
TID2013,I21,/data/projectwork/swati_mam/new model data/tid2013/tid2013/distorted_images/i21_09_1.bmp,/data/projectwork/swati_mam/new model data/tid2013/tid2013/reference_images/I21.BMP,type_09,1,6.075,0.12444,09,i21_09_1.bmp,holdout
TID2013,I21,/data/projectwork/swati_mam/new model data/tid2013/tid2013/distorted_images/i21_09_2.bmp,/data/projectwork/swati_mam/new model data/tid2013/tid2013/reference_images/I21.BMP,type_09,2,6.19048,0.12705,09,i21_09_2.bmp,holdout
TID2013,I21,/data/projectwork/swati_mam/new model data/tid2013/tid2013/distorted_images/i21_09_3.bmp,/data/projectwork/swati_mam/new model data/tid2013/tid2013/reference_images/I21.BMP,type_09,3,5.30952,0.13673,09,i21_09_3.bmp,holdout
TID2013,I21,/data/projectwork/swati_mam/new model data/tid2013/tid2013/distorted_images/i21_09_4.bmp,/data/projectwork/swati_mam/new model data/tid2013/tid2013/reference_images/I21.BMP,type_09,4,3.76744,0.086,09,i21_09_4.bmp,holdout
TID2013,I21,/data/projectwork/swati_mam/new model data/tid2013/tid2013/distorted_images/i21_09_5.bmp,/data/projectwork/swati_mam/new model data/tid2013/tid2013/reference_images/I21.BMP,type_09,5,2.09302,0.09194,09,i21_09_5.bmp,holdout
TID2013,I21,/data/projectwork/swati_mam/new model data/tid2013/tid2013/distorted_images/i21_10_1.bmp,/data/projectwork/swati_mam/new model data/tid2013/tid2013/reference_images/I21.BMP,type_10,1,6.30952,0.16663,10,i21_10_1.bmp,holdout
TID2013,I21,/data/projectwork/swati_mam/new model data/tid2013/tid2013/distorted_images/i21_10_2.bmp,/data/projectwork/swati_mam/new model data/tid2013/tid2013/reference_images/I21.BMP,type_10,2,5.88095,0.13554,10,i21_10_2.bmp,holdout
TID2013,I21,/data/projectwork/swati_mam/new model data/tid2013/tid2013/distorted_images/i21_10_3.bmp,/data/projectwork/swati_mam/new model data/tid2013/tid2013/reference_images/I21.BMP,type_10,3,5.139530000000001,0.14177,10,i21_10_3.bmp,holdout
TID2013,I21,/data/projectwork/swati_mam/new model data/tid2013/tid2013/distorted_images/i21_10_4.bmp,/data/projectwork/swati_mam/new model data/tid2013/tid2013/reference_images/I21.BMP,type_10,4,3.2619,0.1068,10,i21_10_4.bmp,holdout
TID2013,I21,/data/projectwork/swati_mam/new model data/tid2013/tid2013/distorted_images/i21_10_5.bmp,/data/projectwork/swati_mam/new model data/tid2013/tid2013/reference_images/I21.BMP,type_10,5,1.92683,0.09377,10,i21_10_5.bmp,holdout
TID2013,I21,/data/projectwork/swati_mam/new model data/tid2013/tid2013/distorted_images/I21_11_1.bmp,/data/projectwork/swati_mam/new model data/tid2013/tid2013/reference_images/I21.BMP,type_11,1,6.12195,0.1154099999999999,11,I21_11_1.bmp,holdout
TID2013,I21,/data/projectwork/swati_mam/new model data/tid2013/tid2013/distorted_images/i21_11_2.bmp,/data/projectwork/swati_mam/new model data/tid2013/tid2013/reference_images/I21.BMP,type_11,2,5.39535,0.10977,11,i21_11_2.bmp,holdout
TID2013,I21,/data/projectwork/swati_mam/new model data/tid2013/tid2013/distorted_images/i21_11_3.bmp,/data/projectwork/swati_mam/new model data/tid2013/tid2013/reference_images/I21.BMP,type_11,3,4.69048,0.10905,11,i21_11_3.bmp,holdout
TID2013,I21,/data/projectwork/swati_mam/new model data/tid2013/tid2013/distorted_images/i21_11_4.bmp,/data/projectwork/swati_mam/new model data/tid2013/tid2013/reference_images/I21.BMP,type_11,4,3.0,0.09756,11,i21_11_4.bmp,holdout
TID2013,I21,/data/projectwork/swati_mam/new model data/tid2013/tid2013/distorted_images/i21_11_5.bmp,/data/projectwork/swati_mam/new model data/tid2013/tid2013/reference_images/I21.BMP,type_11,5,1.04651,0.10885,11,i21_11_5.bmp,holdout
TID2013,I21,/data/projectwork/swati_mam/new model data/tid2013/tid2013/distorted_images/i21_12_1.bmp,/data/projectwork/swati_mam/new model data/tid2013/tid2013/reference_images/I21.BMP,type_12,1,5.7907,0.1527,12,i21_12_1.bmp,holdout
TID2013,I21,/data/projectwork/swati_mam/new model data/tid2013/tid2013/distorted_images/i21_12_2.bmp,/data/projectwork/swati_mam/new model data/tid2013/tid2013/reference_images/I21.BMP,type_12,2,4.767440000000001,0.09777,12,i21_12_2.bmp,holdout
TID2013,I21,/data/projectwork/swati_mam/new model data/tid2013/tid2013/distorted_images/i21_12_3.bmp,/data/projectwork/swati_mam/new model data/tid2013/tid2013/reference_images/I21.BMP,type_12,3,6.0,0.1543,12,i21_12_3.bmp,holdout
TID2013,I21,/data/projectwork/swati_mam/new model data/tid2013/tid2013/distorted_images/i21_12_4.bmp,/data/projectwork/swati_mam/new model data/tid2013/tid2013/reference_images/I21.BMP,type_12,4,5.61905,0.13449,12,i21_12_4.bmp,holdout
TID2013,I21,/data/projectwork/swati_mam/new model data/tid2013/tid2013/distorted_images/i21_12_5.bmp,/data/projectwork/swati_mam/new model data/tid2013/tid2013/reference_images/I21.BMP,type_12,5,2.02381,0.10372,12,i21_12_5.bmp,holdout
TID2013,I21,/data/projectwork/swati_mam/new model data/tid2013/tid2013/distorted_images/I21_13_1.bmp,/data/projectwork/swati_mam/new model data/tid2013/tid2013/reference_images/I21.BMP,type_13,1,4.452380000000001,0.1127,13,I21_13_1.bmp,holdout
TID2013,I21,/data/projectwork/swati_mam/new model data/tid2013/tid2013/distorted_images/i21_13_2.bmp,/data/projectwork/swati_mam/new model data/tid2013/tid2013/reference_images/I21.BMP,type_13,2,3.69048,0.10372,13,i21_13_2.bmp,holdout
TID2013,I21,/data/projectwork/swati_mam/new model data/tid2013/tid2013/distorted_images/i21_13_3.bmp,/data/projectwork/swati_mam/new model data/tid2013/tid2013/reference_images/I21.BMP,type_13,3,3.17073,0.09696,13,i21_13_3.bmp,holdout
TID2013,I21,/data/projectwork/swati_mam/new model data/tid2013/tid2013/distorted_images/i21_13_4.bmp,/data/projectwork/swati_mam/new model data/tid2013/tid2013/reference_images/I21.BMP,type_13,4,2.34884,0.11805,13,i21_13_4.bmp,holdout
TID2013,I21,/data/projectwork/swati_mam/new model data/tid2013/tid2013/distorted_images/i21_13_5.bmp,/data/projectwork/swati_mam/new model data/tid2013/tid2013/reference_images/I21.BMP,type_13,5,2.5581400000000003,0.11057,13,i21_13_5.bmp,holdout
TID2013,I21,/data/projectwork/swati_mam/new model data/tid2013/tid2013/distorted_images/i21_14_1.bmp,/data/projectwork/swati_mam/new model data/tid2013/tid2013/reference_images/I21.BMP,type_14,1,5.90698,0.16383,14,i21_14_1.bmp,holdout
TID2013,I21,/data/projectwork/swati_mam/new model data/tid2013/tid2013/distorted_images/i21_14_2.bmp,/data/projectwork/swati_mam/new model data/tid2013/tid2013/reference_images/I21.BMP,type_14,2,6.170730000000001,0.15388,14,i21_14_2.bmp,holdout
TID2013,I21,/data/projectwork/swati_mam/new model data/tid2013/tid2013/distorted_images/i21_14_3.bmp,/data/projectwork/swati_mam/new model data/tid2013/tid2013/reference_images/I21.BMP,type_14,3,5.952380000000001,0.13864,14,i21_14_3.bmp,holdout
TID2013,I21,/data/projectwork/swati_mam/new model data/tid2013/tid2013/distorted_images/i21_14_4.bmp,/data/projectwork/swati_mam/new model data/tid2013/tid2013/reference_images/I21.BMP,type_14,4,4.33333,0.1332799999999999,14,i21_14_4.bmp,holdout
TID2013,I21,/data/projectwork/swati_mam/new model data/tid2013/tid2013/distorted_images/i21_14_5.bmp,/data/projectwork/swati_mam/new model data/tid2013/tid2013/reference_images/I21.BMP,type_14,5,3.65116,0.15385,14,i21_14_5.bmp,holdout
TID2013,I21,/data/projectwork/swati_mam/new model data/tid2013/tid2013/distorted_images/i21_15_1.bmp,/data/projectwork/swati_mam/new model data/tid2013/tid2013/reference_images/I21.BMP,type_15,1,2.85366,0.14037,15,i21_15_1.bmp,holdout
TID2013,I21,/data/projectwork/swati_mam/new model data/tid2013/tid2013/distorted_images/i21_15_2.bmp,/data/projectwork/swati_mam/new model data/tid2013/tid2013/reference_images/I21.BMP,type_15,2,3.2682900000000004,0.11961,15,i21_15_2.bmp,holdout
TID2013,I21,/data/projectwork/swati_mam/new model data/tid2013/tid2013/distorted_images/i21_15_3.bmp,/data/projectwork/swati_mam/new model data/tid2013/tid2013/reference_images/I21.BMP,type_15,3,3.5714300000000003,0.1173299999999999,15,i21_15_3.bmp,holdout
TID2013,I21,/data/projectwork/swati_mam/new model data/tid2013/tid2013/distorted_images/i21_15_4.bmp,/data/projectwork/swati_mam/new model data/tid2013/tid2013/reference_images/I21.BMP,type_15,4,3.7619,0.1421,15,i21_15_4.bmp,holdout
TID2013,I21,/data/projectwork/swati_mam/new model data/tid2013/tid2013/distorted_images/i21_15_5.bmp,/data/projectwork/swati_mam/new model data/tid2013/tid2013/reference_images/I21.BMP,type_15,5,3.71429,0.1624799999999999,15,i21_15_5.bmp,holdout
TID2013,I21,/data/projectwork/swati_mam/new model data/tid2013/tid2013/distorted_images/i21_16_1.bmp,/data/projectwork/swati_mam/new model data/tid2013/tid2013/reference_images/I21.BMP,type_16,1,6.12195,0.15112,16,i21_16_1.bmp,holdout
TID2013,I21,/data/projectwork/swati_mam/new model data/tid2013/tid2013/distorted_images/i21_16_2.bmp,/data/projectwork/swati_mam/new model data/tid2013/tid2013/reference_images/I21.BMP,type_16,2,5.93023,0.15908,16,i21_16_2.bmp,holdout
TID2013,I21,/data/projectwork/swati_mam/new model data/tid2013/tid2013/distorted_images/i21_16_3.bmp,/data/projectwork/swati_mam/new model data/tid2013/tid2013/reference_images/I21.BMP,type_16,3,5.71429,0.1624799999999999,16,i21_16_3.bmp,holdout
TID2013,I21,/data/projectwork/swati_mam/new model data/tid2013/tid2013/distorted_images/i21_16_4.bmp,/data/projectwork/swati_mam/new model data/tid2013/tid2013/reference_images/I21.BMP,type_16,4,5.16667,0.14253,16,i21_16_4.bmp,holdout
TID2013,I21,/data/projectwork/swati_mam/new model data/tid2013/tid2013/distorted_images/i21_16_5.bmp,/data/projectwork/swati_mam/new model data/tid2013/tid2013/reference_images/I21.BMP,type_16,5,4.67442,0.16352,16,i21_16_5.bmp,holdout
TID2013,I21,/data/projectwork/swati_mam/new model data/tid2013/tid2013/distorted_images/i21_17_1.bmp,/data/projectwork/swati_mam/new model data/tid2013/tid2013/reference_images/I21.BMP,type_17,1,5.34146,0.11753,17,i21_17_1.bmp,holdout
TID2013,I21,/data/projectwork/swati_mam/new model data/tid2013/tid2013/distorted_images/i21_17_2.bmp,/data/projectwork/swati_mam/new model data/tid2013/tid2013/reference_images/I21.BMP,type_17,2,6.2619,0.147,17,i21_17_2.bmp,holdout
TID2013,I21,/data/projectwork/swati_mam/new model data/tid2013/tid2013/distorted_images/i21_17_3.bmp,/data/projectwork/swati_mam/new model data/tid2013/tid2013/reference_images/I21.BMP,type_17,3,4.35714,0.13393,17,i21_17_3.bmp,holdout
TID2013,I21,/data/projectwork/swati_mam/new model data/tid2013/tid2013/distorted_images/i21_17_4.bmp,/data/projectwork/swati_mam/new model data/tid2013/tid2013/reference_images/I21.BMP,type_17,4,6.30233,0.26215,17,i21_17_4.bmp,holdout
TID2013,I21,/data/projectwork/swati_mam/new model data/tid2013/tid2013/distorted_images/i21_17_5.bmp,/data/projectwork/swati_mam/new model data/tid2013/tid2013/reference_images/I21.BMP,type_17,5,3.55,0.12222,17,i21_17_5.bmp,holdout
TID2013,I21,/data/projectwork/swati_mam/new model data/tid2013/tid2013/distorted_images/i21_18_1.bmp,/data/projectwork/swati_mam/new model data/tid2013/tid2013/reference_images/I21.BMP,type_18,1,4.85714,0.10948,18,i21_18_1.bmp,holdout
TID2013,I21,/data/projectwork/swati_mam/new model data/tid2013/tid2013/distorted_images/i21_18_2.bmp,/data/projectwork/swati_mam/new model data/tid2013/tid2013/reference_images/I21.BMP,type_18,2,4.317069999999999,0.12165,18,i21_18_2.bmp,holdout
TID2013,I21,/data/projectwork/swati_mam/new model data/tid2013/tid2013/distorted_images/i21_18_3.bmp,/data/projectwork/swati_mam/new model data/tid2013/tid2013/reference_images/I21.BMP,type_18,3,4.11905,0.1127,18,i21_18_3.bmp,holdout
TID2013,I21,/data/projectwork/swati_mam/new model data/tid2013/tid2013/distorted_images/i21_18_4.bmp,/data/projectwork/swati_mam/new model data/tid2013/tid2013/reference_images/I21.BMP,type_18,4,3.60976,0.15761,18,i21_18_4.bmp,holdout
TID2013,I21,/data/projectwork/swati_mam/new model data/tid2013/tid2013/distorted_images/i21_18_5.bmp,/data/projectwork/swati_mam/new model data/tid2013/tid2013/reference_images/I21.BMP,type_18,5,3.78571,0.17345,18,i21_18_5.bmp,holdout
TID2013,I21,/data/projectwork/swati_mam/new model data/tid2013/tid2013/distorted_images/i21_19_1.bmp,/data/projectwork/swati_mam/new model data/tid2013/tid2013/reference_images/I21.BMP,type_19,1,5.38095,0.13449,19,i21_19_1.bmp,holdout
TID2013,I21,/data/projectwork/swati_mam/new model data/tid2013/tid2013/distorted_images/i21_19_2.bmp,/data/projectwork/swati_mam/new model data/tid2013/tid2013/reference_images/I21.BMP,type_19,2,4.7907,0.12549,19,i21_19_2.bmp,holdout
TID2013,I21,/data/projectwork/swati_mam/new model data/tid2013/tid2013/distorted_images/i21_19_3.bmp,/data/projectwork/swati_mam/new model data/tid2013/tid2013/reference_images/I21.BMP,type_19,3,4.07143,0.1032,19,i21_19_3.bmp,holdout
TID2013,I21,/data/projectwork/swati_mam/new model data/tid2013/tid2013/distorted_images/i21_19_4.bmp,/data/projectwork/swati_mam/new model data/tid2013/tid2013/reference_images/I21.BMP,type_19,4,3.64286,0.10001,19,i21_19_4.bmp,holdout
TID2013,I21,/data/projectwork/swati_mam/new model data/tid2013/tid2013/distorted_images/i21_19_5.bmp,/data/projectwork/swati_mam/new model data/tid2013/tid2013/reference_images/I21.BMP,type_19,5,3.4186,0.1052099999999999,19,i21_19_5.bmp,holdout
TID2013,I21,/data/projectwork/swati_mam/new model data/tid2013/tid2013/distorted_images/i21_20_1.bmp,/data/projectwork/swati_mam/new model data/tid2013/tid2013/reference_images/I21.BMP,type_20,1,5.975,0.15202,20,i21_20_1.bmp,holdout
TID2013,I21,/data/projectwork/swati_mam/new model data/tid2013/tid2013/distorted_images/i21_20_2.bmp,/data/projectwork/swati_mam/new model data/tid2013/tid2013/reference_images/I21.BMP,type_20,2,5.67442,0.15328,20,i21_20_2.bmp,holdout
TID2013,I21,/data/projectwork/swati_mam/new model data/tid2013/tid2013/distorted_images/i21_20_3.bmp,/data/projectwork/swati_mam/new model data/tid2013/tid2013/reference_images/I21.BMP,type_20,3,5.69048,0.12817,20,i21_20_3.bmp,holdout
TID2013,I21,/data/projectwork/swati_mam/new model data/tid2013/tid2013/distorted_images/i21_20_4.bmp,/data/projectwork/swati_mam/new model data/tid2013/tid2013/reference_images/I21.BMP,type_20,4,4.883719999999999,0.09981,20,i21_20_4.bmp,holdout
TID2013,I21,/data/projectwork/swati_mam/new model data/tid2013/tid2013/distorted_images/i21_20_5.bmp,/data/projectwork/swati_mam/new model data/tid2013/tid2013/reference_images/I21.BMP,type_20,5,3.83721,0.10873,20,i21_20_5.bmp,holdout
TID2013,I21,/data/projectwork/swati_mam/new model data/tid2013/tid2013/distorted_images/i21_21_1.bmp,/data/projectwork/swati_mam/new model data/tid2013/tid2013/reference_images/I21.BMP,type_21,1,5.53488,0.1108,21,i21_21_1.bmp,holdout
TID2013,I21,/data/projectwork/swati_mam/new model data/tid2013/tid2013/distorted_images/i21_21_2.bmp,/data/projectwork/swati_mam/new model data/tid2013/tid2013/reference_images/I21.BMP,type_21,2,5.14286,0.16348,21,i21_21_2.bmp,holdout
TID2013,I21,/data/projectwork/swati_mam/new model data/tid2013/tid2013/distorted_images/i21_21_3.bmp,/data/projectwork/swati_mam/new model data/tid2013/tid2013/reference_images/I21.BMP,type_21,3,4.30952,0.11413,21,i21_21_3.bmp,holdout
TID2013,I21,/data/projectwork/swati_mam/new model data/tid2013/tid2013/distorted_images/i21_21_4.bmp,/data/projectwork/swati_mam/new model data/tid2013/tid2013/reference_images/I21.BMP,type_21,4,3.61905,0.09495,21,i21_21_4.bmp,holdout
TID2013,I21,/data/projectwork/swati_mam/new model data/tid2013/tid2013/distorted_images/i21_21_5.bmp,/data/projectwork/swati_mam/new model data/tid2013/tid2013/reference_images/I21.BMP,type_21,5,2.73171,0.08466,21,i21_21_5.bmp,holdout
TID2013,I21,/data/projectwork/swati_mam/new model data/tid2013/tid2013/distorted_images/i21_22_1.bmp,/data/projectwork/swati_mam/new model data/tid2013/tid2013/reference_images/I21.BMP,type_22,1,5.35714,0.1251799999999999,22,i21_22_1.bmp,holdout
TID2013,I21,/data/projectwork/swati_mam/new model data/tid2013/tid2013/distorted_images/i21_22_2.bmp,/data/projectwork/swati_mam/new model data/tid2013/tid2013/reference_images/I21.BMP,type_22,2,5.47619,0.1398,22,i21_22_2.bmp,holdout
TID2013,I21,/data/projectwork/swati_mam/new model data/tid2013/tid2013/distorted_images/i21_22_3.bmp,/data/projectwork/swati_mam/new model data/tid2013/tid2013/reference_images/I21.BMP,type_22,3,4.44186,0.13279,22,i21_22_3.bmp,holdout
TID2013,I21,/data/projectwork/swati_mam/new model data/tid2013/tid2013/distorted_images/i21_22_4.bmp,/data/projectwork/swati_mam/new model data/tid2013/tid2013/reference_images/I21.BMP,type_22,4,3.37209,0.09316,22,i21_22_4.bmp,holdout
TID2013,I21,/data/projectwork/swati_mam/new model data/tid2013/tid2013/distorted_images/i21_22_5.bmp,/data/projectwork/swati_mam/new model data/tid2013/tid2013/reference_images/I21.BMP,type_22,5,3.0,0.10102,22,i21_22_5.bmp,holdout
TID2013,I21,/data/projectwork/swati_mam/new model data/tid2013/tid2013/distorted_images/i21_23_1.bmp,/data/projectwork/swati_mam/new model data/tid2013/tid2013/reference_images/I21.BMP,type_23,1,6.116280000000001,0.17468,23,i21_23_1.bmp,holdout
TID2013,I21,/data/projectwork/swati_mam/new model data/tid2013/tid2013/distorted_images/i21_23_2.bmp,/data/projectwork/swati_mam/new model data/tid2013/tid2013/reference_images/I21.BMP,type_23,2,5.90476,0.12513,23,i21_23_2.bmp,holdout
TID2013,I21,/data/projectwork/swati_mam/new model data/tid2013/tid2013/distorted_images/i21_23_3.bmp,/data/projectwork/swati_mam/new model data/tid2013/tid2013/reference_images/I21.BMP,type_23,3,5.67442,0.15677,23,i21_23_3.bmp,holdout
TID2013,I21,/data/projectwork/swati_mam/new model data/tid2013/tid2013/distorted_images/i21_23_4.bmp,/data/projectwork/swati_mam/new model data/tid2013/tid2013/reference_images/I21.BMP,type_23,4,5.2381,0.1536,23,i21_23_4.bmp,holdout
TID2013,I21,/data/projectwork/swati_mam/new model data/tid2013/tid2013/distorted_images/i21_23_5.bmp,/data/projectwork/swati_mam/new model data/tid2013/tid2013/reference_images/I21.BMP,type_23,5,2.85714,0.09858,23,i21_23_5.bmp,holdout
TID2013,I21,/data/projectwork/swati_mam/new model data/tid2013/tid2013/distorted_images/i21_24_1.bmp,/data/projectwork/swati_mam/new model data/tid2013/tid2013/reference_images/I21.BMP,type_24,1,5.883719999999999,0.15499,24,i21_24_1.bmp,holdout
TID2013,I21,/data/projectwork/swati_mam/new model data/tid2013/tid2013/distorted_images/i21_24_2.bmp,/data/projectwork/swati_mam/new model data/tid2013/tid2013/reference_images/I21.BMP,type_24,2,5.72093,0.12448,24,i21_24_2.bmp,holdout
TID2013,I21,/data/projectwork/swati_mam/new model data/tid2013/tid2013/distorted_images/i21_24_3.bmp,/data/projectwork/swati_mam/new model data/tid2013/tid2013/reference_images/I21.BMP,type_24,3,5.0,0.1,24,i21_24_3.bmp,holdout
TID2013,I21,/data/projectwork/swati_mam/new model data/tid2013/tid2013/distorted_images/i21_24_4.bmp,/data/projectwork/swati_mam/new model data/tid2013/tid2013/reference_images/I21.BMP,type_24,4,3.07317,0.08008,24,i21_24_4.bmp,holdout
TID2013,I21,/data/projectwork/swati_mam/new model data/tid2013/tid2013/distorted_images/i21_24_5.bmp,/data/projectwork/swati_mam/new model data/tid2013/tid2013/reference_images/I21.BMP,type_24,5,0.52381,0.09664,24,i21_24_5.bmp,holdout
TID2013,I22,/data/projectwork/swati_mam/new model data/tid2013/tid2013/distorted_images/I22_01_1.bmp,/data/projectwork/swati_mam/new model data/tid2013/tid2013/reference_images/I22.BMP,type_01,1,5.81579,0.19642,01,I22_01_1.bmp,train
TID2013,I22,/data/projectwork/swati_mam/new model data/tid2013/tid2013/distorted_images/i22_01_2.bmp,/data/projectwork/swati_mam/new model data/tid2013/tid2013/reference_images/I22.BMP,type_01,2,5.23684,0.15539,01,i22_01_2.bmp,train
TID2013,I22,/data/projectwork/swati_mam/new model data/tid2013/tid2013/distorted_images/i22_01_3.bmp,/data/projectwork/swati_mam/new model data/tid2013/tid2013/reference_images/I22.BMP,type_01,3,4.84615,0.15186,01,i22_01_3.bmp,train
TID2013,I22,/data/projectwork/swati_mam/new model data/tid2013/tid2013/distorted_images/i22_01_4.bmp,/data/projectwork/swati_mam/new model data/tid2013/tid2013/reference_images/I22.BMP,type_01,4,4.15789,0.09507,01,i22_01_4.bmp,train
TID2013,I22,/data/projectwork/swati_mam/new model data/tid2013/tid2013/distorted_images/i22_01_5.bmp,/data/projectwork/swati_mam/new model data/tid2013/tid2013/reference_images/I22.BMP,type_01,5,3.71795,0.09559,01,i22_01_5.bmp,train
TID2013,I22,/data/projectwork/swati_mam/new model data/tid2013/tid2013/distorted_images/i22_02_1.bmp,/data/projectwork/swati_mam/new model data/tid2013/tid2013/reference_images/I22.BMP,type_02,1,5.60526,0.12082,02,i22_02_1.bmp,train
TID2013,I22,/data/projectwork/swati_mam/new model data/tid2013/tid2013/distorted_images/i22_02_2.bmp,/data/projectwork/swati_mam/new model data/tid2013/tid2013/reference_images/I22.BMP,type_02,2,5.82051,0.14895,02,i22_02_2.bmp,train
TID2013,I22,/data/projectwork/swati_mam/new model data/tid2013/tid2013/distorted_images/i22_02_3.bmp,/data/projectwork/swati_mam/new model data/tid2013/tid2013/reference_images/I22.BMP,type_02,3,5.47368,0.14764,02,i22_02_3.bmp,train
TID2013,I22,/data/projectwork/swati_mam/new model data/tid2013/tid2013/distorted_images/i22_02_4.bmp,/data/projectwork/swati_mam/new model data/tid2013/tid2013/reference_images/I22.BMP,type_02,4,5.1315800000000005,0.11869,02,i22_02_4.bmp,train
TID2013,I22,/data/projectwork/swati_mam/new model data/tid2013/tid2013/distorted_images/i22_02_5.bmp,/data/projectwork/swati_mam/new model data/tid2013/tid2013/reference_images/I22.BMP,type_02,5,4.57895,0.12135,02,i22_02_5.bmp,train
TID2013,I22,/data/projectwork/swati_mam/new model data/tid2013/tid2013/distorted_images/i22_03_1.bmp,/data/projectwork/swati_mam/new model data/tid2013/tid2013/reference_images/I22.BMP,type_03,1,4.79487,0.15461,03,i22_03_1.bmp,train
TID2013,I22,/data/projectwork/swati_mam/new model data/tid2013/tid2013/distorted_images/i22_03_2.bmp,/data/projectwork/swati_mam/new model data/tid2013/tid2013/reference_images/I22.BMP,type_03,2,4.34211,0.07696,03,i22_03_2.bmp,train
TID2013,I22,/data/projectwork/swati_mam/new model data/tid2013/tid2013/distorted_images/i22_03_3.bmp,/data/projectwork/swati_mam/new model data/tid2013/tid2013/reference_images/I22.BMP,type_03,3,3.68421,0.0992,03,i22_03_3.bmp,train
TID2013,I22,/data/projectwork/swati_mam/new model data/tid2013/tid2013/distorted_images/i22_03_4.bmp,/data/projectwork/swati_mam/new model data/tid2013/tid2013/reference_images/I22.BMP,type_03,4,3.07692,0.09854,03,i22_03_4.bmp,train
TID2013,I22,/data/projectwork/swati_mam/new model data/tid2013/tid2013/distorted_images/i22_03_5.bmp,/data/projectwork/swati_mam/new model data/tid2013/tid2013/reference_images/I22.BMP,type_03,5,2.7027,0.07514,03,i22_03_5.bmp,train
TID2013,I22,/data/projectwork/swati_mam/new model data/tid2013/tid2013/distorted_images/i22_04_1.bmp,/data/projectwork/swati_mam/new model data/tid2013/tid2013/reference_images/I22.BMP,type_04,1,5.76923,0.2034,04,i22_04_1.bmp,train
TID2013,I22,/data/projectwork/swati_mam/new model data/tid2013/tid2013/distorted_images/i22_04_2.bmp,/data/projectwork/swati_mam/new model data/tid2013/tid2013/reference_images/I22.BMP,type_04,2,5.71795,0.16988,04,i22_04_2.bmp,train
TID2013,I22,/data/projectwork/swati_mam/new model data/tid2013/tid2013/distorted_images/i22_04_3.bmp,/data/projectwork/swati_mam/new model data/tid2013/tid2013/reference_images/I22.BMP,type_04,3,5.4359,0.13468,04,i22_04_3.bmp,train
TID2013,I22,/data/projectwork/swati_mam/new model data/tid2013/tid2013/distorted_images/i22_04_4.bmp,/data/projectwork/swati_mam/new model data/tid2013/tid2013/reference_images/I22.BMP,type_04,4,5.0,0.15345,04,i22_04_4.bmp,train
TID2013,I22,/data/projectwork/swati_mam/new model data/tid2013/tid2013/distorted_images/i22_04_5.bmp,/data/projectwork/swati_mam/new model data/tid2013/tid2013/reference_images/I22.BMP,type_04,5,4.30769,0.15019,04,i22_04_5.bmp,train
TID2013,I22,/data/projectwork/swati_mam/new model data/tid2013/tid2013/distorted_images/i22_05_1.bmp,/data/projectwork/swati_mam/new model data/tid2013/tid2013/reference_images/I22.BMP,type_05,1,5.86842,0.17124,05,i22_05_1.bmp,train
TID2013,I22,/data/projectwork/swati_mam/new model data/tid2013/tid2013/distorted_images/i22_05_2.bmp,/data/projectwork/swati_mam/new model data/tid2013/tid2013/reference_images/I22.BMP,type_05,2,5.68421,0.16267,05,i22_05_2.bmp,train
TID2013,I22,/data/projectwork/swati_mam/new model data/tid2013/tid2013/distorted_images/i22_05_3.bmp,/data/projectwork/swati_mam/new model data/tid2013/tid2013/reference_images/I22.BMP,type_05,3,4.87179,0.15461,05,i22_05_3.bmp,train
TID2013,I22,/data/projectwork/swati_mam/new model data/tid2013/tid2013/distorted_images/i22_05_4.bmp,/data/projectwork/swati_mam/new model data/tid2013/tid2013/reference_images/I22.BMP,type_05,4,4.18421,0.12814,05,i22_05_4.bmp,train
TID2013,I22,/data/projectwork/swati_mam/new model data/tid2013/tid2013/distorted_images/i22_05_5.bmp,/data/projectwork/swati_mam/new model data/tid2013/tid2013/reference_images/I22.BMP,type_05,5,3.18421,0.09005,05,i22_05_5.bmp,train
TID2013,I22,/data/projectwork/swati_mam/new model data/tid2013/tid2013/distorted_images/i22_06_1.bmp,/data/projectwork/swati_mam/new model data/tid2013/tid2013/reference_images/I22.BMP,type_06,1,4.7027,0.10719,06,i22_06_1.bmp,train
TID2013,I22,/data/projectwork/swati_mam/new model data/tid2013/tid2013/distorted_images/i22_06_2.bmp,/data/projectwork/swati_mam/new model data/tid2013/tid2013/reference_images/I22.BMP,type_06,2,4.24324,0.08886,06,i22_06_2.bmp,train
TID2013,I22,/data/projectwork/swati_mam/new model data/tid2013/tid2013/distorted_images/i22_06_3.bmp,/data/projectwork/swati_mam/new model data/tid2013/tid2013/reference_images/I22.BMP,type_06,3,3.76316,0.12022,06,i22_06_3.bmp,train
TID2013,I22,/data/projectwork/swati_mam/new model data/tid2013/tid2013/distorted_images/i22_06_4.bmp,/data/projectwork/swati_mam/new model data/tid2013/tid2013/reference_images/I22.BMP,type_06,4,3.56757,0.08145,06,i22_06_4.bmp,train
TID2013,I22,/data/projectwork/swati_mam/new model data/tid2013/tid2013/distorted_images/i22_06_5.bmp,/data/projectwork/swati_mam/new model data/tid2013/tid2013/reference_images/I22.BMP,type_06,5,3.24324,0.08886,06,i22_06_5.bmp,train
TID2013,I22,/data/projectwork/swati_mam/new model data/tid2013/tid2013/distorted_images/i22_07_1.bmp,/data/projectwork/swati_mam/new model data/tid2013/tid2013/reference_images/I22.BMP,type_07,1,5.58974,0.14376,07,i22_07_1.bmp,train
TID2013,I22,/data/projectwork/swati_mam/new model data/tid2013/tid2013/distorted_images/i22_07_2.bmp,/data/projectwork/swati_mam/new model data/tid2013/tid2013/reference_images/I22.BMP,type_07,2,5.08108,0.1398,07,i22_07_2.bmp,train
TID2013,I22,/data/projectwork/swati_mam/new model data/tid2013/tid2013/distorted_images/i22_07_3.bmp,/data/projectwork/swati_mam/new model data/tid2013/tid2013/reference_images/I22.BMP,type_07,3,4.57895,0.12693,07,i22_07_3.bmp,train
TID2013,I22,/data/projectwork/swati_mam/new model data/tid2013/tid2013/distorted_images/i22_07_4.bmp,/data/projectwork/swati_mam/new model data/tid2013/tid2013/reference_images/I22.BMP,type_07,4,3.89474,0.13309,07,i22_07_4.bmp,train
TID2013,I22,/data/projectwork/swati_mam/new model data/tid2013/tid2013/distorted_images/i22_07_5.bmp,/data/projectwork/swati_mam/new model data/tid2013/tid2013/reference_images/I22.BMP,type_07,5,2.74359,0.10707,07,i22_07_5.bmp,train
TID2013,I22,/data/projectwork/swati_mam/new model data/tid2013/tid2013/distorted_images/i22_08_1.bmp,/data/projectwork/swati_mam/new model data/tid2013/tid2013/reference_images/I22.BMP,type_08,1,5.447369999999999,0.12172,08,i22_08_1.bmp,train
TID2013,I22,/data/projectwork/swati_mam/new model data/tid2013/tid2013/distorted_images/i22_08_2.bmp,/data/projectwork/swati_mam/new model data/tid2013/tid2013/reference_images/I22.BMP,type_08,2,4.6315800000000005,0.12014,08,i22_08_2.bmp,train
TID2013,I22,/data/projectwork/swati_mam/new model data/tid2013/tid2013/distorted_images/i22_08_3.bmp,/data/projectwork/swati_mam/new model data/tid2013/tid2013/reference_images/I22.BMP,type_08,3,3.78378,0.1021,08,i22_08_3.bmp,train
TID2013,I22,/data/projectwork/swati_mam/new model data/tid2013/tid2013/distorted_images/i22_08_4.bmp,/data/projectwork/swati_mam/new model data/tid2013/tid2013/reference_images/I22.BMP,type_08,4,3.12821,0.09716,08,i22_08_4.bmp,train
TID2013,I22,/data/projectwork/swati_mam/new model data/tid2013/tid2013/distorted_images/i22_08_5.bmp,/data/projectwork/swati_mam/new model data/tid2013/tid2013/reference_images/I22.BMP,type_08,5,2.53846,0.1137799999999999,08,i22_08_5.bmp,train
TID2013,I22,/data/projectwork/swati_mam/new model data/tid2013/tid2013/distorted_images/i22_09_1.bmp,/data/projectwork/swati_mam/new model data/tid2013/tid2013/reference_images/I22.BMP,type_09,1,5.84615,0.13826,09,i22_09_1.bmp,train
TID2013,I22,/data/projectwork/swati_mam/new model data/tid2013/tid2013/distorted_images/i22_09_2.bmp,/data/projectwork/swati_mam/new model data/tid2013/tid2013/reference_images/I22.BMP,type_09,2,5.52632,0.14287,09,i22_09_2.bmp,train
TID2013,I22,/data/projectwork/swati_mam/new model data/tid2013/tid2013/distorted_images/i22_09_3.bmp,/data/projectwork/swati_mam/new model data/tid2013/tid2013/reference_images/I22.BMP,type_09,3,4.62162,0.11688,09,i22_09_3.bmp,train
TID2013,I22,/data/projectwork/swati_mam/new model data/tid2013/tid2013/distorted_images/i22_09_4.bmp,/data/projectwork/swati_mam/new model data/tid2013/tid2013/reference_images/I22.BMP,type_09,4,3.33333,0.12208,09,i22_09_4.bmp,train
TID2013,I22,/data/projectwork/swati_mam/new model data/tid2013/tid2013/distorted_images/i22_09_5.bmp,/data/projectwork/swati_mam/new model data/tid2013/tid2013/reference_images/I22.BMP,type_09,5,2.05128,0.08067,09,i22_09_5.bmp,train
TID2013,I22,/data/projectwork/swati_mam/new model data/tid2013/tid2013/distorted_images/i22_10_1.bmp,/data/projectwork/swati_mam/new model data/tid2013/tid2013/reference_images/I22.BMP,type_10,1,5.83784,0.14051,10,i22_10_1.bmp,train
TID2013,I22,/data/projectwork/swati_mam/new model data/tid2013/tid2013/distorted_images/i22_10_2.bmp,/data/projectwork/swati_mam/new model data/tid2013/tid2013/reference_images/I22.BMP,type_10,2,5.58974,0.16899,10,i22_10_2.bmp,train
TID2013,I22,/data/projectwork/swati_mam/new model data/tid2013/tid2013/distorted_images/i22_10_3.bmp,/data/projectwork/swati_mam/new model data/tid2013/tid2013/reference_images/I22.BMP,type_10,3,5.0,0.11467,10,i22_10_3.bmp,train
TID2013,I22,/data/projectwork/swati_mam/new model data/tid2013/tid2013/distorted_images/i22_10_4.bmp,/data/projectwork/swati_mam/new model data/tid2013/tid2013/reference_images/I22.BMP,type_10,4,3.58974,0.1343099999999999,10,i22_10_4.bmp,train
TID2013,I22,/data/projectwork/swati_mam/new model data/tid2013/tid2013/distorted_images/i22_10_5.bmp,/data/projectwork/swati_mam/new model data/tid2013/tid2013/reference_images/I22.BMP,type_10,5,2.07895,0.11399,10,i22_10_5.bmp,train
TID2013,I22,/data/projectwork/swati_mam/new model data/tid2013/tid2013/distorted_images/I22_11_1.bmp,/data/projectwork/swati_mam/new model data/tid2013/tid2013/reference_images/I22.BMP,type_11,1,5.358969999999999,0.16809,11,I22_11_1.bmp,train
TID2013,I22,/data/projectwork/swati_mam/new model data/tid2013/tid2013/distorted_images/i22_11_2.bmp,/data/projectwork/swati_mam/new model data/tid2013/tid2013/reference_images/I22.BMP,type_11,2,5.51282,0.17342,11,i22_11_2.bmp,train
TID2013,I22,/data/projectwork/swati_mam/new model data/tid2013/tid2013/distorted_images/i22_11_3.bmp,/data/projectwork/swati_mam/new model data/tid2013/tid2013/reference_images/I22.BMP,type_11,3,4.26316,0.12721,11,i22_11_3.bmp,train
TID2013,I22,/data/projectwork/swati_mam/new model data/tid2013/tid2013/distorted_images/i22_11_4.bmp,/data/projectwork/swati_mam/new model data/tid2013/tid2013/reference_images/I22.BMP,type_11,4,2.63158,0.10138,11,i22_11_4.bmp,train
TID2013,I22,/data/projectwork/swati_mam/new model data/tid2013/tid2013/distorted_images/i22_11_5.bmp,/data/projectwork/swati_mam/new model data/tid2013/tid2013/reference_images/I22.BMP,type_11,5,0.8684200000000001,0.09245,11,i22_11_5.bmp,train
TID2013,I22,/data/projectwork/swati_mam/new model data/tid2013/tid2013/distorted_images/i22_12_1.bmp,/data/projectwork/swati_mam/new model data/tid2013/tid2013/reference_images/I22.BMP,type_12,1,5.26316,0.12721,12,i22_12_1.bmp,train
TID2013,I22,/data/projectwork/swati_mam/new model data/tid2013/tid2013/distorted_images/i22_12_2.bmp,/data/projectwork/swati_mam/new model data/tid2013/tid2013/reference_images/I22.BMP,type_12,2,5.76923,0.16403,12,i22_12_2.bmp,train
TID2013,I22,/data/projectwork/swati_mam/new model data/tid2013/tid2013/distorted_images/i22_12_3.bmp,/data/projectwork/swati_mam/new model data/tid2013/tid2013/reference_images/I22.BMP,type_12,3,5.74359,0.18389,12,i22_12_3.bmp,train
TID2013,I22,/data/projectwork/swati_mam/new model data/tid2013/tid2013/distorted_images/i22_12_4.bmp,/data/projectwork/swati_mam/new model data/tid2013/tid2013/reference_images/I22.BMP,type_12,4,4.36842,0.14615,12,i22_12_4.bmp,train
TID2013,I22,/data/projectwork/swati_mam/new model data/tid2013/tid2013/distorted_images/i22_12_5.bmp,/data/projectwork/swati_mam/new model data/tid2013/tid2013/reference_images/I22.BMP,type_12,5,2.76316,0.08676,12,i22_12_5.bmp,train
TID2013,I22,/data/projectwork/swati_mam/new model data/tid2013/tid2013/distorted_images/I22_13_1.bmp,/data/projectwork/swati_mam/new model data/tid2013/tid2013/reference_images/I22.BMP,type_13,1,5.25641,0.16899,13,I22_13_1.bmp,train
TID2013,I22,/data/projectwork/swati_mam/new model data/tid2013/tid2013/distorted_images/i22_13_2.bmp,/data/projectwork/swati_mam/new model data/tid2013/tid2013/reference_images/I22.BMP,type_13,2,4.4359,0.10754,13,i22_13_2.bmp,train
TID2013,I22,/data/projectwork/swati_mam/new model data/tid2013/tid2013/distorted_images/i22_13_3.bmp,/data/projectwork/swati_mam/new model data/tid2013/tid2013/reference_images/I22.BMP,type_13,3,3.68421,0.09196,13,i22_13_3.bmp,train
TID2013,I22,/data/projectwork/swati_mam/new model data/tid2013/tid2013/distorted_images/i22_13_4.bmp,/data/projectwork/swati_mam/new model data/tid2013/tid2013/reference_images/I22.BMP,type_13,4,2.8717900000000003,0.09716,13,i22_13_4.bmp,train
TID2013,I22,/data/projectwork/swati_mam/new model data/tid2013/tid2013/distorted_images/i22_13_5.bmp,/data/projectwork/swati_mam/new model data/tid2013/tid2013/reference_images/I22.BMP,type_13,5,2.51282,0.1139299999999999,13,i22_13_5.bmp,train
TID2013,I22,/data/projectwork/swati_mam/new model data/tid2013/tid2013/distorted_images/i22_14_1.bmp,/data/projectwork/swati_mam/new model data/tid2013/tid2013/reference_images/I22.BMP,type_14,1,5.76923,0.1718599999999999,14,i22_14_1.bmp,train
TID2013,I22,/data/projectwork/swati_mam/new model data/tid2013/tid2013/distorted_images/i22_14_2.bmp,/data/projectwork/swati_mam/new model data/tid2013/tid2013/reference_images/I22.BMP,type_14,2,5.86111,0.13695,14,i22_14_2.bmp,train
TID2013,I22,/data/projectwork/swati_mam/new model data/tid2013/tid2013/distorted_images/i22_14_3.bmp,/data/projectwork/swati_mam/new model data/tid2013/tid2013/reference_images/I22.BMP,type_14,3,5.76316,0.15087,14,i22_14_3.bmp,train
TID2013,I22,/data/projectwork/swati_mam/new model data/tid2013/tid2013/distorted_images/i22_14_4.bmp,/data/projectwork/swati_mam/new model data/tid2013/tid2013/reference_images/I22.BMP,type_14,4,4.62162,0.11688,14,i22_14_4.bmp,train
TID2013,I22,/data/projectwork/swati_mam/new model data/tid2013/tid2013/distorted_images/i22_14_5.bmp,/data/projectwork/swati_mam/new model data/tid2013/tid2013/reference_images/I22.BMP,type_14,5,4.10256,0.13948,14,i22_14_5.bmp,train
TID2013,I22,/data/projectwork/swati_mam/new model data/tid2013/tid2013/distorted_images/i22_15_1.bmp,/data/projectwork/swati_mam/new model data/tid2013/tid2013/reference_images/I22.BMP,type_15,1,3.05263,0.10492,15,i22_15_1.bmp,train
TID2013,I22,/data/projectwork/swati_mam/new model data/tid2013/tid2013/distorted_images/i22_15_2.bmp,/data/projectwork/swati_mam/new model data/tid2013/tid2013/reference_images/I22.BMP,type_15,2,3.02632,0.13667,15,i22_15_2.bmp,train
TID2013,I22,/data/projectwork/swati_mam/new model data/tid2013/tid2013/distorted_images/i22_15_3.bmp,/data/projectwork/swati_mam/new model data/tid2013/tid2013/reference_images/I22.BMP,type_15,3,3.21622,0.11552,15,i22_15_3.bmp,train
TID2013,I22,/data/projectwork/swati_mam/new model data/tid2013/tid2013/distorted_images/i22_15_4.bmp,/data/projectwork/swati_mam/new model data/tid2013/tid2013/reference_images/I22.BMP,type_15,4,3.39474,0.18436,15,i22_15_4.bmp,train
TID2013,I22,/data/projectwork/swati_mam/new model data/tid2013/tid2013/distorted_images/i22_15_5.bmp,/data/projectwork/swati_mam/new model data/tid2013/tid2013/reference_images/I22.BMP,type_15,5,3.73684,0.11581,15,i22_15_5.bmp,train
TID2013,I22,/data/projectwork/swati_mam/new model data/tid2013/tid2013/distorted_images/i22_16_1.bmp,/data/projectwork/swati_mam/new model data/tid2013/tid2013/reference_images/I22.BMP,type_16,1,5.86486,0.15834,16,i22_16_1.bmp,train
TID2013,I22,/data/projectwork/swati_mam/new model data/tid2013/tid2013/distorted_images/i22_16_2.bmp,/data/projectwork/swati_mam/new model data/tid2013/tid2013/reference_images/I22.BMP,type_16,2,5.41026,0.19768,16,i22_16_2.bmp,train
TID2013,I22,/data/projectwork/swati_mam/new model data/tid2013/tid2013/distorted_images/i22_16_3.bmp,/data/projectwork/swati_mam/new model data/tid2013/tid2013/reference_images/I22.BMP,type_16,3,6.05128,0.2263099999999999,16,i22_16_3.bmp,train
TID2013,I22,/data/projectwork/swati_mam/new model data/tid2013/tid2013/distorted_images/i22_16_4.bmp,/data/projectwork/swati_mam/new model data/tid2013/tid2013/reference_images/I22.BMP,type_16,4,4.60526,0.1419099999999999,16,i22_16_4.bmp,train
TID2013,I22,/data/projectwork/swati_mam/new model data/tid2013/tid2013/distorted_images/i22_16_5.bmp,/data/projectwork/swati_mam/new model data/tid2013/tid2013/reference_images/I22.BMP,type_16,5,5.25641,0.26329,16,i22_16_5.bmp,train
TID2013,I22,/data/projectwork/swati_mam/new model data/tid2013/tid2013/distorted_images/i22_17_1.bmp,/data/projectwork/swati_mam/new model data/tid2013/tid2013/reference_images/I22.BMP,type_17,1,5.33333,0.15944,17,i22_17_1.bmp,train
TID2013,I22,/data/projectwork/swati_mam/new model data/tid2013/tid2013/distorted_images/i22_17_2.bmp,/data/projectwork/swati_mam/new model data/tid2013/tid2013/reference_images/I22.BMP,type_17,2,6.0,0.22057,17,i22_17_2.bmp,train
TID2013,I22,/data/projectwork/swati_mam/new model data/tid2013/tid2013/distorted_images/i22_17_3.bmp,/data/projectwork/swati_mam/new model data/tid2013/tid2013/reference_images/I22.BMP,type_17,3,4.22222,0.13671,17,i22_17_3.bmp,train
TID2013,I22,/data/projectwork/swati_mam/new model data/tid2013/tid2013/distorted_images/i22_17_4.bmp,/data/projectwork/swati_mam/new model data/tid2013/tid2013/reference_images/I22.BMP,type_17,4,6.23077,0.25503,17,i22_17_4.bmp,train
TID2013,I22,/data/projectwork/swati_mam/new model data/tid2013/tid2013/distorted_images/i22_17_5.bmp,/data/projectwork/swati_mam/new model data/tid2013/tid2013/reference_images/I22.BMP,type_17,5,3.3783800000000004,0.1396599999999999,17,i22_17_5.bmp,train
TID2013,I22,/data/projectwork/swati_mam/new model data/tid2013/tid2013/distorted_images/i22_18_1.bmp,/data/projectwork/swati_mam/new model data/tid2013/tid2013/reference_images/I22.BMP,type_18,1,5.15385,0.16829,18,i22_18_1.bmp,train
TID2013,I22,/data/projectwork/swati_mam/new model data/tid2013/tid2013/distorted_images/i22_18_2.bmp,/data/projectwork/swati_mam/new model data/tid2013/tid2013/reference_images/I22.BMP,type_18,2,4.68421,0.17498,18,i22_18_2.bmp,train
TID2013,I22,/data/projectwork/swati_mam/new model data/tid2013/tid2013/distorted_images/i22_18_3.bmp,/data/projectwork/swati_mam/new model data/tid2013/tid2013/reference_images/I22.BMP,type_18,3,4.23684,0.18016,18,i22_18_3.bmp,train
TID2013,I22,/data/projectwork/swati_mam/new model data/tid2013/tid2013/distorted_images/i22_18_4.bmp,/data/projectwork/swati_mam/new model data/tid2013/tid2013/reference_images/I22.BMP,type_18,4,3.76316,0.16823,18,i22_18_4.bmp,train
TID2013,I22,/data/projectwork/swati_mam/new model data/tid2013/tid2013/distorted_images/i22_18_5.bmp,/data/projectwork/swati_mam/new model data/tid2013/tid2013/reference_images/I22.BMP,type_18,5,3.25,0.17292,18,i22_18_5.bmp,train
TID2013,I22,/data/projectwork/swati_mam/new model data/tid2013/tid2013/distorted_images/i22_19_1.bmp,/data/projectwork/swati_mam/new model data/tid2013/tid2013/reference_images/I22.BMP,type_19,1,5.1315800000000005,0.15422,19,i22_19_1.bmp,train
TID2013,I22,/data/projectwork/swati_mam/new model data/tid2013/tid2013/distorted_images/i22_19_2.bmp,/data/projectwork/swati_mam/new model data/tid2013/tid2013/reference_images/I22.BMP,type_19,2,5.1315800000000005,0.1449599999999999,19,i22_19_2.bmp,train
TID2013,I22,/data/projectwork/swati_mam/new model data/tid2013/tid2013/distorted_images/i22_19_3.bmp,/data/projectwork/swati_mam/new model data/tid2013/tid2013/reference_images/I22.BMP,type_19,3,4.66667,0.16749,19,i22_19_3.bmp,train
TID2013,I22,/data/projectwork/swati_mam/new model data/tid2013/tid2013/distorted_images/i22_19_4.bmp,/data/projectwork/swati_mam/new model data/tid2013/tid2013/reference_images/I22.BMP,type_19,4,4.0,0.10113,19,i22_19_4.bmp,train
TID2013,I22,/data/projectwork/swati_mam/new model data/tid2013/tid2013/distorted_images/i22_19_5.bmp,/data/projectwork/swati_mam/new model data/tid2013/tid2013/reference_images/I22.BMP,type_19,5,3.58974,0.10074,19,i22_19_5.bmp,train
TID2013,I22,/data/projectwork/swati_mam/new model data/tid2013/tid2013/distorted_images/i22_20_1.bmp,/data/projectwork/swati_mam/new model data/tid2013/tid2013/reference_images/I22.BMP,type_20,1,5.71053,0.13371,20,i22_20_1.bmp,train
TID2013,I22,/data/projectwork/swati_mam/new model data/tid2013/tid2013/distorted_images/i22_20_2.bmp,/data/projectwork/swati_mam/new model data/tid2013/tid2013/reference_images/I22.BMP,type_20,2,5.73684,0.13767,20,i22_20_2.bmp,train
TID2013,I22,/data/projectwork/swati_mam/new model data/tid2013/tid2013/distorted_images/i22_20_3.bmp,/data/projectwork/swati_mam/new model data/tid2013/tid2013/reference_images/I22.BMP,type_20,3,5.552630000000001,0.11589,20,i22_20_3.bmp,train
TID2013,I22,/data/projectwork/swati_mam/new model data/tid2013/tid2013/distorted_images/i22_20_4.bmp,/data/projectwork/swati_mam/new model data/tid2013/tid2013/reference_images/I22.BMP,type_20,4,4.8974400000000005,0.14861,20,i22_20_4.bmp,train
TID2013,I22,/data/projectwork/swati_mam/new model data/tid2013/tid2013/distorted_images/i22_20_5.bmp,/data/projectwork/swati_mam/new model data/tid2013/tid2013/reference_images/I22.BMP,type_20,5,3.64865,0.1095599999999999,20,i22_20_5.bmp,train
TID2013,I22,/data/projectwork/swati_mam/new model data/tid2013/tid2013/distorted_images/i22_21_1.bmp,/data/projectwork/swati_mam/new model data/tid2013/tid2013/reference_images/I22.BMP,type_21,1,5.57895,0.12693,21,i22_21_1.bmp,train
TID2013,I22,/data/projectwork/swati_mam/new model data/tid2013/tid2013/distorted_images/i22_21_2.bmp,/data/projectwork/swati_mam/new model data/tid2013/tid2013/reference_images/I22.BMP,type_21,2,5.02632,0.11463,21,i22_21_2.bmp,train
TID2013,I22,/data/projectwork/swati_mam/new model data/tid2013/tid2013/distorted_images/i22_21_3.bmp,/data/projectwork/swati_mam/new model data/tid2013/tid2013/reference_images/I22.BMP,type_21,3,4.65789,0.10707,21,i22_21_3.bmp,train
TID2013,I22,/data/projectwork/swati_mam/new model data/tid2013/tid2013/distorted_images/i22_21_4.bmp,/data/projectwork/swati_mam/new model data/tid2013/tid2013/reference_images/I22.BMP,type_21,4,3.5641,0.10754,21,i22_21_4.bmp,train
TID2013,I22,/data/projectwork/swati_mam/new model data/tid2013/tid2013/distorted_images/i22_21_5.bmp,/data/projectwork/swati_mam/new model data/tid2013/tid2013/reference_images/I22.BMP,type_21,5,2.63158,0.0943,21,i22_21_5.bmp,train
TID2013,I22,/data/projectwork/swati_mam/new model data/tid2013/tid2013/distorted_images/i22_22_1.bmp,/data/projectwork/swati_mam/new model data/tid2013/tid2013/reference_images/I22.BMP,type_22,1,5.923080000000001,0.14678,22,i22_22_1.bmp,train
TID2013,I22,/data/projectwork/swati_mam/new model data/tid2013/tid2013/distorted_images/i22_22_2.bmp,/data/projectwork/swati_mam/new model data/tid2013/tid2013/reference_images/I22.BMP,type_22,2,5.35135,0.16313,22,i22_22_2.bmp,train
TID2013,I22,/data/projectwork/swati_mam/new model data/tid2013/tid2013/distorted_images/i22_22_3.bmp,/data/projectwork/swati_mam/new model data/tid2013/tid2013/reference_images/I22.BMP,type_22,3,4.8974400000000005,0.17689,22,i22_22_3.bmp,train
TID2013,I22,/data/projectwork/swati_mam/new model data/tid2013/tid2013/distorted_images/i22_22_4.bmp,/data/projectwork/swati_mam/new model data/tid2013/tid2013/reference_images/I22.BMP,type_22,4,4.447369999999999,0.10325,22,i22_22_4.bmp,train
TID2013,I22,/data/projectwork/swati_mam/new model data/tid2013/tid2013/distorted_images/i22_22_5.bmp,/data/projectwork/swati_mam/new model data/tid2013/tid2013/reference_images/I22.BMP,type_22,5,2.89474,0.11033,22,i22_22_5.bmp,train
TID2013,I22,/data/projectwork/swati_mam/new model data/tid2013/tid2013/distorted_images/i22_23_1.bmp,/data/projectwork/swati_mam/new model data/tid2013/tid2013/reference_images/I22.BMP,type_23,1,6.324319999999999,0.1381,23,i22_23_1.bmp,train
TID2013,I22,/data/projectwork/swati_mam/new model data/tid2013/tid2013/distorted_images/i22_23_2.bmp,/data/projectwork/swati_mam/new model data/tid2013/tid2013/reference_images/I22.BMP,type_23,2,6.1315800000000005,0.1401,23,i22_23_2.bmp,train
TID2013,I22,/data/projectwork/swati_mam/new model data/tid2013/tid2013/distorted_images/i22_23_3.bmp,/data/projectwork/swati_mam/new model data/tid2013/tid2013/reference_images/I22.BMP,type_23,3,5.21053,0.15416,23,i22_23_3.bmp,train
TID2013,I22,/data/projectwork/swati_mam/new model data/tid2013/tid2013/distorted_images/i22_23_4.bmp,/data/projectwork/swati_mam/new model data/tid2013/tid2013/reference_images/I22.BMP,type_23,4,4.4359,0.14411,23,i22_23_4.bmp,train
TID2013,I22,/data/projectwork/swati_mam/new model data/tid2013/tid2013/distorted_images/i22_23_5.bmp,/data/projectwork/swati_mam/new model data/tid2013/tid2013/reference_images/I22.BMP,type_23,5,2.10256,0.10754,23,i22_23_5.bmp,train
TID2013,I22,/data/projectwork/swati_mam/new model data/tid2013/tid2013/distorted_images/i22_24_1.bmp,/data/projectwork/swati_mam/new model data/tid2013/tid2013/reference_images/I22.BMP,type_24,1,5.82051,0.16959,24,i22_24_1.bmp,train
TID2013,I22,/data/projectwork/swati_mam/new model data/tid2013/tid2013/distorted_images/i22_24_2.bmp,/data/projectwork/swati_mam/new model data/tid2013/tid2013/reference_images/I22.BMP,type_24,2,5.42105,0.13741,24,i22_24_2.bmp,train
TID2013,I22,/data/projectwork/swati_mam/new model data/tid2013/tid2013/distorted_images/i22_24_3.bmp,/data/projectwork/swati_mam/new model data/tid2013/tid2013/reference_images/I22.BMP,type_24,3,4.21622,0.12168,24,i22_24_3.bmp,train
TID2013,I22,/data/projectwork/swati_mam/new model data/tid2013/tid2013/distorted_images/i22_24_4.bmp,/data/projectwork/swati_mam/new model data/tid2013/tid2013/reference_images/I22.BMP,type_24,4,2.25641,0.08671,24,i22_24_4.bmp,train
TID2013,I22,/data/projectwork/swati_mam/new model data/tid2013/tid2013/distorted_images/i22_24_5.bmp,/data/projectwork/swati_mam/new model data/tid2013/tid2013/reference_images/I22.BMP,type_24,5,0.3684199999999999,0.0943,24,i22_24_5.bmp,train
TID2013,I23,/data/projectwork/swati_mam/new model data/tid2013/tid2013/distorted_images/I23_01_1.bmp,/data/projectwork/swati_mam/new model data/tid2013/tid2013/reference_images/I23.BMP,type_01,1,5.68571,0.13863,01,I23_01_1.bmp,train
TID2013,I23,/data/projectwork/swati_mam/new model data/tid2013/tid2013/distorted_images/i23_01_2.bmp,/data/projectwork/swati_mam/new model data/tid2013/tid2013/reference_images/I23.BMP,type_01,2,5.05714,0.0985,01,i23_01_2.bmp,train
TID2013,I23,/data/projectwork/swati_mam/new model data/tid2013/tid2013/distorted_images/i23_01_3.bmp,/data/projectwork/swati_mam/new model data/tid2013/tid2013/reference_images/I23.BMP,type_01,3,4.76471,0.11051,01,i23_01_3.bmp,train
TID2013,I23,/data/projectwork/swati_mam/new model data/tid2013/tid2013/distorted_images/i23_01_4.bmp,/data/projectwork/swati_mam/new model data/tid2013/tid2013/reference_images/I23.BMP,type_01,4,4.08571,0.09365,01,i23_01_4.bmp,train
TID2013,I23,/data/projectwork/swati_mam/new model data/tid2013/tid2013/distorted_images/i23_01_5.bmp,/data/projectwork/swati_mam/new model data/tid2013/tid2013/reference_images/I23.BMP,type_01,5,3.73529,0.08634,01,i23_01_5.bmp,train
TID2013,I23,/data/projectwork/swati_mam/new model data/tid2013/tid2013/distorted_images/i23_02_1.bmp,/data/projectwork/swati_mam/new model data/tid2013/tid2013/reference_images/I23.BMP,type_02,1,6.14706,0.1618,02,i23_02_1.bmp,train
TID2013,I23,/data/projectwork/swati_mam/new model data/tid2013/tid2013/distorted_images/i23_02_2.bmp,/data/projectwork/swati_mam/new model data/tid2013/tid2013/reference_images/I23.BMP,type_02,2,5.84848,0.1221299999999999,02,i23_02_2.bmp,train
TID2013,I23,/data/projectwork/swati_mam/new model data/tid2013/tid2013/distorted_images/i23_02_3.bmp,/data/projectwork/swati_mam/new model data/tid2013/tid2013/reference_images/I23.BMP,type_02,3,5.45714,0.14196,02,i23_02_3.bmp,train
TID2013,I23,/data/projectwork/swati_mam/new model data/tid2013/tid2013/distorted_images/i23_02_4.bmp,/data/projectwork/swati_mam/new model data/tid2013/tid2013/reference_images/I23.BMP,type_02,4,5.028569999999999,0.11055,02,i23_02_4.bmp,train
TID2013,I23,/data/projectwork/swati_mam/new model data/tid2013/tid2013/distorted_images/i23_02_5.bmp,/data/projectwork/swati_mam/new model data/tid2013/tid2013/reference_images/I23.BMP,type_02,5,4.32353,0.09948,02,i23_02_5.bmp,train
TID2013,I23,/data/projectwork/swati_mam/new model data/tid2013/tid2013/distorted_images/i23_03_1.bmp,/data/projectwork/swati_mam/new model data/tid2013/tid2013/reference_images/I23.BMP,type_03,1,4.61765,0.12489,03,i23_03_1.bmp,train
TID2013,I23,/data/projectwork/swati_mam/new model data/tid2013/tid2013/distorted_images/i23_03_2.bmp,/data/projectwork/swati_mam/new model data/tid2013/tid2013/reference_images/I23.BMP,type_03,2,4.17143,0.1029,03,i23_03_2.bmp,train
TID2013,I23,/data/projectwork/swati_mam/new model data/tid2013/tid2013/distorted_images/i23_03_3.bmp,/data/projectwork/swati_mam/new model data/tid2013/tid2013/reference_images/I23.BMP,type_03,3,3.55882,0.08515,03,i23_03_3.bmp,train
TID2013,I23,/data/projectwork/swati_mam/new model data/tid2013/tid2013/distorted_images/i23_03_4.bmp,/data/projectwork/swati_mam/new model data/tid2013/tid2013/reference_images/I23.BMP,type_03,4,3.26471,0.09584,03,i23_03_4.bmp,train
TID2013,I23,/data/projectwork/swati_mam/new model data/tid2013/tid2013/distorted_images/i23_03_5.bmp,/data/projectwork/swati_mam/new model data/tid2013/tid2013/reference_images/I23.BMP,type_03,5,2.67647,0.12283,03,i23_03_5.bmp,train
TID2013,I23,/data/projectwork/swati_mam/new model data/tid2013/tid2013/distorted_images/i23_04_1.bmp,/data/projectwork/swati_mam/new model data/tid2013/tid2013/reference_images/I23.BMP,type_04,1,5.61765,0.14418,04,i23_04_1.bmp,train
TID2013,I23,/data/projectwork/swati_mam/new model data/tid2013/tid2013/distorted_images/i23_04_2.bmp,/data/projectwork/swati_mam/new model data/tid2013/tid2013/reference_images/I23.BMP,type_04,2,5.64706,0.15498,04,i23_04_2.bmp,train
TID2013,I23,/data/projectwork/swati_mam/new model data/tid2013/tid2013/distorted_images/i23_04_3.bmp,/data/projectwork/swati_mam/new model data/tid2013/tid2013/reference_images/I23.BMP,type_04,3,5.32353,0.17008,04,i23_04_3.bmp,train
TID2013,I23,/data/projectwork/swati_mam/new model data/tid2013/tid2013/distorted_images/i23_04_4.bmp,/data/projectwork/swati_mam/new model data/tid2013/tid2013/reference_images/I23.BMP,type_04,4,4.79412,0.13007,04,i23_04_4.bmp,train
TID2013,I23,/data/projectwork/swati_mam/new model data/tid2013/tid2013/distorted_images/i23_04_5.bmp,/data/projectwork/swati_mam/new model data/tid2013/tid2013/reference_images/I23.BMP,type_04,5,4.52941,0.13942,04,i23_04_5.bmp,train
TID2013,I23,/data/projectwork/swati_mam/new model data/tid2013/tid2013/distorted_images/i23_05_1.bmp,/data/projectwork/swati_mam/new model data/tid2013/tid2013/reference_images/I23.BMP,type_05,1,6.05714,0.15088,05,i23_05_1.bmp,train
TID2013,I23,/data/projectwork/swati_mam/new model data/tid2013/tid2013/distorted_images/i23_05_2.bmp,/data/projectwork/swati_mam/new model data/tid2013/tid2013/reference_images/I23.BMP,type_05,2,5.5,0.1265,05,i23_05_2.bmp,train
TID2013,I23,/data/projectwork/swati_mam/new model data/tid2013/tid2013/distorted_images/i23_05_3.bmp,/data/projectwork/swati_mam/new model data/tid2013/tid2013/reference_images/I23.BMP,type_05,3,5.09091,0.10811,05,i23_05_3.bmp,train
TID2013,I23,/data/projectwork/swati_mam/new model data/tid2013/tid2013/distorted_images/i23_05_4.bmp,/data/projectwork/swati_mam/new model data/tid2013/tid2013/reference_images/I23.BMP,type_05,4,4.31429,0.1263099999999999,05,i23_05_4.bmp,train
TID2013,I23,/data/projectwork/swati_mam/new model data/tid2013/tid2013/distorted_images/i23_05_5.bmp,/data/projectwork/swati_mam/new model data/tid2013/tid2013/reference_images/I23.BMP,type_05,5,3.3529400000000003,0.10088,05,i23_05_5.bmp,train
TID2013,I23,/data/projectwork/swati_mam/new model data/tid2013/tid2013/distorted_images/i23_06_1.bmp,/data/projectwork/swati_mam/new model data/tid2013/tid2013/reference_images/I23.BMP,type_06,1,4.61765,0.13163,06,i23_06_1.bmp,train
TID2013,I23,/data/projectwork/swati_mam/new model data/tid2013/tid2013/distorted_images/i23_06_2.bmp,/data/projectwork/swati_mam/new model data/tid2013/tid2013/reference_images/I23.BMP,type_06,2,4.35294,0.12397,06,i23_06_2.bmp,train
TID2013,I23,/data/projectwork/swati_mam/new model data/tid2013/tid2013/distorted_images/i23_06_3.bmp,/data/projectwork/swati_mam/new model data/tid2013/tid2013/reference_images/I23.BMP,type_06,3,4.02941,0.1211599999999999,06,i23_06_3.bmp,train
TID2013,I23,/data/projectwork/swati_mam/new model data/tid2013/tid2013/distorted_images/i23_06_4.bmp,/data/projectwork/swati_mam/new model data/tid2013/tid2013/reference_images/I23.BMP,type_06,4,3.61765,0.13805,06,i23_06_4.bmp,train
TID2013,I23,/data/projectwork/swati_mam/new model data/tid2013/tid2013/distorted_images/i23_06_5.bmp,/data/projectwork/swati_mam/new model data/tid2013/tid2013/reference_images/I23.BMP,type_06,5,3.2941199999999995,0.1284,06,i23_06_5.bmp,train
TID2013,I23,/data/projectwork/swati_mam/new model data/tid2013/tid2013/distorted_images/i23_07_1.bmp,/data/projectwork/swati_mam/new model data/tid2013/tid2013/reference_images/I23.BMP,type_07,1,4.9705900000000005,0.1138,07,i23_07_1.bmp,train
TID2013,I23,/data/projectwork/swati_mam/new model data/tid2013/tid2013/distorted_images/i23_07_2.bmp,/data/projectwork/swati_mam/new model data/tid2013/tid2013/reference_images/I23.BMP,type_07,2,3.84848,0.10603,07,i23_07_2.bmp,train
TID2013,I23,/data/projectwork/swati_mam/new model data/tid2013/tid2013/distorted_images/i23_07_3.bmp,/data/projectwork/swati_mam/new model data/tid2013/tid2013/reference_images/I23.BMP,type_07,3,3.68571,0.1263099999999999,07,i23_07_3.bmp,train
TID2013,I23,/data/projectwork/swati_mam/new model data/tid2013/tid2013/distorted_images/i23_07_4.bmp,/data/projectwork/swati_mam/new model data/tid2013/tid2013/reference_images/I23.BMP,type_07,4,3.44118,0.11904,07,i23_07_4.bmp,train
TID2013,I23,/data/projectwork/swati_mam/new model data/tid2013/tid2013/distorted_images/i23_07_5.bmp,/data/projectwork/swati_mam/new model data/tid2013/tid2013/reference_images/I23.BMP,type_07,5,2.78788,0.1028299999999999,07,i23_07_5.bmp,train
TID2013,I23,/data/projectwork/swati_mam/new model data/tid2013/tid2013/distorted_images/i23_08_1.bmp,/data/projectwork/swati_mam/new model data/tid2013/tid2013/reference_images/I23.BMP,type_08,1,5.94286,0.15088,08,i23_08_1.bmp,train
TID2013,I23,/data/projectwork/swati_mam/new model data/tid2013/tid2013/distorted_images/i23_08_2.bmp,/data/projectwork/swati_mam/new model data/tid2013/tid2013/reference_images/I23.BMP,type_08,2,5.52941,0.1264,08,i23_08_2.bmp,train
TID2013,I23,/data/projectwork/swati_mam/new model data/tid2013/tid2013/distorted_images/i23_08_3.bmp,/data/projectwork/swati_mam/new model data/tid2013/tid2013/reference_images/I23.BMP,type_08,3,4.67647,0.12968,08,i23_08_3.bmp,train
TID2013,I23,/data/projectwork/swati_mam/new model data/tid2013/tid2013/distorted_images/i23_08_4.bmp,/data/projectwork/swati_mam/new model data/tid2013/tid2013/reference_images/I23.BMP,type_08,4,3.94118,0.1243799999999999,08,i23_08_4.bmp,train
TID2013,I23,/data/projectwork/swati_mam/new model data/tid2013/tid2013/distorted_images/i23_08_5.bmp,/data/projectwork/swati_mam/new model data/tid2013/tid2013/reference_images/I23.BMP,type_08,5,2.77143,0.1149,08,i23_08_5.bmp,train
TID2013,I23,/data/projectwork/swati_mam/new model data/tid2013/tid2013/distorted_images/i23_09_1.bmp,/data/projectwork/swati_mam/new model data/tid2013/tid2013/reference_images/I23.BMP,type_09,1,6.696969999999999,0.15142,09,i23_09_1.bmp,train
TID2013,I23,/data/projectwork/swati_mam/new model data/tid2013/tid2013/distorted_images/i23_09_2.bmp,/data/projectwork/swati_mam/new model data/tid2013/tid2013/reference_images/I23.BMP,type_09,2,6.05714,0.15088,09,i23_09_2.bmp,train
TID2013,I23,/data/projectwork/swati_mam/new model data/tid2013/tid2013/distorted_images/i23_09_3.bmp,/data/projectwork/swati_mam/new model data/tid2013/tid2013/reference_images/I23.BMP,type_09,3,5.7058800000000005,0.14723,09,i23_09_3.bmp,train
TID2013,I23,/data/projectwork/swati_mam/new model data/tid2013/tid2013/distorted_images/i23_09_4.bmp,/data/projectwork/swati_mam/new model data/tid2013/tid2013/reference_images/I23.BMP,type_09,4,4.26471,0.10447,09,i23_09_4.bmp,train
TID2013,I23,/data/projectwork/swati_mam/new model data/tid2013/tid2013/distorted_images/i23_09_5.bmp,/data/projectwork/swati_mam/new model data/tid2013/tid2013/reference_images/I23.BMP,type_09,5,2.64706,0.10088,09,i23_09_5.bmp,train
TID2013,I23,/data/projectwork/swati_mam/new model data/tid2013/tid2013/distorted_images/i23_10_1.bmp,/data/projectwork/swati_mam/new model data/tid2013/tid2013/reference_images/I23.BMP,type_10,1,5.971430000000001,0.16896,10,i23_10_1.bmp,train
TID2013,I23,/data/projectwork/swati_mam/new model data/tid2013/tid2013/distorted_images/i23_10_2.bmp,/data/projectwork/swati_mam/new model data/tid2013/tid2013/reference_images/I23.BMP,type_10,2,5.79412,0.1544,10,i23_10_2.bmp,train
TID2013,I23,/data/projectwork/swati_mam/new model data/tid2013/tid2013/distorted_images/i23_10_3.bmp,/data/projectwork/swati_mam/new model data/tid2013/tid2013/reference_images/I23.BMP,type_10,3,5.02941,0.14697,10,i23_10_3.bmp,train
TID2013,I23,/data/projectwork/swati_mam/new model data/tid2013/tid2013/distorted_images/i23_10_4.bmp,/data/projectwork/swati_mam/new model data/tid2013/tid2013/reference_images/I23.BMP,type_10,4,3.64706,0.08196,10,i23_10_4.bmp,train
TID2013,I23,/data/projectwork/swati_mam/new model data/tid2013/tid2013/distorted_images/i23_10_5.bmp,/data/projectwork/swati_mam/new model data/tid2013/tid2013/reference_images/I23.BMP,type_10,5,2.4,0.1225599999999999,10,i23_10_5.bmp,train
TID2013,I23,/data/projectwork/swati_mam/new model data/tid2013/tid2013/distorted_images/I23_11_1.bmp,/data/projectwork/swati_mam/new model data/tid2013/tid2013/reference_images/I23.BMP,type_11,1,5.25714,0.12995,11,I23_11_1.bmp,train
TID2013,I23,/data/projectwork/swati_mam/new model data/tid2013/tid2013/distorted_images/i23_11_2.bmp,/data/projectwork/swati_mam/new model data/tid2013/tid2013/reference_images/I23.BMP,type_11,2,4.57143,0.11631,11,i23_11_2.bmp,train
TID2013,I23,/data/projectwork/swati_mam/new model data/tid2013/tid2013/distorted_images/i23_11_3.bmp,/data/projectwork/swati_mam/new model data/tid2013/tid2013/reference_images/I23.BMP,type_11,3,3.11765,0.09079,11,i23_11_3.bmp,train
TID2013,I23,/data/projectwork/swati_mam/new model data/tid2013/tid2013/distorted_images/i23_11_4.bmp,/data/projectwork/swati_mam/new model data/tid2013/tid2013/reference_images/I23.BMP,type_11,4,2.24242,0.09612,11,i23_11_4.bmp,train
TID2013,I23,/data/projectwork/swati_mam/new model data/tid2013/tid2013/distorted_images/i23_11_5.bmp,/data/projectwork/swati_mam/new model data/tid2013/tid2013/reference_images/I23.BMP,type_11,5,0.8235299999999999,0.1210599999999999,11,i23_11_5.bmp,train
TID2013,I23,/data/projectwork/swati_mam/new model data/tid2013/tid2013/distorted_images/i23_12_1.bmp,/data/projectwork/swati_mam/new model data/tid2013/tid2013/reference_images/I23.BMP,type_12,1,5.9697,0.1091299999999999,12,i23_12_1.bmp,train
TID2013,I23,/data/projectwork/swati_mam/new model data/tid2013/tid2013/distorted_images/i23_12_2.bmp,/data/projectwork/swati_mam/new model data/tid2013/tid2013/reference_images/I23.BMP,type_12,2,5.74286,0.12351,12,i23_12_2.bmp,train
TID2013,I23,/data/projectwork/swati_mam/new model data/tid2013/tid2013/distorted_images/i23_12_3.bmp,/data/projectwork/swati_mam/new model data/tid2013/tid2013/reference_images/I23.BMP,type_12,3,3.8,0.10537,12,i23_12_3.bmp,train
TID2013,I23,/data/projectwork/swati_mam/new model data/tid2013/tid2013/distorted_images/i23_12_4.bmp,/data/projectwork/swati_mam/new model data/tid2013/tid2013/reference_images/I23.BMP,type_12,4,2.88571,0.08826,12,i23_12_4.bmp,train
TID2013,I23,/data/projectwork/swati_mam/new model data/tid2013/tid2013/distorted_images/i23_12_5.bmp,/data/projectwork/swati_mam/new model data/tid2013/tid2013/reference_images/I23.BMP,type_12,5,1.85714,0.10015,12,i23_12_5.bmp,train
TID2013,I23,/data/projectwork/swati_mam/new model data/tid2013/tid2013/distorted_images/I23_13_1.bmp,/data/projectwork/swati_mam/new model data/tid2013/tid2013/reference_images/I23.BMP,type_13,1,4.54286,0.12995,13,I23_13_1.bmp,train
TID2013,I23,/data/projectwork/swati_mam/new model data/tid2013/tid2013/distorted_images/i23_13_2.bmp,/data/projectwork/swati_mam/new model data/tid2013/tid2013/reference_images/I23.BMP,type_13,2,4.15152,0.10603,13,i23_13_2.bmp,train
TID2013,I23,/data/projectwork/swati_mam/new model data/tid2013/tid2013/distorted_images/i23_13_3.bmp,/data/projectwork/swati_mam/new model data/tid2013/tid2013/reference_images/I23.BMP,type_13,3,3.34286,0.08023,13,i23_13_3.bmp,train
TID2013,I23,/data/projectwork/swati_mam/new model data/tid2013/tid2013/distorted_images/i23_13_4.bmp,/data/projectwork/swati_mam/new model data/tid2013/tid2013/reference_images/I23.BMP,type_13,4,2.47059,0.0856,13,i23_13_4.bmp,train
TID2013,I23,/data/projectwork/swati_mam/new model data/tid2013/tid2013/distorted_images/i23_13_5.bmp,/data/projectwork/swati_mam/new model data/tid2013/tid2013/reference_images/I23.BMP,type_13,5,2.5882400000000003,0.11097,13,i23_13_5.bmp,train
TID2013,I23,/data/projectwork/swati_mam/new model data/tid2013/tid2013/distorted_images/i23_14_1.bmp,/data/projectwork/swati_mam/new model data/tid2013/tid2013/reference_images/I23.BMP,type_14,1,6.08571,0.16841,14,i23_14_1.bmp,train
TID2013,I23,/data/projectwork/swati_mam/new model data/tid2013/tid2013/distorted_images/i23_14_2.bmp,/data/projectwork/swati_mam/new model data/tid2013/tid2013/reference_images/I23.BMP,type_14,2,6.29412,0.13497,14,i23_14_2.bmp,train
TID2013,I23,/data/projectwork/swati_mam/new model data/tid2013/tid2013/distorted_images/i23_14_3.bmp,/data/projectwork/swati_mam/new model data/tid2013/tid2013/reference_images/I23.BMP,type_14,3,5.05882,0.1712,14,i23_14_3.bmp,train
TID2013,I23,/data/projectwork/swati_mam/new model data/tid2013/tid2013/distorted_images/i23_14_4.bmp,/data/projectwork/swati_mam/new model data/tid2013/tid2013/reference_images/I23.BMP,type_14,4,5.05882,0.18103,14,i23_14_4.bmp,train
TID2013,I23,/data/projectwork/swati_mam/new model data/tid2013/tid2013/distorted_images/i23_14_5.bmp,/data/projectwork/swati_mam/new model data/tid2013/tid2013/reference_images/I23.BMP,type_14,5,3.6,0.1225599999999999,14,i23_14_5.bmp,train
TID2013,I23,/data/projectwork/swati_mam/new model data/tid2013/tid2013/distorted_images/i23_15_1.bmp,/data/projectwork/swati_mam/new model data/tid2013/tid2013/reference_images/I23.BMP,type_15,1,2.94286,0.16134,15,i23_15_1.bmp,train
TID2013,I23,/data/projectwork/swati_mam/new model data/tid2013/tid2013/distorted_images/i23_15_2.bmp,/data/projectwork/swati_mam/new model data/tid2013/tid2013/reference_images/I23.BMP,type_15,2,2.97143,0.18729,15,i23_15_2.bmp,train
TID2013,I23,/data/projectwork/swati_mam/new model data/tid2013/tid2013/distorted_images/i23_15_3.bmp,/data/projectwork/swati_mam/new model data/tid2013/tid2013/reference_images/I23.BMP,type_15,3,3.25714,0.13608,15,i23_15_3.bmp,train
TID2013,I23,/data/projectwork/swati_mam/new model data/tid2013/tid2013/distorted_images/i23_15_4.bmp,/data/projectwork/swati_mam/new model data/tid2013/tid2013/reference_images/I23.BMP,type_15,4,3.41176,0.1256,15,i23_15_4.bmp,train
TID2013,I23,/data/projectwork/swati_mam/new model data/tid2013/tid2013/distorted_images/i23_15_5.bmp,/data/projectwork/swati_mam/new model data/tid2013/tid2013/reference_images/I23.BMP,type_15,5,3.62857,0.15694,15,i23_15_5.bmp,train
TID2013,I23,/data/projectwork/swati_mam/new model data/tid2013/tid2013/distorted_images/i23_16_1.bmp,/data/projectwork/swati_mam/new model data/tid2013/tid2013/reference_images/I23.BMP,type_16,1,6.33333,0.13996,16,i23_16_1.bmp,train
TID2013,I23,/data/projectwork/swati_mam/new model data/tid2013/tid2013/distorted_images/i23_16_2.bmp,/data/projectwork/swati_mam/new model data/tid2013/tid2013/reference_images/I23.BMP,type_16,2,5.82857,0.18288,16,i23_16_2.bmp,train
TID2013,I23,/data/projectwork/swati_mam/new model data/tid2013/tid2013/distorted_images/i23_16_3.bmp,/data/projectwork/swati_mam/new model data/tid2013/tid2013/reference_images/I23.BMP,type_16,3,5.82353,0.13459,16,i23_16_3.bmp,train
TID2013,I23,/data/projectwork/swati_mam/new model data/tid2013/tid2013/distorted_images/i23_16_4.bmp,/data/projectwork/swati_mam/new model data/tid2013/tid2013/reference_images/I23.BMP,type_16,4,5.2,0.1388,16,i23_16_4.bmp,train
TID2013,I23,/data/projectwork/swati_mam/new model data/tid2013/tid2013/distorted_images/i23_16_5.bmp,/data/projectwork/swati_mam/new model data/tid2013/tid2013/reference_images/I23.BMP,type_16,5,5.71429,0.24435,16,i23_16_5.bmp,train
TID2013,I23,/data/projectwork/swati_mam/new model data/tid2013/tid2013/distorted_images/i23_17_1.bmp,/data/projectwork/swati_mam/new model data/tid2013/tid2013/reference_images/I23.BMP,type_17,1,5.66667,0.10202,17,i23_17_1.bmp,train
TID2013,I23,/data/projectwork/swati_mam/new model data/tid2013/tid2013/distorted_images/i23_17_2.bmp,/data/projectwork/swati_mam/new model data/tid2013/tid2013/reference_images/I23.BMP,type_17,2,6.8,0.18428,17,i23_17_2.bmp,train
TID2013,I23,/data/projectwork/swati_mam/new model data/tid2013/tid2013/distorted_images/i23_17_3.bmp,/data/projectwork/swati_mam/new model data/tid2013/tid2013/reference_images/I23.BMP,type_17,3,4.82857,0.1590099999999999,17,i23_17_3.bmp,train
TID2013,I23,/data/projectwork/swati_mam/new model data/tid2013/tid2013/distorted_images/i23_17_4.bmp,/data/projectwork/swati_mam/new model data/tid2013/tid2013/reference_images/I23.BMP,type_17,4,6.68571,0.28506,17,i23_17_4.bmp,train
TID2013,I23,/data/projectwork/swati_mam/new model data/tid2013/tid2013/distorted_images/i23_17_5.bmp,/data/projectwork/swati_mam/new model data/tid2013/tid2013/reference_images/I23.BMP,type_17,5,3.88235,0.18492,17,i23_17_5.bmp,train
TID2013,I23,/data/projectwork/swati_mam/new model data/tid2013/tid2013/distorted_images/i23_18_1.bmp,/data/projectwork/swati_mam/new model data/tid2013/tid2013/reference_images/I23.BMP,type_18,1,5.76471,0.17676,18,i23_18_1.bmp,train
TID2013,I23,/data/projectwork/swati_mam/new model data/tid2013/tid2013/distorted_images/i23_18_2.bmp,/data/projectwork/swati_mam/new model data/tid2013/tid2013/reference_images/I23.BMP,type_18,2,5.64706,0.14338,18,i23_18_2.bmp,train
TID2013,I23,/data/projectwork/swati_mam/new model data/tid2013/tid2013/distorted_images/i23_18_3.bmp,/data/projectwork/swati_mam/new model data/tid2013/tid2013/reference_images/I23.BMP,type_18,3,5.44118,0.11904,18,i23_18_3.bmp,train
TID2013,I23,/data/projectwork/swati_mam/new model data/tid2013/tid2013/distorted_images/i23_18_4.bmp,/data/projectwork/swati_mam/new model data/tid2013/tid2013/reference_images/I23.BMP,type_18,4,5.05714,0.17586,18,i23_18_4.bmp,train
TID2013,I23,/data/projectwork/swati_mam/new model data/tid2013/tid2013/distorted_images/i23_18_5.bmp,/data/projectwork/swati_mam/new model data/tid2013/tid2013/reference_images/I23.BMP,type_18,5,4.38235,0.1813799999999999,18,i23_18_5.bmp,train
TID2013,I23,/data/projectwork/swati_mam/new model data/tid2013/tid2013/distorted_images/i23_19_1.bmp,/data/projectwork/swati_mam/new model data/tid2013/tid2013/reference_images/I23.BMP,type_19,1,5.71429,0.17413,19,i23_19_1.bmp,train
TID2013,I23,/data/projectwork/swati_mam/new model data/tid2013/tid2013/distorted_images/i23_19_2.bmp,/data/projectwork/swati_mam/new model data/tid2013/tid2013/reference_images/I23.BMP,type_19,2,4.971430000000001,0.12445,19,i23_19_2.bmp,train
TID2013,I23,/data/projectwork/swati_mam/new model data/tid2013/tid2013/distorted_images/i23_19_3.bmp,/data/projectwork/swati_mam/new model data/tid2013/tid2013/reference_images/I23.BMP,type_19,3,4.61765,0.10201,19,i23_19_3.bmp,train
TID2013,I23,/data/projectwork/swati_mam/new model data/tid2013/tid2013/distorted_images/i23_19_4.bmp,/data/projectwork/swati_mam/new model data/tid2013/tid2013/reference_images/I23.BMP,type_19,4,3.88571,0.11264,19,i23_19_4.bmp,train
TID2013,I23,/data/projectwork/swati_mam/new model data/tid2013/tid2013/distorted_images/i23_19_5.bmp,/data/projectwork/swati_mam/new model data/tid2013/tid2013/reference_images/I23.BMP,type_19,5,3.42857,0.11631,19,i23_19_5.bmp,train
TID2013,I23,/data/projectwork/swati_mam/new model data/tid2013/tid2013/distorted_images/i23_20_1.bmp,/data/projectwork/swati_mam/new model data/tid2013/tid2013/reference_images/I23.BMP,type_20,1,5.6,0.16758,20,i23_20_1.bmp,train
TID2013,I23,/data/projectwork/swati_mam/new model data/tid2013/tid2013/distorted_images/i23_20_2.bmp,/data/projectwork/swati_mam/new model data/tid2013/tid2013/reference_images/I23.BMP,type_20,2,5.08824,0.1129,20,i23_20_2.bmp,train
TID2013,I23,/data/projectwork/swati_mam/new model data/tid2013/tid2013/distorted_images/i23_20_3.bmp,/data/projectwork/swati_mam/new model data/tid2013/tid2013/reference_images/I23.BMP,type_20,3,4.09375,0.09227,20,i23_20_3.bmp,train
TID2013,I23,/data/projectwork/swati_mam/new model data/tid2013/tid2013/distorted_images/i23_20_4.bmp,/data/projectwork/swati_mam/new model data/tid2013/tid2013/reference_images/I23.BMP,type_20,4,3.34286,0.10647,20,i23_20_4.bmp,train
TID2013,I23,/data/projectwork/swati_mam/new model data/tid2013/tid2013/distorted_images/i23_20_5.bmp,/data/projectwork/swati_mam/new model data/tid2013/tid2013/reference_images/I23.BMP,type_20,5,2.65714,0.12741,20,i23_20_5.bmp,train
TID2013,I23,/data/projectwork/swati_mam/new model data/tid2013/tid2013/distorted_images/i23_21_1.bmp,/data/projectwork/swati_mam/new model data/tid2013/tid2013/reference_images/I23.BMP,type_21,1,5.6,0.1225599999999999,21,i23_21_1.bmp,train
TID2013,I23,/data/projectwork/swati_mam/new model data/tid2013/tid2013/distorted_images/i23_21_2.bmp,/data/projectwork/swati_mam/new model data/tid2013/tid2013/reference_images/I23.BMP,type_21,2,4.79412,0.1083,21,i23_21_2.bmp,train
TID2013,I23,/data/projectwork/swati_mam/new model data/tid2013/tid2013/distorted_images/i23_21_3.bmp,/data/projectwork/swati_mam/new model data/tid2013/tid2013/reference_images/I23.BMP,type_21,3,4.12121,0.05681,21,i23_21_3.bmp,train
TID2013,I23,/data/projectwork/swati_mam/new model data/tid2013/tid2013/distorted_images/i23_21_4.bmp,/data/projectwork/swati_mam/new model data/tid2013/tid2013/reference_images/I23.BMP,type_21,4,3.5142900000000004,0.08448,21,i23_21_4.bmp,train
TID2013,I23,/data/projectwork/swati_mam/new model data/tid2013/tid2013/distorted_images/i23_21_5.bmp,/data/projectwork/swati_mam/new model data/tid2013/tid2013/reference_images/I23.BMP,type_21,5,2.41176,0.11097,21,i23_21_5.bmp,train
TID2013,I23,/data/projectwork/swati_mam/new model data/tid2013/tid2013/distorted_images/i23_22_1.bmp,/data/projectwork/swati_mam/new model data/tid2013/tid2013/reference_images/I23.BMP,type_22,1,6.17647,0.128,22,i23_22_1.bmp,train
TID2013,I23,/data/projectwork/swati_mam/new model data/tid2013/tid2013/distorted_images/i23_22_2.bmp,/data/projectwork/swati_mam/new model data/tid2013/tid2013/reference_images/I23.BMP,type_22,2,5.88571,0.16047,22,i23_22_2.bmp,train
TID2013,I23,/data/projectwork/swati_mam/new model data/tid2013/tid2013/distorted_images/i23_22_3.bmp,/data/projectwork/swati_mam/new model data/tid2013/tid2013/reference_images/I23.BMP,type_22,3,5.02941,0.1211599999999999,22,i23_22_3.bmp,train
TID2013,I23,/data/projectwork/swati_mam/new model data/tid2013/tid2013/distorted_images/i23_22_4.bmp,/data/projectwork/swati_mam/new model data/tid2013/tid2013/reference_images/I23.BMP,type_22,4,4.64706,0.13721,22,i23_22_4.bmp,train
TID2013,I23,/data/projectwork/swati_mam/new model data/tid2013/tid2013/distorted_images/i23_22_5.bmp,/data/projectwork/swati_mam/new model data/tid2013/tid2013/reference_images/I23.BMP,type_22,5,4.0,0.10189,22,i23_22_5.bmp,train
TID2013,I23,/data/projectwork/swati_mam/new model data/tid2013/tid2013/distorted_images/i23_23_1.bmp,/data/projectwork/swati_mam/new model data/tid2013/tid2013/reference_images/I23.BMP,type_23,1,6.303030000000001,0.13198,23,i23_23_1.bmp,train
TID2013,I23,/data/projectwork/swati_mam/new model data/tid2013/tid2013/distorted_images/i23_23_2.bmp,/data/projectwork/swati_mam/new model data/tid2013/tid2013/reference_images/I23.BMP,type_23,2,5.91176,0.14628,23,i23_23_2.bmp,train
TID2013,I23,/data/projectwork/swati_mam/new model data/tid2013/tid2013/distorted_images/i23_23_3.bmp,/data/projectwork/swati_mam/new model data/tid2013/tid2013/reference_images/I23.BMP,type_23,3,5.17143,0.14278,23,i23_23_3.bmp,train
TID2013,I23,/data/projectwork/swati_mam/new model data/tid2013/tid2013/distorted_images/i23_23_4.bmp,/data/projectwork/swati_mam/new model data/tid2013/tid2013/reference_images/I23.BMP,type_23,4,3.75758,0.12144,23,i23_23_4.bmp,train
TID2013,I23,/data/projectwork/swati_mam/new model data/tid2013/tid2013/distorted_images/i23_23_5.bmp,/data/projectwork/swati_mam/new model data/tid2013/tid2013/reference_images/I23.BMP,type_23,5,3.0,0.1069,23,i23_23_5.bmp,train
TID2013,I23,/data/projectwork/swati_mam/new model data/tid2013/tid2013/distorted_images/i23_24_1.bmp,/data/projectwork/swati_mam/new model data/tid2013/tid2013/reference_images/I23.BMP,type_24,1,5.85294,0.11862,24,i23_24_1.bmp,train
TID2013,I23,/data/projectwork/swati_mam/new model data/tid2013/tid2013/distorted_images/i23_24_2.bmp,/data/projectwork/swati_mam/new model data/tid2013/tid2013/reference_images/I23.BMP,type_24,2,4.73529,0.10447,24,i23_24_2.bmp,train
TID2013,I23,/data/projectwork/swati_mam/new model data/tid2013/tid2013/distorted_images/i23_24_3.bmp,/data/projectwork/swati_mam/new model data/tid2013/tid2013/reference_images/I23.BMP,type_24,3,3.67647,0.09037,24,i23_24_3.bmp,train
TID2013,I23,/data/projectwork/swati_mam/new model data/tid2013/tid2013/distorted_images/i23_24_4.bmp,/data/projectwork/swati_mam/new model data/tid2013/tid2013/reference_images/I23.BMP,type_24,4,1.72727,0.0885799999999999,24,i23_24_4.bmp,train
TID2013,I23,/data/projectwork/swati_mam/new model data/tid2013/tid2013/distorted_images/i23_24_5.bmp,/data/projectwork/swati_mam/new model data/tid2013/tid2013/reference_images/I23.BMP,type_24,5,0.78788,0.1114,24,i23_24_5.bmp,train
TID2013,I24,/data/projectwork/swati_mam/new model data/tid2013/tid2013/distorted_images/I24_01_1.bmp,/data/projectwork/swati_mam/new model data/tid2013/tid2013/reference_images/I24.BMP,type_01,1,5.88571,0.11967,01,I24_01_1.bmp,val
TID2013,I24,/data/projectwork/swati_mam/new model data/tid2013/tid2013/distorted_images/i24_01_2.bmp,/data/projectwork/swati_mam/new model data/tid2013/tid2013/reference_images/I24.BMP,type_01,2,5.05556,0.15186,01,i24_01_2.bmp,val
TID2013,I24,/data/projectwork/swati_mam/new model data/tid2013/tid2013/distorted_images/i24_01_3.bmp,/data/projectwork/swati_mam/new model data/tid2013/tid2013/reference_images/I24.BMP,type_01,3,4.72222,0.1395,01,i24_01_3.bmp,val
TID2013,I24,/data/projectwork/swati_mam/new model data/tid2013/tid2013/distorted_images/i24_01_4.bmp,/data/projectwork/swati_mam/new model data/tid2013/tid2013/reference_images/I24.BMP,type_01,4,4.14286,0.1153,01,i24_01_4.bmp,val
TID2013,I24,/data/projectwork/swati_mam/new model data/tid2013/tid2013/distorted_images/i24_01_5.bmp,/data/projectwork/swati_mam/new model data/tid2013/tid2013/reference_images/I24.BMP,type_01,5,3.58333,0.11369,01,i24_01_5.bmp,val
TID2013,I24,/data/projectwork/swati_mam/new model data/tid2013/tid2013/distorted_images/i24_02_1.bmp,/data/projectwork/swati_mam/new model data/tid2013/tid2013/reference_images/I24.BMP,type_02,1,6.44444,0.1593,02,i24_02_1.bmp,val
TID2013,I24,/data/projectwork/swati_mam/new model data/tid2013/tid2013/distorted_images/i24_02_2.bmp,/data/projectwork/swati_mam/new model data/tid2013/tid2013/reference_images/I24.BMP,type_02,2,5.91176,0.17826,02,i24_02_2.bmp,val
TID2013,I24,/data/projectwork/swati_mam/new model data/tid2013/tid2013/distorted_images/i24_02_3.bmp,/data/projectwork/swati_mam/new model data/tid2013/tid2013/reference_images/I24.BMP,type_02,3,5.13889,0.13695,02,i24_02_3.bmp,val
TID2013,I24,/data/projectwork/swati_mam/new model data/tid2013/tid2013/distorted_images/i24_02_4.bmp,/data/projectwork/swati_mam/new model data/tid2013/tid2013/reference_images/I24.BMP,type_02,4,5.08571,0.10199,02,i24_02_4.bmp,val
TID2013,I24,/data/projectwork/swati_mam/new model data/tid2013/tid2013/distorted_images/i24_02_5.bmp,/data/projectwork/swati_mam/new model data/tid2013/tid2013/reference_images/I24.BMP,type_02,5,4.52778,0.13314,02,i24_02_5.bmp,val
TID2013,I24,/data/projectwork/swati_mam/new model data/tid2013/tid2013/distorted_images/i24_03_1.bmp,/data/projectwork/swati_mam/new model data/tid2013/tid2013/reference_images/I24.BMP,type_03,1,4.8,0.1501,03,i24_03_1.bmp,val
TID2013,I24,/data/projectwork/swati_mam/new model data/tid2013/tid2013/distorted_images/i24_03_2.bmp,/data/projectwork/swati_mam/new model data/tid2013/tid2013/reference_images/I24.BMP,type_03,2,4.25714,0.13608,03,i24_03_2.bmp,val
TID2013,I24,/data/projectwork/swati_mam/new model data/tid2013/tid2013/distorted_images/i24_03_3.bmp,/data/projectwork/swati_mam/new model data/tid2013/tid2013/reference_images/I24.BMP,type_03,3,3.82857,0.1029,03,i24_03_3.bmp,val
TID2013,I24,/data/projectwork/swati_mam/new model data/tid2013/tid2013/distorted_images/i24_03_4.bmp,/data/projectwork/swati_mam/new model data/tid2013/tid2013/reference_images/I24.BMP,type_03,4,3.28571,0.1035799999999999,03,i24_03_4.bmp,val
TID2013,I24,/data/projectwork/swati_mam/new model data/tid2013/tid2013/distorted_images/i24_03_5.bmp,/data/projectwork/swati_mam/new model data/tid2013/tid2013/reference_images/I24.BMP,type_03,5,2.69444,0.07677,03,i24_03_5.bmp,val
TID2013,I24,/data/projectwork/swati_mam/new model data/tid2013/tid2013/distorted_images/i24_04_1.bmp,/data/projectwork/swati_mam/new model data/tid2013/tid2013/reference_images/I24.BMP,type_04,1,5.85714,0.18135,04,i24_04_1.bmp,val
TID2013,I24,/data/projectwork/swati_mam/new model data/tid2013/tid2013/distorted_images/i24_04_2.bmp,/data/projectwork/swati_mam/new model data/tid2013/tid2013/reference_images/I24.BMP,type_04,2,5.83333,0.20601,04,i24_04_2.bmp,val
TID2013,I24,/data/projectwork/swati_mam/new model data/tid2013/tid2013/distorted_images/i24_04_3.bmp,/data/projectwork/swati_mam/new model data/tid2013/tid2013/reference_images/I24.BMP,type_04,3,5.52941,0.13942,04,i24_04_3.bmp,val
TID2013,I24,/data/projectwork/swati_mam/new model data/tid2013/tid2013/distorted_images/i24_04_4.bmp,/data/projectwork/swati_mam/new model data/tid2013/tid2013/reference_images/I24.BMP,type_04,4,5.16667,0.15466,04,i24_04_4.bmp,val
TID2013,I24,/data/projectwork/swati_mam/new model data/tid2013/tid2013/distorted_images/i24_04_5.bmp,/data/projectwork/swati_mam/new model data/tid2013/tid2013/reference_images/I24.BMP,type_04,5,4.57143,0.13574,04,i24_04_5.bmp,val
TID2013,I24,/data/projectwork/swati_mam/new model data/tid2013/tid2013/distorted_images/i24_05_1.bmp,/data/projectwork/swati_mam/new model data/tid2013/tid2013/reference_images/I24.BMP,type_05,1,5.80556,0.16111,05,i24_05_1.bmp,val
TID2013,I24,/data/projectwork/swati_mam/new model data/tid2013/tid2013/distorted_images/i24_05_2.bmp,/data/projectwork/swati_mam/new model data/tid2013/tid2013/reference_images/I24.BMP,type_05,2,5.33333,0.14164,05,i24_05_2.bmp,val
TID2013,I24,/data/projectwork/swati_mam/new model data/tid2013/tid2013/distorted_images/i24_05_3.bmp,/data/projectwork/swati_mam/new model data/tid2013/tid2013/reference_images/I24.BMP,type_05,3,5.13889,0.14779,05,i24_05_3.bmp,val
TID2013,I24,/data/projectwork/swati_mam/new model data/tid2013/tid2013/distorted_images/i24_05_4.bmp,/data/projectwork/swati_mam/new model data/tid2013/tid2013/reference_images/I24.BMP,type_05,4,4.028569999999999,0.09464,05,i24_05_4.bmp,val
TID2013,I24,/data/projectwork/swati_mam/new model data/tid2013/tid2013/distorted_images/i24_05_5.bmp,/data/projectwork/swati_mam/new model data/tid2013/tid2013/reference_images/I24.BMP,type_05,5,3.25,0.12653,05,i24_05_5.bmp,val
TID2013,I24,/data/projectwork/swati_mam/new model data/tid2013/tid2013/distorted_images/i24_06_1.bmp,/data/projectwork/swati_mam/new model data/tid2013/tid2013/reference_images/I24.BMP,type_06,1,4.64706,0.13076,06,i24_06_1.bmp,val
TID2013,I24,/data/projectwork/swati_mam/new model data/tid2013/tid2013/distorted_images/i24_06_2.bmp,/data/projectwork/swati_mam/new model data/tid2013/tid2013/reference_images/I24.BMP,type_06,2,4.37143,0.12832,06,i24_06_2.bmp,val
TID2013,I24,/data/projectwork/swati_mam/new model data/tid2013/tid2013/distorted_images/i24_06_3.bmp,/data/projectwork/swati_mam/new model data/tid2013/tid2013/reference_images/I24.BMP,type_06,3,3.97143,0.15379,06,i24_06_3.bmp,val
TID2013,I24,/data/projectwork/swati_mam/new model data/tid2013/tid2013/distorted_images/i24_06_4.bmp,/data/projectwork/swati_mam/new model data/tid2013/tid2013/reference_images/I24.BMP,type_06,4,3.66667,0.13029,06,i24_06_4.bmp,val
TID2013,I24,/data/projectwork/swati_mam/new model data/tid2013/tid2013/distorted_images/i24_06_5.bmp,/data/projectwork/swati_mam/new model data/tid2013/tid2013/reference_images/I24.BMP,type_06,5,3.28571,0.13138,06,i24_06_5.bmp,val
TID2013,I24,/data/projectwork/swati_mam/new model data/tid2013/tid2013/distorted_images/i24_07_1.bmp,/data/projectwork/swati_mam/new model data/tid2013/tid2013/reference_images/I24.BMP,type_07,1,5.52778,0.13881,07,i24_07_1.bmp,val
TID2013,I24,/data/projectwork/swati_mam/new model data/tid2013/tid2013/distorted_images/i24_07_2.bmp,/data/projectwork/swati_mam/new model data/tid2013/tid2013/reference_images/I24.BMP,type_07,2,4.57143,0.13574,07,i24_07_2.bmp,val
TID2013,I24,/data/projectwork/swati_mam/new model data/tid2013/tid2013/distorted_images/i24_07_3.bmp,/data/projectwork/swati_mam/new model data/tid2013/tid2013/reference_images/I24.BMP,type_07,3,4.08824,0.13393,07,i24_07_3.bmp,val
TID2013,I24,/data/projectwork/swati_mam/new model data/tid2013/tid2013/distorted_images/i24_07_4.bmp,/data/projectwork/swati_mam/new model data/tid2013/tid2013/reference_images/I24.BMP,type_07,4,2.88571,0.10514,07,i24_07_4.bmp,val
TID2013,I24,/data/projectwork/swati_mam/new model data/tid2013/tid2013/distorted_images/i24_07_5.bmp,/data/projectwork/swati_mam/new model data/tid2013/tid2013/reference_images/I24.BMP,type_07,5,2.44444,0.1329,07,i24_07_5.bmp,val
TID2013,I24,/data/projectwork/swati_mam/new model data/tid2013/tid2013/distorted_images/i24_08_1.bmp,/data/projectwork/swati_mam/new model data/tid2013/tid2013/reference_images/I24.BMP,type_08,1,5.94444,0.11749,08,i24_08_1.bmp,val
TID2013,I24,/data/projectwork/swati_mam/new model data/tid2013/tid2013/distorted_images/i24_08_2.bmp,/data/projectwork/swati_mam/new model data/tid2013/tid2013/reference_images/I24.BMP,type_08,2,4.971430000000001,0.13084,08,i24_08_2.bmp,val
TID2013,I24,/data/projectwork/swati_mam/new model data/tid2013/tid2013/distorted_images/i24_08_3.bmp,/data/projectwork/swati_mam/new model data/tid2013/tid2013/reference_images/I24.BMP,type_08,3,4.05714,0.12741,08,i24_08_3.bmp,val
TID2013,I24,/data/projectwork/swati_mam/new model data/tid2013/tid2013/distorted_images/i24_08_4.bmp,/data/projectwork/swati_mam/new model data/tid2013/tid2013/reference_images/I24.BMP,type_08,4,3.17647,0.09729,08,i24_08_4.bmp,val
TID2013,I24,/data/projectwork/swati_mam/new model data/tid2013/tid2013/distorted_images/i24_08_5.bmp,/data/projectwork/swati_mam/new model data/tid2013/tid2013/reference_images/I24.BMP,type_08,5,2.61765,0.09314,08,i24_08_5.bmp,val
TID2013,I24,/data/projectwork/swati_mam/new model data/tid2013/tid2013/distorted_images/i24_09_1.bmp,/data/projectwork/swati_mam/new model data/tid2013/tid2013/reference_images/I24.BMP,type_09,1,6.0,0.14699,09,i24_09_1.bmp,val
TID2013,I24,/data/projectwork/swati_mam/new model data/tid2013/tid2013/distorted_images/i24_09_2.bmp,/data/projectwork/swati_mam/new model data/tid2013/tid2013/reference_images/I24.BMP,type_09,2,5.29412,0.13497,09,i24_09_2.bmp,val
TID2013,I24,/data/projectwork/swati_mam/new model data/tid2013/tid2013/distorted_images/i24_09_3.bmp,/data/projectwork/swati_mam/new model data/tid2013/tid2013/reference_images/I24.BMP,type_09,3,4.52778,0.14952,09,i24_09_3.bmp,val
TID2013,I24,/data/projectwork/swati_mam/new model data/tid2013/tid2013/distorted_images/i24_09_4.bmp,/data/projectwork/swati_mam/new model data/tid2013/tid2013/reference_images/I24.BMP,type_09,4,3.38889,0.12594,09,i24_09_4.bmp,val
TID2013,I24,/data/projectwork/swati_mam/new model data/tid2013/tid2013/distorted_images/i24_09_5.bmp,/data/projectwork/swati_mam/new model data/tid2013/tid2013/reference_images/I24.BMP,type_09,5,2.0,0.09035,09,i24_09_5.bmp,val
TID2013,I24,/data/projectwork/swati_mam/new model data/tid2013/tid2013/distorted_images/i24_10_1.bmp,/data/projectwork/swati_mam/new model data/tid2013/tid2013/reference_images/I24.BMP,type_10,1,5.88571,0.17967,10,i24_10_1.bmp,val
TID2013,I24,/data/projectwork/swati_mam/new model data/tid2013/tid2013/distorted_images/i24_10_2.bmp,/data/projectwork/swati_mam/new model data/tid2013/tid2013/reference_images/I24.BMP,type_10,2,5.82857,0.12445,10,i24_10_2.bmp,val
TID2013,I24,/data/projectwork/swati_mam/new model data/tid2013/tid2013/distorted_images/i24_10_3.bmp,/data/projectwork/swati_mam/new model data/tid2013/tid2013/reference_images/I24.BMP,type_10,3,4.65714,0.1208299999999999,10,i24_10_3.bmp,val
TID2013,I24,/data/projectwork/swati_mam/new model data/tid2013/tid2013/distorted_images/i24_10_4.bmp,/data/projectwork/swati_mam/new model data/tid2013/tid2013/reference_images/I24.BMP,type_10,4,3.2777800000000004,0.1395,10,i24_10_4.bmp,val
TID2013,I24,/data/projectwork/swati_mam/new model data/tid2013/tid2013/distorted_images/i24_10_5.bmp,/data/projectwork/swati_mam/new model data/tid2013/tid2013/reference_images/I24.BMP,type_10,5,1.8529400000000005,0.11862,10,i24_10_5.bmp,val
TID2013,I24,/data/projectwork/swati_mam/new model data/tid2013/tid2013/distorted_images/I24_11_1.bmp,/data/projectwork/swati_mam/new model data/tid2013/tid2013/reference_images/I24.BMP,type_11,1,5.4,0.1225599999999999,11,I24_11_1.bmp,val
TID2013,I24,/data/projectwork/swati_mam/new model data/tid2013/tid2013/distorted_images/i24_11_2.bmp,/data/projectwork/swati_mam/new model data/tid2013/tid2013/reference_images/I24.BMP,type_11,2,4.696969999999999,0.1091299999999999,11,i24_11_2.bmp,val
TID2013,I24,/data/projectwork/swati_mam/new model data/tid2013/tid2013/distorted_images/i24_11_3.bmp,/data/projectwork/swati_mam/new model data/tid2013/tid2013/reference_images/I24.BMP,type_11,3,4.02941,0.10593,11,i24_11_3.bmp,val
TID2013,I24,/data/projectwork/swati_mam/new model data/tid2013/tid2013/distorted_images/i24_11_4.bmp,/data/projectwork/swati_mam/new model data/tid2013/tid2013/reference_images/I24.BMP,type_11,4,2.57143,0.1013,11,i24_11_4.bmp,val
TID2013,I24,/data/projectwork/swati_mam/new model data/tid2013/tid2013/distorted_images/i24_11_5.bmp,/data/projectwork/swati_mam/new model data/tid2013/tid2013/reference_images/I24.BMP,type_11,5,0.91667,0.08217,11,i24_11_5.bmp,val
TID2013,I24,/data/projectwork/swati_mam/new model data/tid2013/tid2013/distorted_images/i24_12_1.bmp,/data/projectwork/swati_mam/new model data/tid2013/tid2013/reference_images/I24.BMP,type_12,1,5.68571,0.1444,12,i24_12_1.bmp,val
TID2013,I24,/data/projectwork/swati_mam/new model data/tid2013/tid2013/distorted_images/i24_12_2.bmp,/data/projectwork/swati_mam/new model data/tid2013/tid2013/reference_images/I24.BMP,type_12,2,6.08571,0.14775,12,i24_12_2.bmp,val
TID2013,I24,/data/projectwork/swati_mam/new model data/tid2013/tid2013/distorted_images/i24_12_3.bmp,/data/projectwork/swati_mam/new model data/tid2013/tid2013/reference_images/I24.BMP,type_12,3,5.48485,0.12943,12,i24_12_3.bmp,val
TID2013,I24,/data/projectwork/swati_mam/new model data/tid2013/tid2013/distorted_images/i24_12_4.bmp,/data/projectwork/swati_mam/new model data/tid2013/tid2013/reference_images/I24.BMP,type_12,4,3.5,0.1145299999999999,12,i24_12_4.bmp,val
TID2013,I24,/data/projectwork/swati_mam/new model data/tid2013/tid2013/distorted_images/i24_12_5.bmp,/data/projectwork/swati_mam/new model data/tid2013/tid2013/reference_images/I24.BMP,type_12,5,2.58333,0.12653,12,i24_12_5.bmp,val
TID2013,I24,/data/projectwork/swati_mam/new model data/tid2013/tid2013/distorted_images/I24_13_1.bmp,/data/projectwork/swati_mam/new model data/tid2013/tid2013/reference_images/I24.BMP,type_13,1,4.05882,0.10959,13,I24_13_1.bmp,val
TID2013,I24,/data/projectwork/swati_mam/new model data/tid2013/tid2013/distorted_images/i24_13_2.bmp,/data/projectwork/swati_mam/new model data/tid2013/tid2013/reference_images/I24.BMP,type_13,2,3.74286,0.10176,13,i24_13_2.bmp,val
TID2013,I24,/data/projectwork/swati_mam/new model data/tid2013/tid2013/distorted_images/i24_13_3.bmp,/data/projectwork/swati_mam/new model data/tid2013/tid2013/reference_images/I24.BMP,type_13,3,3.31429,0.10514,13,i24_13_3.bmp,val
TID2013,I24,/data/projectwork/swati_mam/new model data/tid2013/tid2013/distorted_images/i24_13_4.bmp,/data/projectwork/swati_mam/new model data/tid2013/tid2013/reference_images/I24.BMP,type_13,4,2.88889,0.1095599999999999,13,i24_13_4.bmp,val
TID2013,I24,/data/projectwork/swati_mam/new model data/tid2013/tid2013/distorted_images/i24_13_5.bmp,/data/projectwork/swati_mam/new model data/tid2013/tid2013/reference_images/I24.BMP,type_13,5,2.5,0.08575,13,i24_13_5.bmp,val
TID2013,I24,/data/projectwork/swati_mam/new model data/tid2013/tid2013/distorted_images/i24_14_1.bmp,/data/projectwork/swati_mam/new model data/tid2013/tid2013/reference_images/I24.BMP,type_14,1,6.0,0.1666,14,i24_14_1.bmp,val
TID2013,I24,/data/projectwork/swati_mam/new model data/tid2013/tid2013/distorted_images/i24_14_2.bmp,/data/projectwork/swati_mam/new model data/tid2013/tid2013/reference_images/I24.BMP,type_14,2,5.971430000000001,0.1590099999999999,14,i24_14_2.bmp,val
TID2013,I24,/data/projectwork/swati_mam/new model data/tid2013/tid2013/distorted_images/i24_14_3.bmp,/data/projectwork/swati_mam/new model data/tid2013/tid2013/reference_images/I24.BMP,type_14,3,5.34286,0.16632,14,i24_14_3.bmp,val
TID2013,I24,/data/projectwork/swati_mam/new model data/tid2013/tid2013/distorted_images/i24_14_4.bmp,/data/projectwork/swati_mam/new model data/tid2013/tid2013/reference_images/I24.BMP,type_14,4,5.13889,0.1849,14,i24_14_4.bmp,val
TID2013,I24,/data/projectwork/swati_mam/new model data/tid2013/tid2013/distorted_images/i24_14_5.bmp,/data/projectwork/swati_mam/new model data/tid2013/tid2013/reference_images/I24.BMP,type_14,5,4.63889,0.13119,14,i24_14_5.bmp,val
TID2013,I24,/data/projectwork/swati_mam/new model data/tid2013/tid2013/distorted_images/i24_15_1.bmp,/data/projectwork/swati_mam/new model data/tid2013/tid2013/reference_images/I24.BMP,type_15,1,4.02778,0.16427,15,i24_15_1.bmp,val
TID2013,I24,/data/projectwork/swati_mam/new model data/tid2013/tid2013/distorted_images/i24_15_2.bmp,/data/projectwork/swati_mam/new model data/tid2013/tid2013/reference_images/I24.BMP,type_15,2,4.4,0.1468,15,i24_15_2.bmp,val
TID2013,I24,/data/projectwork/swati_mam/new model data/tid2013/tid2013/distorted_images/i24_15_3.bmp,/data/projectwork/swati_mam/new model data/tid2013/tid2013/reference_images/I24.BMP,type_15,3,3.88571,0.19282,15,i24_15_3.bmp,val
TID2013,I24,/data/projectwork/swati_mam/new model data/tid2013/tid2013/distorted_images/i24_15_4.bmp,/data/projectwork/swati_mam/new model data/tid2013/tid2013/reference_images/I24.BMP,type_15,4,3.66667,0.17568,15,i24_15_4.bmp,val
TID2013,I24,/data/projectwork/swati_mam/new model data/tid2013/tid2013/distorted_images/i24_15_5.bmp,/data/projectwork/swati_mam/new model data/tid2013/tid2013/reference_images/I24.BMP,type_15,5,3.38889,0.18953,15,i24_15_5.bmp,val
TID2013,I24,/data/projectwork/swati_mam/new model data/tid2013/tid2013/distorted_images/i24_16_1.bmp,/data/projectwork/swati_mam/new model data/tid2013/tid2013/reference_images/I24.BMP,type_16,1,5.971430000000001,0.14278,16,i24_16_1.bmp,val
TID2013,I24,/data/projectwork/swati_mam/new model data/tid2013/tid2013/distorted_images/i24_16_2.bmp,/data/projectwork/swati_mam/new model data/tid2013/tid2013/reference_images/I24.BMP,type_16,2,6.11111,0.1915599999999999,16,i24_16_2.bmp,val
TID2013,I24,/data/projectwork/swati_mam/new model data/tid2013/tid2013/distorted_images/i24_16_3.bmp,/data/projectwork/swati_mam/new model data/tid2013/tid2013/reference_images/I24.BMP,type_16,3,5.45714,0.21511,16,i24_16_3.bmp,val
TID2013,I24,/data/projectwork/swati_mam/new model data/tid2013/tid2013/distorted_images/i24_16_4.bmp,/data/projectwork/swati_mam/new model data/tid2013/tid2013/reference_images/I24.BMP,type_16,4,5.61111,0.18953,16,i24_16_4.bmp,val
TID2013,I24,/data/projectwork/swati_mam/new model data/tid2013/tid2013/distorted_images/i24_16_5.bmp,/data/projectwork/swati_mam/new model data/tid2013/tid2013/reference_images/I24.BMP,type_16,5,4.88571,0.24833,16,i24_16_5.bmp,val
TID2013,I24,/data/projectwork/swati_mam/new model data/tid2013/tid2013/distorted_images/i24_17_1.bmp,/data/projectwork/swati_mam/new model data/tid2013/tid2013/reference_images/I24.BMP,type_17,1,5.75,0.12653,17,i24_17_1.bmp,val
TID2013,I24,/data/projectwork/swati_mam/new model data/tid2013/tid2013/distorted_images/i24_17_2.bmp,/data/projectwork/swati_mam/new model data/tid2013/tid2013/reference_images/I24.BMP,type_17,2,6.47222,0.21331,17,i24_17_2.bmp,val
TID2013,I24,/data/projectwork/swati_mam/new model data/tid2013/tid2013/distorted_images/i24_17_3.bmp,/data/projectwork/swati_mam/new model data/tid2013/tid2013/reference_images/I24.BMP,type_17,3,4.80556,0.14604,17,i24_17_3.bmp,val
TID2013,I24,/data/projectwork/swati_mam/new model data/tid2013/tid2013/distorted_images/i24_17_4.bmp,/data/projectwork/swati_mam/new model data/tid2013/tid2013/reference_images/I24.BMP,type_17,4,6.72222,0.2682,17,i24_17_4.bmp,val
TID2013,I24,/data/projectwork/swati_mam/new model data/tid2013/tid2013/distorted_images/i24_17_5.bmp,/data/projectwork/swati_mam/new model data/tid2013/tid2013/reference_images/I24.BMP,type_17,5,3.6,0.16758,17,i24_17_5.bmp,val
TID2013,I24,/data/projectwork/swati_mam/new model data/tid2013/tid2013/distorted_images/i24_18_1.bmp,/data/projectwork/swati_mam/new model data/tid2013/tid2013/reference_images/I24.BMP,type_18,1,4.8,0.15545,18,i24_18_1.bmp,val
TID2013,I24,/data/projectwork/swati_mam/new model data/tid2013/tid2013/distorted_images/i24_18_2.bmp,/data/projectwork/swati_mam/new model data/tid2013/tid2013/reference_images/I24.BMP,type_18,2,4.39394,0.1351099999999999,18,i24_18_2.bmp,val
TID2013,I24,/data/projectwork/swati_mam/new model data/tid2013/tid2013/distorted_images/i24_18_3.bmp,/data/projectwork/swati_mam/new model data/tid2013/tid2013/reference_images/I24.BMP,type_18,3,3.91176,0.1682799999999999,18,i24_18_3.bmp,val
TID2013,I24,/data/projectwork/swati_mam/new model data/tid2013/tid2013/distorted_images/i24_18_4.bmp,/data/projectwork/swati_mam/new model data/tid2013/tid2013/reference_images/I24.BMP,type_18,4,4.11429,0.1553,18,i24_18_4.bmp,val
TID2013,I24,/data/projectwork/swati_mam/new model data/tid2013/tid2013/distorted_images/i24_18_5.bmp,/data/projectwork/swati_mam/new model data/tid2013/tid2013/reference_images/I24.BMP,type_18,5,3.79412,0.13656,18,i24_18_5.bmp,val
TID2013,I24,/data/projectwork/swati_mam/new model data/tid2013/tid2013/distorted_images/i24_19_1.bmp,/data/projectwork/swati_mam/new model data/tid2013/tid2013/reference_images/I24.BMP,type_19,1,5.57143,0.12959,19,i24_19_1.bmp,val
TID2013,I24,/data/projectwork/swati_mam/new model data/tid2013/tid2013/distorted_images/i24_19_2.bmp,/data/projectwork/swati_mam/new model data/tid2013/tid2013/reference_images/I24.BMP,type_19,2,5.17647,0.1058099999999999,19,i24_19_2.bmp,val
TID2013,I24,/data/projectwork/swati_mam/new model data/tid2013/tid2013/distorted_images/i24_19_3.bmp,/data/projectwork/swati_mam/new model data/tid2013/tid2013/reference_images/I24.BMP,type_19,3,4.77778,0.1047599999999999,19,i24_19_3.bmp,val
TID2013,I24,/data/projectwork/swati_mam/new model data/tid2013/tid2013/distorted_images/i24_19_4.bmp,/data/projectwork/swati_mam/new model data/tid2013/tid2013/reference_images/I24.BMP,type_19,4,4.08824,0.10496,19,i24_19_4.bmp,val
TID2013,I24,/data/projectwork/swati_mam/new model data/tid2013/tid2013/distorted_images/i24_19_5.bmp,/data/projectwork/swati_mam/new model data/tid2013/tid2013/reference_images/I24.BMP,type_19,5,3.85714,0.1153,19,i24_19_5.bmp,val
TID2013,I24,/data/projectwork/swati_mam/new model data/tid2013/tid2013/distorted_images/i24_20_1.bmp,/data/projectwork/swati_mam/new model data/tid2013/tid2013/reference_images/I24.BMP,type_20,1,6.14286,0.15724,20,i24_20_1.bmp,val
TID2013,I24,/data/projectwork/swati_mam/new model data/tid2013/tid2013/distorted_images/i24_20_2.bmp,/data/projectwork/swati_mam/new model data/tid2013/tid2013/reference_images/I24.BMP,type_20,2,5.61111,0.14314,20,i24_20_2.bmp,val
TID2013,I24,/data/projectwork/swati_mam/new model data/tid2013/tid2013/distorted_images/i24_20_3.bmp,/data/projectwork/swati_mam/new model data/tid2013/tid2013/reference_images/I24.BMP,type_20,3,5.17143,0.14278,20,i24_20_3.bmp,val
TID2013,I24,/data/projectwork/swati_mam/new model data/tid2013/tid2013/distorted_images/i24_20_4.bmp,/data/projectwork/swati_mam/new model data/tid2013/tid2013/reference_images/I24.BMP,type_20,4,4.028569999999999,0.13084,20,i24_20_4.bmp,val
TID2013,I24,/data/projectwork/swati_mam/new model data/tid2013/tid2013/distorted_images/i24_20_5.bmp,/data/projectwork/swati_mam/new model data/tid2013/tid2013/reference_images/I24.BMP,type_20,5,3.5142900000000004,0.10199,20,i24_20_5.bmp,val
TID2013,I24,/data/projectwork/swati_mam/new model data/tid2013/tid2013/distorted_images/i24_21_1.bmp,/data/projectwork/swati_mam/new model data/tid2013/tid2013/reference_images/I24.BMP,type_21,1,5.77778,0.17617,21,i24_21_1.bmp,val
TID2013,I24,/data/projectwork/swati_mam/new model data/tid2013/tid2013/distorted_images/i24_21_2.bmp,/data/projectwork/swati_mam/new model data/tid2013/tid2013/reference_images/I24.BMP,type_21,2,4.82857,0.11055,21,i24_21_2.bmp,val
TID2013,I24,/data/projectwork/swati_mam/new model data/tid2013/tid2013/distorted_images/i24_21_3.bmp,/data/projectwork/swati_mam/new model data/tid2013/tid2013/reference_images/I24.BMP,type_21,3,4.14286,0.10799,21,i24_21_3.bmp,val
TID2013,I24,/data/projectwork/swati_mam/new model data/tid2013/tid2013/distorted_images/i24_21_4.bmp,/data/projectwork/swati_mam/new model data/tid2013/tid2013/reference_images/I24.BMP,type_21,4,3.36111,0.09744,21,i24_21_4.bmp,val
TID2013,I24,/data/projectwork/swati_mam/new model data/tid2013/tid2013/distorted_images/i24_21_5.bmp,/data/projectwork/swati_mam/new model data/tid2013/tid2013/reference_images/I24.BMP,type_21,5,2.68571,0.09707,21,i24_21_5.bmp,val
TID2013,I24,/data/projectwork/swati_mam/new model data/tid2013/tid2013/distorted_images/i24_22_1.bmp,/data/projectwork/swati_mam/new model data/tid2013/tid2013/reference_images/I24.BMP,type_22,1,5.7714300000000005,0.14617,22,i24_22_1.bmp,val
TID2013,I24,/data/projectwork/swati_mam/new model data/tid2013/tid2013/distorted_images/i24_22_2.bmp,/data/projectwork/swati_mam/new model data/tid2013/tid2013/reference_images/I24.BMP,type_22,2,5.02941,0.1138,22,i24_22_2.bmp,val
TID2013,I24,/data/projectwork/swati_mam/new model data/tid2013/tid2013/distorted_images/i24_22_3.bmp,/data/projectwork/swati_mam/new model data/tid2013/tid2013/reference_images/I24.BMP,type_22,3,4.61765,0.12489,22,i24_22_3.bmp,val
TID2013,I24,/data/projectwork/swati_mam/new model data/tid2013/tid2013/distorted_images/i24_22_4.bmp,/data/projectwork/swati_mam/new model data/tid2013/tid2013/reference_images/I24.BMP,type_22,4,3.33333,0.13029,22,i24_22_4.bmp,val
TID2013,I24,/data/projectwork/swati_mam/new model data/tid2013/tid2013/distorted_images/i24_22_5.bmp,/data/projectwork/swati_mam/new model data/tid2013/tid2013/reference_images/I24.BMP,type_22,5,2.74286,0.12351,22,i24_22_5.bmp,val
TID2013,I24,/data/projectwork/swati_mam/new model data/tid2013/tid2013/distorted_images/i24_23_1.bmp,/data/projectwork/swati_mam/new model data/tid2013/tid2013/reference_images/I24.BMP,type_23,1,5.8,0.1752,23,i24_23_1.bmp,val
TID2013,I24,/data/projectwork/swati_mam/new model data/tid2013/tid2013/distorted_images/i24_23_2.bmp,/data/projectwork/swati_mam/new model data/tid2013/tid2013/reference_images/I24.BMP,type_23,2,6.02778,0.19439,23,i24_23_2.bmp,val
TID2013,I24,/data/projectwork/swati_mam/new model data/tid2013/tid2013/distorted_images/i24_23_3.bmp,/data/projectwork/swati_mam/new model data/tid2013/tid2013/reference_images/I24.BMP,type_23,3,5.68571,0.18415,23,i24_23_3.bmp,val
TID2013,I24,/data/projectwork/swati_mam/new model data/tid2013/tid2013/distorted_images/i24_23_4.bmp,/data/projectwork/swati_mam/new model data/tid2013/tid2013/reference_images/I24.BMP,type_23,4,5.08824,0.14024,23,i24_23_4.bmp,val
TID2013,I24,/data/projectwork/swati_mam/new model data/tid2013/tid2013/distorted_images/i24_23_5.bmp,/data/projectwork/swati_mam/new model data/tid2013/tid2013/reference_images/I24.BMP,type_23,5,2.29412,0.09781,23,i24_23_5.bmp,val
TID2013,I24,/data/projectwork/swati_mam/new model data/tid2013/tid2013/distorted_images/i24_24_1.bmp,/data/projectwork/swati_mam/new model data/tid2013/tid2013/reference_images/I24.BMP,type_24,1,5.7058800000000005,0.1284,24,i24_24_1.bmp,val
TID2013,I24,/data/projectwork/swati_mam/new model data/tid2013/tid2013/distorted_images/i24_24_2.bmp,/data/projectwork/swati_mam/new model data/tid2013/tid2013/reference_images/I24.BMP,type_24,2,5.34286,0.14537,24,i24_24_2.bmp,val
TID2013,I24,/data/projectwork/swati_mam/new model data/tid2013/tid2013/distorted_images/i24_24_3.bmp,/data/projectwork/swati_mam/new model data/tid2013/tid2013/reference_images/I24.BMP,type_24,3,4.34286,0.15088,24,i24_24_3.bmp,val
TID2013,I24,/data/projectwork/swati_mam/new model data/tid2013/tid2013/distorted_images/i24_24_4.bmp,/data/projectwork/swati_mam/new model data/tid2013/tid2013/reference_images/I24.BMP,type_24,4,2.74286,0.11671,24,i24_24_4.bmp,val
TID2013,I24,/data/projectwork/swati_mam/new model data/tid2013/tid2013/distorted_images/i24_24_5.bmp,/data/projectwork/swati_mam/new model data/tid2013/tid2013/reference_images/I24.BMP,type_24,5,0.41667,0.12028,24,i24_24_5.bmp,val
TID2013,I25,/data/projectwork/swati_mam/new model data/tid2013/tid2013/distorted_images/I25_01_1.bmp,/data/projectwork/swati_mam/new model data/tid2013/tid2013/reference_images/i25.bmp,type_01,1,5.14286,0.10799,01,I25_01_1.bmp,val
TID2013,I25,/data/projectwork/swati_mam/new model data/tid2013/tid2013/distorted_images/i25_01_2.bmp,/data/projectwork/swati_mam/new model data/tid2013/tid2013/reference_images/i25.bmp,type_01,2,4.67647,0.09037,01,i25_01_2.bmp,val
TID2013,I25,/data/projectwork/swati_mam/new model data/tid2013/tid2013/distorted_images/i25_01_3.bmp,/data/projectwork/swati_mam/new model data/tid2013/tid2013/reference_images/i25.bmp,type_01,3,4.4,0.12905,01,i25_01_3.bmp,val
TID2013,I25,/data/projectwork/swati_mam/new model data/tid2013/tid2013/distorted_images/i25_01_4.bmp,/data/projectwork/swati_mam/new model data/tid2013/tid2013/reference_images/i25.bmp,type_01,4,3.88571,0.10514,01,i25_01_4.bmp,val
TID2013,I25,/data/projectwork/swati_mam/new model data/tid2013/tid2013/distorted_images/i25_01_5.bmp,/data/projectwork/swati_mam/new model data/tid2013/tid2013/reference_images/i25.bmp,type_01,5,3.44444,0.1329,01,i25_01_5.bmp,val
TID2013,I25,/data/projectwork/swati_mam/new model data/tid2013/tid2013/distorted_images/i25_02_1.bmp,/data/projectwork/swati_mam/new model data/tid2013/tid2013/reference_images/i25.bmp,type_02,1,5.54286,0.15303,02,i25_02_1.bmp,val
TID2013,I25,/data/projectwork/swati_mam/new model data/tid2013/tid2013/distorted_images/i25_02_2.bmp,/data/projectwork/swati_mam/new model data/tid2013/tid2013/reference_images/i25.bmp,type_02,2,5.27778,0.1868,02,i25_02_2.bmp,val
TID2013,I25,/data/projectwork/swati_mam/new model data/tid2013/tid2013/distorted_images/i25_02_3.bmp,/data/projectwork/swati_mam/new model data/tid2013/tid2013/reference_images/i25.bmp,type_02,3,5.25,0.10668,02,i25_02_3.bmp,val
TID2013,I25,/data/projectwork/swati_mam/new model data/tid2013/tid2013/distorted_images/i25_02_4.bmp,/data/projectwork/swati_mam/new model data/tid2013/tid2013/reference_images/i25.bmp,type_02,4,4.45714,0.10949,02,i25_02_4.bmp,val
TID2013,I25,/data/projectwork/swati_mam/new model data/tid2013/tid2013/distorted_images/i25_02_5.bmp,/data/projectwork/swati_mam/new model data/tid2013/tid2013/reference_images/i25.bmp,type_02,5,3.771430000000001,0.0996799999999999,02,i25_02_5.bmp,val
TID2013,I25,/data/projectwork/swati_mam/new model data/tid2013/tid2013/distorted_images/i25_03_1.bmp,/data/projectwork/swati_mam/new model data/tid2013/tid2013/reference_images/i25.bmp,type_03,1,4.0,0.09897,03,i25_03_1.bmp,val
TID2013,I25,/data/projectwork/swati_mam/new model data/tid2013/tid2013/distorted_images/i25_03_2.bmp,/data/projectwork/swati_mam/new model data/tid2013/tid2013/reference_images/i25.bmp,type_03,2,3.58333,0.11369,03,i25_03_2.bmp,val
TID2013,I25,/data/projectwork/swati_mam/new model data/tid2013/tid2013/distorted_images/i25_03_3.bmp,/data/projectwork/swati_mam/new model data/tid2013/tid2013/reference_images/i25.bmp,type_03,3,3.25,0.12653,03,i25_03_3.bmp,val
TID2013,I25,/data/projectwork/swati_mam/new model data/tid2013/tid2013/distorted_images/i25_03_4.bmp,/data/projectwork/swati_mam/new model data/tid2013/tid2013/reference_images/i25.bmp,type_03,4,2.9142900000000003,0.1169099999999999,03,i25_03_4.bmp,val
TID2013,I25,/data/projectwork/swati_mam/new model data/tid2013/tid2013/distorted_images/i25_03_5.bmp,/data/projectwork/swati_mam/new model data/tid2013/tid2013/reference_images/i25.bmp,type_03,5,2.41667,0.13249,03,i25_03_5.bmp,val
TID2013,I25,/data/projectwork/swati_mam/new model data/tid2013/tid2013/distorted_images/i25_04_1.bmp,/data/projectwork/swati_mam/new model data/tid2013/tid2013/reference_images/i25.bmp,type_04,1,6.39394,0.12813,04,i25_04_1.bmp,val
TID2013,I25,/data/projectwork/swati_mam/new model data/tid2013/tid2013/distorted_images/i25_04_2.bmp,/data/projectwork/swati_mam/new model data/tid2013/tid2013/reference_images/i25.bmp,type_04,2,6.16667,0.15466,04,i25_04_2.bmp,val
TID2013,I25,/data/projectwork/swati_mam/new model data/tid2013/tid2013/distorted_images/i25_04_3.bmp,/data/projectwork/swati_mam/new model data/tid2013/tid2013/reference_images/i25.bmp,type_04,3,5.88889,0.18749,04,i25_04_3.bmp,val
TID2013,I25,/data/projectwork/swati_mam/new model data/tid2013/tid2013/distorted_images/i25_04_4.bmp,/data/projectwork/swati_mam/new model data/tid2013/tid2013/reference_images/i25.bmp,type_04,4,5.5,0.14959,04,i25_04_4.bmp,val
TID2013,I25,/data/projectwork/swati_mam/new model data/tid2013/tid2013/distorted_images/i25_04_5.bmp,/data/projectwork/swati_mam/new model data/tid2013/tid2013/reference_images/i25.bmp,type_04,5,5.23529,0.12519,04,i25_04_5.bmp,val
TID2013,I25,/data/projectwork/swati_mam/new model data/tid2013/tid2013/distorted_images/i25_05_1.bmp,/data/projectwork/swati_mam/new model data/tid2013/tid2013/reference_images/i25.bmp,type_05,1,5.33333,0.14699,05,i25_05_1.bmp,val
TID2013,I25,/data/projectwork/swati_mam/new model data/tid2013/tid2013/distorted_images/i25_05_2.bmp,/data/projectwork/swati_mam/new model data/tid2013/tid2013/reference_images/i25.bmp,type_05,2,5.25714,0.10176,05,i25_05_2.bmp,val
TID2013,I25,/data/projectwork/swati_mam/new model data/tid2013/tid2013/distorted_images/i25_05_3.bmp,/data/projectwork/swati_mam/new model data/tid2013/tid2013/reference_images/i25.bmp,type_05,3,4.61111,0.1059799999999999,05,i25_05_3.bmp,val
TID2013,I25,/data/projectwork/swati_mam/new model data/tid2013/tid2013/distorted_images/i25_05_4.bmp,/data/projectwork/swati_mam/new model data/tid2013/tid2013/reference_images/i25.bmp,type_05,4,3.85714,0.1153,05,i25_05_4.bmp,val
TID2013,I25,/data/projectwork/swati_mam/new model data/tid2013/tid2013/distorted_images/i25_05_5.bmp,/data/projectwork/swati_mam/new model data/tid2013/tid2013/reference_images/i25.bmp,type_05,5,2.75,0.11369,05,i25_05_5.bmp,val
TID2013,I25,/data/projectwork/swati_mam/new model data/tid2013/tid2013/distorted_images/i25_06_1.bmp,/data/projectwork/swati_mam/new model data/tid2013/tid2013/reference_images/i25.bmp,type_06,1,4.4,0.1522599999999999,06,i25_06_1.bmp,val
TID2013,I25,/data/projectwork/swati_mam/new model data/tid2013/tid2013/distorted_images/i25_06_2.bmp,/data/projectwork/swati_mam/new model data/tid2013/tid2013/reference_images/i25.bmp,type_06,2,4.28571,0.1250099999999999,06,i25_06_2.bmp,val
TID2013,I25,/data/projectwork/swati_mam/new model data/tid2013/tid2013/distorted_images/i25_06_3.bmp,/data/projectwork/swati_mam/new model data/tid2013/tid2013/reference_images/i25.bmp,type_06,3,3.705880000000001,0.1284,06,i25_06_3.bmp,val
TID2013,I25,/data/projectwork/swati_mam/new model data/tid2013/tid2013/distorted_images/i25_06_4.bmp,/data/projectwork/swati_mam/new model data/tid2013/tid2013/reference_images/i25.bmp,type_06,4,3.47222,0.14426,06,i25_06_4.bmp,val
TID2013,I25,/data/projectwork/swati_mam/new model data/tid2013/tid2013/distorted_images/i25_06_5.bmp,/data/projectwork/swati_mam/new model data/tid2013/tid2013/reference_images/i25.bmp,type_06,5,3.02778,0.15459,06,i25_06_5.bmp,val
TID2013,I25,/data/projectwork/swati_mam/new model data/tid2013/tid2013/distorted_images/i25_07_1.bmp,/data/projectwork/swati_mam/new model data/tid2013/tid2013/reference_images/i25.bmp,type_07,1,3.5,0.1145299999999999,07,i25_07_1.bmp,val
TID2013,I25,/data/projectwork/swati_mam/new model data/tid2013/tid2013/distorted_images/i25_07_2.bmp,/data/projectwork/swati_mam/new model data/tid2013/tid2013/reference_images/i25.bmp,type_07,2,3.14286,0.15724,07,i25_07_2.bmp,val
TID2013,I25,/data/projectwork/swati_mam/new model data/tid2013/tid2013/distorted_images/i25_07_3.bmp,/data/projectwork/swati_mam/new model data/tid2013/tid2013/reference_images/i25.bmp,type_07,3,3.0303,0.14523,07,i25_07_3.bmp,val
TID2013,I25,/data/projectwork/swati_mam/new model data/tid2013/tid2013/distorted_images/i25_07_4.bmp,/data/projectwork/swati_mam/new model data/tid2013/tid2013/reference_images/i25.bmp,type_07,4,2.71429,0.14885,07,i25_07_4.bmp,val
TID2013,I25,/data/projectwork/swati_mam/new model data/tid2013/tid2013/distorted_images/i25_07_5.bmp,/data/projectwork/swati_mam/new model data/tid2013/tid2013/reference_images/i25.bmp,type_07,5,2.74286,0.14196,07,i25_07_5.bmp,val
TID2013,I25,/data/projectwork/swati_mam/new model data/tid2013/tid2013/distorted_images/i25_08_1.bmp,/data/projectwork/swati_mam/new model data/tid2013/tid2013/reference_images/i25.bmp,type_08,1,5.52941,0.13942,08,i25_08_1.bmp,val
TID2013,I25,/data/projectwork/swati_mam/new model data/tid2013/tid2013/distorted_images/i25_08_2.bmp,/data/projectwork/swati_mam/new model data/tid2013/tid2013/reference_images/i25.bmp,type_08,2,5.05556,0.14134,08,i25_08_2.bmp,val
TID2013,I25,/data/projectwork/swati_mam/new model data/tid2013/tid2013/distorted_images/i25_08_3.bmp,/data/projectwork/swati_mam/new model data/tid2013/tid2013/reference_images/i25.bmp,type_08,3,4.29412,0.13497,08,i25_08_3.bmp,val
TID2013,I25,/data/projectwork/swati_mam/new model data/tid2013/tid2013/distorted_images/i25_08_4.bmp,/data/projectwork/swati_mam/new model data/tid2013/tid2013/reference_images/i25.bmp,type_08,4,3.17647,0.1582299999999999,08,i25_08_4.bmp,val
TID2013,I25,/data/projectwork/swati_mam/new model data/tid2013/tid2013/distorted_images/i25_08_5.bmp,/data/projectwork/swati_mam/new model data/tid2013/tid2013/reference_images/i25.bmp,type_08,5,1.94444,0.16641,08,i25_08_5.bmp,val
TID2013,I25,/data/projectwork/swati_mam/new model data/tid2013/tid2013/distorted_images/i25_09_1.bmp,/data/projectwork/swati_mam/new model data/tid2013/tid2013/reference_images/i25.bmp,type_09,1,5.83333,0.16434,09,i25_09_1.bmp,val
TID2013,I25,/data/projectwork/swati_mam/new model data/tid2013/tid2013/distorted_images/i25_09_2.bmp,/data/projectwork/swati_mam/new model data/tid2013/tid2013/reference_images/i25.bmp,type_09,2,5.2,0.1388,09,i25_09_2.bmp,val
TID2013,I25,/data/projectwork/swati_mam/new model data/tid2013/tid2013/distorted_images/i25_09_3.bmp,/data/projectwork/swati_mam/new model data/tid2013/tid2013/reference_images/i25.bmp,type_09,3,4.22857,0.12832,09,i25_09_3.bmp,val
TID2013,I25,/data/projectwork/swati_mam/new model data/tid2013/tid2013/distorted_images/i25_09_4.bmp,/data/projectwork/swati_mam/new model data/tid2013/tid2013/reference_images/i25.bmp,type_09,4,3.11765,0.12314,09,i25_09_4.bmp,val
TID2013,I25,/data/projectwork/swati_mam/new model data/tid2013/tid2013/distorted_images/i25_09_5.bmp,/data/projectwork/swati_mam/new model data/tid2013/tid2013/reference_images/i25.bmp,type_09,5,1.33333,0.13029,09,i25_09_5.bmp,val
TID2013,I25,/data/projectwork/swati_mam/new model data/tid2013/tid2013/distorted_images/i25_10_1.bmp,/data/projectwork/swati_mam/new model data/tid2013/tid2013/reference_images/i25.bmp,type_10,1,5.85714,0.12868,10,i25_10_1.bmp,val
TID2013,I25,/data/projectwork/swati_mam/new model data/tid2013/tid2013/distorted_images/i25_10_2.bmp,/data/projectwork/swati_mam/new model data/tid2013/tid2013/reference_images/i25.bmp,type_10,2,5.57143,0.13574,10,i25_10_2.bmp,val
TID2013,I25,/data/projectwork/swati_mam/new model data/tid2013/tid2013/distorted_images/i25_10_3.bmp,/data/projectwork/swati_mam/new model data/tid2013/tid2013/reference_images/i25.bmp,type_10,3,4.25714,0.15827,10,i25_10_3.bmp,val
TID2013,I25,/data/projectwork/swati_mam/new model data/tid2013/tid2013/distorted_images/i25_10_4.bmp,/data/projectwork/swati_mam/new model data/tid2013/tid2013/reference_images/i25.bmp,type_10,4,2.14706,0.11108,10,i25_10_4.bmp,val
TID2013,I25,/data/projectwork/swati_mam/new model data/tid2013/tid2013/distorted_images/i25_10_5.bmp,/data/projectwork/swati_mam/new model data/tid2013/tid2013/reference_images/i25.bmp,type_10,5,1.47222,0.14426,10,i25_10_5.bmp,val
TID2013,I25,/data/projectwork/swati_mam/new model data/tid2013/tid2013/distorted_images/I25_11_1.bmp,/data/projectwork/swati_mam/new model data/tid2013/tid2013/reference_images/i25.bmp,type_11,1,6.08571,0.18679,11,I25_11_1.bmp,val
TID2013,I25,/data/projectwork/swati_mam/new model data/tid2013/tid2013/distorted_images/i25_11_2.bmp,/data/projectwork/swati_mam/new model data/tid2013/tid2013/reference_images/i25.bmp,type_11,2,5.86111,0.16737,11,i25_11_2.bmp,val
TID2013,I25,/data/projectwork/swati_mam/new model data/tid2013/tid2013/distorted_images/i25_11_3.bmp,/data/projectwork/swati_mam/new model data/tid2013/tid2013/reference_images/i25.bmp,type_11,3,5.36111,0.14779,11,i25_11_3.bmp,val
TID2013,I25,/data/projectwork/swati_mam/new model data/tid2013/tid2013/distorted_images/i25_11_4.bmp,/data/projectwork/swati_mam/new model data/tid2013/tid2013/reference_images/i25.bmp,type_11,4,4.97222,0.15459,11,i25_11_4.bmp,val
TID2013,I25,/data/projectwork/swati_mam/new model data/tid2013/tid2013/distorted_images/i25_11_5.bmp,/data/projectwork/swati_mam/new model data/tid2013/tid2013/reference_images/i25.bmp,type_11,5,4.6,0.1522599999999999,11,i25_11_5.bmp,val
TID2013,I25,/data/projectwork/swati_mam/new model data/tid2013/tid2013/distorted_images/i25_12_1.bmp,/data/projectwork/swati_mam/new model data/tid2013/tid2013/reference_images/i25.bmp,type_12,1,6.02778,0.14952,12,i25_12_1.bmp,val
TID2013,I25,/data/projectwork/swati_mam/new model data/tid2013/tid2013/distorted_images/i25_12_2.bmp,/data/projectwork/swati_mam/new model data/tid2013/tid2013/reference_images/i25.bmp,type_12,2,5.8,0.1501,12,i25_12_2.bmp,val
TID2013,I25,/data/projectwork/swati_mam/new model data/tid2013/tid2013/distorted_images/i25_12_3.bmp,/data/projectwork/swati_mam/new model data/tid2013/tid2013/reference_images/i25.bmp,type_12,3,4.83333,0.20601,12,i25_12_3.bmp,val
TID2013,I25,/data/projectwork/swati_mam/new model data/tid2013/tid2013/distorted_images/i25_12_4.bmp,/data/projectwork/swati_mam/new model data/tid2013/tid2013/reference_images/i25.bmp,type_12,4,5.0303,0.1631,12,i25_12_4.bmp,val
TID2013,I25,/data/projectwork/swati_mam/new model data/tid2013/tid2013/distorted_images/i25_12_5.bmp,/data/projectwork/swati_mam/new model data/tid2013/tid2013/reference_images/i25.bmp,type_12,5,4.66667,0.2357,12,i25_12_5.bmp,val
TID2013,I25,/data/projectwork/swati_mam/new model data/tid2013/tid2013/distorted_images/I25_13_1.bmp,/data/projectwork/swati_mam/new model data/tid2013/tid2013/reference_images/i25.bmp,type_13,1,4.82857,0.13694,13,I25_13_1.bmp,val
TID2013,I25,/data/projectwork/swati_mam/new model data/tid2013/tid2013/distorted_images/i25_13_2.bmp,/data/projectwork/swati_mam/new model data/tid2013/tid2013/reference_images/i25.bmp,type_13,2,5.71429,0.15945,13,i25_13_2.bmp,val
TID2013,I25,/data/projectwork/swati_mam/new model data/tid2013/tid2013/distorted_images/i25_13_3.bmp,/data/projectwork/swati_mam/new model data/tid2013/tid2013/reference_images/i25.bmp,type_13,3,3.68571,0.07847,13,i25_13_3.bmp,val
TID2013,I25,/data/projectwork/swati_mam/new model data/tid2013/tid2013/distorted_images/i25_13_4.bmp,/data/projectwork/swati_mam/new model data/tid2013/tid2013/reference_images/i25.bmp,type_13,4,4.57143,0.11631,13,i25_13_4.bmp,val
TID2013,I25,/data/projectwork/swati_mam/new model data/tid2013/tid2013/distorted_images/i25_13_5.bmp,/data/projectwork/swati_mam/new model data/tid2013/tid2013/reference_images/i25.bmp,type_13,5,3.02857,0.12445,13,i25_13_5.bmp,val
TID2013,I25,/data/projectwork/swati_mam/new model data/tid2013/tid2013/distorted_images/i25_14_1.bmp,/data/projectwork/swati_mam/new model data/tid2013/tid2013/reference_images/i25.bmp,type_14,1,5.71429,0.16938,14,i25_14_1.bmp,val
TID2013,I25,/data/projectwork/swati_mam/new model data/tid2013/tid2013/distorted_images/i25_14_2.bmp,/data/projectwork/swati_mam/new model data/tid2013/tid2013/reference_images/i25.bmp,type_14,2,5.14286,0.1519599999999999,14,i25_14_2.bmp,val
TID2013,I25,/data/projectwork/swati_mam/new model data/tid2013/tid2013/distorted_images/i25_14_3.bmp,/data/projectwork/swati_mam/new model data/tid2013/tid2013/reference_images/i25.bmp,type_14,3,5.08824,0.1630599999999999,14,i25_14_3.bmp,val
TID2013,I25,/data/projectwork/swati_mam/new model data/tid2013/tid2013/distorted_images/i25_14_4.bmp,/data/projectwork/swati_mam/new model data/tid2013/tid2013/reference_images/i25.bmp,type_14,4,3.82857,0.20398,14,i25_14_4.bmp,val
TID2013,I25,/data/projectwork/swati_mam/new model data/tid2013/tid2013/distorted_images/i25_14_5.bmp,/data/projectwork/swati_mam/new model data/tid2013/tid2013/reference_images/i25.bmp,type_14,5,3.11111,0.23167,14,i25_14_5.bmp,val
TID2013,I25,/data/projectwork/swati_mam/new model data/tid2013/tid2013/distorted_images/i25_15_1.bmp,/data/projectwork/swati_mam/new model data/tid2013/tid2013/reference_images/i25.bmp,type_15,1,3.2777800000000004,0.2682,15,i25_15_1.bmp,val
TID2013,I25,/data/projectwork/swati_mam/new model data/tid2013/tid2013/distorted_images/i25_15_2.bmp,/data/projectwork/swati_mam/new model data/tid2013/tid2013/reference_images/i25.bmp,type_15,2,2.93939,0.16,15,i25_15_2.bmp,val
TID2013,I25,/data/projectwork/swati_mam/new model data/tid2013/tid2013/distorted_images/i25_15_3.bmp,/data/projectwork/swati_mam/new model data/tid2013/tid2013/reference_images/i25.bmp,type_15,3,3.5277800000000004,0.20595,15,i25_15_3.bmp,val
TID2013,I25,/data/projectwork/swati_mam/new model data/tid2013/tid2013/distorted_images/i25_15_4.bmp,/data/projectwork/swati_mam/new model data/tid2013/tid2013/reference_images/i25.bmp,type_15,4,3.97059,0.16888,15,i25_15_4.bmp,val
TID2013,I25,/data/projectwork/swati_mam/new model data/tid2013/tid2013/distorted_images/i25_15_5.bmp,/data/projectwork/swati_mam/new model data/tid2013/tid2013/reference_images/i25.bmp,type_15,5,4.14286,0.1673,15,i25_15_5.bmp,val
TID2013,I25,/data/projectwork/swati_mam/new model data/tid2013/tid2013/distorted_images/i25_16_1.bmp,/data/projectwork/swati_mam/new model data/tid2013/tid2013/reference_images/i25.bmp,type_16,1,5.91667,0.15897,16,i25_16_1.bmp,val
TID2013,I25,/data/projectwork/swati_mam/new model data/tid2013/tid2013/distorted_images/i25_16_2.bmp,/data/projectwork/swati_mam/new model data/tid2013/tid2013/reference_images/i25.bmp,type_16,2,6.41667,0.17732,16,i25_16_2.bmp,val
TID2013,I25,/data/projectwork/swati_mam/new model data/tid2013/tid2013/distorted_images/i25_16_3.bmp,/data/projectwork/swati_mam/new model data/tid2013/tid2013/reference_images/i25.bmp,type_16,3,5.7714300000000005,0.16702,16,i25_16_3.bmp,val
TID2013,I25,/data/projectwork/swati_mam/new model data/tid2013/tid2013/distorted_images/i25_16_4.bmp,/data/projectwork/swati_mam/new model data/tid2013/tid2013/reference_images/i25.bmp,type_16,4,5.55556,0.1593,16,i25_16_4.bmp,val
TID2013,I25,/data/projectwork/swati_mam/new model data/tid2013/tid2013/distorted_images/i25_16_5.bmp,/data/projectwork/swati_mam/new model data/tid2013/tid2013/reference_images/i25.bmp,type_16,5,4.4705900000000005,0.1264,16,i25_16_5.bmp,val
TID2013,I25,/data/projectwork/swati_mam/new model data/tid2013/tid2013/distorted_images/i25_17_1.bmp,/data/projectwork/swati_mam/new model data/tid2013/tid2013/reference_images/i25.bmp,type_17,1,5.61111,0.15849,17,i25_17_1.bmp,val
TID2013,I25,/data/projectwork/swati_mam/new model data/tid2013/tid2013/distorted_images/i25_17_2.bmp,/data/projectwork/swati_mam/new model data/tid2013/tid2013/reference_images/i25.bmp,type_17,2,6.857139999999999,0.1408,17,i25_17_2.bmp,val
TID2013,I25,/data/projectwork/swati_mam/new model data/tid2013/tid2013/distorted_images/i25_17_3.bmp,/data/projectwork/swati_mam/new model data/tid2013/tid2013/reference_images/i25.bmp,type_17,3,4.48571,0.17319,17,i25_17_3.bmp,val
TID2013,I25,/data/projectwork/swati_mam/new model data/tid2013/tid2013/distorted_images/i25_17_4.bmp,/data/projectwork/swati_mam/new model data/tid2013/tid2013/reference_images/i25.bmp,type_17,4,6.38889,0.23661,17,i25_17_4.bmp,val
TID2013,I25,/data/projectwork/swati_mam/new model data/tid2013/tid2013/distorted_images/i25_17_5.bmp,/data/projectwork/swati_mam/new model data/tid2013/tid2013/reference_images/i25.bmp,type_17,5,3.28571,0.16938,17,i25_17_5.bmp,val
TID2013,I25,/data/projectwork/swati_mam/new model data/tid2013/tid2013/distorted_images/i25_18_1.bmp,/data/projectwork/swati_mam/new model data/tid2013/tid2013/reference_images/i25.bmp,type_18,1,5.61111,0.20138,18,i25_18_1.bmp,val
TID2013,I25,/data/projectwork/swati_mam/new model data/tid2013/tid2013/distorted_images/i25_18_2.bmp,/data/projectwork/swati_mam/new model data/tid2013/tid2013/reference_images/i25.bmp,type_18,2,5.05882,0.10959,18,i25_18_2.bmp,val
TID2013,I25,/data/projectwork/swati_mam/new model data/tid2013/tid2013/distorted_images/i25_18_3.bmp,/data/projectwork/swati_mam/new model data/tid2013/tid2013/reference_images/i25.bmp,type_18,3,4.44444,0.14404,18,i25_18_3.bmp,val
TID2013,I25,/data/projectwork/swati_mam/new model data/tid2013/tid2013/distorted_images/i25_18_4.bmp,/data/projectwork/swati_mam/new model data/tid2013/tid2013/reference_images/i25.bmp,type_18,4,4.0,0.15713,18,i25_18_4.bmp,val
TID2013,I25,/data/projectwork/swati_mam/new model data/tid2013/tid2013/distorted_images/i25_18_5.bmp,/data/projectwork/swati_mam/new model data/tid2013/tid2013/reference_images/i25.bmp,type_18,5,2.67647,0.13619,18,i25_18_5.bmp,val
TID2013,I25,/data/projectwork/swati_mam/new model data/tid2013/tid2013/distorted_images/i25_19_1.bmp,/data/projectwork/swati_mam/new model data/tid2013/tid2013/reference_images/i25.bmp,type_19,1,5.16667,0.14959,19,i25_19_1.bmp,val
TID2013,I25,/data/projectwork/swati_mam/new model data/tid2013/tid2013/distorted_images/i25_19_2.bmp,/data/projectwork/swati_mam/new model data/tid2013/tid2013/reference_images/i25.bmp,type_19,2,4.28571,0.09537,19,i25_19_2.bmp,val
TID2013,I25,/data/projectwork/swati_mam/new model data/tid2013/tid2013/distorted_images/i25_19_3.bmp,/data/projectwork/swati_mam/new model data/tid2013/tid2013/reference_images/i25.bmp,type_19,3,3.83333,0.10758,19,i25_19_3.bmp,val
TID2013,I25,/data/projectwork/swati_mam/new model data/tid2013/tid2013/distorted_images/i25_19_4.bmp,/data/projectwork/swati_mam/new model data/tid2013/tid2013/reference_images/i25.bmp,type_19,4,3.79412,0.09093,19,i25_19_4.bmp,val
TID2013,I25,/data/projectwork/swati_mam/new model data/tid2013/tid2013/distorted_images/i25_19_5.bmp,/data/projectwork/swati_mam/new model data/tid2013/tid2013/reference_images/i25.bmp,type_19,5,3.34286,0.0985,19,i25_19_5.bmp,val
TID2013,I25,/data/projectwork/swati_mam/new model data/tid2013/tid2013/distorted_images/i25_20_1.bmp,/data/projectwork/swati_mam/new model data/tid2013/tid2013/reference_images/i25.bmp,type_20,1,5.67647,0.11557,20,i25_20_1.bmp,val
TID2013,I25,/data/projectwork/swati_mam/new model data/tid2013/tid2013/distorted_images/i25_20_2.bmp,/data/projectwork/swati_mam/new model data/tid2013/tid2013/reference_images/i25.bmp,type_20,2,5.54286,0.13608,20,i25_20_2.bmp,val
TID2013,I25,/data/projectwork/swati_mam/new model data/tid2013/tid2013/distorted_images/i25_20_3.bmp,/data/projectwork/swati_mam/new model data/tid2013/tid2013/reference_images/i25.bmp,type_20,3,5.0,0.12122,20,i25_20_3.bmp,val
TID2013,I25,/data/projectwork/swati_mam/new model data/tid2013/tid2013/distorted_images/i25_20_4.bmp,/data/projectwork/swati_mam/new model data/tid2013/tid2013/reference_images/i25.bmp,type_20,4,4.97222,0.18628,20,i25_20_4.bmp,val
TID2013,I25,/data/projectwork/swati_mam/new model data/tid2013/tid2013/distorted_images/i25_20_5.bmp,/data/projectwork/swati_mam/new model data/tid2013/tid2013/reference_images/i25.bmp,type_20,5,4.05714,0.1711599999999999,20,i25_20_5.bmp,val
TID2013,I25,/data/projectwork/swati_mam/new model data/tid2013/tid2013/distorted_images/i25_21_1.bmp,/data/projectwork/swati_mam/new model data/tid2013/tid2013/reference_images/i25.bmp,type_21,1,5.17143,0.13084,21,i25_21_1.bmp,val
TID2013,I25,/data/projectwork/swati_mam/new model data/tid2013/tid2013/distorted_images/i25_21_2.bmp,/data/projectwork/swati_mam/new model data/tid2013/tid2013/reference_images/i25.bmp,type_21,2,4.45714,0.0934,21,i25_21_2.bmp,val
TID2013,I25,/data/projectwork/swati_mam/new model data/tid2013/tid2013/distorted_images/i25_21_3.bmp,/data/projectwork/swati_mam/new model data/tid2013/tid2013/reference_images/i25.bmp,type_21,3,4.88571,0.17967,21,i25_21_3.bmp,val
TID2013,I25,/data/projectwork/swati_mam/new model data/tid2013/tid2013/distorted_images/i25_21_4.bmp,/data/projectwork/swati_mam/new model data/tid2013/tid2013/reference_images/i25.bmp,type_21,4,3.42857,0.1013,21,i25_21_4.bmp,val
TID2013,I25,/data/projectwork/swati_mam/new model data/tid2013/tid2013/distorted_images/i25_21_5.bmp,/data/projectwork/swati_mam/new model data/tid2013/tid2013/reference_images/i25.bmp,type_21,5,2.9142900000000003,0.1169099999999999,21,i25_21_5.bmp,val
TID2013,I25,/data/projectwork/swati_mam/new model data/tid2013/tid2013/distorted_images/i25_22_1.bmp,/data/projectwork/swati_mam/new model data/tid2013/tid2013/reference_images/i25.bmp,type_22,1,4.80556,0.17042,22,i25_22_1.bmp,val
TID2013,I25,/data/projectwork/swati_mam/new model data/tid2013/tid2013/distorted_images/i25_22_2.bmp,/data/projectwork/swati_mam/new model data/tid2013/tid2013/reference_images/i25.bmp,type_22,2,4.25,0.15404,22,i25_22_2.bmp,val
TID2013,I25,/data/projectwork/swati_mam/new model data/tid2013/tid2013/distorted_images/i25_22_3.bmp,/data/projectwork/swati_mam/new model data/tid2013/tid2013/reference_images/i25.bmp,type_22,3,3.79412,0.1160099999999999,22,i25_22_3.bmp,val
TID2013,I25,/data/projectwork/swati_mam/new model data/tid2013/tid2013/distorted_images/i25_22_4.bmp,/data/projectwork/swati_mam/new model data/tid2013/tid2013/reference_images/i25.bmp,type_22,4,3.4,0.12905,22,i25_22_4.bmp,val
TID2013,I25,/data/projectwork/swati_mam/new model data/tid2013/tid2013/distorted_images/i25_22_5.bmp,/data/projectwork/swati_mam/new model data/tid2013/tid2013/reference_images/i25.bmp,type_22,5,2.79412,0.13007,22,i25_22_5.bmp,val
TID2013,I25,/data/projectwork/swati_mam/new model data/tid2013/tid2013/distorted_images/i25_23_1.bmp,/data/projectwork/swati_mam/new model data/tid2013/tid2013/reference_images/i25.bmp,type_23,1,6.30556,0.14065,23,i25_23_1.bmp,val
TID2013,I25,/data/projectwork/swati_mam/new model data/tid2013/tid2013/distorted_images/i25_23_2.bmp,/data/projectwork/swati_mam/new model data/tid2013/tid2013/reference_images/i25.bmp,type_23,2,6.27778,0.16947,23,i25_23_2.bmp,val
TID2013,I25,/data/projectwork/swati_mam/new model data/tid2013/tid2013/distorted_images/i25_23_3.bmp,/data/projectwork/swati_mam/new model data/tid2013/tid2013/reference_images/i25.bmp,type_23,3,6.17143,0.1177,23,i25_23_3.bmp,val
TID2013,I25,/data/projectwork/swati_mam/new model data/tid2013/tid2013/distorted_images/i25_23_4.bmp,/data/projectwork/swati_mam/new model data/tid2013/tid2013/reference_images/i25.bmp,type_23,4,6.14286,0.1673,23,i25_23_4.bmp,val
TID2013,I25,/data/projectwork/swati_mam/new model data/tid2013/tid2013/distorted_images/i25_23_5.bmp,/data/projectwork/swati_mam/new model data/tid2013/tid2013/reference_images/i25.bmp,type_23,5,5.971430000000001,0.1590099999999999,23,i25_23_5.bmp,val
TID2013,I25,/data/projectwork/swati_mam/new model data/tid2013/tid2013/distorted_images/i25_24_1.bmp,/data/projectwork/swati_mam/new model data/tid2013/tid2013/reference_images/i25.bmp,type_24,1,5.65714,0.13964,24,i25_24_1.bmp,val
TID2013,I25,/data/projectwork/swati_mam/new model data/tid2013/tid2013/distorted_images/i25_24_2.bmp,/data/projectwork/swati_mam/new model data/tid2013/tid2013/reference_images/i25.bmp,type_24,2,5.44444,0.12696,24,i25_24_2.bmp,val
TID2013,I25,/data/projectwork/swati_mam/new model data/tid2013/tid2013/distorted_images/i25_24_3.bmp,/data/projectwork/swati_mam/new model data/tid2013/tid2013/reference_images/i25.bmp,type_24,3,4.62857,0.14617,24,i25_24_3.bmp,val
TID2013,I25,/data/projectwork/swati_mam/new model data/tid2013/tid2013/distorted_images/i25_24_4.bmp,/data/projectwork/swati_mam/new model data/tid2013/tid2013/reference_images/i25.bmp,type_24,4,4.02778,0.15459,24,i25_24_4.bmp,val
TID2013,I25,/data/projectwork/swati_mam/new model data/tid2013/tid2013/distorted_images/i25_24_5.bmp,/data/projectwork/swati_mam/new model data/tid2013/tid2013/reference_images/i25.bmp,type_24,5,2.77143,0.14047,24,i25_24_5.bmp,val
