dataset,image_id,ref_id,distorted_path,ref_path,distortion_type,distortion_code,severity_or_level,mos_or_dmos,split,group,tsne_x,tsne_y
KADID-10k,I26_16_03,I26,/data/projectwork/swati_mam/new model data/kadid10k/images/I26_16_03.png,/data/projectwork/swati_mam/kadid10k/images/I26.png,Brighten,NA,3,3.57,val,other,56.04313,-14.155706
KADID-10k,I26_16_04,I26,/data/projectwork/swati_mam/new model data/kadid10k/images/I26_16_04.png,/data/projectwork/swati_mam/kadid10k/images/I26.png,Brighten,NA,4,2.93,val,other,53.37307,-3.107884
KADID-10k,I26_23_01,I26,/data/projectwork/swati_mam/new model data/kadid10k/images/I26_23_01.png,/data/projectwork/swati_mam/kadid10k/images/I26.png,Color block,NA,1,2.47,val,other,55.77502,-15.719573
KADID-10k,I26_23_02,I26,/data/projectwork/swati_mam/new model data/kadid10k/images/I26_23_02.png,/data/projectwork/swati_mam/kadid10k/images/I26.png,Color block,NA,2,2.2,val,other,54.80558,-16.495668
KADID-10k,I26_23_03,I26,/data/projectwork/swati_mam/new model data/kadid10k/images/I26_23_03.png,/data/projectwork/swati_mam/kadid10k/images/I26.png,Color block,NA,3,2.67,val,other,54.503315,-16.066452
KADID-10k,I26_04_01,I26,/data/projectwork/swati_mam/new model data/kadid10k/images/I26_04_01.png,/data/projectwork/swati_mam/kadid10k/images/I26.png,Color diffusion,NA,1,4.8,val,other,53.95981,-17.600447
KADID-10k,I26_04_03,I26,/data/projectwork/swati_mam/new model data/kadid10k/images/I26_04_03.png,/data/projectwork/swati_mam/kadid10k/images/I26.png,Color diffusion,NA,3,2.9,val,other,44.084053,4.326572
KADID-10k,I26_06_01,I26,/data/projectwork/swati_mam/new model data/kadid10k/images/I26_06_01.png,/data/projectwork/swati_mam/kadid10k/images/I26.png,Color quantization,NA,1,4.57,val,other,52.802063,-2.5037148
KADID-10k,I26_06_04,I26,/data/projectwork/swati_mam/new model data/kadid10k/images/I26_06_04.png,/data/projectwork/swati_mam/kadid10k/images/I26.png,Color quantization,NA,4,3.53,val,other,37.45938,15.169424
KADID-10k,I26_07_04,I26,/data/projectwork/swati_mam/new model data/kadid10k/images/I26_07_04.png,/data/projectwork/swati_mam/kadid10k/images/I26.png,Color saturation 1,NA,4,2.47,val,other,55.16814,-14.144492
KADID-10k,I26_07_05,I26,/data/projectwork/swati_mam/new model data/kadid10k/images/I26_07_05.png,/data/projectwork/swati_mam/kadid10k/images/I26.png,Color saturation 1,NA,5,2.6,val,other,49.92979,-1.4220536
KADID-10k,I26_08_01,I26,/data/projectwork/swati_mam/new model data/kadid10k/images/I26_08_01.png,/data/projectwork/swati_mam/kadid10k/images/I26.png,Color saturation 2,NA,1,4.67,val,other,55.193256,-16.869263
KADID-10k,I26_08_03,I26,/data/projectwork/swati_mam/new model data/kadid10k/images/I26_08_03.png,/data/projectwork/swati_mam/kadid10k/images/I26.png,Color saturation 2,NA,3,3.53,val,other,36.361958,13.031177
KADID-10k,I26_08_05,I26,/data/projectwork/swati_mam/new model data/kadid10k/images/I26_08_05.png,/data/projectwork/swati_mam/kadid10k/images/I26.png,Color saturation 2,NA,5,1.77,val,other,-10.51591,3.1287777
KADID-10k,I26_05_01,I26,/data/projectwork/swati_mam/new model data/kadid10k/images/I26_05_01.png,/data/projectwork/swati_mam/kadid10k/images/I26.png,Color shift,NA,1,4.43,val,other,54.098522,-17.911663
KADID-10k,I26_05_02,I26,/data/projectwork/swati_mam/new model data/kadid10k/images/I26_05_02.png,/data/projectwork/swati_mam/kadid10k/images/I26.png,Color shift,NA,2,2.64,val,other,43.195267,3.4190736
KADID-10k,I26_05_03,I26,/data/projectwork/swati_mam/new model data/kadid10k/images/I26_05_03.png,/data/projectwork/swati_mam/kadid10k/images/I26.png,Color shift,NA,3,1.57,val,other,46.812077,1.9113917
KADID-10k,I26_25_05,I26,/data/projectwork/swati_mam/new model data/kadid10k/images/I26_25_05.png,/data/projectwork/swati_mam/kadid10k/images/I26.png,Contrast change,NA,5,3.03,val,other,55.69963,-13.649518
KADID-10k,I26_17_02,I26,/data/projectwork/swati_mam/new model data/kadid10k/images/I26_17_02.png,/data/projectwork/swati_mam/kadid10k/images/I26.png,Darken,NA,2,4.37,val,other,54.342667,-16.733027
KADID-10k,I26_17_04,I26,/data/projectwork/swati_mam/new model data/kadid10k/images/I26_17_04.png,/data/projectwork/swati_mam/kadid10k/images/I26.png,Darken,NA,4,3.37,val,other,54.860443,-14.991127
KADID-10k,I26_17_05,I26,/data/projectwork/swati_mam/new model data/kadid10k/images/I26_17_05.png,/data/projectwork/swati_mam/kadid10k/images/I26.png,Darken,NA,5,1.77,val,other,49.18615,-0.9945213
KADID-10k,I26_15_04,I26,/data/projectwork/swati_mam/new model data/kadid10k/images/I26_15_04.png,/data/projectwork/swati_mam/kadid10k/images/I26.png,Denoise,NA,4,2.07,val,noise,21.521776,11.78502
KADID-10k,I26_15_05,I26,/data/projectwork/swati_mam/new model data/kadid10k/images/I26_15_05.png,/data/projectwork/swati_mam/kadid10k/images/I26.png,Denoise,NA,5,1.47,val,noise,-11.20293,-1.7577205
KADID-10k,I26_01_02,I26,/data/projectwork/swati_mam/new model data/kadid10k/images/I26_01_02.png,/data/projectwork/swati_mam/kadid10k/images/I26.png,Gaussian blur,NA,2,4.43,val,blur,55.5538,-16.506264
KADID-10k,I26_01_05,I26,/data/projectwork/swati_mam/new model data/kadid10k/images/I26_01_05.png,/data/projectwork/swati_mam/kadid10k/images/I26.png,Gaussian blur,NA,5,1.3,val,blur,14.691415,14.282315
KADID-10k,I26_24_02,I26,/data/projectwork/swati_mam/new model data/kadid10k/images/I26_24_02.png,/data/projectwork/swati_mam/kadid10k/images/I26.png,High sharpen,NA,2,2.81,val,HF/sharpen,56.79203,-14.896631
KADID-10k,I26_24_04,I26,/data/projectwork/swati_mam/new model data/kadid10k/images/I26_24_04.png,/data/projectwork/swati_mam/kadid10k/images/I26.png,High sharpen,NA,4,1.53,val,HF/sharpen,28.432135,16.398682
KADID-10k,I26_24_05,I26,/data/projectwork/swati_mam/new model data/kadid10k/images/I26_24_05.png,/data/projectwork/swati_mam/kadid10k/images/I26.png,High sharpen,NA,5,1.43,val,HF/sharpen,-32.710087,6.502068
KADID-10k,I26_13_04,I26,/data/projectwork/swati_mam/new model data/kadid10k/images/I26_13_04.png,/data/projectwork/swati_mam/kadid10k/images/I26.png,Impulse noise,NA,4,2.29,val,noise,8.1939,11.447832
KADID-10k,I26_10_01,I26,/data/projectwork/swati_mam/new model data/kadid10k/images/I26_10_01.png,/data/projectwork/swati_mam/kadid10k/images/I26.png,JPEG,NA,1,4.6,val,other,55.274273,-15.420208
KADID-10k,I26_10_02,I26,/data/projectwork/swati_mam/new model data/kadid10k/images/I26_10_02.png,/data/projectwork/swati_mam/kadid10k/images/I26.png,JPEG,NA,2,4.1,val,other,55.39042,-15.867842
KADID-10k,I26_10_03,I26,/data/projectwork/swati_mam/new model data/kadid10k/images/I26_10_03.png,/data/projectwork/swati_mam/kadid10k/images/I26.png,JPEG,NA,3,3.93,val,other,55.480915,-14.060112
KADID-10k,I26_10_05,I26,/data/projectwork/swati_mam/new model data/kadid10k/images/I26_10_05.png,/data/projectwork/swati_mam/kadid10k/images/I26.png,JPEG,NA,5,1.5,val,other,42.968613,3.63663
KADID-10k,I26_09_01,I26,/data/projectwork/swati_mam/new model data/kadid10k/images/I26_09_01.png,/data/projectwork/swati_mam/kadid10k/images/I26.png,JPEG2000,NA,1,4.57,val,other,54.203575,-17.149025
KADID-10k,I26_09_02,I26,/data/projectwork/swati_mam/new model data/kadid10k/images/I26_09_02.png,/data/projectwork/swati_mam/kadid10k/images/I26.png,JPEG2000,NA,2,4.63,val,other,55.510075,-16.62393
KADID-10k,I26_09_04,I26,/data/projectwork/swati_mam/new model data/kadid10k/images/I26_09_04.png,/data/projectwork/swati_mam/kadid10k/images/I26.png,JPEG2000,NA,4,2.67,val,other,52.990967,-2.3655808
KADID-10k,I26_19_02,I26,/data/projectwork/swati_mam/new model data/kadid10k/images/I26_19_02.png,/data/projectwork/swati_mam/kadid10k/images/I26.png,Jitter,NA,2,3.6,val,other,55.1645,-14.87375
KADID-10k,I26_19_04,I26,/data/projectwork/swati_mam/new model data/kadid10k/images/I26_19_04.png,/data/projectwork/swati_mam/kadid10k/images/I26.png,Jitter,NA,4,1.77,val,other,47.360294,1.3353345
KADID-10k,I26_02_02,I26,/data/projectwork/swati_mam/new model data/kadid10k/images/I26_02_02.png,/data/projectwork/swati_mam/kadid10k/images/I26.png,Lens blur,NA,2,2.67,val,blur,52.6322,-1.310496
KADID-10k,I26_02_04,I26,/data/projectwork/swati_mam/new model data/kadid10k/images/I26_02_04.png,/data/projectwork/swati_mam/kadid10k/images/I26.png,Lens blur,NA,4,1.57,val,blur,22.243664,13.859417
KADID-10k,I26_02_05,I26,/data/projectwork/swati_mam/new model data/kadid10k/images/I26_02_05.png,/data/projectwork/swati_mam/kadid10k/images/I26.png,Lens blur,NA,5,1.27,val,blur,20.89155,13.890256
KADID-10k,I26_18_01,I26,/data/projectwork/swati_mam/new model data/kadid10k/images/I26_18_01.png,/data/projectwork/swati_mam/kadid10k/images/I26.png,Mean shift,NA,1,4.5,val,other,55.053055,-17.509142
KADID-10k,I26_18_02,I26,/data/projectwork/swati_mam/new model data/kadid10k/images/I26_18_02.png,/data/projectwork/swati_mam/kadid10k/images/I26.png,Mean shift,NA,2,4.57,val,other,54.78941,-17.351553
KADID-10k,I26_18_04,I26,/data/projectwork/swati_mam/new model data/kadid10k/images/I26_18_04.png,/data/projectwork/swati_mam/kadid10k/images/I26.png,Mean shift,NA,4,4.23,val,other,55.693176,-15.030863
KADID-10k,I26_14_02,I26,/data/projectwork/swati_mam/new model data/kadid10k/images/I26_14_02.png,/data/projectwork/swati_mam/kadid10k/images/I26.png,Multiplicative noise,NA,2,3.84,val,noise,51.445667,-0.16754934
KADID-10k,I26_14_05,I26,/data/projectwork/swati_mam/new model data/kadid10k/images/I26_14_05.png,/data/projectwork/swati_mam/kadid10k/images/I26.png,Multiplicative noise,NA,5,2.23,val,noise,-28.846966,-10.952775
KADID-10k,I26_20_01,I26,/data/projectwork/swati_mam/new model data/kadid10k/images/I26_20_01.png,/data/projectwork/swati_mam/kadid10k/images/I26.png,Non-eccentricity patch,NA,1,4.23,val,other,55.020313,-16.013592
KADID-10k,I26_20_02,I26,/data/projectwork/swati_mam/new model data/kadid10k/images/I26_20_02.png,/data/projectwork/swati_mam/kadid10k/images/I26.png,Non-eccentricity patch,NA,2,3.9,val,other,54.584003,-15.887928
KADID-10k,I26_21_01,I26,/data/projectwork/swati_mam/new model data/kadid10k/images/I26_21_01.png,/data/projectwork/swati_mam/kadid10k/images/I26.png,Pixelate,NA,1,3.1,val,other,54.526497,-17.905169
KADID-10k,I26_21_03,I26,/data/projectwork/swati_mam/new model data/kadid10k/images/I26_21_03.png,/data/projectwork/swati_mam/kadid10k/images/I26.png,Pixelate,NA,3,2.43,val,other,56.117146,-14.543398
KADID-10k,I26_21_05,I26,/data/projectwork/swati_mam/new model data/kadid10k/images/I26_21_05.png,/data/projectwork/swati_mam/kadid10k/images/I26.png,Pixelate,NA,5,1.43,val,other,24.36838,13.711802
KADID-10k,I26_22_02,I26,/data/projectwork/swati_mam/new model data/kadid10k/images/I26_22_02.png,/data/projectwork/swati_mam/kadid10k/images/I26.png,Quantization,NA,2,4.47,val,other,55.56453,-14.524233
KADID-10k,I26_22_04,I26,/data/projectwork/swati_mam/new model data/kadid10k/images/I26_22_04.png,/data/projectwork/swati_mam/kadid10k/images/I26.png,Quantization,NA,4,3.8,val,other,53.354107,-4.0089307
KADID-10k,I26_11_01,I26,/data/projectwork/swati_mam/new model data/kadid10k/images/I26_11_01.png,/data/projectwork/swati_mam/kadid10k/images/I26.png,White noise,NA,1,3.9,val,noise,44.65714,4.216344
KADID-10k,I26_11_04,I26,/data/projectwork/swati_mam/new model data/kadid10k/images/I26_11_04.png,/data/projectwork/swati_mam/kadid10k/images/I26.png,White noise,NA,4,2.8,val,noise,-10.191834,-2.1844862
KADID-10k,I26_12_04,I26,/data/projectwork/swati_mam/new model data/kadid10k/images/I26_12_04.png,/data/projectwork/swati_mam/kadid10k/images/I26.png,White noise in color component,NA,4,2.8,val,noise,-34.80195,-11.722236
KADID-10k,I26_12_05,I26,/data/projectwork/swati_mam/new model data/kadid10k/images/I26_12_05.png,/data/projectwork/swati_mam/kadid10k/images/I26.png,White noise in color component,NA,5,2.3,val,noise,-48.85963,-3.6496463
KADID-10k,I27_16_02,I27,/data/projectwork/swati_mam/new model data/kadid10k/images/I27_16_02.png,/data/projectwork/swati_mam/kadid10k/images/I27.png,Brighten,NA,2,3.7,val,other,17.263563,4.7755985
KADID-10k,I27_16_04,I27,/data/projectwork/swati_mam/new model data/kadid10k/images/I27_16_04.png,/data/projectwork/swati_mam/kadid10k/images/I27.png,Brighten,NA,4,1.8,val,other,-9.339179,0.02672433
KADID-10k,I27_16_05,I27,/data/projectwork/swati_mam/new model data/kadid10k/images/I27_16_05.png,/data/projectwork/swati_mam/kadid10k/images/I27.png,Brighten,NA,5,1.47,val,other,-19.214067,-7.000388
KADID-10k,I27_23_02,I27,/data/projectwork/swati_mam/new model data/kadid10k/images/I27_23_02.png,/data/projectwork/swati_mam/kadid10k/images/I27.png,Color block,NA,2,2.4,val,other,16.383598,4.344129
KADID-10k,I27_04_01,I27,/data/projectwork/swati_mam/new model data/kadid10k/images/I27_04_01.png,/data/projectwork/swati_mam/kadid10k/images/I27.png,Color diffusion,NA,1,4.1,val,other,25.659082,7.7041087
KADID-10k,I27_04_02,I27,/data/projectwork/swati_mam/new model data/kadid10k/images/I27_04_02.png,/data/projectwork/swati_mam/kadid10k/images/I27.png,Color diffusion,NA,2,2.27,val,other,1.0902474,-6.1120944
KADID-10k,I27_04_04,I27,/data/projectwork/swati_mam/new model data/kadid10k/images/I27_04_04.png,/data/projectwork/swati_mam/kadid10k/images/I27.png,Color diffusion,NA,4,1.17,val,other,-41.320118,-13.778639
KADID-10k,I27_04_05,I27,/data/projectwork/swati_mam/new model data/kadid10k/images/I27_04_05.png,/data/projectwork/swati_mam/kadid10k/images/I27.png,Color diffusion,NA,5,1.27,val,other,-61.06495,7.668419
KADID-10k,I27_06_01,I27,/data/projectwork/swati_mam/new model data/kadid10k/images/I27_06_01.png,/data/projectwork/swati_mam/kadid10k/images/I27.png,Color quantization,NA,1,4.37,val,other,16.74212,4.600769
KADID-10k,I27_06_02,I27,/data/projectwork/swati_mam/new model data/kadid10k/images/I27_06_02.png,/data/projectwork/swati_mam/kadid10k/images/I27.png,Color quantization,NA,2,4.1,val,other,1.7005798,7.677333
KADID-10k,I27_06_03,I27,/data/projectwork/swati_mam/new model data/kadid10k/images/I27_06_03.png,/data/projectwork/swati_mam/kadid10k/images/I27.png,Color quantization,NA,3,3.53,val,other,-3.155764,2.0185523
KADID-10k,I27_06_05,I27,/data/projectwork/swati_mam/new model data/kadid10k/images/I27_06_05.png,/data/projectwork/swati_mam/kadid10k/images/I27.png,Color quantization,NA,5,2.17,val,other,-28.09022,-9.303082
KADID-10k,I27_07_03,I27,/data/projectwork/swati_mam/new model data/kadid10k/images/I27_07_03.png,/data/projectwork/swati_mam/kadid10k/images/I27.png,Color saturation 1,NA,3,1.67,val,other,-2.1659045,8.541854
KADID-10k,I27_07_04,I27,/data/projectwork/swati_mam/new model data/kadid10k/images/I27_07_04.png,/data/projectwork/swati_mam/kadid10k/images/I27.png,Color saturation 1,NA,4,2.0,val,other,-2.5224411,8.32195
KADID-10k,I27_05_01,I27,/data/projectwork/swati_mam/new model data/kadid10k/images/I27_05_01.png,/data/projectwork/swati_mam/kadid10k/images/I27.png,Color shift,NA,1,4.0,val,other,23.149612,6.996963
KADID-10k,I27_05_02,I27,/data/projectwork/swati_mam/new model data/kadid10k/images/I27_05_02.png,/data/projectwork/swati_mam/kadid10k/images/I27.png,Color shift,NA,2,1.93,val,other,15.754891,4.5703845
KADID-10k,I27_05_04,I27,/data/projectwork/swati_mam/new model data/kadid10k/images/I27_05_04.png,/data/projectwork/swati_mam/kadid10k/images/I27.png,Color shift,NA,4,1.63,val,other,1.0821396,7.4350033
KADID-10k,I27_25_03,I27,/data/projectwork/swati_mam/new model data/kadid10k/images/I27_25_03.png,/data/projectwork/swati_mam/kadid10k/images/I27.png,Contrast change,NA,3,4.03,val,other,22.710346,6.682414
KADID-10k,I27_25_04,I27,/data/projectwork/swati_mam/new model data/kadid10k/images/I27_25_04.png,/data/projectwork/swati_mam/kadid10k/images/I27.png,Contrast change,NA,4,4.0,val,other,23.403114,6.203044
KADID-10k,I27_25_05,I27,/data/projectwork/swati_mam/new model data/kadid10k/images/I27_25_05.png,/data/projectwork/swati_mam/kadid10k/images/I27.png,Contrast change,NA,5,3.07,val,other,20.098635,5.9930544
KADID-10k,I27_17_03,I27,/data/projectwork/swati_mam/new model data/kadid10k/images/I27_17_03.png,/data/projectwork/swati_mam/kadid10k/images/I27.png,Darken,NA,3,3.97,val,other,26.06392,7.707383
KADID-10k,I27_17_04,I27,/data/projectwork/swati_mam/new model data/kadid10k/images/I27_17_04.png,/data/projectwork/swati_mam/kadid10k/images/I27.png,Darken,NA,4,3.8,val,other,24.111454,5.844751
KADID-10k,I27_15_01,I27,/data/projectwork/swati_mam/new model data/kadid10k/images/I27_15_01.png,/data/projectwork/swati_mam/kadid10k/images/I27.png,Denoise,NA,1,3.77,val,noise,38.938274,14.294641
KADID-10k,I27_15_02,I27,/data/projectwork/swati_mam/new model data/kadid10k/images/I27_15_02.png,/data/projectwork/swati_mam/kadid10k/images/I27.png,Denoise,NA,2,2.4,val,noise,38.75475,14.14418
KADID-10k,I27_15_04,I27,/data/projectwork/swati_mam/new model data/kadid10k/images/I27_15_04.png,/data/projectwork/swati_mam/kadid10k/images/I27.png,Denoise,NA,4,1.77,val,noise,17.181187,4.8696184
KADID-10k,I27_15_05,I27,/data/projectwork/swati_mam/new model data/kadid10k/images/I27_15_05.png,/data/projectwork/swati_mam/kadid10k/images/I27.png,Denoise,NA,5,1.52,val,noise,-33.106457,-9.531279
KADID-10k,I27_01_01,I27,/data/projectwork/swati_mam/new model data/kadid10k/images/I27_01_01.png,/data/projectwork/swati_mam/kadid10k/images/I27.png,Gaussian blur,NA,1,4.53,val,blur,24.175383,6.9522376
KADID-10k,I27_01_03,I27,/data/projectwork/swati_mam/new model data/kadid10k/images/I27_01_03.png,/data/projectwork/swati_mam/kadid10k/images/I27.png,Gaussian blur,NA,3,2.4,val,blur,38.726727,14.224525
KADID-10k,I27_01_04,I27,/data/projectwork/swati_mam/new model data/kadid10k/images/I27_01_04.png,/data/projectwork/swati_mam/kadid10k/images/I27.png,Gaussian blur,NA,4,1.67,val,blur,38.183487,14.069714
KADID-10k,I27_01_05,I27,/data/projectwork/swati_mam/new model data/kadid10k/images/I27_01_05.png,/data/projectwork/swati_mam/kadid10k/images/I27.png,Gaussian blur,NA,5,1.2,val,blur,33.1137,13.834875
KADID-10k,I27_24_02,I27,/data/projectwork/swati_mam/new model data/kadid10k/images/I27_24_02.png,/data/projectwork/swati_mam/kadid10k/images/I27.png,High sharpen,NA,2,2.1,val,HF/sharpen,-27.70593,-9.22711
KADID-10k,I27_24_03,I27,/data/projectwork/swati_mam/new model data/kadid10k/images/I27_24_03.png,/data/projectwork/swati_mam/kadid10k/images/I27.png,High sharpen,NA,3,1.67,val,HF/sharpen,-33.108315,-9.572664
KADID-10k,I27_24_05,I27,/data/projectwork/swati_mam/new model data/kadid10k/images/I27_24_05.png,/data/projectwork/swati_mam/kadid10k/images/I27.png,High sharpen,NA,5,1.13,val,HF/sharpen,-52.06215,2.350639
KADID-10k,I27_13_01,I27,/data/projectwork/swati_mam/new model data/kadid10k/images/I27_13_01.png,/data/projectwork/swati_mam/kadid10k/images/I27.png,Impulse noise,NA,1,3.73,val,noise,22.695885,6.3232126
KADID-10k,I27_13_04,I27,/data/projectwork/swati_mam/new model data/kadid10k/images/I27_13_04.png,/data/projectwork/swati_mam/kadid10k/images/I27.png,Impulse noise,NA,4,2.3,val,noise,-27.095484,-9.272559
KADID-10k,I27_10_03,I27,/data/projectwork/swati_mam/new model data/kadid10k/images/I27_10_03.png,/data/projectwork/swati_mam/kadid10k/images/I27.png,JPEG,NA,3,3.57,val,other,20.431324,5.8864985
KADID-10k,I27_10_04,I27,/data/projectwork/swati_mam/new model data/kadid10k/images/I27_10_04.png,/data/projectwork/swati_mam/kadid10k/images/I27.png,JPEG,NA,4,1.67,val,other,-5.5628858,0.8018201
KADID-10k,I27_10_05,I27,/data/projectwork/swati_mam/new model data/kadid10k/images/I27_10_05.png,/data/projectwork/swati_mam/kadid10k/images/I27.png,JPEG,NA,5,1.47,val,other,-12.293868,-3.3544137
KADID-10k,I27_09_01,I27,/data/projectwork/swati_mam/new model data/kadid10k/images/I27_09_01.png,/data/projectwork/swati_mam/kadid10k/images/I27.png,JPEG2000,NA,1,4.47,val,other,23.822783,7.2358007
KADID-10k,I27_09_02,I27,/data/projectwork/swati_mam/new model data/kadid10k/images/I27_09_02.png,/data/projectwork/swati_mam/kadid10k/images/I27.png,JPEG2000,NA,2,4.23,val,other,23.642874,6.533116
KADID-10k,I27_09_04,I27,/data/projectwork/swati_mam/new model data/kadid10k/images/I27_09_04.png,/data/projectwork/swati_mam/kadid10k/images/I27.png,JPEG2000,NA,4,2.37,val,other,29.755686,16.081476
KADID-10k,I27_09_05,I27,/data/projectwork/swati_mam/new model data/kadid10k/images/I27_09_05.png,/data/projectwork/swati_mam/kadid10k/images/I27.png,JPEG2000,NA,5,1.17,val,other,29.608364,15.811285
KADID-10k,I27_19_04,I27,/data/projectwork/swati_mam/new model data/kadid10k/images/I27_19_04.png,/data/projectwork/swati_mam/kadid10k/images/I27.png,Jitter,NA,4,1.53,val,other,28.759247,14.528615
KADID-10k,I27_02_04,I27,/data/projectwork/swati_mam/new model data/kadid10k/images/I27_02_04.png,/data/projectwork/swati_mam/kadid10k/images/I27.png,Lens blur,NA,4,1.33,val,blur,30.803596,13.533652
KADID-10k,I27_02_05,I27,/data/projectwork/swati_mam/new model data/kadid10k/images/I27_02_05.png,/data/projectwork/swati_mam/kadid10k/images/I27.png,Lens blur,NA,5,1.17,val,blur,30.100218,13.255508
KADID-10k,I27_18_01,I27,/data/projectwork/swati_mam/new model data/kadid10k/images/I27_18_01.png,/data/projectwork/swati_mam/kadid10k/images/I27.png,Mean shift,NA,1,3.6,val,other,19.086975,5.3374634
KADID-10k,I27_18_02,I27,/data/projectwork/swati_mam/new model data/kadid10k/images/I27_18_02.png,/data/projectwork/swati_mam/kadid10k/images/I27.png,Mean shift,NA,2,4.03,val,other,22.85131,6.9784017
KADID-10k,I27_18_03,I27,/data/projectwork/swati_mam/new model data/kadid10k/images/I27_18_03.png,/data/projectwork/swati_mam/kadid10k/images/I27.png,Mean shift,NA,3,4.57,val,other,24.17474,6.957075
KADID-10k,I27_18_05,I27,/data/projectwork/swati_mam/new model data/kadid10k/images/I27_18_05.png,/data/projectwork/swati_mam/kadid10k/images/I27.png,Mean shift,NA,5,4.03,val,other,17.065382,4.227687
KADID-10k,I27_03_01,I27,/data/projectwork/swati_mam/new model data/kadid10k/images/I27_03_01.png,/data/projectwork/swati_mam/kadid10k/images/I27.png,Motion blur,NA,1,4.4,val,blur,24.175383,6.9522376
KADID-10k,I27_03_04,I27,/data/projectwork/swati_mam/new model data/kadid10k/images/I27_03_04.png,/data/projectwork/swati_mam/kadid10k/images/I27.png,Motion blur,NA,4,1.5,val,blur,44.474976,3.0834231
KADID-10k,I27_14_01,I27,/data/projectwork/swati_mam/new model data/kadid10k/images/I27_14_01.png,/data/projectwork/swati_mam/kadid10k/images/I27.png,Multiplicative noise,NA,1,3.67,val,noise,23.32018,6.6259246
KADID-10k,I27_14_02,I27,/data/projectwork/swati_mam/new model data/kadid10k/images/I27_14_02.png,/data/projectwork/swati_mam/kadid10k/images/I27.png,Multiplicative noise,NA,2,2.97,val,noise,-3.0355952,2.030595
KADID-10k,I27_14_03,I27,/data/projectwork/swati_mam/new model data/kadid10k/images/I27_14_03.png,/data/projectwork/swati_mam/kadid10k/images/I27.png,Multiplicative noise,NA,3,2.16,val,noise,-24.518953,-8.238196
KADID-10k,I27_14_05,I27,/data/projectwork/swati_mam/new model data/kadid10k/images/I27_14_05.png,/data/projectwork/swati_mam/kadid10k/images/I27.png,Multiplicative noise,NA,5,1.63,val,noise,-60.09064,6.943938
KADID-10k,I27_20_02,I27,/data/projectwork/swati_mam/new model data/kadid10k/images/I27_20_02.png,/data/projectwork/swati_mam/kadid10k/images/I27.png,Non-eccentricity patch,NA,2,2.77,val,other,23.625679,7.2483597
KADID-10k,I27_20_03,I27,/data/projectwork/swati_mam/new model data/kadid10k/images/I27_20_03.png,/data/projectwork/swati_mam/kadid10k/images/I27.png,Non-eccentricity patch,NA,3,3.47,val,other,24.311533,6.2849317
KADID-10k,I27_20_04,I27,/data/projectwork/swati_mam/new model data/kadid10k/images/I27_20_04.png,/data/projectwork/swati_mam/kadid10k/images/I27.png,Non-eccentricity patch,NA,4,2.23,val,other,15.813968,4.31129
KADID-10k,I27_21_02,I27,/data/projectwork/swati_mam/new model data/kadid10k/images/I27_21_02.png,/data/projectwork/swati_mam/kadid10k/images/I27.png,Pixelate,NA,2,2.13,val,other,1.5839199,7.6173787
KADID-10k,I27_21_04,I27,/data/projectwork/swati_mam/new model data/kadid10k/images/I27_21_04.png,/data/projectwork/swati_mam/kadid10k/images/I27.png,Pixelate,NA,4,1.84,val,other,-18.403738,-6.957554
KADID-10k,I27_22_02,I27,/data/projectwork/swati_mam/new model data/kadid10k/images/I27_22_02.png,/data/projectwork/swati_mam/kadid10k/images/I27.png,Quantization,NA,2,3.7,val,other,19.847336,5.6137075
KADID-10k,I27_22_03,I27,/data/projectwork/swati_mam/new model data/kadid10k/images/I27_22_03.png,/data/projectwork/swati_mam/kadid10k/images/I27.png,Quantization,NA,3,3.4,val,other,16.222967,4.4125576
KADID-10k,I27_22_05,I27,/data/projectwork/swati_mam/new model data/kadid10k/images/I27_22_05.png,/data/projectwork/swati_mam/kadid10k/images/I27.png,Quantization,NA,5,1.97,val,other,-5.729047,0.54918385
KADID-10k,I27_11_01,I27,/data/projectwork/swati_mam/new model data/kadid10k/images/I27_11_01.png,/data/projectwork/swati_mam/kadid10k/images/I27.png,White noise,NA,1,3.23,val,noise,17.292036,4.5726466
KADID-10k,I27_11_03,I27,/data/projectwork/swati_mam/new model data/kadid10k/images/I27_11_03.png,/data/projectwork/swati_mam/kadid10k/images/I27.png,White noise,NA,3,2.63,val,noise,-18.462254,-6.6732235
KADID-10k,I27_11_04,I27,/data/projectwork/swati_mam/new model data/kadid10k/images/I27_11_04.png,/data/projectwork/swati_mam/kadid10k/images/I27.png,White noise,NA,4,2.33,val,noise,-27.091099,-9.249262
KADID-10k,I27_11_05,I27,/data/projectwork/swati_mam/new model data/kadid10k/images/I27_11_05.png,/data/projectwork/swati_mam/kadid10k/images/I27.png,White noise,NA,5,1.87,val,noise,-40.886936,-1.278231
KADID-10k,I27_12_03,I27,/data/projectwork/swati_mam/new model data/kadid10k/images/I27_12_03.png,/data/projectwork/swati_mam/kadid10k/images/I27.png,White noise in color component,NA,3,2.63,val,noise,-18.49216,-6.7850547
KADID-10k,I28_16_01,I28,/data/projectwork/swati_mam/new model data/kadid10k/images/I28_16_01.png,/data/projectwork/swati_mam/kadid10k/images/I28.png,Brighten,NA,1,4.63,val,other,-42.688988,-11.848853
KADID-10k,I28_16_02,I28,/data/projectwork/swati_mam/new model data/kadid10k/images/I28_16_02.png,/data/projectwork/swati_mam/kadid10k/images/I28.png,Brighten,NA,2,4.53,val,other,-40.002132,-12.91994
KADID-10k,I28_16_05,I28,/data/projectwork/swati_mam/new model data/kadid10k/images/I28_16_05.png,/data/projectwork/swati_mam/kadid10k/images/I28.png,Brighten,NA,5,2.3,val,other,-21.972036,-11.352906
KADID-10k,I28_23_02,I28,/data/projectwork/swati_mam/new model data/kadid10k/images/I28_23_02.png,/data/projectwork/swati_mam/kadid10k/images/I28.png,Color block,NA,2,2.03,val,other,-45.278736,-11.029283
KADID-10k,I28_23_04,I28,/data/projectwork/swati_mam/new model data/kadid10k/images/I28_23_04.png,/data/projectwork/swati_mam/kadid10k/images/I28.png,Color block,NA,4,2.27,val,other,-43.455643,-11.345755
KADID-10k,I28_23_05,I28,/data/projectwork/swati_mam/new model data/kadid10k/images/I28_23_05.png,/data/projectwork/swati_mam/kadid10k/images/I28.png,Color block,NA,5,2.03,val,other,-35.478107,-14.407307
KADID-10k,I28_04_01,I28,/data/projectwork/swati_mam/new model data/kadid10k/images/I28_04_01.png,/data/projectwork/swati_mam/kadid10k/images/I28.png,Color diffusion,NA,1,4.17,val,other,-21.11547,-11.651911
KADID-10k,I28_04_02,I28,/data/projectwork/swati_mam/new model data/kadid10k/images/I28_04_02.png,/data/projectwork/swati_mam/kadid10k/images/I28.png,Color diffusion,NA,2,2.43,val,other,-57.920208,2.243082
KADID-10k,I28_06_01,I28,/data/projectwork/swati_mam/new model data/kadid10k/images/I28_06_01.png,/data/projectwork/swati_mam/kadid10k/images/I28.png,Color quantization,NA,1,3.73,val,other,-58.746758,4.6016493
KADID-10k,I28_06_02,I28,/data/projectwork/swati_mam/new model data/kadid10k/images/I28_06_02.png,/data/projectwork/swati_mam/kadid10k/images/I28.png,Color quantization,NA,2,3.6,val,other,-61.248493,7.0211587
KADID-10k,I28_07_01,I28,/data/projectwork/swati_mam/new model data/kadid10k/images/I28_07_01.png,/data/projectwork/swati_mam/kadid10k/images/I28.png,Color saturation 1,NA,1,2.47,val,other,-2.5648522,-4.425468
KADID-10k,I28_07_02,I28,/data/projectwork/swati_mam/new model data/kadid10k/images/I28_07_02.png,/data/projectwork/swati_mam/kadid10k/images/I28.png,Color saturation 1,NA,2,2.4,val,other,4.942557,4.2617264
KADID-10k,I28_07_03,I28,/data/projectwork/swati_mam/new model data/kadid10k/images/I28_07_03.png,/data/projectwork/swati_mam/kadid10k/images/I28.png,Color saturation 1,NA,3,1.93,val,other,10.610644,2.9966588
KADID-10k,I28_07_04,I28,/data/projectwork/swati_mam/new model data/kadid10k/images/I28_07_04.png,/data/projectwork/swati_mam/kadid10k/images/I28.png,Color saturation 1,NA,4,1.87,val,other,16.956852,7.910887
KADID-10k,I28_07_05,I28,/data/projectwork/swati_mam/new model data/kadid10k/images/I28_07_05.png,/data/projectwork/swati_mam/kadid10k/images/I28.png,Color saturation 1,NA,5,2.0,val,other,27.207558,12.31428
KADID-10k,I28_08_01,I28,/data/projectwork/swati_mam/new model data/kadid10k/images/I28_08_01.png,/data/projectwork/swati_mam/kadid10k/images/I28.png,Color saturation 2,NA,1,4.73,val,other,-45.2238,-10.420383
KADID-10k,I28_08_03,I28,/data/projectwork/swati_mam/new model data/kadid10k/images/I28_08_03.png,/data/projectwork/swati_mam/kadid10k/images/I28.png,Color saturation 2,NA,3,2.47,val,other,-61.33577,8.055566
KADID-10k,I28_05_02,I28,/data/projectwork/swati_mam/new model data/kadid10k/images/I28_05_02.png,/data/projectwork/swati_mam/kadid10k/images/I28.png,Color shift,NA,2,3.27,val,other,-53.782036,-1.5416594
KADID-10k,I28_05_03,I28,/data/projectwork/swati_mam/new model data/kadid10k/images/I28_05_03.png,/data/projectwork/swati_mam/kadid10k/images/I28.png,Color shift,NA,3,3.43,val,other,-55.295116,0.18593106
KADID-10k,I28_25_01,I28,/data/projectwork/swati_mam/new model data/kadid10k/images/I28_25_01.png,/data/projectwork/swati_mam/kadid10k/images/I28.png,Contrast change,NA,1,3.48,val,other,-47.460823,-10.413863
KADID-10k,I28_25_02,I28,/data/projectwork/swati_mam/new model data/kadid10k/images/I28_25_02.png,/data/projectwork/swati_mam/kadid10k/images/I28.png,Contrast change,NA,2,4.13,val,other,-46.99301,-10.485178
KADID-10k,I28_25_03,I28,/data/projectwork/swati_mam/new model data/kadid10k/images/I28_25_03.png,/data/projectwork/swati_mam/kadid10k/images/I28.png,Contrast change,NA,3,4.43,val,other,-45.262123,-11.4808855
KADID-10k,I28_25_05,I28,/data/projectwork/swati_mam/new model data/kadid10k/images/I28_25_05.png,/data/projectwork/swati_mam/kadid10k/images/I28.png,Contrast change,NA,5,3.73,val,other,-47.77627,-5.196479
KADID-10k,I28_17_01,I28,/data/projectwork/swati_mam/new model data/kadid10k/images/I28_17_01.png,/data/projectwork/swati_mam/kadid10k/images/I28.png,Darken,NA,1,4.77,val,other,-45.565296,-10.411646
KADID-10k,I28_17_02,I28,/data/projectwork/swati_mam/new model data/kadid10k/images/I28_17_02.png,/data/projectwork/swati_mam/kadid10k/images/I28.png,Darken,NA,2,4.57,val,other,-45.64916,-10.623247
KADID-10k,I28_17_03,I28,/data/projectwork/swati_mam/new model data/kadid10k/images/I28_17_03.png,/data/projectwork/swati_mam/kadid10k/images/I28.png,Darken,NA,3,4.2,val,other,-45.57399,-10.949833
KADID-10k,I28_17_05,I28,/data/projectwork/swati_mam/new model data/kadid10k/images/I28_17_05.png,/data/projectwork/swati_mam/kadid10k/images/I28.png,Darken,NA,5,2.0,val,other,-62.44168,9.1812935
KADID-10k,I28_15_02,I28,/data/projectwork/swati_mam/new model data/kadid10k/images/I28_15_02.png,/data/projectwork/swati_mam/kadid10k/images/I28.png,Denoise,NA,2,3.13,val,noise,-49.513287,-4.5140996
KADID-10k,I28_15_03,I28,/data/projectwork/swati_mam/new model data/kadid10k/images/I28_15_03.png,/data/projectwork/swati_mam/kadid10k/images/I28.png,Denoise,NA,3,2.27,val,noise,-45.834244,-5.9804273
KADID-10k,I28_15_04,I28,/data/projectwork/swati_mam/new model data/kadid10k/images/I28_15_04.png,/data/projectwork/swati_mam/kadid10k/images/I28.png,Denoise,NA,4,1.77,val,noise,-55.59959,2.0300653
KADID-10k,I28_15_05,I28,/data/projectwork/swati_mam/new model data/kadid10k/images/I28_15_05.png,/data/projectwork/swati_mam/kadid10k/images/I28.png,Denoise,NA,5,1.57,val,noise,-60.813293,6.0667825
KADID-10k,I28_01_01,I28,/data/projectwork/swati_mam/new model data/kadid10k/images/I28_01_01.png,/data/projectwork/swati_mam/kadid10k/images/I28.png,Gaussian blur,NA,1,4.57,val,blur,-45.236233,-10.414919
KADID-10k,I28_01_03,I28,/data/projectwork/swati_mam/new model data/kadid10k/images/I28_01_03.png,/data/projectwork/swati_mam/kadid10k/images/I28.png,Gaussian blur,NA,3,4.0,val,blur,-55.151196,1.587482
KADID-10k,I28_01_04,I28,/data/projectwork/swati_mam/new model data/kadid10k/images/I28_01_04.png,/data/projectwork/swati_mam/kadid10k/images/I28.png,Gaussian blur,NA,4,2.19,val,blur,-50.51831,-0.55345654
KADID-10k,I28_24_01,I28,/data/projectwork/swati_mam/new model data/kadid10k/images/I28_24_01.png,/data/projectwork/swati_mam/kadid10k/images/I28.png,High sharpen,NA,1,4.2,val,HF/sharpen,-36.31709,-14.966188
KADID-10k,I28_24_02,I28,/data/projectwork/swati_mam/new model data/kadid10k/images/I28_24_02.png,/data/projectwork/swati_mam/kadid10k/images/I28.png,High sharpen,NA,2,3.0,val,HF/sharpen,-46.243153,-11.970417
KADID-10k,I28_24_03,I28,/data/projectwork/swati_mam/new model data/kadid10k/images/I28_24_03.png,/data/projectwork/swati_mam/kadid10k/images/I28.png,High sharpen,NA,3,2.87,val,HF/sharpen,-53.926785,-3.2557025
KADID-10k,I28_24_04,I28,/data/projectwork/swati_mam/new model data/kadid10k/images/I28_24_04.png,/data/projectwork/swati_mam/kadid10k/images/I28.png,High sharpen,NA,4,2.13,val,HF/sharpen,-61.80862,9.088152
KADID-10k,I28_24_05,I28,/data/projectwork/swati_mam/new model data/kadid10k/images/I28_24_05.png,/data/projectwork/swati_mam/kadid10k/images/I28.png,High sharpen,NA,5,1.6,val,HF/sharpen,-64.32504,11.049456
KADID-10k,I28_13_01,I28,/data/projectwork/swati_mam/new model data/kadid10k/images/I28_13_01.png,/data/projectwork/swati_mam/kadid10k/images/I28.png,Impulse noise,NA,1,3.13,val,noise,-44.91348,-10.774852
KADID-10k,I28_13_02,I28,/data/projectwork/swati_mam/new model data/kadid10k/images/I28_13_02.png,/data/projectwork/swati_mam/kadid10k/images/I28.png,Impulse noise,NA,2,2.83,val,noise,-51.900963,-4.5404468
KADID-10k,I28_13_03,I28,/data/projectwork/swati_mam/new model data/kadid10k/images/I28_13_03.png,/data/projectwork/swati_mam/kadid10k/images/I28.png,Impulse noise,NA,3,2.6,val,noise,-57.63203,3.487267
KADID-10k,I28_13_05,I28,/data/projectwork/swati_mam/new model data/kadid10k/images/I28_13_05.png,/data/projectwork/swati_mam/kadid10k/images/I28.png,Impulse noise,NA,5,2.17,val,noise,-64.17433,10.501581
KADID-10k,I28_10_02,I28,/data/projectwork/swati_mam/new model data/kadid10k/images/I28_10_02.png,/data/projectwork/swati_mam/kadid10k/images/I28.png,JPEG,NA,2,4.13,val,other,-47.938667,-8.151996
KADID-10k,I28_10_04,I28,/data/projectwork/swati_mam/new model data/kadid10k/images/I28_10_04.png,/data/projectwork/swati_mam/kadid10k/images/I28.png,JPEG,NA,4,2.03,val,other,-56.945435,2.6969035
KADID-10k,I28_10_05,I28,/data/projectwork/swati_mam/new model data/kadid10k/images/I28_10_05.png,/data/projectwork/swati_mam/kadid10k/images/I28.png,JPEG,NA,5,1.3,val,other,-58.340046,3.4783182
KADID-10k,I28_09_02,I28,/data/projectwork/swati_mam/new model data/kadid10k/images/I28_09_02.png,/data/projectwork/swati_mam/kadid10k/images/I28.png,JPEG2000,NA,2,4.23,val,other,-48.49064,-7.26476
KADID-10k,I28_09_03,I28,/data/projectwork/swati_mam/new model data/kadid10k/images/I28_09_03.png,/data/projectwork/swati_mam/kadid10k/images/I28.png,JPEG2000,NA,3,4.47,val,other,-45.3269,-9.717615
KADID-10k,I28_09_04,I28,/data/projectwork/swati_mam/new model data/kadid10k/images/I28_09_04.png,/data/projectwork/swati_mam/kadid10k/images/I28.png,JPEG2000,NA,4,3.0,val,other,-50.42216,-4.434232
KADID-10k,I28_09_05,I28,/data/projectwork/swati_mam/new model data/kadid10k/images/I28_09_05.png,/data/projectwork/swati_mam/kadid10k/images/I28.png,JPEG2000,NA,5,1.4,val,other,-46.822464,-3.4949682
KADID-10k,I28_19_01,I28,/data/projectwork/swati_mam/new model data/kadid10k/images/I28_19_01.png,/data/projectwork/swati_mam/kadid10k/images/I28.png,Jitter,NA,1,4.5,val,other,-40.33948,-12.571841
KADID-10k,I28_19_02,I28,/data/projectwork/swati_mam/new model data/kadid10k/images/I28_19_02.png,/data/projectwork/swati_mam/kadid10k/images/I28.png,Jitter,NA,2,4.43,val,other,-40.529972,-12.341084
KADID-10k,I28_19_03,I28,/data/projectwork/swati_mam/new model data/kadid10k/images/I28_19_03.png,/data/projectwork/swati_mam/kadid10k/images/I28.png,Jitter,NA,3,3.77,val,other,-36.953194,-12.864454
KADID-10k,I28_19_04,I28,/data/projectwork/swati_mam/new model data/kadid10k/images/I28_19_04.png,/data/projectwork/swati_mam/kadid10k/images/I28.png,Jitter,NA,4,2.23,val,other,-48.294537,-2.990956
KADID-10k,I28_19_05,I28,/data/projectwork/swati_mam/new model data/kadid10k/images/I28_19_05.png,/data/projectwork/swati_mam/kadid10k/images/I28.png,Jitter,NA,5,1.53,val,other,-50.412655,0.91635764
KADID-10k,I28_02_02,I28,/data/projectwork/swati_mam/new model data/kadid10k/images/I28_02_02.png,/data/projectwork/swati_mam/kadid10k/images/I28.png,Lens blur,NA,2,3.2,val,blur,-54.740723,1.4836124
KADID-10k,I28_02_03,I28,/data/projectwork/swati_mam/new model data/kadid10k/images/I28_02_03.png,/data/projectwork/swati_mam/kadid10k/images/I28.png,Lens blur,NA,3,1.93,val,blur,-50.42004,-0.26592577
KADID-10k,I28_02_04,I28,/data/projectwork/swati_mam/new model data/kadid10k/images/I28_02_04.png,/data/projectwork/swati_mam/kadid10k/images/I28.png,Lens blur,NA,4,1.67,val,blur,-50.95099,0.7349172
KADID-10k,I28_02_05,I28,/data/projectwork/swati_mam/new model data/kadid10k/images/I28_02_05.png,/data/projectwork/swati_mam/kadid10k/images/I28.png,Lens blur,NA,5,1.57,val,blur,-51.51976,1.4740305
KADID-10k,I28_18_02,I28,/data/projectwork/swati_mam/new model data/kadid10k/images/I28_18_02.png,/data/projectwork/swati_mam/kadid10k/images/I28.png,Mean shift,NA,2,4.6,val,other,-44.452763,-11.362497
KADID-10k,I28_18_05,I28,/data/projectwork/swati_mam/new model data/kadid10k/images/I28_18_05.png,/data/projectwork/swati_mam/kadid10k/images/I28.png,Mean shift,NA,5,4.23,val,other,-50.505398,-6.2983756
KADID-10k,I28_03_02,I28,/data/projectwork/swati_mam/new model data/kadid10k/images/I28_03_02.png,/data/projectwork/swati_mam/kadid10k/images/I28.png,Motion blur,NA,2,4.43,val,blur,-49.412056,-5.988986
KADID-10k,I28_03_03,I28,/data/projectwork/swati_mam/new model data/kadid10k/images/I28_03_03.png,/data/projectwork/swati_mam/kadid10k/images/I28.png,Motion blur,NA,3,3.9,val,blur,-50.943382,-4.354241
KADID-10k,I28_03_05,I28,/data/projectwork/swati_mam/new model data/kadid10k/images/I28_03_05.png,/data/projectwork/swati_mam/kadid10k/images/I28.png,Motion blur,NA,5,2.17,val,blur,-50.77568,0.24039689
KADID-10k,I28_14_02,I28,/data/projectwork/swati_mam/new model data/kadid10k/images/I28_14_02.png,/data/projectwork/swati_mam/kadid10k/images/I28.png,Multiplicative noise,NA,2,3.97,val,noise,-57.080555,1.4696102
KADID-10k,I28_14_04,I28,/data/projectwork/swati_mam/new model data/kadid10k/images/I28_14_04.png,/data/projectwork/swati_mam/kadid10k/images/I28.png,Multiplicative noise,NA,4,2.73,val,noise,-62.09603,7.92566
KADID-10k,I28_20_01,I28,/data/projectwork/swati_mam/new model data/kadid10k/images/I28_20_01.png,/data/projectwork/swati_mam/kadid10k/images/I28.png,Non-eccentricity patch,NA,1,4.23,val,other,-41.451946,-12.279137
KADID-10k,I28_20_02,I28,/data/projectwork/swati_mam/new model data/kadid10k/images/I28_20_02.png,/data/projectwork/swati_mam/kadid10k/images/I28.png,Non-eccentricity patch,NA,2,3.5,val,other,-36.271393,-14.219275
KADID-10k,I28_20_03,I28,/data/projectwork/swati_mam/new model data/kadid10k/images/I28_20_03.png,/data/projectwork/swati_mam/kadid10k/images/I28.png,Non-eccentricity patch,NA,3,3.37,val,other,-43.755157,-11.660007
KADID-10k,I28_20_04,I28,/data/projectwork/swati_mam/new model data/kadid10k/images/I28_20_04.png,/data/projectwork/swati_mam/kadid10k/images/I28.png,Non-eccentricity patch,NA,4,3.13,val,other,-42.178352,-12.490788
KADID-10k,I28_20_05,I28,/data/projectwork/swati_mam/new model data/kadid10k/images/I28_20_05.png,/data/projectwork/swati_mam/kadid10k/images/I28.png,Non-eccentricity patch,NA,5,2.93,val,other,-26.434422,-13.201832
KADID-10k,I28_21_01,I28,/data/projectwork/swati_mam/new model data/kadid10k/images/I28_21_01.png,/data/projectwork/swati_mam/kadid10k/images/I28.png,Pixelate,NA,1,4.0,val,other,-44.446022,-9.948355
KADID-10k,I28_21_04,I28,/data/projectwork/swati_mam/new model data/kadid10k/images/I28_21_04.png,/data/projectwork/swati_mam/kadid10k/images/I28.png,Pixelate,NA,4,3.07,val,other,-55.988926,1.3777988
KADID-10k,I28_22_01,I28,/data/projectwork/swati_mam/new model data/kadid10k/images/I28_22_01.png,/data/projectwork/swati_mam/kadid10k/images/I28.png,Quantization,NA,1,4.2,val,other,-50.023777,-6.149204
KADID-10k,I28_22_02,I28,/data/projectwork/swati_mam/new model data/kadid10k/images/I28_22_02.png,/data/projectwork/swati_mam/kadid10k/images/I28.png,Quantization,NA,2,3.53,val,other,-50.299847,-5.9164634
KADID-10k,I28_22_03,I28,/data/projectwork/swati_mam/new model data/kadid10k/images/I28_22_03.png,/data/projectwork/swati_mam/kadid10k/images/I28.png,Quantization,NA,3,3.67,val,other,-54.61793,-1.7920983
KADID-10k,I28_22_04,I28,/data/projectwork/swati_mam/new model data/kadid10k/images/I28_22_04.png,/data/projectwork/swati_mam/kadid10k/images/I28.png,Quantization,NA,4,2.93,val,other,-56.043488,0.11521285
KADID-10k,I28_22_05,I28,/data/projectwork/swati_mam/new model data/kadid10k/images/I28_22_05.png,/data/projectwork/swati_mam/kadid10k/images/I28.png,Quantization,NA,5,2.3,val,other,-55.947704,-0.18376796
KADID-10k,I28_11_01,I28,/data/projectwork/swati_mam/new model data/kadid10k/images/I28_11_01.png,/data/projectwork/swati_mam/kadid10k/images/I28.png,White noise,NA,1,4.1,val,noise,-55.21464,-1.1583238
KADID-10k,I28_11_02,I28,/data/projectwork/swati_mam/new model data/kadid10k/images/I28_11_02.png,/data/projectwork/swati_mam/kadid10k/images/I28.png,White noise,NA,2,3.47,val,noise,-57.871113,3.843658
KADID-10k,I28_11_03,I28,/data/projectwork/swati_mam/new model data/kadid10k/images/I28_11_03.png,/data/projectwork/swati_mam/kadid10k/images/I28.png,White noise,NA,3,2.93,val,noise,-60.191326,6.137756
KADID-10k,I28_11_04,I28,/data/projectwork/swati_mam/new model data/kadid10k/images/I28_11_04.png,/data/projectwork/swati_mam/kadid10k/images/I28.png,White noise,NA,4,2.7,val,noise,-62.39364,8.894131
KADID-10k,I28_12_01,I28,/data/projectwork/swati_mam/new model data/kadid10k/images/I28_12_01.png,/data/projectwork/swati_mam/kadid10k/images/I28.png,White noise in color component,NA,1,4.47,val,noise,-49.790833,-6.320065
KADID-10k,I28_12_02,I28,/data/projectwork/swati_mam/new model data/kadid10k/images/I28_12_02.png,/data/projectwork/swati_mam/kadid10k/images/I28.png,White noise in color component,NA,2,3.6,val,noise,-56.38287,0.29881927
KADID-10k,I28_12_05,I28,/data/projectwork/swati_mam/new model data/kadid10k/images/I28_12_05.png,/data/projectwork/swati_mam/kadid10k/images/I28.png,White noise in color component,NA,5,2.5,val,noise,-64.57837,10.612519
KADID-10k,I30_16_01,I30,/data/projectwork/swati_mam/new model data/kadid10k/images/I30_16_01.png,/data/projectwork/swati_mam/kadid10k/images/I30.png,Brighten,NA,1,4.63,val,other,47.39683,-17.931633
KADID-10k,I30_16_02,I30,/data/projectwork/swati_mam/new model data/kadid10k/images/I30_16_02.png,/data/projectwork/swati_mam/kadid10k/images/I30.png,Brighten,NA,2,4.2,val,other,47.048126,-17.528912
KADID-10k,I30_16_03,I30,/data/projectwork/swati_mam/new model data/kadid10k/images/I30_16_03.png,/data/projectwork/swati_mam/kadid10k/images/I30.png,Brighten,NA,3,3.6,val,other,42.799923,-14.573606
KADID-10k,I30_23_01,I30,/data/projectwork/swati_mam/new model data/kadid10k/images/I30_23_01.png,/data/projectwork/swati_mam/kadid10k/images/I30.png,Color block,NA,1,2.33,val,other,45.790226,-17.55831
KADID-10k,I30_23_02,I30,/data/projectwork/swati_mam/new model data/kadid10k/images/I30_23_02.png,/data/projectwork/swati_mam/kadid10k/images/I30.png,Color block,NA,2,2.13,val,other,42.56667,-14.850765
KADID-10k,I30_23_03,I30,/data/projectwork/swati_mam/new model data/kadid10k/images/I30_23_03.png,/data/projectwork/swati_mam/kadid10k/images/I30.png,Color block,NA,3,2.27,val,other,42.887295,-15.616901
KADID-10k,I30_23_04,I30,/data/projectwork/swati_mam/new model data/kadid10k/images/I30_23_04.png,/data/projectwork/swati_mam/kadid10k/images/I30.png,Color block,NA,4,2.13,val,other,44.00597,-15.8440485
KADID-10k,I30_06_01,I30,/data/projectwork/swati_mam/new model data/kadid10k/images/I30_06_01.png,/data/projectwork/swati_mam/kadid10k/images/I30.png,Color quantization,NA,1,4.4,val,other,38.847603,-5.524615
KADID-10k,I30_06_04,I30,/data/projectwork/swati_mam/new model data/kadid10k/images/I30_06_04.png,/data/projectwork/swati_mam/kadid10k/images/I30.png,Color quantization,NA,4,3.83,val,other,31.556852,-2.1784804
KADID-10k,I30_06_05,I30,/data/projectwork/swati_mam/new model data/kadid10k/images/I30_06_05.png,/data/projectwork/swati_mam/kadid10k/images/I30.png,Color quantization,NA,5,3.13,val,other,10.59339,-3.4346569
KADID-10k,I30_07_04,I30,/data/projectwork/swati_mam/new model data/kadid10k/images/I30_07_04.png,/data/projectwork/swati_mam/kadid10k/images/I30.png,Color saturation 1,NA,4,2.19,val,other,0.54991466,2.1070054
KADID-10k,I30_05_01,I30,/data/projectwork/swati_mam/new model data/kadid10k/images/I30_05_01.png,/data/projectwork/swati_mam/kadid10k/images/I30.png,Color shift,NA,1,4.77,val,other,46.86013,-18.64428
KADID-10k,I30_05_04,I30,/data/projectwork/swati_mam/new model data/kadid10k/images/I30_05_04.png,/data/projectwork/swati_mam/kadid10k/images/I30.png,Color shift,NA,4,2.8,val,other,39.022537,-5.646956
KADID-10k,I30_05_05,I30,/data/projectwork/swati_mam/new model data/kadid10k/images/I30_05_05.png,/data/projectwork/swati_mam/kadid10k/images/I30.png,Color shift,NA,5,2.5,val,other,38.733383,-5.3836594
KADID-10k,I30_25_01,I30,/data/projectwork/swati_mam/new model data/kadid10k/images/I30_25_01.png,/data/projectwork/swati_mam/kadid10k/images/I30.png,Contrast change,NA,1,3.63,val,other,24.860891,-1.1216512
KADID-10k,I30_25_02,I30,/data/projectwork/swati_mam/new model data/kadid10k/images/I30_25_02.png,/data/projectwork/swati_mam/kadid10k/images/I30.png,Contrast change,NA,2,4.4,val,other,34.553738,-3.9402292
KADID-10k,I30_25_04,I30,/data/projectwork/swati_mam/new model data/kadid10k/images/I30_25_04.png,/data/projectwork/swati_mam/kadid10k/images/I30.png,Contrast change,NA,4,4.4,val,other,50.046047,-18.413965
KADID-10k,I30_25_05,I30,/data/projectwork/swati_mam/new model data/kadid10k/images/I30_25_05.png,/data/projectwork/swati_mam/kadid10k/images/I30.png,Contrast change,NA,5,3.73,val,other,50.162228,-18.363155
KADID-10k,I30_17_01,I30,/data/projectwork/swati_mam/new model data/kadid10k/images/I30_17_01.png,/data/projectwork/swati_mam/kadid10k/images/I30.png,Darken,NA,1,4.73,val,other,45.625664,-18.596472
KADID-10k,I30_17_02,I30,/data/projectwork/swati_mam/new model data/kadid10k/images/I30_17_02.png,/data/projectwork/swati_mam/kadid10k/images/I30.png,Darken,NA,2,4.5,val,other,44.98376,-18.171963
KADID-10k,I30_17_05,I30,/data/projectwork/swati_mam/new model data/kadid10k/images/I30_17_05.png,/data/projectwork/swati_mam/kadid10k/images/I30.png,Darken,NA,5,2.67,val,other,11.915422,-3.240575
KADID-10k,I30_15_01,I30,/data/projectwork/swati_mam/new model data/kadid10k/images/I30_15_01.png,/data/projectwork/swati_mam/kadid10k/images/I30.png,Denoise,NA,1,3.87,val,noise,44.445633,-17.545307
KADID-10k,I30_15_02,I30,/data/projectwork/swati_mam/new model data/kadid10k/images/I30_15_02.png,/data/projectwork/swati_mam/kadid10k/images/I30.png,Denoise,NA,2,2.6,val,noise,44.11744,-16.474585
KADID-10k,I30_15_03,I30,/data/projectwork/swati_mam/new model data/kadid10k/images/I30_15_03.png,/data/projectwork/swati_mam/kadid10k/images/I30.png,Denoise,NA,3,2.13,val,noise,39.123566,-5.8401413
KADID-10k,I30_15_04,I30,/data/projectwork/swati_mam/new model data/kadid10k/images/I30_15_04.png,/data/projectwork/swati_mam/kadid10k/images/I30.png,Denoise,NA,4,1.33,val,noise,37.180035,-4.189416
KADID-10k,I30_15_05,I30,/data/projectwork/swati_mam/new model data/kadid10k/images/I30_15_05.png,/data/projectwork/swati_mam/kadid10k/images/I30.png,Denoise,NA,5,1.3,val,noise,23.799156,0.4522481
KADID-10k,I30_01_01,I30,/data/projectwork/swati_mam/new model data/kadid10k/images/I30_01_01.png,/data/projectwork/swati_mam/kadid10k/images/I30.png,Gaussian blur,NA,1,4.6,val,blur,45.997265,-17.053867
KADID-10k,I30_01_02,I30,/data/projectwork/swati_mam/new model data/kadid10k/images/I30_01_02.png,/data/projectwork/swati_mam/kadid10k/images/I30.png,Gaussian blur,NA,2,4.6,val,blur,46.382607,-18.594929
KADID-10k,I30_01_03,I30,/data/projectwork/swati_mam/new model data/kadid10k/images/I30_01_03.png,/data/projectwork/swati_mam/kadid10k/images/I30.png,Gaussian blur,NA,3,3.93,val,blur,47.887314,-18.492239
KADID-10k,I30_01_04,I30,/data/projectwork/swati_mam/new model data/kadid10k/images/I30_01_04.png,/data/projectwork/swati_mam/kadid10k/images/I30.png,Gaussian blur,NA,4,2.63,val,blur,50.21153,-18.429382
KADID-10k,I30_01_05,I30,/data/projectwork/swati_mam/new model data/kadid10k/images/I30_01_05.png,/data/projectwork/swati_mam/kadid10k/images/I30.png,Gaussian blur,NA,5,1.26,val,blur,51.577557,-18.384161
KADID-10k,I30_24_01,I30,/data/projectwork/swati_mam/new model data/kadid10k/images/I30_24_01.png,/data/projectwork/swati_mam/kadid10k/images/I30.png,High sharpen,NA,1,4.33,val,HF/sharpen,37.2208,-4.379139
KADID-10k,I30_24_03,I30,/data/projectwork/swati_mam/new model data/kadid10k/images/I30_24_03.png,/data/projectwork/swati_mam/kadid10k/images/I30.png,High sharpen,NA,3,3.07,val,HF/sharpen,22.113161,0.12677965
KADID-10k,I30_24_04,I30,/data/projectwork/swati_mam/new model data/kadid10k/images/I30_24_04.png,/data/projectwork/swati_mam/kadid10k/images/I30.png,High sharpen,NA,4,2.2,val,HF/sharpen,-16.39177,-10.606909
KADID-10k,I30_13_01,I30,/data/projectwork/swati_mam/new model data/kadid10k/images/I30_13_01.png,/data/projectwork/swati_mam/kadid10k/images/I30.png,Impulse noise,NA,1,3.77,val,noise,44.597485,-17.05226
KADID-10k,I30_13_02,I30,/data/projectwork/swati_mam/new model data/kadid10k/images/I30_13_02.png,/data/projectwork/swati_mam/kadid10k/images/I30.png,Impulse noise,NA,2,2.97,val,noise,37.669056,-4.5790625
KADID-10k,I30_13_04,I30,/data/projectwork/swati_mam/new model data/kadid10k/images/I30_13_04.png,/data/projectwork/swati_mam/kadid10k/images/I30.png,Impulse noise,NA,4,2.63,val,noise,-16.357939,-10.452985
KADID-10k,I30_13_05,I30,/data/projectwork/swati_mam/new model data/kadid10k/images/I30_13_05.png,/data/projectwork/swati_mam/kadid10k/images/I30.png,Impulse noise,NA,5,2.26,val,noise,-29.278622,-13.985297
KADID-10k,I30_10_01,I30,/data/projectwork/swati_mam/new model data/kadid10k/images/I30_10_01.png,/data/projectwork/swati_mam/kadid10k/images/I30.png,JPEG,NA,1,4.53,val,other,45.640224,-17.859362
KADID-10k,I30_10_03,I30,/data/projectwork/swati_mam/new model data/kadid10k/images/I30_10_03.png,/data/projectwork/swati_mam/kadid10k/images/I30.png,JPEG,NA,3,4.37,val,other,43.96155,-16.964088
KADID-10k,I30_09_01,I30,/data/projectwork/swati_mam/new model data/kadid10k/images/I30_09_01.png,/data/projectwork/swati_mam/kadid10k/images/I30.png,JPEG2000,NA,1,4.68,val,other,45.97797,-18.418724
KADID-10k,I30_09_03,I30,/data/projectwork/swati_mam/new model data/kadid10k/images/I30_09_03.png,/data/projectwork/swati_mam/kadid10k/images/I30.png,JPEG2000,NA,3,4.73,val,other,45.36524,-17.711998
KADID-10k,I30_19_01,I30,/data/projectwork/swati_mam/new model data/kadid10k/images/I30_19_01.png,/data/projectwork/swati_mam/kadid10k/images/I30.png,Jitter,NA,1,4.9,val,other,46.52167,-17.825348
KADID-10k,I30_19_02,I30,/data/projectwork/swati_mam/new model data/kadid10k/images/I30_19_02.png,/data/projectwork/swati_mam/kadid10k/images/I30.png,Jitter,NA,2,4.6,val,other,46.38856,-17.152885
KADID-10k,I30_19_04,I30,/data/projectwork/swati_mam/new model data/kadid10k/images/I30_19_04.png,/data/projectwork/swati_mam/kadid10k/images/I30.png,Jitter,NA,4,2.53,val,other,44.76832,-16.382818
KADID-10k,I30_02_03,I30,/data/projectwork/swati_mam/new model data/kadid10k/images/I30_02_03.png,/data/projectwork/swati_mam/kadid10k/images/I30.png,Lens blur,NA,3,2.2,val,blur,50.601494,-18.411629
KADID-10k,I30_02_04,I30,/data/projectwork/swati_mam/new model data/kadid10k/images/I30_02_04.png,/data/projectwork/swati_mam/kadid10k/images/I30.png,Lens blur,NA,4,1.77,val,blur,51.31279,-18.387905
KADID-10k,I30_18_02,I30,/data/projectwork/swati_mam/new model data/kadid10k/images/I30_18_02.png,/data/projectwork/swati_mam/kadid10k/images/I30.png,Mean shift,NA,2,4.53,val,other,44.958504,-16.568968
KADID-10k,I30_18_03,I30,/data/projectwork/swati_mam/new model data/kadid10k/images/I30_18_03.png,/data/projectwork/swati_mam/kadid10k/images/I30.png,Mean shift,NA,3,4.83,val,other,45.997265,-17.053867
KADID-10k,I30_18_05,I30,/data/projectwork/swati_mam/new model data/kadid10k/images/I30_18_05.png,/data/projectwork/swati_mam/kadid10k/images/I30.png,Mean shift,NA,5,4.3,val,other,35.144497,-4.0811477
KADID-10k,I30_03_01,I30,/data/projectwork/swati_mam/new model data/kadid10k/images/I30_03_01.png,/data/projectwork/swati_mam/kadid10k/images/I30.png,Motion blur,NA,1,4.67,val,blur,45.373352,-18.371187
KADID-10k,I30_03_03,I30,/data/projectwork/swati_mam/new model data/kadid10k/images/I30_03_03.png,/data/projectwork/swati_mam/kadid10k/images/I30.png,Motion blur,NA,3,3.7,val,blur,48.39535,-18.387892
KADID-10k,I30_03_04,I30,/data/projectwork/swati_mam/new model data/kadid10k/images/I30_03_04.png,/data/projectwork/swati_mam/kadid10k/images/I30.png,Motion blur,NA,4,3.0,val,blur,49.614834,-18.414227
KADID-10k,I30_14_02,I30,/data/projectwork/swati_mam/new model data/kadid10k/images/I30_14_02.png,/data/projectwork/swati_mam/kadid10k/images/I30.png,Multiplicative noise,NA,2,3.17,val,noise,35.106453,-3.845471
KADID-10k,I30_20_03,I30,/data/projectwork/swati_mam/new model data/kadid10k/images/I30_20_03.png,/data/projectwork/swati_mam/kadid10k/images/I30.png,Non-eccentricity patch,NA,3,3.8,val,other,48.41512,-18.249516
KADID-10k,I30_20_04,I30,/data/projectwork/swati_mam/new model data/kadid10k/images/I30_20_04.png,/data/projectwork/swati_mam/kadid10k/images/I30.png,Non-eccentricity patch,NA,4,3.81,val,other,43.056877,-15.062029
KADID-10k,I30_20_05,I30,/data/projectwork/swati_mam/new model data/kadid10k/images/I30_20_05.png,/data/projectwork/swati_mam/kadid10k/images/I30.png,Non-eccentricity patch,NA,5,3.03,val,other,43.511574,-16.312996
KADID-10k,I30_21_01,I30,/data/projectwork/swati_mam/new model data/kadid10k/images/I30_21_01.png,/data/projectwork/swati_mam/kadid10k/images/I30.png,Pixelate,NA,1,4.27,val,other,47.10607,-18.372898
KADID-10k,I30_21_02,I30,/data/projectwork/swati_mam/new model data/kadid10k/images/I30_21_02.png,/data/projectwork/swati_mam/kadid10k/images/I30.png,Pixelate,NA,2,3.73,val,other,44.238785,-17.441774
KADID-10k,I30_21_03,I30,/data/projectwork/swati_mam/new model data/kadid10k/images/I30_21_03.png,/data/projectwork/swati_mam/kadid10k/images/I30.png,Pixelate,NA,3,3.68,val,other,43.380215,-15.483002
KADID-10k,I30_21_04,I30,/data/projectwork/swati_mam/new model data/kadid10k/images/I30_21_04.png,/data/projectwork/swati_mam/kadid10k/images/I30.png,Pixelate,NA,4,3.73,val,other,42.593792,-15.091053
KADID-10k,I30_22_01,I30,/data/projectwork/swati_mam/new model data/kadid10k/images/I30_22_01.png,/data/projectwork/swati_mam/kadid10k/images/I30.png,Quantization,NA,1,4.3,val,other,46.228756,-17.862577
KADID-10k,I30_22_02,I30,/data/projectwork/swati_mam/new model data/kadid10k/images/I30_22_02.png,/data/projectwork/swati_mam/kadid10k/images/I30.png,Quantization,NA,2,3.67,val,other,45.027893,-17.061436
KADID-10k,I30_11_01,I30,/data/projectwork/swati_mam/new model data/kadid10k/images/I30_11_01.png,/data/projectwork/swati_mam/kadid10k/images/I30.png,White noise,NA,1,3.67,val,noise,37.71917,-4.6423535
KADID-10k,I30_11_04,I30,/data/projectwork/swati_mam/new model data/kadid10k/images/I30_11_04.png,/data/projectwork/swati_mam/kadid10k/images/I30.png,White noise,NA,4,2.73,val,noise,-0.6781135,-7.1026525
KADID-10k,I30_11_05,I30,/data/projectwork/swati_mam/new model data/kadid10k/images/I30_11_05.png,/data/projectwork/swati_mam/kadid10k/images/I30.png,White noise,NA,5,2.32,val,noise,-52.573437,-3.2757611
KADID-10k,I30_12_01,I30,/data/projectwork/swati_mam/new model data/kadid10k/images/I30_12_01.png,/data/projectwork/swati_mam/kadid10k/images/I30.png,White noise in color component,NA,1,4.43,val,noise,43.034294,-15.841472
KADID-10k,I30_12_03,I30,/data/projectwork/swati_mam/new model data/kadid10k/images/I30_12_03.png,/data/projectwork/swati_mam/kadid10k/images/I30.png,White noise in color component,NA,3,3.03,val,noise,10.458527,-3.3970778
KADID-10k,I35_16_01,I35,/data/projectwork/swati_mam/new model data/kadid10k/images/I35_16_01.png,/data/projectwork/swati_mam/kadid10k/images/I35.png,Brighten,NA,1,4.73,val,other,51.44884,-0.93297744
KADID-10k,I35_16_04,I35,/data/projectwork/swati_mam/new model data/kadid10k/images/I35_16_04.png,/data/projectwork/swati_mam/kadid10k/images/I35.png,Brighten,NA,4,2.57,val,other,46.46119,2.4889536
KADID-10k,I35_23_01,I35,/data/projectwork/swati_mam/new model data/kadid10k/images/I35_23_01.png,/data/projectwork/swati_mam/kadid10k/images/I35.png,Color block,NA,1,2.6,val,other,49.46385,0.17702626
KADID-10k,I35_23_02,I35,/data/projectwork/swati_mam/new model data/kadid10k/images/I35_23_02.png,/data/projectwork/swati_mam/kadid10k/images/I35.png,Color block,NA,2,3.17,val,other,52.352177,-3.054513
KADID-10k,I35_23_03,I35,/data/projectwork/swati_mam/new model data/kadid10k/images/I35_23_03.png,/data/projectwork/swati_mam/kadid10k/images/I35.png,Color block,NA,3,2.63,val,other,50.81385,-0.5742371
KADID-10k,I35_04_04,I35,/data/projectwork/swati_mam/new model data/kadid10k/images/I35_04_04.png,/data/projectwork/swati_mam/kadid10k/images/I35.png,Color diffusion,NA,4,1.97,val,other,-26.503532,-7.3732357
KADID-10k,I35_04_05,I35,/data/projectwork/swati_mam/new model data/kadid10k/images/I35_04_05.png,/data/projectwork/swati_mam/kadid10k/images/I35.png,Color diffusion,NA,5,1.77,val,other,-42.19662,0.77188987
KADID-10k,I35_06_02,I35,/data/projectwork/swati_mam/new model data/kadid10k/images/I35_06_02.png,/data/projectwork/swati_mam/kadid10k/images/I35.png,Color quantization,NA,2,3.93,val,other,37.22308,14.074863
KADID-10k,I35_06_04,I35,/data/projectwork/swati_mam/new model data/kadid10k/images/I35_06_04.png,/data/projectwork/swati_mam/kadid10k/images/I35.png,Color quantization,NA,4,2.97,val,other,4.1966066,10.615091
KADID-10k,I35_06_05,I35,/data/projectwork/swati_mam/new model data/kadid10k/images/I35_06_05.png,/data/projectwork/swati_mam/kadid10k/images/I35.png,Color quantization,NA,5,2.7,val,other,-9.8263035,-1.701717
KADID-10k,I35_07_03,I35,/data/projectwork/swati_mam/new model data/kadid10k/images/I35_07_03.png,/data/projectwork/swati_mam/kadid10k/images/I35.png,Color saturation 1,NA,3,2.07,val,other,50.625477,-1.9470615
KADID-10k,I35_08_01,I35,/data/projectwork/swati_mam/new model data/kadid10k/images/I35_08_01.png,/data/projectwork/swati_mam/kadid10k/images/I35.png,Color saturation 2,NA,1,4.5,val,other,51.25734,-1.2524937
KADID-10k,I35_08_02,I35,/data/projectwork/swati_mam/new model data/kadid10k/images/I35_08_02.png,/data/projectwork/swati_mam/kadid10k/images/I35.png,Color saturation 2,NA,2,3.83,val,other,41.998737,4.8940024
KADID-10k,I35_08_03,I35,/data/projectwork/swati_mam/new model data/kadid10k/images/I35_08_03.png,/data/projectwork/swati_mam/kadid10k/images/I35.png,Color saturation 2,NA,3,2.87,val,other,3.9950042,11.230344
KADID-10k,I35_08_04,I35,/data/projectwork/swati_mam/new model data/kadid10k/images/I35_08_04.png,/data/projectwork/swati_mam/kadid10k/images/I35.png,Color saturation 2,NA,4,2.43,val,other,-32.517536,6.738036
KADID-10k,I35_08_05,I35,/data/projectwork/swati_mam/new model data/kadid10k/images/I35_08_05.png,/data/projectwork/swati_mam/kadid10k/images/I35.png,Color saturation 2,NA,5,1.47,val,other,-41.748188,0.9605788
KADID-10k,I35_05_01,I35,/data/projectwork/swati_mam/new model data/kadid10k/images/I35_05_01.png,/data/projectwork/swati_mam/kadid10k/images/I35.png,Color shift,NA,1,4.23,val,other,48.679993,0.63503486
KADID-10k,I35_05_02,I35,/data/projectwork/swati_mam/new model data/kadid10k/images/I35_05_02.png,/data/projectwork/swati_mam/kadid10k/images/I35.png,Color shift,NA,2,3.4,val,other,48.328632,1.556652
KADID-10k,I35_05_03,I35,/data/projectwork/swati_mam/new model data/kadid10k/images/I35_05_03.png,/data/projectwork/swati_mam/kadid10k/images/I35.png,Color shift,NA,3,2.3,val,other,44.971867,3.544733
KADID-10k,I35_05_05,I35,/data/projectwork/swati_mam/new model data/kadid10k/images/I35_05_05.png,/data/projectwork/swati_mam/kadid10k/images/I35.png,Color shift,NA,5,2.8,val,other,42.422653,4.597631
KADID-10k,I35_25_01,I35,/data/projectwork/swati_mam/new model data/kadid10k/images/I35_25_01.png,/data/projectwork/swati_mam/kadid10k/images/I35.png,Contrast change,NA,1,3.53,val,other,51.908947,-3.0146723
KADID-10k,I35_25_02,I35,/data/projectwork/swati_mam/new model data/kadid10k/images/I35_25_02.png,/data/projectwork/swati_mam/kadid10k/images/I35.png,Contrast change,NA,2,4.37,val,other,52.124832,-3.072842
KADID-10k,I35_25_04,I35,/data/projectwork/swati_mam/new model data/kadid10k/images/I35_25_04.png,/data/projectwork/swati_mam/kadid10k/images/I35.png,Contrast change,NA,4,4.47,val,other,48.364223,1.2558999
KADID-10k,I35_17_03,I35,/data/projectwork/swati_mam/new model data/kadid10k/images/I35_17_03.png,/data/projectwork/swati_mam/kadid10k/images/I35.png,Darken,NA,3,4.63,val,other,51.520275,-2.2543206
KADID-10k,I35_17_04,I35,/data/projectwork/swati_mam/new model data/kadid10k/images/I35_17_04.png,/data/projectwork/swati_mam/kadid10k/images/I35.png,Darken,NA,4,4.13,val,other,50.96861,-1.6501709
KADID-10k,I35_17_05,I35,/data/projectwork/swati_mam/new model data/kadid10k/images/I35_17_05.png,/data/projectwork/swati_mam/kadid10k/images/I35.png,Darken,NA,5,2.57,val,other,36.43223,11.976473
KADID-10k,I35_15_03,I35,/data/projectwork/swati_mam/new model data/kadid10k/images/I35_15_03.png,/data/projectwork/swati_mam/kadid10k/images/I35.png,Denoise,NA,3,2.53,val,noise,42.91097,4.689129
KADID-10k,I35_15_04,I35,/data/projectwork/swati_mam/new model data/kadid10k/images/I35_15_04.png,/data/projectwork/swati_mam/kadid10k/images/I35.png,Denoise,NA,4,2.1,val,noise,21.482235,12.431405
KADID-10k,I35_15_05,I35,/data/projectwork/swati_mam/new model data/kadid10k/images/I35_15_05.png,/data/projectwork/swati_mam/kadid10k/images/I35.png,Denoise,NA,5,1.63,val,noise,-5.64954,2.508345
KADID-10k,I35_01_02,I35,/data/projectwork/swati_mam/new model data/kadid10k/images/I35_01_02.png,/data/projectwork/swati_mam/kadid10k/images/I35.png,Gaussian blur,NA,2,4.5,val,blur,45.58546,3.3572595
KADID-10k,I35_01_03,I35,/data/projectwork/swati_mam/new model data/kadid10k/images/I35_01_03.png,/data/projectwork/swati_mam/kadid10k/images/I35.png,Gaussian blur,NA,3,3.2,val,blur,32.097687,15.409255
KADID-10k,I35_01_04,I35,/data/projectwork/swati_mam/new model data/kadid10k/images/I35_01_04.png,/data/projectwork/swati_mam/kadid10k/images/I35.png,Gaussian blur,NA,4,1.97,val,blur,21.356703,12.959607
KADID-10k,I35_01_05,I35,/data/projectwork/swati_mam/new model data/kadid10k/images/I35_01_05.png,/data/projectwork/swati_mam/kadid10k/images/I35.png,Gaussian blur,NA,5,1.33,val,blur,-16.093674,-3.6072502
KADID-10k,I35_24_01,I35,/data/projectwork/swati_mam/new model data/kadid10k/images/I35_24_01.png,/data/projectwork/swati_mam/kadid10k/images/I35.png,High sharpen,NA,1,3.63,val,HF/sharpen,56.302208,-15.773549
KADID-10k,I35_24_03,I35,/data/projectwork/swati_mam/new model data/kadid10k/images/I35_24_03.png,/data/projectwork/swati_mam/kadid10k/images/I35.png,High sharpen,NA,3,2.17,val,HF/sharpen,52.60984,-4.3558373
KADID-10k,I35_24_04,I35,/data/projectwork/swati_mam/new model data/kadid10k/images/I35_24_04.png,/data/projectwork/swati_mam/kadid10k/images/I35.png,High sharpen,NA,4,1.67,val,HF/sharpen,45.654236,1.7328548
KADID-10k,I35_13_01,I35,/data/projectwork/swati_mam/new model data/kadid10k/images/I35_13_01.png,/data/projectwork/swati_mam/kadid10k/images/I35.png,Impulse noise,NA,1,3.53,val,noise,49.373367,0.07835784
KADID-10k,I35_13_02,I35,/data/projectwork/swati_mam/new model data/kadid10k/images/I35_13_02.png,/data/projectwork/swati_mam/kadid10k/images/I35.png,Impulse noise,NA,2,3.03,val,noise,44.851986,4.1614604
KADID-10k,I35_10_02,I35,/data/projectwork/swati_mam/new model data/kadid10k/images/I35_10_02.png,/data/projectwork/swati_mam/kadid10k/images/I35.png,JPEG,NA,2,4.43,val,other,42.489895,5.115236
KADID-10k,I35_10_03,I35,/data/projectwork/swati_mam/new model data/kadid10k/images/I35_10_03.png,/data/projectwork/swati_mam/kadid10k/images/I35.png,JPEG,NA,3,4.07,val,other,47.617416,1.976216
KADID-10k,I35_09_01,I35,/data/projectwork/swati_mam/new model data/kadid10k/images/I35_09_01.png,/data/projectwork/swati_mam/kadid10k/images/I35.png,JPEG2000,NA,1,4.77,val,other,51.62097,-2.0546057
KADID-10k,I35_09_02,I35,/data/projectwork/swati_mam/new model data/kadid10k/images/I35_09_02.png,/data/projectwork/swati_mam/kadid10k/images/I35.png,JPEG2000,NA,2,4.73,val,other,51.66159,-1.1208833
KADID-10k,I35_09_03,I35,/data/projectwork/swati_mam/new model data/kadid10k/images/I35_09_03.png,/data/projectwork/swati_mam/kadid10k/images/I35.png,JPEG2000,NA,3,4.0,val,other,44.695312,3.773178
KADID-10k,I35_09_04,I35,/data/projectwork/swati_mam/new model data/kadid10k/images/I35_09_04.png,/data/projectwork/swati_mam/kadid10k/images/I35.png,JPEG2000,NA,4,2.53,val,other,20.248943,12.010535
KADID-10k,I35_19_01,I35,/data/projectwork/swati_mam/new model data/kadid10k/images/I35_19_01.png,/data/projectwork/swati_mam/kadid10k/images/I35.png,Jitter,NA,1,4.67,val,other,50.433414,-0.6431652
KADID-10k,I35_19_02,I35,/data/projectwork/swati_mam/new model data/kadid10k/images/I35_19_02.png,/data/projectwork/swati_mam/kadid10k/images/I35.png,Jitter,NA,2,4.43,val,other,50.76849,-0.9788029
KADID-10k,I35_19_04,I35,/data/projectwork/swati_mam/new model data/kadid10k/images/I35_19_04.png,/data/projectwork/swati_mam/kadid10k/images/I35.png,Jitter,NA,4,2.17,val,other,37.031666,14.882297
KADID-10k,I35_19_05,I35,/data/projectwork/swati_mam/new model data/kadid10k/images/I35_19_05.png,/data/projectwork/swati_mam/kadid10k/images/I35.png,Jitter,NA,5,1.53,val,other,31.117065,15.203153
KADID-10k,I35_02_02,I35,/data/projectwork/swati_mam/new model data/kadid10k/images/I35_02_02.png,/data/projectwork/swati_mam/kadid10k/images/I35.png,Lens blur,NA,2,3.03,val,blur,30.723143,15.130694
KADID-10k,I35_02_03,I35,/data/projectwork/swati_mam/new model data/kadid10k/images/I35_02_03.png,/data/projectwork/swati_mam/kadid10k/images/I35.png,Lens blur,NA,3,1.9,val,blur,20.9762,13.086599
KADID-10k,I35_02_04,I35,/data/projectwork/swati_mam/new model data/kadid10k/images/I35_02_04.png,/data/projectwork/swati_mam/kadid10k/images/I35.png,Lens blur,NA,4,1.37,val,blur,-7.9702797,3.039873
KADID-10k,I35_02_05,I35,/data/projectwork/swati_mam/new model data/kadid10k/images/I35_02_05.png,/data/projectwork/swati_mam/kadid10k/images/I35.png,Lens blur,NA,5,1.5,val,blur,-16.10414,-3.6617522
KADID-10k,I35_18_01,I35,/data/projectwork/swati_mam/new model data/kadid10k/images/I35_18_01.png,/data/projectwork/swati_mam/kadid10k/images/I35.png,Mean shift,NA,1,4.23,val,other,52.809746,-3.8210294
KADID-10k,I35_18_04,I35,/data/projectwork/swati_mam/new model data/kadid10k/images/I35_18_04.png,/data/projectwork/swati_mam/kadid10k/images/I35.png,Mean shift,NA,4,4.6,val,other,50.19241,0.008383541
KADID-10k,I35_18_05,I35,/data/projectwork/swati_mam/new model data/kadid10k/images/I35_18_05.png,/data/projectwork/swati_mam/kadid10k/images/I35.png,Mean shift,NA,5,4.4,val,other,49.1258,1.294431
KADID-10k,I35_03_01,I35,/data/projectwork/swati_mam/new model data/kadid10k/images/I35_03_01.png,/data/projectwork/swati_mam/kadid10k/images/I35.png,Motion blur,NA,1,4.7,val,blur,51.03127,-1.4300387
KADID-10k,I35_03_02,I35,/data/projectwork/swati_mam/new model data/kadid10k/images/I35_03_02.png,/data/projectwork/swati_mam/kadid10k/images/I35.png,Motion blur,NA,2,4.53,val,blur,42.836678,4.927799
KADID-10k,I35_03_04,I35,/data/projectwork/swati_mam/new model data/kadid10k/images/I35_03_04.png,/data/projectwork/swati_mam/kadid10k/images/I35.png,Motion blur,NA,4,2.47,val,blur,36.36473,14.587737
KADID-10k,I35_03_05,I35,/data/projectwork/swati_mam/new model data/kadid10k/images/I35_03_05.png,/data/projectwork/swati_mam/kadid10k/images/I35.png,Motion blur,NA,5,1.9,val,blur,30.114859,14.650074
KADID-10k,I35_14_02,I35,/data/projectwork/swati_mam/new model data/kadid10k/images/I35_14_02.png,/data/projectwork/swati_mam/kadid10k/images/I35.png,Multiplicative noise,NA,2,3.23,val,noise,37.082607,13.664059
KADID-10k,I35_14_03,I35,/data/projectwork/swati_mam/new model data/kadid10k/images/I35_14_03.png,/data/projectwork/swati_mam/kadid10k/images/I35.png,Multiplicative noise,NA,3,2.77,val,noise,20.442274,10.307605
KADID-10k,I35_14_04,I35,/data/projectwork/swati_mam/new model data/kadid10k/images/I35_14_04.png,/data/projectwork/swati_mam/kadid10k/images/I35.png,Multiplicative noise,NA,4,2.6,val,noise,-10.658268,-2.6771512
KADID-10k,I35_14_05,I35,/data/projectwork/swati_mam/new model data/kadid10k/images/I35_14_05.png,/data/projectwork/swati_mam/kadid10k/images/I35.png,Multiplicative noise,NA,5,2.0,val,noise,-29.428427,-11.439617
KADID-10k,I35_20_02,I35,/data/projectwork/swati_mam/new model data/kadid10k/images/I35_20_02.png,/data/projectwork/swati_mam/kadid10k/images/I35.png,Non-eccentricity patch,NA,2,3.87,val,other,49.41716,1.1908323
KADID-10k,I35_20_03,I35,/data/projectwork/swati_mam/new model data/kadid10k/images/I35_20_03.png,/data/projectwork/swati_mam/kadid10k/images/I35.png,Non-eccentricity patch,NA,3,3.81,val,other,49.892776,0.605536
KADID-10k,I35_21_01,I35,/data/projectwork/swati_mam/new model data/kadid10k/images/I35_21_01.png,/data/projectwork/swati_mam/kadid10k/images/I35.png,Pixelate,NA,1,4.37,val,other,52.0696,-1.6270835
KADID-10k,I35_21_03,I35,/data/projectwork/swati_mam/new model data/kadid10k/images/I35_21_03.png,/data/projectwork/swati_mam/kadid10k/images/I35.png,Pixelate,NA,3,3.43,val,other,45.092487,3.5162535
KADID-10k,I35_21_05,I35,/data/projectwork/swati_mam/new model data/kadid10k/images/I35_21_05.png,/data/projectwork/swati_mam/kadid10k/images/I35.png,Pixelate,NA,5,1.55,val,other,41.242138,5.3793535
KADID-10k,I35_22_01,I35,/data/projectwork/swati_mam/new model data/kadid10k/images/I35_22_01.png,/data/projectwork/swati_mam/kadid10k/images/I35.png,Quantization,NA,1,3.83,val,other,49.703728,0.6827731
KADID-10k,I35_22_02,I35,/data/projectwork/swati_mam/new model data/kadid10k/images/I35_22_02.png,/data/projectwork/swati_mam/kadid10k/images/I35.png,Quantization,NA,2,3.93,val,other,48.032818,2.0340133
KADID-10k,I35_22_04,I35,/data/projectwork/swati_mam/new model data/kadid10k/images/I35_22_04.png,/data/projectwork/swati_mam/kadid10k/images/I35.png,Quantization,NA,4,3.0,val,other,48.945,0.84739006
KADID-10k,I35_22_05,I35,/data/projectwork/swati_mam/new model data/kadid10k/images/I35_22_05.png,/data/projectwork/swati_mam/kadid10k/images/I35.png,Quantization,NA,5,2.37,val,other,43.61309,4.487499
KADID-10k,I35_11_01,I35,/data/projectwork/swati_mam/new model data/kadid10k/images/I35_11_01.png,/data/projectwork/swati_mam/kadid10k/images/I35.png,White noise,NA,1,3.8,val,noise,43.18902,5.0822067
KADID-10k,I35_11_03,I35,/data/projectwork/swati_mam/new model data/kadid10k/images/I35_11_03.png,/data/projectwork/swati_mam/kadid10k/images/I35.png,White noise,NA,3,3.2,val,noise,20.077154,10.43007
KADID-10k,I35_11_04,I35,/data/projectwork/swati_mam/new model data/kadid10k/images/I35_11_04.png,/data/projectwork/swati_mam/kadid10k/images/I35.png,White noise,NA,4,2.47,val,noise,-10.099205,-1.7441634
KADID-10k,I35_11_05,I35,/data/projectwork/swati_mam/new model data/kadid10k/images/I35_11_05.png,/data/projectwork/swati_mam/kadid10k/images/I35.png,White noise,NA,5,2.4,val,noise,-28.500444,-10.622093
KADID-10k,I35_12_01,I35,/data/projectwork/swati_mam/new model data/kadid10k/images/I35_12_01.png,/data/projectwork/swati_mam/kadid10k/images/I35.png,White noise in color component,NA,1,4.47,val,noise,49.01064,0.3253174
KADID-10k,I35_12_02,I35,/data/projectwork/swati_mam/new model data/kadid10k/images/I35_12_02.png,/data/projectwork/swati_mam/kadid10k/images/I35.png,White noise in color component,NA,2,3.63,val,noise,27.050638,13.241581
KADID-10k,I35_12_03,I35,/data/projectwork/swati_mam/new model data/kadid10k/images/I35_12_03.png,/data/projectwork/swati_mam/kadid10k/images/I35.png,White noise in color component,NA,3,2.7,val,noise,19.979755,10.285252
KADID-10k,I35_12_05,I35,/data/projectwork/swati_mam/new model data/kadid10k/images/I35_12_05.png,/data/projectwork/swati_mam/kadid10k/images/I35.png,White noise in color component,NA,5,2.17,val,noise,-28.126337,-10.410047
KADID-10k,I42_16_02,I42,/data/projectwork/swati_mam/new model data/kadid10k/images/I42_16_02.png,/data/projectwork/swati_mam/kadid10k/images/I42.png,Brighten,NA,2,4.33,val,other,8.618837,12.622775
KADID-10k,I42_16_04,I42,/data/projectwork/swati_mam/new model data/kadid10k/images/I42_16_04.png,/data/projectwork/swati_mam/kadid10k/images/I42.png,Brighten,NA,4,2.93,val,other,13.281224,13.658178
KADID-10k,I42_16_05,I42,/data/projectwork/swati_mam/new model data/kadid10k/images/I42_16_05.png,/data/projectwork/swati_mam/kadid10k/images/I42.png,Brighten,NA,5,1.9,val,other,12.599792,13.48017
KADID-10k,I42_23_01,I42,/data/projectwork/swati_mam/new model data/kadid10k/images/I42_23_01.png,/data/projectwork/swati_mam/kadid10k/images/I42.png,Color block,NA,1,3.1,val,other,-1.0279428,7.120842
KADID-10k,I42_23_02,I42,/data/projectwork/swati_mam/new model data/kadid10k/images/I42_23_02.png,/data/projectwork/swati_mam/kadid10k/images/I42.png,Color block,NA,2,2.37,val,other,-2.7687266,6.195484
KADID-10k,I42_23_05,I42,/data/projectwork/swati_mam/new model data/kadid10k/images/I42_23_05.png,/data/projectwork/swati_mam/kadid10k/images/I42.png,Color block,NA,5,1.6,val,other,-12.396849,-3.7929544
KADID-10k,I42_04_02,I42,/data/projectwork/swati_mam/new model data/kadid10k/images/I42_04_02.png,/data/projectwork/swati_mam/kadid10k/images/I42.png,Color diffusion,NA,2,2.33,val,other,-1.3870786,7.741382
KADID-10k,I42_04_03,I42,/data/projectwork/swati_mam/new model data/kadid10k/images/I42_04_03.png,/data/projectwork/swati_mam/kadid10k/images/I42.png,Color diffusion,NA,3,1.37,val,other,-14.839941,-2.6847281
KADID-10k,I42_04_04,I42,/data/projectwork/swati_mam/new model data/kadid10k/images/I42_04_04.png,/data/projectwork/swati_mam/kadid10k/images/I42.png,Color diffusion,NA,4,1.27,val,other,-33.775066,-9.819869
KADID-10k,I42_06_04,I42,/data/projectwork/swati_mam/new model data/kadid10k/images/I42_06_04.png,/data/projectwork/swati_mam/kadid10k/images/I42.png,Color quantization,NA,4,2.77,val,other,-22.904268,-8.608678
KADID-10k,I42_07_05,I42,/data/projectwork/swati_mam/new model data/kadid10k/images/I42_07_05.png,/data/projectwork/swati_mam/kadid10k/images/I42.png,Color saturation 1,NA,5,2.2,val,other,1.0996552,2.0781817
KADID-10k,I42_08_01,I42,/data/projectwork/swati_mam/new model data/kadid10k/images/I42_08_01.png,/data/projectwork/swati_mam/kadid10k/images/I42.png,Color saturation 2,NA,1,4.7,val,other,-3.1070094,5.860939
KADID-10k,I42_08_02,I42,/data/projectwork/swati_mam/new model data/kadid10k/images/I42_08_02.png,/data/projectwork/swati_mam/kadid10k/images/I42.png,Color saturation 2,NA,2,3.17,val,other,-15.385372,-2.479164
KADID-10k,I42_08_05,I42,/data/projectwork/swati_mam/new model data/kadid10k/images/I42_08_05.png,/data/projectwork/swati_mam/kadid10k/images/I42.png,Color saturation 2,NA,5,1.47,val,other,-50.387543,-0.12906879
KADID-10k,I42_25_01,I42,/data/projectwork/swati_mam/new model data/kadid10k/images/I42_25_01.png,/data/projectwork/swati_mam/kadid10k/images/I42.png,Contrast change,NA,1,3.13,val,other,-9.491248,-0.46021953
KADID-10k,I42_25_02,I42,/data/projectwork/swati_mam/new model data/kadid10k/images/I42_25_02.png,/data/projectwork/swati_mam/kadid10k/images/I42.png,Contrast change,NA,2,3.87,val,other,-6.137353,2.5703723
KADID-10k,I42_25_05,I42,/data/projectwork/swati_mam/new model data/kadid10k/images/I42_25_05.png,/data/projectwork/swati_mam/kadid10k/images/I42.png,Contrast change,NA,5,3.1,val,other,12.103291,13.876695
KADID-10k,I42_17_01,I42,/data/projectwork/swati_mam/new model data/kadid10k/images/I42_17_01.png,/data/projectwork/swati_mam/kadid10k/images/I42.png,Darken,NA,1,4.73,val,other,-3.6621075,5.528097
KADID-10k,I42_17_04,I42,/data/projectwork/swati_mam/new model data/kadid10k/images/I42_17_04.png,/data/projectwork/swati_mam/kadid10k/images/I42.png,Darken,NA,4,3.66,val,other,-13.87151,-2.1562479
KADID-10k,I42_17_05,I42,/data/projectwork/swati_mam/new model data/kadid10k/images/I42_17_05.png,/data/projectwork/swati_mam/kadid10k/images/I42.png,Darken,NA,5,1.77,val,other,-25.152317,-7.7781367
KADID-10k,I42_15_01,I42,/data/projectwork/swati_mam/new model data/kadid10k/images/I42_15_01.png,/data/projectwork/swati_mam/kadid10k/images/I42.png,Denoise,NA,1,4.03,val,noise,9.578458,12.987947
KADID-10k,I42_15_03,I42,/data/projectwork/swati_mam/new model data/kadid10k/images/I42_15_03.png,/data/projectwork/swati_mam/kadid10k/images/I42.png,Denoise,NA,3,2.13,val,noise,-3.6657462,7.2197146
KADID-10k,I42_15_05,I42,/data/projectwork/swati_mam/new model data/kadid10k/images/I42_15_05.png,/data/projectwork/swati_mam/kadid10k/images/I42.png,Denoise,NA,5,1.5,val,noise,-40.45014,-6.500369
KADID-10k,I42_01_03,I42,/data/projectwork/swati_mam/new model data/kadid10k/images/I42_01_03.png,/data/projectwork/swati_mam/kadid10k/images/I42.png,Gaussian blur,NA,3,3.23,val,blur,-7.7168303,3.496915
KADID-10k,I42_01_04,I42,/data/projectwork/swati_mam/new model data/kadid10k/images/I42_01_04.png,/data/projectwork/swati_mam/kadid10k/images/I42.png,Gaussian blur,NA,4,2.07,val,blur,-15.704775,-2.6586602
KADID-10k,I42_01_05,I42,/data/projectwork/swati_mam/new model data/kadid10k/images/I42_01_05.png,/data/projectwork/swati_mam/kadid10k/images/I42.png,Gaussian blur,NA,5,1.4,val,blur,-25.239958,-6.7254353
KADID-10k,I42_24_01,I42,/data/projectwork/swati_mam/new model data/kadid10k/images/I42_24_01.png,/data/projectwork/swati_mam/kadid10k/images/I42.png,High sharpen,NA,1,3.23,val,HF/sharpen,-6.700165,1.1775694
KADID-10k,I42_24_03,I42,/data/projectwork/swati_mam/new model data/kadid10k/images/I42_24_03.png,/data/projectwork/swati_mam/kadid10k/images/I42.png,High sharpen,NA,3,2.3,val,HF/sharpen,-28.518616,-9.008284
KADID-10k,I42_10_02,I42,/data/projectwork/swati_mam/new model data/kadid10k/images/I42_10_02.png,/data/projectwork/swati_mam/kadid10k/images/I42.png,JPEG,NA,2,4.33,val,other,-6.937443,3.038755
KADID-10k,I42_10_03,I42,/data/projectwork/swati_mam/new model data/kadid10k/images/I42_10_03.png,/data/projectwork/swati_mam/kadid10k/images/I42.png,JPEG,NA,3,3.8,val,other,-5.4159894,4.3220654
KADID-10k,I42_10_04,I42,/data/projectwork/swati_mam/new model data/kadid10k/images/I42_10_04.png,/data/projectwork/swati_mam/kadid10k/images/I42.png,JPEG,NA,4,2.3,val,other,-22.575518,-7.441523
KADID-10k,I42_10_05,I42,/data/projectwork/swati_mam/new model data/kadid10k/images/I42_10_05.png,/data/projectwork/swati_mam/kadid10k/images/I42.png,JPEG,NA,5,1.43,val,other,-22.147291,-7.0032606
KADID-10k,I42_09_01,I42,/data/projectwork/swati_mam/new model data/kadid10k/images/I42_09_01.png,/data/projectwork/swati_mam/kadid10k/images/I42.png,JPEG2000,NA,1,4.73,val,other,-2.5427332,6.6690006
KADID-10k,I42_19_01,I42,/data/projectwork/swati_mam/new model data/kadid10k/images/I42_19_01.png,/data/projectwork/swati_mam/kadid10k/images/I42.png,Jitter,NA,1,4.37,val,other,9.064309,12.368203
KADID-10k,I42_19_02,I42,/data/projectwork/swati_mam/new model data/kadid10k/images/I42_19_02.png,/data/projectwork/swati_mam/kadid10k/images/I42.png,Jitter,NA,2,4.5,val,other,-1.9500581,6.4807763
KADID-10k,I42_19_05,I42,/data/projectwork/swati_mam/new model data/kadid10k/images/I42_19_05.png,/data/projectwork/swati_mam/kadid10k/images/I42.png,Jitter,NA,5,1.43,val,other,-22.541174,-7.890542
KADID-10k,I42_02_01,I42,/data/projectwork/swati_mam/new model data/kadid10k/images/I42_02_01.png,/data/projectwork/swati_mam/kadid10k/images/I42.png,Lens blur,NA,1,4.07,val,blur,-5.629074,4.55213
KADID-10k,I42_02_02,I42,/data/projectwork/swati_mam/new model data/kadid10k/images/I42_02_02.png,/data/projectwork/swati_mam/kadid10k/images/I42.png,Lens blur,NA,2,3.13,val,blur,-8.143747,3.361666
KADID-10k,I42_02_03,I42,/data/projectwork/swati_mam/new model data/kadid10k/images/I42_02_03.png,/data/projectwork/swati_mam/kadid10k/images/I42.png,Lens blur,NA,3,1.63,val,blur,-16.892218,-3.6597054
KADID-10k,I42_18_01,I42,/data/projectwork/swati_mam/new model data/kadid10k/images/I42_18_01.png,/data/projectwork/swati_mam/kadid10k/images/I42.png,Mean shift,NA,1,4.5,val,other,8.413518,12.447857
KADID-10k,I42_18_02,I42,/data/projectwork/swati_mam/new model data/kadid10k/images/I42_18_02.png,/data/projectwork/swati_mam/kadid10k/images/I42.png,Mean shift,NA,2,4.7,val,other,-1.5478313,6.8392334
KADID-10k,I42_18_03,I42,/data/projectwork/swati_mam/new model data/kadid10k/images/I42_18_03.png,/data/projectwork/swati_mam/kadid10k/images/I42.png,Mean shift,NA,3,4.77,val,other,-3.1070094,5.860939
KADID-10k,I42_18_05,I42,/data/projectwork/swati_mam/new model data/kadid10k/images/I42_18_05.png,/data/projectwork/swati_mam/kadid10k/images/I42.png,Mean shift,NA,5,3.93,val,other,-13.858542,-2.8078306
KADID-10k,I42_03_01,I42,/data/projectwork/swati_mam/new model data/kadid10k/images/I42_03_01.png,/data/projectwork/swati_mam/kadid10k/images/I42.png,Motion blur,NA,1,4.77,val,blur,-3.1070094,5.860939
KADID-10k,I42_03_04,I42,/data/projectwork/swati_mam/new model data/kadid10k/images/I42_03_04.png,/data/projectwork/swati_mam/kadid10k/images/I42.png,Motion blur,NA,4,2.33,val,blur,-7.0854373,3.9789896
KADID-10k,I42_14_01,I42,/data/projectwork/swati_mam/new model data/kadid10k/images/I42_14_01.png,/data/projectwork/swati_mam/kadid10k/images/I42.png,Multiplicative noise,NA,1,4.37,val,noise,-5.0467024,4.464719
KADID-10k,I42_14_02,I42,/data/projectwork/swati_mam/new model data/kadid10k/images/I42_14_02.png,/data/projectwork/swati_mam/kadid10k/images/I42.png,Multiplicative noise,NA,2,4.07,val,noise,-14.936077,-3.8142602
KADID-10k,I42_14_03,I42,/data/projectwork/swati_mam/new model data/kadid10k/images/I42_14_03.png,/data/projectwork/swati_mam/kadid10k/images/I42.png,Multiplicative noise,NA,3,3.23,val,noise,-21.61271,-7.558815
KADID-10k,I42_14_04,I42,/data/projectwork/swati_mam/new model data/kadid10k/images/I42_14_04.png,/data/projectwork/swati_mam/kadid10k/images/I42.png,Multiplicative noise,NA,4,2.93,val,noise,-33.83905,-9.835231
KADID-10k,I42_14_05,I42,/data/projectwork/swati_mam/new model data/kadid10k/images/I42_14_05.png,/data/projectwork/swati_mam/kadid10k/images/I42.png,Multiplicative noise,NA,5,2.33,val,noise,-60.075993,3.5185788
KADID-10k,I42_20_03,I42,/data/projectwork/swati_mam/new model data/kadid10k/images/I42_20_03.png,/data/projectwork/swati_mam/kadid10k/images/I42.png,Non-eccentricity patch,NA,3,3.3,val,other,-13.401631,-3.5085945
KADID-10k,I42_21_01,I42,/data/projectwork/swati_mam/new model data/kadid10k/images/I42_21_01.png,/data/projectwork/swati_mam/kadid10k/images/I42.png,Pixelate,NA,1,3.42,val,other,-3.0947373,6.481014
KADID-10k,I42_21_04,I42,/data/projectwork/swati_mam/new model data/kadid10k/images/I42_21_04.png,/data/projectwork/swati_mam/kadid10k/images/I42.png,Pixelate,NA,4,2.67,val,other,-25.120436,-9.548125
KADID-10k,I42_22_02,I42,/data/projectwork/swati_mam/new model data/kadid10k/images/I42_22_02.png,/data/projectwork/swati_mam/kadid10k/images/I42.png,Quantization,NA,2,4.77,val,other,-4.027245,5.3249354
KADID-10k,I42_11_02,I42,/data/projectwork/swati_mam/new model data/kadid10k/images/I42_11_02.png,/data/projectwork/swati_mam/kadid10k/images/I42.png,White noise,NA,2,3.6,val,noise,-22.57305,-7.896174
KADID-10k,I42_11_04,I42,/data/projectwork/swati_mam/new model data/kadid10k/images/I42_11_04.png,/data/projectwork/swati_mam/kadid10k/images/I42.png,White noise,NA,4,3.0,val,noise,-40.004253,-7.2760115
KADID-10k,I42_11_05,I42,/data/projectwork/swati_mam/new model data/kadid10k/images/I42_11_05.png,/data/projectwork/swati_mam/kadid10k/images/I42.png,White noise,NA,5,2.47,val,noise,-52.540367,1.3065544
KADID-10k,I42_12_01,I42,/data/projectwork/swati_mam/new model data/kadid10k/images/I42_12_01.png,/data/projectwork/swati_mam/kadid10k/images/I42.png,White noise in color component,NA,1,4.73,val,noise,-6.033961,3.6747284
KADID-10k,I42_12_02,I42,/data/projectwork/swati_mam/new model data/kadid10k/images/I42_12_02.png,/data/projectwork/swati_mam/kadid10k/images/I42.png,White noise in color component,NA,2,3.83,val,noise,-21.227911,-7.40549
KADID-10k,I45_16_03,I45,/data/projectwork/swati_mam/new model data/kadid10k/images/I45_16_03.png,/data/projectwork/swati_mam/kadid10k/images/I45.png,Brighten,NA,3,3.7,val,other,22.762848,13.381396
KADID-10k,I45_16_05,I45,/data/projectwork/swati_mam/new model data/kadid10k/images/I45_16_05.png,/data/projectwork/swati_mam/kadid10k/images/I45.png,Brighten,NA,5,1.47,val,other,10.566115,13.774126
KADID-10k,I45_23_01,I45,/data/projectwork/swati_mam/new model data/kadid10k/images/I45_23_01.png,/data/projectwork/swati_mam/kadid10k/images/I45.png,Color block,NA,1,4.03,val,other,35.48106,15.034775
KADID-10k,I45_23_02,I45,/data/projectwork/swati_mam/new model data/kadid10k/images/I45_23_02.png,/data/projectwork/swati_mam/kadid10k/images/I45.png,Color block,NA,2,2.77,val,other,37.62884,15.980778
KADID-10k,I45_23_03,I45,/data/projectwork/swati_mam/new model data/kadid10k/images/I45_23_03.png,/data/projectwork/swati_mam/kadid10k/images/I45.png,Color block,NA,3,2.4,val,other,30.927773,14.226026
KADID-10k,I45_23_05,I45,/data/projectwork/swati_mam/new model data/kadid10k/images/I45_23_05.png,/data/projectwork/swati_mam/kadid10k/images/I45.png,Color block,NA,5,1.97,val,other,28.08634,13.597011
KADID-10k,I45_04_05,I45,/data/projectwork/swati_mam/new model data/kadid10k/images/I45_04_05.png,/data/projectwork/swati_mam/kadid10k/images/I45.png,Color diffusion,NA,5,1.3,val,other,-59.9532,2.602841
KADID-10k,I45_06_01,I45,/data/projectwork/swati_mam/new model data/kadid10k/images/I45_06_01.png,/data/projectwork/swati_mam/kadid10k/images/I45.png,Color quantization,NA,1,3.33,val,other,18.92293,11.170928
KADID-10k,I45_06_03,I45,/data/projectwork/swati_mam/new model data/kadid10k/images/I45_06_03.png,/data/projectwork/swati_mam/kadid10k/images/I45.png,Color quantization,NA,3,2.5,val,other,5.289091,6.936552
KADID-10k,I45_07_02,I45,/data/projectwork/swati_mam/new model data/kadid10k/images/I45_07_02.png,/data/projectwork/swati_mam/kadid10k/images/I45.png,Color saturation 1,NA,2,2.67,val,other,21.535126,11.528444
KADID-10k,I45_07_03,I45,/data/projectwork/swati_mam/new model data/kadid10k/images/I45_07_03.png,/data/projectwork/swati_mam/kadid10k/images/I45.png,Color saturation 1,NA,3,2.3,val,other,19.210178,10.760105
KADID-10k,I45_07_05,I45,/data/projectwork/swati_mam/new model data/kadid10k/images/I45_07_05.png,/data/projectwork/swati_mam/kadid10k/images/I45.png,Color saturation 1,NA,5,1.93,val,other,9.904513,10.134033
KADID-10k,I45_08_03,I45,/data/projectwork/swati_mam/new model data/kadid10k/images/I45_08_03.png,/data/projectwork/swati_mam/kadid10k/images/I45.png,Color saturation 2,NA,3,2.63,val,other,21.638775,10.903647
KADID-10k,I45_08_04,I45,/data/projectwork/swati_mam/new model data/kadid10k/images/I45_08_04.png,/data/projectwork/swati_mam/kadid10k/images/I45.png,Color saturation 2,NA,4,1.37,val,other,-18.029703,-9.133041
KADID-10k,I45_05_01,I45,/data/projectwork/swati_mam/new model data/kadid10k/images/I45_05_01.png,/data/projectwork/swati_mam/kadid10k/images/I45.png,Color shift,NA,1,3.8,val,other,36.4932,15.548511
KADID-10k,I45_05_02,I45,/data/projectwork/swati_mam/new model data/kadid10k/images/I45_05_02.png,/data/projectwork/swati_mam/kadid10k/images/I45.png,Color shift,NA,2,2.69,val,other,35.294857,15.589122
KADID-10k,I45_05_03,I45,/data/projectwork/swati_mam/new model data/kadid10k/images/I45_05_03.png,/data/projectwork/swati_mam/kadid10k/images/I45.png,Color shift,NA,3,1.63,val,other,34.154106,15.402543
KADID-10k,I45_25_01,I45,/data/projectwork/swati_mam/new model data/kadid10k/images/I45_25_01.png,/data/projectwork/swati_mam/kadid10k/images/I45.png,Contrast change,NA,1,3.4,val,other,27.64324,13.626358
KADID-10k,I45_25_02,I45,/data/projectwork/swati_mam/new model data/kadid10k/images/I45_25_02.png,/data/projectwork/swati_mam/kadid10k/images/I45.png,Contrast change,NA,2,3.8,val,other,31.59079,14.601754
KADID-10k,I45_25_03,I45,/data/projectwork/swati_mam/new model data/kadid10k/images/I45_25_03.png,/data/projectwork/swati_mam/kadid10k/images/I45.png,Contrast change,NA,3,4.27,val,other,35.989803,15.2816515
KADID-10k,I45_25_04,I45,/data/projectwork/swati_mam/new model data/kadid10k/images/I45_25_04.png,/data/projectwork/swati_mam/kadid10k/images/I45.png,Contrast change,NA,4,4.27,val,other,35.59631,15.274858
KADID-10k,I45_17_03,I45,/data/projectwork/swati_mam/new model data/kadid10k/images/I45_17_03.png,/data/projectwork/swati_mam/kadid10k/images/I45.png,Darken,NA,3,4.17,val,other,42.03113,5.6834188
KADID-10k,I45_15_04,I45,/data/projectwork/swati_mam/new model data/kadid10k/images/I45_15_04.png,/data/projectwork/swati_mam/kadid10k/images/I45.png,Denoise,NA,4,1.47,val,noise,21.560535,13.476466
KADID-10k,I45_15_05,I45,/data/projectwork/swati_mam/new model data/kadid10k/images/I45_15_05.png,/data/projectwork/swati_mam/kadid10k/images/I45.png,Denoise,NA,5,1.3,val,noise,-17.073765,-4.8520083
KADID-10k,I45_01_03,I45,/data/projectwork/swati_mam/new model data/kadid10k/images/I45_01_03.png,/data/projectwork/swati_mam/kadid10k/images/I45.png,Gaussian blur,NA,3,2.63,val,blur,32.667065,15.675183
KADID-10k,I45_01_04,I45,/data/projectwork/swati_mam/new model data/kadid10k/images/I45_01_04.png,/data/projectwork/swati_mam/kadid10k/images/I45.png,Gaussian blur,NA,4,1.45,val,blur,14.009502,14.190182
KADID-10k,I45_24_02,I45,/data/projectwork/swati_mam/new model data/kadid10k/images/I45_24_02.png,/data/projectwork/swati_mam/kadid10k/images/I45.png,High sharpen,NA,2,2.53,val,HF/sharpen,-13.73218,-1.3611302
KADID-10k,I45_24_03,I45,/data/projectwork/swati_mam/new model data/kadid10k/images/I45_24_03.png,/data/projectwork/swati_mam/kadid10k/images/I45.png,High sharpen,NA,3,2.1,val,HF/sharpen,-25.52141,-8.014942
KADID-10k,I45_24_04,I45,/data/projectwork/swati_mam/new model data/kadid10k/images/I45_24_04.png,/data/projectwork/swati_mam/kadid10k/images/I45.png,High sharpen,NA,4,1.53,val,HF/sharpen,-40.83809,-0.18264203
KADID-10k,I45_24_05,I45,/data/projectwork/swati_mam/new model data/kadid10k/images/I45_24_05.png,/data/projectwork/swati_mam/kadid10k/images/I45.png,High sharpen,NA,5,1.37,val,HF/sharpen,-59.707836,7.77092
KADID-10k,I45_13_01,I45,/data/projectwork/swati_mam/new model data/kadid10k/images/I45_13_01.png,/data/projectwork/swati_mam/kadid10k/images/I45.png,Impulse noise,NA,1,3.37,val,noise,34.011997,14.87425
KADID-10k,I45_13_02,I45,/data/projectwork/swati_mam/new model data/kadid10k/images/I45_13_02.png,/data/projectwork/swati_mam/kadid10k/images/I45.png,Impulse noise,NA,2,2.8,val,noise,22.394857,11.8226595
KADID-10k,I45_13_04,I45,/data/projectwork/swati_mam/new model data/kadid10k/images/I45_13_04.png,/data/projectwork/swati_mam/kadid10k/images/I45.png,Impulse noise,NA,4,2.37,val,noise,-10.995195,-1.48854
KADID-10k,I45_10_02,I45,/data/projectwork/swati_mam/new model data/kadid10k/images/I45_10_02.png,/data/projectwork/swati_mam/kadid10k/images/I45.png,JPEG,NA,2,4.06,val,other,32.03975,14.804573
KADID-10k,I45_10_03,I45,/data/projectwork/swati_mam/new model data/kadid10k/images/I45_10_03.png,/data/projectwork/swati_mam/kadid10k/images/I45.png,JPEG,NA,3,3.58,val,other,33.059204,14.670018
KADID-10k,I45_10_04,I45,/data/projectwork/swati_mam/new model data/kadid10k/images/I45_10_04.png,/data/projectwork/swati_mam/kadid10k/images/I45.png,JPEG,NA,4,1.53,val,other,33.599525,15.789527
KADID-10k,I45_10_05,I45,/data/projectwork/swati_mam/new model data/kadid10k/images/I45_10_05.png,/data/projectwork/swati_mam/kadid10k/images/I45.png,JPEG,NA,5,1.13,val,other,-21.572165,-6.571104
KADID-10k,I45_09_01,I45,/data/projectwork/swati_mam/new model data/kadid10k/images/I45_09_01.png,/data/projectwork/swati_mam/kadid10k/images/I45.png,JPEG2000,NA,1,4.5,val,other,36.689026,15.628665
KADID-10k,I45_09_05,I45,/data/projectwork/swati_mam/new model data/kadid10k/images/I45_09_05.png,/data/projectwork/swati_mam/kadid10k/images/I45.png,JPEG2000,NA,5,1.13,val,other,9.74831,13.1267395
KADID-10k,I45_19_05,I45,/data/projectwork/swati_mam/new model data/kadid10k/images/I45_19_05.png,/data/projectwork/swati_mam/kadid10k/images/I45.png,Jitter,NA,5,1.4,val,other,13.7473955,14.018465
KADID-10k,I45_02_03,I45,/data/projectwork/swati_mam/new model data/kadid10k/images/I45_02_03.png,/data/projectwork/swati_mam/kadid10k/images/I45.png,Lens blur,NA,3,1.5,val,blur,13.128838,14.086213
KADID-10k,I45_02_05,I45,/data/projectwork/swati_mam/new model data/kadid10k/images/I45_02_05.png,/data/projectwork/swati_mam/kadid10k/images/I45.png,Lens blur,NA,5,1.17,val,blur,-8.943024,2.4231732
KADID-10k,I45_18_02,I45,/data/projectwork/swati_mam/new model data/kadid10k/images/I45_18_02.png,/data/projectwork/swati_mam/kadid10k/images/I45.png,Mean shift,NA,2,4.43,val,other,34.44202,15.039112
KADID-10k,I45_18_04,I45,/data/projectwork/swati_mam/new model data/kadid10k/images/I45_18_04.png,/data/projectwork/swati_mam/kadid10k/images/I45.png,Mean shift,NA,4,4.43,val,other,35.142597,14.867655
KADID-10k,I45_18_05,I45,/data/projectwork/swati_mam/new model data/kadid10k/images/I45_18_05.png,/data/projectwork/swati_mam/kadid10k/images/I45.png,Mean shift,NA,5,4.03,val,other,33.723167,14.765227
KADID-10k,I45_03_02,I45,/data/projectwork/swati_mam/new model data/kadid10k/images/I45_03_02.png,/data/projectwork/swati_mam/kadid10k/images/I45.png,Motion blur,NA,2,3.8,val,blur,37.09369,15.867022
KADID-10k,I45_03_03,I45,/data/projectwork/swati_mam/new model data/kadid10k/images/I45_03_03.png,/data/projectwork/swati_mam/kadid10k/images/I45.png,Motion blur,NA,3,2.53,val,blur,30.134573,14.661864
KADID-10k,I45_03_04,I45,/data/projectwork/swati_mam/new model data/kadid10k/images/I45_03_04.png,/data/projectwork/swati_mam/kadid10k/images/I45.png,Motion blur,NA,4,1.9,val,blur,34.901203,15.765234
KADID-10k,I45_03_05,I45,/data/projectwork/swati_mam/new model data/kadid10k/images/I45_03_05.png,/data/projectwork/swati_mam/kadid10k/images/I45.png,Motion blur,NA,5,1.6,val,blur,13.854642,14.119524
KADID-10k,I45_14_01,I45,/data/projectwork/swati_mam/new model data/kadid10k/images/I45_14_01.png,/data/projectwork/swati_mam/kadid10k/images/I45.png,Multiplicative noise,NA,1,4.27,val,noise,32.657326,14.98307
KADID-10k,I45_14_02,I45,/data/projectwork/swati_mam/new model data/kadid10k/images/I45_14_02.png,/data/projectwork/swati_mam/kadid10k/images/I45.png,Multiplicative noise,NA,2,3.23,val,noise,11.649346,8.444531
KADID-10k,I45_14_05,I45,/data/projectwork/swati_mam/new model data/kadid10k/images/I45_14_05.png,/data/projectwork/swati_mam/kadid10k/images/I45.png,Multiplicative noise,NA,5,1.73,val,noise,-59.885094,3.5108361
KADID-10k,I45_21_01,I45,/data/projectwork/swati_mam/new model data/kadid10k/images/I45_21_01.png,/data/projectwork/swati_mam/kadid10k/images/I45.png,Pixelate,NA,1,3.77,val,other,37.13431,15.767357
KADID-10k,I45_21_03,I45,/data/projectwork/swati_mam/new model data/kadid10k/images/I45_21_03.png,/data/projectwork/swati_mam/kadid10k/images/I45.png,Pixelate,NA,3,2.6,val,other,32.022015,15.637313
KADID-10k,I45_21_05,I45,/data/projectwork/swati_mam/new model data/kadid10k/images/I45_21_05.png,/data/projectwork/swati_mam/kadid10k/images/I45.png,Pixelate,NA,5,1.23,val,other,10.577393,13.25577
KADID-10k,I45_22_02,I45,/data/projectwork/swati_mam/new model data/kadid10k/images/I45_22_02.png,/data/projectwork/swati_mam/kadid10k/images/I45.png,Quantization,NA,2,4.1,val,other,33.479927,15.084813
KADID-10k,I45_22_03,I45,/data/projectwork/swati_mam/new model data/kadid10k/images/I45_22_03.png,/data/projectwork/swati_mam/kadid10k/images/I45.png,Quantization,NA,3,3.73,val,other,29.426268,13.995179
KADID-10k,I45_22_05,I45,/data/projectwork/swati_mam/new model data/kadid10k/images/I45_22_05.png,/data/projectwork/swati_mam/kadid10k/images/I45.png,Quantization,NA,5,2.47,val,other,-3.25212,4.66523
KADID-10k,I45_11_01,I45,/data/projectwork/swati_mam/new model data/kadid10k/images/I45_11_01.png,/data/projectwork/swati_mam/kadid10k/images/I45.png,White noise,NA,1,3.97,val,noise,28.578886,13.57863
KADID-10k,I45_11_03,I45,/data/projectwork/swati_mam/new model data/kadid10k/images/I45_11_03.png,/data/projectwork/swati_mam/kadid10k/images/I45.png,White noise,NA,3,2.67,val,noise,-10.6904335,-5.075248
KADID-10k,I45_11_05,I45,/data/projectwork/swati_mam/new model data/kadid10k/images/I45_11_05.png,/data/projectwork/swati_mam/kadid10k/images/I45.png,White noise,NA,5,2.33,val,noise,-52.605465,1.0813651
KADID-10k,I45_12_04,I45,/data/projectwork/swati_mam/new model data/kadid10k/images/I45_12_04.png,/data/projectwork/swati_mam/kadid10k/images/I45.png,White noise in color component,NA,4,2.27,val,noise,-41.08806,-7.4953003
KADID-10k,I45_12_05,I45,/data/projectwork/swati_mam/new model data/kadid10k/images/I45_12_05.png,/data/projectwork/swati_mam/kadid10k/images/I45.png,White noise in color component,NA,5,2.23,val,noise,-47.60669,-3.6572351
KADID-10k,I46_16_05,I46,/data/projectwork/swati_mam/new model data/kadid10k/images/I46_16_05.png,/data/projectwork/swati_mam/kadid10k/images/I46.png,Brighten,NA,5,1.67,val,other,-6.5283766,-4.982055
KADID-10k,I46_23_02,I46,/data/projectwork/swati_mam/new model data/kadid10k/images/I46_23_02.png,/data/projectwork/swati_mam/kadid10k/images/I46.png,Color block,NA,2,2.57,val,other,8.64005,-1.227898
KADID-10k,I46_04_02,I46,/data/projectwork/swati_mam/new model data/kadid10k/images/I46_04_02.png,/data/projectwork/swati_mam/kadid10k/images/I46.png,Color diffusion,NA,2,2.47,val,other,-13.220325,-8.701789
KADID-10k,I46_04_03,I46,/data/projectwork/swati_mam/new model data/kadid10k/images/I46_04_03.png,/data/projectwork/swati_mam/kadid10k/images/I46.png,Color diffusion,NA,3,1.73,val,other,-46.61071,-9.794765
KADID-10k,I46_04_04,I46,/data/projectwork/swati_mam/new model data/kadid10k/images/I46_04_04.png,/data/projectwork/swati_mam/kadid10k/images/I46.png,Color diffusion,NA,4,1.45,val,other,-57.040596,0.80705786
KADID-10k,I46_04_05,I46,/data/projectwork/swati_mam/new model data/kadid10k/images/I46_04_05.png,/data/projectwork/swati_mam/kadid10k/images/I46.png,Color diffusion,NA,5,1.5,val,other,-63.174107,8.60151
KADID-10k,I46_06_03,I46,/data/projectwork/swati_mam/new model data/kadid10k/images/I46_06_03.png,/data/projectwork/swati_mam/kadid10k/images/I46.png,Color quantization,NA,3,3.67,val,other,-13.596583,-8.510251
KADID-10k,I46_06_04,I46,/data/projectwork/swati_mam/new model data/kadid10k/images/I46_06_04.png,/data/projectwork/swati_mam/kadid10k/images/I46.png,Color quantization,NA,4,3.1,val,other,-39.416893,-12.670767
KADID-10k,I46_07_04,I46,/data/projectwork/swati_mam/new model data/kadid10k/images/I46_07_04.png,/data/projectwork/swati_mam/kadid10k/images/I46.png,Color saturation 1,NA,4,1.7,val,other,27.187649,-1.962305
KADID-10k,I46_08_01,I46,/data/projectwork/swati_mam/new model data/kadid10k/images/I46_08_01.png,/data/projectwork/swati_mam/kadid10k/images/I46.png,Color saturation 2,NA,1,4.6,val,other,10.48045,-0.09834001
KADID-10k,I46_08_02,I46,/data/projectwork/swati_mam/new model data/kadid10k/images/I46_08_02.png,/data/projectwork/swati_mam/kadid10k/images/I46.png,Color saturation 2,NA,2,3.33,val,other,-27.295088,-13.950409
KADID-10k,I46_08_04,I46,/data/projectwork/swati_mam/new model data/kadid10k/images/I46_08_04.png,/data/projectwork/swati_mam/kadid10k/images/I46.png,Color saturation 2,NA,4,1.37,val,other,-61.890583,7.2430186
KADID-10k,I46_08_05,I46,/data/projectwork/swati_mam/new model data/kadid10k/images/I46_08_05.png,/data/projectwork/swati_mam/kadid10k/images/I46.png,Color saturation 2,NA,5,1.3,val,other,-63.173985,7.8122444
KADID-10k,I46_05_01,I46,/data/projectwork/swati_mam/new model data/kadid10k/images/I46_05_01.png,/data/projectwork/swati_mam/kadid10k/images/I46.png,Color shift,NA,1,4.53,val,other,9.162709,-0.4968516
KADID-10k,I46_05_02,I46,/data/projectwork/swati_mam/new model data/kadid10k/images/I46_05_02.png,/data/projectwork/swati_mam/kadid10k/images/I46.png,Color shift,NA,2,2.8,val,other,3.905236,-1.4793006
KADID-10k,I46_05_03,I46,/data/projectwork/swati_mam/new model data/kadid10k/images/I46_05_03.png,/data/projectwork/swati_mam/kadid10k/images/I46.png,Color shift,NA,3,2.37,val,other,-14.046805,-8.519082
KADID-10k,I46_05_05,I46,/data/projectwork/swati_mam/new model data/kadid10k/images/I46_05_05.png,/data/projectwork/swati_mam/kadid10k/images/I46.png,Color shift,NA,5,2.67,val,other,-20.414076,-10.649572
KADID-10k,I46_25_01,I46,/data/projectwork/swati_mam/new model data/kadid10k/images/I46_25_01.png,/data/projectwork/swati_mam/kadid10k/images/I46.png,Contrast change,NA,1,3.53,val,other,9.883958,-1.6640369
KADID-10k,I46_25_05,I46,/data/projectwork/swati_mam/new model data/kadid10k/images/I46_25_05.png,/data/projectwork/swati_mam/kadid10k/images/I46.png,Contrast change,NA,5,3.47,val,other,-9.699887,-6.536358
KADID-10k,I46_17_01,I46,/data/projectwork/swati_mam/new model data/kadid10k/images/I46_17_01.png,/data/projectwork/swati_mam/kadid10k/images/I46.png,Darken,NA,1,4.67,val,other,10.774916,-0.42594352
KADID-10k,I46_17_02,I46,/data/projectwork/swati_mam/new model data/kadid10k/images/I46_17_02.png,/data/projectwork/swati_mam/kadid10k/images/I46.png,Darken,NA,2,4.63,val,other,10.3065815,-0.6591375
KADID-10k,I46_17_03,I46,/data/projectwork/swati_mam/new model data/kadid10k/images/I46_17_03.png,/data/projectwork/swati_mam/kadid10k/images/I46.png,Darken,NA,3,4.27,val,other,9.304353,-1.0998875
KADID-10k,I46_15_02,I46,/data/projectwork/swati_mam/new model data/kadid10k/images/I46_15_02.png,/data/projectwork/swati_mam/kadid10k/images/I46.png,Denoise,NA,2,3.3,val,noise,-8.095799,-5.47514
KADID-10k,I46_15_04,I46,/data/projectwork/swati_mam/new model data/kadid10k/images/I46_15_04.png,/data/projectwork/swati_mam/kadid10k/images/I46.png,Denoise,NA,4,1.72,val,noise,-36.10494,-12.607653
KADID-10k,I46_01_01,I46,/data/projectwork/swati_mam/new model data/kadid10k/images/I46_01_01.png,/data/projectwork/swati_mam/kadid10k/images/I46.png,Gaussian blur,NA,1,4.65,val,blur,10.622393,-0.3649223
KADID-10k,I46_01_02,I46,/data/projectwork/swati_mam/new model data/kadid10k/images/I46_01_02.png,/data/projectwork/swati_mam/kadid10k/images/I46.png,Gaussian blur,NA,2,4.33,val,blur,3.510111,-1.5606163
KADID-10k,I46_24_01,I46,/data/projectwork/swati_mam/new model data/kadid10k/images/I46_24_01.png,/data/projectwork/swati_mam/kadid10k/images/I46.png,High sharpen,NA,1,3.1,val,HF/sharpen,6.8831654,-2.694886
KADID-10k,I46_24_02,I46,/data/projectwork/swati_mam/new model data/kadid10k/images/I46_24_02.png,/data/projectwork/swati_mam/kadid10k/images/I46.png,High sharpen,NA,2,2.33,val,HF/sharpen,-28.941568,-14.779516
KADID-10k,I46_24_03,I46,/data/projectwork/swati_mam/new model data/kadid10k/images/I46_24_03.png,/data/projectwork/swati_mam/kadid10k/images/I46.png,High sharpen,NA,3,1.9,val,HF/sharpen,-54.972527,3.7774491
KADID-10k,I46_13_02,I46,/data/projectwork/swati_mam/new model data/kadid10k/images/I46_13_02.png,/data/projectwork/swati_mam/kadid10k/images/I46.png,Impulse noise,NA,2,3.6,val,noise,-10.088072,-7.2006373
KADID-10k,I46_13_03,I46,/data/projectwork/swati_mam/new model data/kadid10k/images/I46_13_03.png,/data/projectwork/swati_mam/kadid10k/images/I46.png,Impulse noise,NA,3,3.37,val,noise,-18.741129,-10.569212
KADID-10k,I46_13_04,I46,/data/projectwork/swati_mam/new model data/kadid10k/images/I46_13_04.png,/data/projectwork/swati_mam/kadid10k/images/I46.png,Impulse noise,NA,4,2.73,val,noise,-27.893661,-13.778534
KADID-10k,I46_13_05,I46,/data/projectwork/swati_mam/new model data/kadid10k/images/I46_13_05.png,/data/projectwork/swati_mam/kadid10k/images/I46.png,Impulse noise,NA,5,2.3,val,noise,-57.675114,2.5368965
KADID-10k,I46_10_01,I46,/data/projectwork/swati_mam/new model data/kadid10k/images/I46_10_01.png,/data/projectwork/swati_mam/kadid10k/images/I46.png,JPEG,NA,1,4.67,val,other,1.922227,-2.6565819
KADID-10k,I46_10_02,I46,/data/projectwork/swati_mam/new model data/kadid10k/images/I46_10_02.png,/data/projectwork/swati_mam/kadid10k/images/I46.png,JPEG,NA,2,4.43,val,other,2.7199142,-2.0635004
KADID-10k,I46_10_03,I46,/data/projectwork/swati_mam/new model data/kadid10k/images/I46_10_03.png,/data/projectwork/swati_mam/kadid10k/images/I46.png,JPEG,NA,3,4.13,val,other,2.0376909,-2.836803
KADID-10k,I46_10_04,I46,/data/projectwork/swati_mam/new model data/kadid10k/images/I46_10_04.png,/data/projectwork/swati_mam/kadid10k/images/I46.png,JPEG,NA,4,2.03,val,other,-22.178606,-10.643284
KADID-10k,I46_09_02,I46,/data/projectwork/swati_mam/new model data/kadid10k/images/I46_09_02.png,/data/projectwork/swati_mam/kadid10k/images/I46.png,JPEG2000,NA,2,4.1,val,other,9.04545,-0.2954004
KADID-10k,I46_09_04,I46,/data/projectwork/swati_mam/new model data/kadid10k/images/I46_09_04.png,/data/projectwork/swati_mam/kadid10k/images/I46.png,JPEG2000,NA,4,1.97,val,other,6.033226,5.580929
KADID-10k,I46_09_05,I46,/data/projectwork/swati_mam/new model data/kadid10k/images/I46_09_05.png,/data/projectwork/swati_mam/kadid10k/images/I46.png,JPEG2000,NA,5,1.17,val,other,-17.775229,-6.037876
KADID-10k,I46_19_01,I46,/data/projectwork/swati_mam/new model data/kadid10k/images/I46_19_01.png,/data/projectwork/swati_mam/kadid10k/images/I46.png,Jitter,NA,1,4.53,val,other,11.411764,0.36561242
KADID-10k,I46_19_03,I46,/data/projectwork/swati_mam/new model data/kadid10k/images/I46_19_03.png,/data/projectwork/swati_mam/kadid10k/images/I46.png,Jitter,NA,3,3.33,val,other,2.562356,-1.1931978
KADID-10k,I46_18_03,I46,/data/projectwork/swati_mam/new model data/kadid10k/images/I46_18_03.png,/data/projectwork/swati_mam/kadid10k/images/I46.png,Mean shift,NA,3,4.73,val,other,10.480167,-0.09876621
KADID-10k,I46_18_04,I46,/data/projectwork/swati_mam/new model data/kadid10k/images/I46_18_04.png,/data/projectwork/swati_mam/kadid10k/images/I46.png,Mean shift,NA,4,4.67,val,other,7.4666705,-1.6577322
KADID-10k,I46_18_05,I46,/data/projectwork/swati_mam/new model data/kadid10k/images/I46_18_05.png,/data/projectwork/swati_mam/kadid10k/images/I46.png,Mean shift,NA,5,3.97,val,other,3.0782785,-3.07307
KADID-10k,I46_03_01,I46,/data/projectwork/swati_mam/new model data/kadid10k/images/I46_03_01.png,/data/projectwork/swati_mam/kadid10k/images/I46.png,Motion blur,NA,1,4.67,val,blur,10.478591,-0.09569557
KADID-10k,I46_03_02,I46,/data/projectwork/swati_mam/new model data/kadid10k/images/I46_03_02.png,/data/projectwork/swati_mam/kadid10k/images/I46.png,Motion blur,NA,2,4.1,val,blur,2.2041047,-2.0637841
KADID-10k,I46_03_04,I46,/data/projectwork/swati_mam/new model data/kadid10k/images/I46_03_04.png,/data/projectwork/swati_mam/kadid10k/images/I46.png,Motion blur,NA,4,2.0,val,blur,-20.196444,-9.54406
KADID-10k,I46_14_04,I46,/data/projectwork/swati_mam/new model data/kadid10k/images/I46_14_04.png,/data/projectwork/swati_mam/kadid10k/images/I46.png,Multiplicative noise,NA,4,2.5,val,noise,-42.643044,-10.064018
KADID-10k,I46_14_05,I46,/data/projectwork/swati_mam/new model data/kadid10k/images/I46_14_05.png,/data/projectwork/swati_mam/kadid10k/images/I46.png,Multiplicative noise,NA,5,1.87,val,noise,-63.53912,9.5479555
KADID-10k,I46_20_02,I46,/data/projectwork/swati_mam/new model data/kadid10k/images/I46_20_02.png,/data/projectwork/swati_mam/kadid10k/images/I46.png,Non-eccentricity patch,NA,2,4.5,val,other,11.753885,0.31714958
KADID-10k,I46_20_04,I46,/data/projectwork/swati_mam/new model data/kadid10k/images/I46_20_04.png,/data/projectwork/swati_mam/kadid10k/images/I46.png,Non-eccentricity patch,NA,4,4.23,val,other,9.659813,-0.32773706
KADID-10k,I46_20_05,I46,/data/projectwork/swati_mam/new model data/kadid10k/images/I46_20_05.png,/data/projectwork/swati_mam/kadid10k/images/I46.png,Non-eccentricity patch,NA,5,4.37,val,other,2.144141,-3.3975527
KADID-10k,I46_21_03,I46,/data/projectwork/swati_mam/new model data/kadid10k/images/I46_21_03.png,/data/projectwork/swati_mam/kadid10k/images/I46.png,Pixelate,NA,3,2.43,val,other,-12.480501,-8.057488
KADID-10k,I46_21_05,I46,/data/projectwork/swati_mam/new model data/kadid10k/images/I46_21_05.png,/data/projectwork/swati_mam/kadid10k/images/I46.png,Pixelate,NA,5,1.6,val,other,-21.207987,-10.832742
KADID-10k,I46_22_01,I46,/data/projectwork/swati_mam/new model data/kadid10k/images/I46_22_01.png,/data/projectwork/swati_mam/kadid10k/images/I46.png,Quantization,NA,1,4.57,val,other,8.8668165,-0.90019864
KADID-10k,I46_22_02,I46,/data/projectwork/swati_mam/new model data/kadid10k/images/I46_22_02.png,/data/projectwork/swati_mam/kadid10k/images/I46.png,Quantization,NA,2,4.67,val,other,8.977829,-0.88000405
KADID-10k,I46_22_03,I46,/data/projectwork/swati_mam/new model data/kadid10k/images/I46_22_03.png,/data/projectwork/swati_mam/kadid10k/images/I46.png,Quantization,NA,3,4.43,val,other,3.6502154,-2.1289406
KADID-10k,I46_22_04,I46,/data/projectwork/swati_mam/new model data/kadid10k/images/I46_22_04.png,/data/projectwork/swati_mam/kadid10k/images/I46.png,Quantization,NA,4,4.5,val,other,2.047472,-3.1977227
KADID-10k,I46_11_01,I46,/data/projectwork/swati_mam/new model data/kadid10k/images/I46_11_01.png,/data/projectwork/swati_mam/kadid10k/images/I46.png,White noise,NA,1,4.23,val,noise,-0.16795708,-4.5708513
KADID-10k,I46_11_04,I46,/data/projectwork/swati_mam/new model data/kadid10k/images/I46_11_04.png,/data/projectwork/swati_mam/kadid10k/images/I46.png,White noise,NA,4,3.03,val,noise,-35.20806,-14.304991
KADID-10k,I46_11_05,I46,/data/projectwork/swati_mam/new model data/kadid10k/images/I46_11_05.png,/data/projectwork/swati_mam/kadid10k/images/I46.png,White noise,NA,5,2.3,val,noise,-54.570618,-0.35017404
KADID-10k,I46_12_03,I46,/data/projectwork/swati_mam/new model data/kadid10k/images/I46_12_03.png,/data/projectwork/swati_mam/kadid10k/images/I46.png,White noise in color component,NA,3,3.7,val,noise,-26.956915,-13.535838
KADID-10k,I46_12_04,I46,/data/projectwork/swati_mam/new model data/kadid10k/images/I46_12_04.png,/data/projectwork/swati_mam/kadid10k/images/I46.png,White noise in color component,NA,4,3.13,val,noise,-43.375046,-10.437058
KADID-10k,I46_12_05,I46,/data/projectwork/swati_mam/new model data/kadid10k/images/I46_12_05.png,/data/projectwork/swati_mam/kadid10k/images/I46.png,White noise in color component,NA,5,2.77,val,noise,-56.45802,1.4069333
KADID-10k,I65_16_01,I65,/data/projectwork/swati_mam/new model data/kadid10k/images/I65_16_01.png,/data/projectwork/swati_mam/kadid10k/images/I65.png,Brighten,NA,1,4.67,val,other,0.04679973,0.8471631
KADID-10k,I65_16_02,I65,/data/projectwork/swati_mam/new model data/kadid10k/images/I65_16_02.png,/data/projectwork/swati_mam/kadid10k/images/I65.png,Brighten,NA,2,4.33,val,other,6.4987893,5.8668656
KADID-10k,I65_16_05,I65,/data/projectwork/swati_mam/new model data/kadid10k/images/I65_16_05.png,/data/projectwork/swati_mam/kadid10k/images/I65.png,Brighten,NA,5,1.71,val,other,28.42285,12.436985
KADID-10k,I65_23_01,I65,/data/projectwork/swati_mam/new model data/kadid10k/images/I65_23_01.png,/data/projectwork/swati_mam/kadid10k/images/I65.png,Color block,NA,1,2.97,val,other,-5.6322865,-1.9403752
KADID-10k,I65_23_02,I65,/data/projectwork/swati_mam/new model data/kadid10k/images/I65_23_02.png,/data/projectwork/swati_mam/kadid10k/images/I65.png,Color block,NA,2,3.47,val,other,-9.7727,-4.4461093
KADID-10k,I65_23_03,I65,/data/projectwork/swati_mam/new model data/kadid10k/images/I65_23_03.png,/data/projectwork/swati_mam/kadid10k/images/I65.png,Color block,NA,3,3.03,val,other,-6.192579,-2.0775642
KADID-10k,I65_23_05,I65,/data/projectwork/swati_mam/new model data/kadid10k/images/I65_23_05.png,/data/projectwork/swati_mam/kadid10k/images/I65.png,Color block,NA,5,1.9,val,other,9.239524,9.505107
KADID-10k,I65_04_01,I65,/data/projectwork/swati_mam/new model data/kadid10k/images/I65_04_01.png,/data/projectwork/swati_mam/kadid10k/images/I65.png,Color diffusion,NA,1,4.7,val,other,-0.960864,0.29951498
KADID-10k,I65_04_04,I65,/data/projectwork/swati_mam/new model data/kadid10k/images/I65_04_04.png,/data/projectwork/swati_mam/kadid10k/images/I65.png,Color diffusion,NA,4,2.5,val,other,-51.251415,0.8943574
KADID-10k,I65_06_04,I65,/data/projectwork/swati_mam/new model data/kadid10k/images/I65_06_04.png,/data/projectwork/swati_mam/kadid10k/images/I65.png,Color quantization,NA,4,3.0,val,other,-42.53046,-7.9140196
KADID-10k,I65_07_03,I65,/data/projectwork/swati_mam/new model data/kadid10k/images/I65_07_03.png,/data/projectwork/swati_mam/kadid10k/images/I65.png,Color saturation 1,NA,3,2.33,val,other,-8.55186,-4.4558063
KADID-10k,I65_07_04,I65,/data/projectwork/swati_mam/new model data/kadid10k/images/I65_07_04.png,/data/projectwork/swati_mam/kadid10k/images/I65.png,Color saturation 1,NA,4,2.6,val,other,-8.885076,-4.6055484
KADID-10k,I65_08_02,I65,/data/projectwork/swati_mam/new model data/kadid10k/images/I65_08_02.png,/data/projectwork/swati_mam/kadid10k/images/I65.png,Color saturation 2,NA,2,3.6,val,other,-10.3844185,-3.8229249
KADID-10k,I65_08_03,I65,/data/projectwork/swati_mam/new model data/kadid10k/images/I65_08_03.png,/data/projectwork/swati_mam/kadid10k/images/I65.png,Color saturation 2,NA,3,2.93,val,other,-28.84041,-11.666767
KADID-10k,I65_08_05,I65,/data/projectwork/swati_mam/new model data/kadid10k/images/I65_08_05.png,/data/projectwork/swati_mam/kadid10k/images/I65.png,Color saturation 2,NA,5,1.63,val,other,-55.67403,2.4545887
KADID-10k,I65_05_01,I65,/data/projectwork/swati_mam/new model data/kadid10k/images/I65_05_01.png,/data/projectwork/swati_mam/kadid10k/images/I65.png,Color shift,NA,1,3.77,val,other,-1.9500158,-0.7430635
KADID-10k,I65_05_04,I65,/data/projectwork/swati_mam/new model data/kadid10k/images/I65_05_04.png,/data/projectwork/swati_mam/kadid10k/images/I65.png,Color shift,NA,4,1.97,val,other,-10.2092285,-4.847349
KADID-10k,I65_05_05,I65,/data/projectwork/swati_mam/new model data/kadid10k/images/I65_05_05.png,/data/projectwork/swati_mam/kadid10k/images/I65.png,Color shift,NA,5,1.73,val,other,-10.846612,-4.5667434
KADID-10k,I65_25_02,I65,/data/projectwork/swati_mam/new model data/kadid10k/images/I65_25_02.png,/data/projectwork/swati_mam/kadid10k/images/I65.png,Contrast change,NA,2,4.07,val,other,-8.284866,-3.610675
KADID-10k,I65_17_01,I65,/data/projectwork/swati_mam/new model data/kadid10k/images/I65_17_01.png,/data/projectwork/swati_mam/kadid10k/images/I65.png,Darken,NA,1,4.63,val,other,-4.9507465,-1.43977
KADID-10k,I65_17_02,I65,/data/projectwork/swati_mam/new model data/kadid10k/images/I65_17_02.png,/data/projectwork/swati_mam/kadid10k/images/I65.png,Darken,NA,2,4.47,val,other,-7.428301,-2.737885
KADID-10k,I65_17_04,I65,/data/projectwork/swati_mam/new model data/kadid10k/images/I65_17_04.png,/data/projectwork/swati_mam/kadid10k/images/I65.png,Darken,NA,4,3.6,val,other,-17.77519,-7.0527024
KADID-10k,I65_15_03,I65,/data/projectwork/swati_mam/new model data/kadid10k/images/I65_15_03.png,/data/projectwork/swati_mam/kadid10k/images/I65.png,Denoise,NA,3,2.1,val,noise,-21.776173,-9.437057
KADID-10k,I65_15_05,I65,/data/projectwork/swati_mam/new model data/kadid10k/images/I65_15_05.png,/data/projectwork/swati_mam/kadid10k/images/I65.png,Denoise,NA,5,1.47,val,noise,-42.16352,-6.8095965
KADID-10k,I65_01_01,I65,/data/projectwork/swati_mam/new model data/kadid10k/images/I65_01_01.png,/data/projectwork/swati_mam/kadid10k/images/I65.png,Gaussian blur,NA,1,4.77,val,blur,-2.6469567,-0.6578462
KADID-10k,I65_01_04,I65,/data/projectwork/swati_mam/new model data/kadid10k/images/I65_01_04.png,/data/projectwork/swati_mam/kadid10k/images/I65.png,Gaussian blur,NA,4,1.9,val,blur,-11.187331,-0.6543529
KADID-10k,I65_01_05,I65,/data/projectwork/swati_mam/new model data/kadid10k/images/I65_01_05.png,/data/projectwork/swati_mam/kadid10k/images/I65.png,Gaussian blur,NA,5,1.33,val,blur,-16.446295,-4.1342225
KADID-10k,I65_24_01,I65,/data/projectwork/swati_mam/new model data/kadid10k/images/I65_24_01.png,/data/projectwork/swati_mam/kadid10k/images/I65.png,High sharpen,NA,1,3.67,val,HF/sharpen,-1.233122,-0.8434085
KADID-10k,I65_24_03,I65,/data/projectwork/swati_mam/new model data/kadid10k/images/I65_24_03.png,/data/projectwork/swati_mam/kadid10k/images/I65.png,High sharpen,NA,3,2.07,val,HF/sharpen,-9.130654,-3.6102188
KADID-10k,I65_24_04,I65,/data/projectwork/swati_mam/new model data/kadid10k/images/I65_24_04.png,/data/projectwork/swati_mam/kadid10k/images/I65.png,High sharpen,NA,4,2.0,val,HF/sharpen,-25.041687,-8.573106
KADID-10k,I65_13_04,I65,/data/projectwork/swati_mam/new model data/kadid10k/images/I65_13_04.png,/data/projectwork/swati_mam/kadid10k/images/I65.png,Impulse noise,NA,4,1.83,val,noise,-48.0852,-2.9023643
KADID-10k,I65_10_03,I65,/data/projectwork/swati_mam/new model data/kadid10k/images/I65_10_03.png,/data/projectwork/swati_mam/kadid10k/images/I65.png,JPEG,NA,3,3.77,val,other,-10.3887415,-3.962341
KADID-10k,I65_10_04,I65,/data/projectwork/swati_mam/new model data/kadid10k/images/I65_10_04.png,/data/projectwork/swati_mam/kadid10k/images/I65.png,JPEG,NA,4,1.53,val,other,-18.58121,-8.168875
KADID-10k,I65_09_04,I65,/data/projectwork/swati_mam/new model data/kadid10k/images/I65_09_04.png,/data/projectwork/swati_mam/kadid10k/images/I65.png,JPEG2000,NA,4,1.9,val,other,-11.731827,-4.0340357
KADID-10k,I65_09_05,I65,/data/projectwork/swati_mam/new model data/kadid10k/images/I65_09_05.png,/data/projectwork/swati_mam/kadid10k/images/I65.png,JPEG2000,NA,5,1.3,val,other,-7.8535423,1.8244705
KADID-10k,I65_19_01,I65,/data/projectwork/swati_mam/new model data/kadid10k/images/I65_19_01.png,/data/projectwork/swati_mam/kadid10k/images/I65.png,Jitter,NA,1,4.57,val,other,-2.974755,-0.5850317
KADID-10k,I65_19_04,I65,/data/projectwork/swati_mam/new model data/kadid10k/images/I65_19_04.png,/data/projectwork/swati_mam/kadid10k/images/I65.png,Jitter,NA,4,1.6,val,other,-12.69112,-5.5188794
KADID-10k,I65_19_05,I65,/data/projectwork/swati_mam/new model data/kadid10k/images/I65_19_05.png,/data/projectwork/swati_mam/kadid10k/images/I65.png,Jitter,NA,5,1.27,val,other,-23.042913,-11.17487
KADID-10k,I65_02_01,I65,/data/projectwork/swati_mam/new model data/kadid10k/images/I65_02_01.png,/data/projectwork/swati_mam/kadid10k/images/I65.png,Lens blur,NA,1,3.53,val,blur,-7.0480666,-2.3129687
KADID-10k,I65_02_04,I65,/data/projectwork/swati_mam/new model data/kadid10k/images/I65_02_04.png,/data/projectwork/swati_mam/kadid10k/images/I65.png,Lens blur,NA,4,1.4,val,blur,-7.7163887,2.466405
KADID-10k,I65_02_05,I65,/data/projectwork/swati_mam/new model data/kadid10k/images/I65_02_05.png,/data/projectwork/swati_mam/kadid10k/images/I65.png,Lens blur,NA,5,1.13,val,blur,-15.409772,-3.2942212
KADID-10k,I65_18_01,I65,/data/projectwork/swati_mam/new model data/kadid10k/images/I65_18_01.png,/data/projectwork/swati_mam/kadid10k/images/I65.png,Mean shift,NA,1,4.33,val,other,11.066029,6.3092256
KADID-10k,I65_18_03,I65,/data/projectwork/swati_mam/new model data/kadid10k/images/I65_18_03.png,/data/projectwork/swati_mam/kadid10k/images/I65.png,Mean shift,NA,3,4.5,val,other,-2.6469567,-0.6578462
KADID-10k,I65_18_05,I65,/data/projectwork/swati_mam/new model data/kadid10k/images/I65_18_05.png,/data/projectwork/swati_mam/kadid10k/images/I65.png,Mean shift,NA,5,3.97,val,other,-18.35775,-8.203517
KADID-10k,I65_03_01,I65,/data/projectwork/swati_mam/new model data/kadid10k/images/I65_03_01.png,/data/projectwork/swati_mam/kadid10k/images/I65.png,Motion blur,NA,1,4.7,val,blur,-2.6469567,-0.6578462
KADID-10k,I65_03_05,I65,/data/projectwork/swati_mam/new model data/kadid10k/images/I65_03_05.png,/data/projectwork/swati_mam/kadid10k/images/I65.png,Motion blur,NA,5,1.5,val,blur,-3.0328782,4.493362
KADID-10k,I65_14_02,I65,/data/projectwork/swati_mam/new model data/kadid10k/images/I65_14_02.png,/data/projectwork/swati_mam/kadid10k/images/I65.png,Multiplicative noise,NA,2,3.07,val,noise,-20.976656,-9.748475
KADID-10k,I65_20_01,I65,/data/projectwork/swati_mam/new model data/kadid10k/images/I65_20_01.png,/data/projectwork/swati_mam/kadid10k/images/I65.png,Non-eccentricity patch,NA,1,4.6,val,other,-3.113938,-0.94606805
KADID-10k,I65_20_03,I65,/data/projectwork/swati_mam/new model data/kadid10k/images/I65_20_03.png,/data/projectwork/swati_mam/kadid10k/images/I65.png,Non-eccentricity patch,NA,3,4.2,val,other,0.25943244,0.4177081
KADID-10k,I65_20_04,I65,/data/projectwork/swati_mam/new model data/kadid10k/images/I65_20_04.png,/data/projectwork/swati_mam/kadid10k/images/I65.png,Non-eccentricity patch,NA,4,4.3,val,other,8.882639,6.211312
KADID-10k,I65_21_01,I65,/data/projectwork/swati_mam/new model data/kadid10k/images/I65_21_01.png,/data/projectwork/swati_mam/kadid10k/images/I65.png,Pixelate,NA,1,3.9,val,other,-0.34882352,0.957767
KADID-10k,I65_21_04,I65,/data/projectwork/swati_mam/new model data/kadid10k/images/I65_21_04.png,/data/projectwork/swati_mam/kadid10k/images/I65.png,Pixelate,NA,4,2.33,val,other,-18.107212,-8.083628
KADID-10k,I65_22_01,I65,/data/projectwork/swati_mam/new model data/kadid10k/images/I65_22_01.png,/data/projectwork/swati_mam/kadid10k/images/I65.png,Quantization,NA,1,4.5,val,other,0.1830301,1.0515286
KADID-10k,I65_22_02,I65,/data/projectwork/swati_mam/new model data/kadid10k/images/I65_22_02.png,/data/projectwork/swati_mam/kadid10k/images/I65.png,Quantization,NA,2,3.53,val,other,-1.329501,0.27700865
KADID-10k,I65_22_03,I65,/data/projectwork/swati_mam/new model data/kadid10k/images/I65_22_03.png,/data/projectwork/swati_mam/kadid10k/images/I65.png,Quantization,NA,3,3.2,val,other,-2.1587684,-0.44041148
KADID-10k,I65_22_04,I65,/data/projectwork/swati_mam/new model data/kadid10k/images/I65_22_04.png,/data/projectwork/swati_mam/kadid10k/images/I65.png,Quantization,NA,4,2.83,val,other,-7.053818,-2.8376465
KADID-10k,I65_22_05,I65,/data/projectwork/swati_mam/new model data/kadid10k/images/I65_22_05.png,/data/projectwork/swati_mam/kadid10k/images/I65.png,Quantization,NA,5,2.17,val,other,-5.137178,-1.9852152
KADID-10k,I65_11_02,I65,/data/projectwork/swati_mam/new model data/kadid10k/images/I65_11_02.png,/data/projectwork/swati_mam/kadid10k/images/I65.png,White noise,NA,2,3.17,val,noise,-30.701199,-12.288442
KADID-10k,I65_11_03,I65,/data/projectwork/swati_mam/new model data/kadid10k/images/I65_11_03.png,/data/projectwork/swati_mam/kadid10k/images/I65.png,White noise,NA,3,2.73,val,noise,-46.63898,-4.708441
KADID-10k,I65_11_04,I65,/data/projectwork/swati_mam/new model data/kadid10k/images/I65_11_04.png,/data/projectwork/swati_mam/kadid10k/images/I65.png,White noise,NA,4,2.33,val,noise,-51.963707,-1.2058746
KADID-10k,I65_12_02,I65,/data/projectwork/swati_mam/new model data/kadid10k/images/I65_12_02.png,/data/projectwork/swati_mam/kadid10k/images/I65.png,White noise in color component,NA,2,3.47,val,noise,-28.817024,-12.209419
KADID-10k,I65_12_05,I65,/data/projectwork/swati_mam/new model data/kadid10k/images/I65_12_05.png,/data/projectwork/swati_mam/kadid10k/images/I65.png,White noise in color component,NA,5,1.9,val,noise,-64.12657,9.079346
KADID-10k,I74_16_01,I74,/data/projectwork/swati_mam/new model data/kadid10k/images/I74_16_01.png,/data/projectwork/swati_mam/kadid10k/images/I74.png,Brighten,NA,1,4.3,val,other,40.045338,8.342039
KADID-10k,I74_16_04,I74,/data/projectwork/swati_mam/new model data/kadid10k/images/I74_16_04.png,/data/projectwork/swati_mam/kadid10k/images/I74.png,Brighten,NA,4,2.6,val,other,42.45711,6.928211
KADID-10k,I74_23_02,I74,/data/projectwork/swati_mam/new model data/kadid10k/images/I74_23_02.png,/data/projectwork/swati_mam/kadid10k/images/I74.png,Color block,NA,2,2.3,val,other,39.536625,8.612543
KADID-10k,I74_23_03,I74,/data/projectwork/swati_mam/new model data/kadid10k/images/I74_23_03.png,/data/projectwork/swati_mam/kadid10k/images/I74.png,Color block,NA,3,2.23,val,other,35.708412,9.898127
KADID-10k,I74_23_05,I74,/data/projectwork/swati_mam/new model data/kadid10k/images/I74_23_05.png,/data/projectwork/swati_mam/kadid10k/images/I74.png,Color block,NA,5,2.03,val,other,27.040297,10.783107
KADID-10k,I74_04_03,I74,/data/projectwork/swati_mam/new model data/kadid10k/images/I74_04_03.png,/data/projectwork/swati_mam/kadid10k/images/I74.png,Color diffusion,NA,3,2.47,val,other,36.789753,11.014886
KADID-10k,I74_04_04,I74,/data/projectwork/swati_mam/new model data/kadid10k/images/I74_04_04.png,/data/projectwork/swati_mam/kadid10k/images/I74.png,Color diffusion,NA,4,2.13,val,other,36.589966,11.36399
KADID-10k,I74_06_03,I74,/data/projectwork/swati_mam/new model data/kadid10k/images/I74_06_03.png,/data/projectwork/swati_mam/kadid10k/images/I74.png,Color quantization,NA,3,4.1,val,other,36.31438,9.7047615
KADID-10k,I74_06_05,I74,/data/projectwork/swati_mam/new model data/kadid10k/images/I74_06_05.png,/data/projectwork/swati_mam/kadid10k/images/I74.png,Color quantization,NA,5,2.77,val,other,25.215897,11.166168
KADID-10k,I74_07_02,I74,/data/projectwork/swati_mam/new model data/kadid10k/images/I74_07_02.png,/data/projectwork/swati_mam/kadid10k/images/I74.png,Color saturation 1,NA,2,2.33,val,other,39.701675,8.470962
KADID-10k,I74_08_02,I74,/data/projectwork/swati_mam/new model data/kadid10k/images/I74_08_02.png,/data/projectwork/swati_mam/kadid10k/images/I74.png,Color saturation 2,NA,2,3.0,val,other,29.317926,10.741966
KADID-10k,I74_05_03,I74,/data/projectwork/swati_mam/new model data/kadid10k/images/I74_05_03.png,/data/projectwork/swati_mam/kadid10k/images/I74.png,Color shift,NA,3,1.8,val,other,28.608728,10.834024
KADID-10k,I74_05_05,I74,/data/projectwork/swati_mam/new model data/kadid10k/images/I74_05_05.png,/data/projectwork/swati_mam/kadid10k/images/I74.png,Color shift,NA,5,1.3,val,other,-7.532177,6.917333
KADID-10k,I74_25_01,I74,/data/projectwork/swati_mam/new model data/kadid10k/images/I74_25_01.png,/data/projectwork/swati_mam/kadid10k/images/I74.png,Contrast change,NA,1,3.5,val,other,5.8742065,13.276528
KADID-10k,I74_25_02,I74,/data/projectwork/swati_mam/new model data/kadid10k/images/I74_25_02.png,/data/projectwork/swati_mam/kadid10k/images/I74.png,Contrast change,NA,2,3.87,val,other,29.884125,10.509448
KADID-10k,I74_25_04,I74,/data/projectwork/swati_mam/new model data/kadid10k/images/I74_25_04.png,/data/projectwork/swati_mam/kadid10k/images/I74.png,Contrast change,NA,4,3.9,val,other,37.54403,9.828082
KADID-10k,I74_25_05,I74,/data/projectwork/swati_mam/new model data/kadid10k/images/I74_25_05.png,/data/projectwork/swati_mam/kadid10k/images/I74.png,Contrast change,NA,5,3.03,val,other,34.530224,10.368014
KADID-10k,I74_17_01,I74,/data/projectwork/swati_mam/new model data/kadid10k/images/I74_17_01.png,/data/projectwork/swati_mam/kadid10k/images/I74.png,Darken,NA,1,4.8,val,other,38.857876,8.902645
KADID-10k,I74_17_05,I74,/data/projectwork/swati_mam/new model data/kadid10k/images/I74_17_05.png,/data/projectwork/swati_mam/kadid10k/images/I74.png,Darken,NA,5,2.67,val,other,-8.586724,6.957552
KADID-10k,I74_15_01,I74,/data/projectwork/swati_mam/new model data/kadid10k/images/I74_15_01.png,/data/projectwork/swati_mam/kadid10k/images/I74.png,Denoise,NA,1,4.07,val,noise,43.683605,6.5554786
KADID-10k,I74_15_04,I74,/data/projectwork/swati_mam/new model data/kadid10k/images/I74_15_04.png,/data/projectwork/swati_mam/kadid10k/images/I74.png,Denoise,NA,4,1.93,val,noise,-6.831873,7.379975
KADID-10k,I74_01_03,I74,/data/projectwork/swati_mam/new model data/kadid10k/images/I74_01_03.png,/data/projectwork/swati_mam/kadid10k/images/I74.png,Gaussian blur,NA,3,3.0,val,blur,46.787025,4.442747
KADID-10k,I74_01_04,I74,/data/projectwork/swati_mam/new model data/kadid10k/images/I74_01_04.png,/data/projectwork/swati_mam/kadid10k/images/I74.png,Gaussian blur,NA,4,2.1,val,blur,44.552692,5.638551
KADID-10k,I74_01_05,I74,/data/projectwork/swati_mam/new model data/kadid10k/images/I74_01_05.png,/data/projectwork/swati_mam/kadid10k/images/I74.png,Gaussian blur,NA,5,1.4,val,blur,-4.596956,5.868047
KADID-10k,I74_13_01,I74,/data/projectwork/swati_mam/new model data/kadid10k/images/I74_13_01.png,/data/projectwork/swati_mam/kadid10k/images/I74.png,Impulse noise,NA,1,4.2,val,noise,37.617004,9.411242
KADID-10k,I74_13_03,I74,/data/projectwork/swati_mam/new model data/kadid10k/images/I74_13_03.png,/data/projectwork/swati_mam/kadid10k/images/I74.png,Impulse noise,NA,3,3.0,val,noise,5.4102154,11.247141
KADID-10k,I74_13_05,I74,/data/projectwork/swati_mam/new model data/kadid10k/images/I74_13_05.png,/data/projectwork/swati_mam/kadid10k/images/I74.png,Impulse noise,NA,5,2.13,val,noise,-34.264996,-11.723326
KADID-10k,I74_10_01,I74,/data/projectwork/swati_mam/new model data/kadid10k/images/I74_10_01.png,/data/projectwork/swati_mam/kadid10k/images/I74.png,JPEG,NA,1,4.37,val,other,36.96555,10.162304
KADID-10k,I74_10_03,I74,/data/projectwork/swati_mam/new model data/kadid10k/images/I74_10_03.png,/data/projectwork/swati_mam/kadid10k/images/I74.png,JPEG,NA,3,4.13,val,other,34.817947,10.082137
KADID-10k,I74_10_04,I74,/data/projectwork/swati_mam/new model data/kadid10k/images/I74_10_04.png,/data/projectwork/swati_mam/kadid10k/images/I74.png,JPEG,NA,4,2.9,val,other,6.0956073,12.070868
KADID-10k,I74_09_02,I74,/data/projectwork/swati_mam/new model data/kadid10k/images/I74_09_02.png,/data/projectwork/swati_mam/kadid10k/images/I74.png,JPEG2000,NA,2,4.57,val,other,41.747696,7.370038
KADID-10k,I74_19_01,I74,/data/projectwork/swati_mam/new model data/kadid10k/images/I74_19_01.png,/data/projectwork/swati_mam/kadid10k/images/I74.png,Jitter,NA,1,4.33,val,other,41.079647,7.781649
KADID-10k,I74_19_02,I74,/data/projectwork/swati_mam/new model data/kadid10k/images/I74_19_02.png,/data/projectwork/swati_mam/kadid10k/images/I74.png,Jitter,NA,2,4.1,val,other,37.175034,9.780242
KADID-10k,I74_19_03,I74,/data/projectwork/swati_mam/new model data/kadid10k/images/I74_19_03.png,/data/projectwork/swati_mam/kadid10k/images/I74.png,Jitter,NA,3,2.73,val,other,39.28925,9.081059
KADID-10k,I74_19_05,I74,/data/projectwork/swati_mam/new model data/kadid10k/images/I74_19_05.png,/data/projectwork/swati_mam/kadid10k/images/I74.png,Jitter,NA,5,1.53,val,other,6.8009233,11.866268
KADID-10k,I74_02_01,I74,/data/projectwork/swati_mam/new model data/kadid10k/images/I74_02_01.png,/data/projectwork/swati_mam/kadid10k/images/I74.png,Lens blur,NA,1,4.1,val,blur,45.414043,5.385267
KADID-10k,I74_02_04,I74,/data/projectwork/swati_mam/new model data/kadid10k/images/I74_02_04.png,/data/projectwork/swati_mam/kadid10k/images/I74.png,Lens blur,NA,4,1.37,val,blur,22.572548,12.481638
KADID-10k,I74_18_01,I74,/data/projectwork/swati_mam/new model data/kadid10k/images/I74_18_01.png,/data/projectwork/swati_mam/kadid10k/images/I74.png,Mean shift,NA,1,4.2,val,other,42.519375,7.2202377
KADID-10k,I74_18_05,I74,/data/projectwork/swati_mam/new model data/kadid10k/images/I74_18_05.png,/data/projectwork/swati_mam/kadid10k/images/I74.png,Mean shift,NA,5,3.87,val,other,5.7359223,12.358584
KADID-10k,I74_03_02,I74,/data/projectwork/swati_mam/new model data/kadid10k/images/I74_03_02.png,/data/projectwork/swati_mam/kadid10k/images/I74.png,Motion blur,NA,2,4.33,val,blur,45.488247,5.3406925
KADID-10k,I74_03_03,I74,/data/projectwork/swati_mam/new model data/kadid10k/images/I74_03_03.png,/data/projectwork/swati_mam/kadid10k/images/I74.png,Motion blur,NA,3,3.0,val,blur,51.057632,0.7911393
KADID-10k,I74_14_01,I74,/data/projectwork/swati_mam/new model data/kadid10k/images/I74_14_01.png,/data/projectwork/swati_mam/kadid10k/images/I74.png,Multiplicative noise,NA,1,4.67,val,noise,36.464462,9.668513
KADID-10k,I74_14_02,I74,/data/projectwork/swati_mam/new model data/kadid10k/images/I74_14_02.png,/data/projectwork/swati_mam/kadid10k/images/I74.png,Multiplicative noise,NA,2,4.3,val,noise,35.47319,9.807925
KADID-10k,I74_14_03,I74,/data/projectwork/swati_mam/new model data/kadid10k/images/I74_14_03.png,/data/projectwork/swati_mam/kadid10k/images/I74.png,Multiplicative noise,NA,3,3.73,val,noise,5.9377127,12.978407
KADID-10k,I74_14_04,I74,/data/projectwork/swati_mam/new model data/kadid10k/images/I74_14_04.png,/data/projectwork/swati_mam/kadid10k/images/I74.png,Multiplicative noise,NA,4,3.0,val,noise,5.723297,11.707921
KADID-10k,I74_20_01,I74,/data/projectwork/swati_mam/new model data/kadid10k/images/I74_20_01.png,/data/projectwork/swati_mam/kadid10k/images/I74.png,Non-eccentricity patch,NA,1,4.3,val,other,38.0843,9.42702
KADID-10k,I74_20_02,I74,/data/projectwork/swati_mam/new model data/kadid10k/images/I74_20_02.png,/data/projectwork/swati_mam/kadid10k/images/I74.png,Non-eccentricity patch,NA,2,3.67,val,other,29.029627,10.734244
KADID-10k,I74_20_04,I74,/data/projectwork/swati_mam/new model data/kadid10k/images/I74_20_04.png,/data/projectwork/swati_mam/kadid10k/images/I74.png,Non-eccentricity patch,NA,4,3.1,val,other,30.246582,10.81754
KADID-10k,I74_21_01,I74,/data/projectwork/swati_mam/new model data/kadid10k/images/I74_21_01.png,/data/projectwork/swati_mam/kadid10k/images/I74.png,Pixelate,NA,1,3.93,val,other,47.211063,4.269152
KADID-10k,I74_21_02,I74,/data/projectwork/swati_mam/new model data/kadid10k/images/I74_21_02.png,/data/projectwork/swati_mam/kadid10k/images/I74.png,Pixelate,NA,2,3.23,val,other,43.16712,6.858641
KADID-10k,I74_21_03,I74,/data/projectwork/swati_mam/new model data/kadid10k/images/I74_21_03.png,/data/projectwork/swati_mam/kadid10k/images/I74.png,Pixelate,NA,3,2.27,val,other,33.77798,10.085508
KADID-10k,I74_21_04,I74,/data/projectwork/swati_mam/new model data/kadid10k/images/I74_21_04.png,/data/projectwork/swati_mam/kadid10k/images/I74.png,Pixelate,NA,4,2.43,val,other,24.704487,11.280447
KADID-10k,I74_21_05,I74,/data/projectwork/swati_mam/new model data/kadid10k/images/I74_21_05.png,/data/projectwork/swati_mam/kadid10k/images/I74.png,Pixelate,NA,5,1.47,val,other,27.878603,10.92739
KADID-10k,I74_22_01,I74,/data/projectwork/swati_mam/new model data/kadid10k/images/I74_22_01.png,/data/projectwork/swati_mam/kadid10k/images/I74.png,Quantization,NA,1,4.43,val,other,38.87819,8.896307
KADID-10k,I74_22_02,I74,/data/projectwork/swati_mam/new model data/kadid10k/images/I74_22_02.png,/data/projectwork/swati_mam/kadid10k/images/I74.png,Quantization,NA,2,4.5,val,other,35.814274,9.928969
KADID-10k,I74_22_05,I74,/data/projectwork/swati_mam/new model data/kadid10k/images/I74_22_05.png,/data/projectwork/swati_mam/kadid10k/images/I74.png,Quantization,NA,5,3.67,val,other,4.4570737,11.448865
KADID-10k,I74_11_01,I74,/data/projectwork/swati_mam/new model data/kadid10k/images/I74_11_01.png,/data/projectwork/swati_mam/kadid10k/images/I74.png,White noise,NA,1,4.4,val,noise,29.344048,10.80395
KADID-10k,I74_11_03,I74,/data/projectwork/swati_mam/new model data/kadid10k/images/I74_11_03.png,/data/projectwork/swati_mam/kadid10k/images/I74.png,White noise,NA,3,3.73,val,noise,5.5253825,10.845869
KADID-10k,I74_11_05,I74,/data/projectwork/swati_mam/new model data/kadid10k/images/I74_11_05.png,/data/projectwork/swati_mam/kadid10k/images/I74.png,White noise,NA,5,3.23,val,noise,-33.286057,-11.865162
KADID-10k,I74_12_01,I74,/data/projectwork/swati_mam/new model data/kadid10k/images/I74_12_01.png,/data/projectwork/swati_mam/kadid10k/images/I74.png,White noise in color component,NA,1,4.37,val,noise,37.298317,9.435072
KADID-10k,I74_12_03,I74,/data/projectwork/swati_mam/new model data/kadid10k/images/I74_12_03.png,/data/projectwork/swati_mam/kadid10k/images/I74.png,White noise in color component,NA,3,4.0,val,noise,-7.6890583,7.0654683
KADID-10k,I74_12_05,I74,/data/projectwork/swati_mam/new model data/kadid10k/images/I74_12_05.png,/data/projectwork/swati_mam/kadid10k/images/I74.png,White noise in color component,NA,5,3.19,val,noise,-53.19432,-0.9042738
KADID-10k,I77_16_02,I77,/data/projectwork/swati_mam/new model data/kadid10k/images/I77_16_02.png,/data/projectwork/swati_mam/kadid10k/images/I77.png,Brighten,NA,2,4.13,val,other,-48.99587,-4.6862297
KADID-10k,I77_16_03,I77,/data/projectwork/swati_mam/new model data/kadid10k/images/I77_16_03.png,/data/projectwork/swati_mam/kadid10k/images/I77.png,Brighten,NA,3,3.77,val,other,-46.444798,-5.356468
KADID-10k,I77_23_04,I77,/data/projectwork/swati_mam/new model data/kadid10k/images/I77_23_04.png,/data/projectwork/swati_mam/kadid10k/images/I77.png,Color block,NA,4,2.17,val,other,-45.339714,-8.881941
KADID-10k,I77_23_05,I77,/data/projectwork/swati_mam/new model data/kadid10k/images/I77_23_05.png,/data/projectwork/swati_mam/kadid10k/images/I77.png,Color block,NA,5,2.27,val,other,-37.632626,-13.700977
KADID-10k,I77_04_02,I77,/data/projectwork/swati_mam/new model data/kadid10k/images/I77_04_02.png,/data/projectwork/swati_mam/kadid10k/images/I77.png,Color diffusion,NA,2,1.93,val,other,-62.90101,7.6223373
KADID-10k,I77_04_03,I77,/data/projectwork/swati_mam/new model data/kadid10k/images/I77_04_03.png,/data/projectwork/swati_mam/kadid10k/images/I77.png,Color diffusion,NA,3,1.43,val,other,-63.90348,8.12128
KADID-10k,I77_04_04,I77,/data/projectwork/swati_mam/new model data/kadid10k/images/I77_04_04.png,/data/projectwork/swati_mam/kadid10k/images/I77.png,Color diffusion,NA,4,1.33,val,other,-64.66244,9.738213
KADID-10k,I77_06_01,I77,/data/projectwork/swati_mam/new model data/kadid10k/images/I77_06_01.png,/data/projectwork/swati_mam/kadid10k/images/I77.png,Color quantization,NA,1,4.37,val,other,-55.730812,0.93495494
KADID-10k,I77_06_04,I77,/data/projectwork/swati_mam/new model data/kadid10k/images/I77_06_04.png,/data/projectwork/swati_mam/kadid10k/images/I77.png,Color quantization,NA,4,3.27,val,other,-62.117794,7.193378
KADID-10k,I77_06_05,I77,/data/projectwork/swati_mam/new model data/kadid10k/images/I77_06_05.png,/data/projectwork/swati_mam/kadid10k/images/I77.png,Color quantization,NA,5,2.73,val,other,-62.76683,7.427922
KADID-10k,I77_07_01,I77,/data/projectwork/swati_mam/new model data/kadid10k/images/I77_07_01.png,/data/projectwork/swati_mam/kadid10k/images/I77.png,Color saturation 1,NA,1,2.37,val,other,-27.036795,-12.374419
KADID-10k,I77_07_02,I77,/data/projectwork/swati_mam/new model data/kadid10k/images/I77_07_02.png,/data/projectwork/swati_mam/kadid10k/images/I77.png,Color saturation 1,NA,2,2.3,val,other,-33.804276,-13.179992
KADID-10k,I77_07_04,I77,/data/projectwork/swati_mam/new model data/kadid10k/images/I77_07_04.png,/data/projectwork/swati_mam/kadid10k/images/I77.png,Color saturation 1,NA,4,2.23,val,other,-37.67878,-12.172961
KADID-10k,I77_07_05,I77,/data/projectwork/swati_mam/new model data/kadid10k/images/I77_07_05.png,/data/projectwork/swati_mam/kadid10k/images/I77.png,Color saturation 1,NA,5,1.77,val,other,-18.481962,-8.841989
KADID-10k,I77_05_02,I77,/data/projectwork/swati_mam/new model data/kadid10k/images/I77_05_02.png,/data/projectwork/swati_mam/kadid10k/images/I77.png,Color shift,NA,2,2.57,val,other,-38.378407,-11.556935
KADID-10k,I77_05_04,I77,/data/projectwork/swati_mam/new model data/kadid10k/images/I77_05_04.png,/data/projectwork/swati_mam/kadid10k/images/I77.png,Color shift,NA,4,2.3,val,other,-55.490326,1.2741944
KADID-10k,I77_05_05,I77,/data/projectwork/swati_mam/new model data/kadid10k/images/I77_05_05.png,/data/projectwork/swati_mam/kadid10k/images/I77.png,Color shift,NA,5,2.33,val,other,-48.237503,-4.5551786
KADID-10k,I77_25_01,I77,/data/projectwork/swati_mam/new model data/kadid10k/images/I77_25_01.png,/data/projectwork/swati_mam/kadid10k/images/I77.png,Contrast change,NA,1,3.83,val,other,-61.30714,6.590988
KADID-10k,I77_25_02,I77,/data/projectwork/swati_mam/new model data/kadid10k/images/I77_25_02.png,/data/projectwork/swati_mam/kadid10k/images/I77.png,Contrast change,NA,2,3.87,val,other,-58.59054,3.8276205
KADID-10k,I77_25_03,I77,/data/projectwork/swati_mam/new model data/kadid10k/images/I77_25_03.png,/data/projectwork/swati_mam/kadid10k/images/I77.png,Contrast change,NA,3,4.4,val,other,-54.58862,-0.22705063
KADID-10k,I77_25_04,I77,/data/projectwork/swati_mam/new model data/kadid10k/images/I77_25_04.png,/data/projectwork/swati_mam/kadid10k/images/I77.png,Contrast change,NA,4,4.17,val,other,-35.58491,-13.54857
KADID-10k,I77_25_05,I77,/data/projectwork/swati_mam/new model data/kadid10k/images/I77_25_05.png,/data/projectwork/swati_mam/kadid10k/images/I77.png,Contrast change,NA,5,3.7,val,other,-26.808926,-12.5752945
KADID-10k,I77_17_01,I77,/data/projectwork/swati_mam/new model data/kadid10k/images/I77_17_01.png,/data/projectwork/swati_mam/kadid10k/images/I77.png,Darken,NA,1,4.5,val,other,-43.561512,-9.688466
KADID-10k,I77_17_04,I77,/data/projectwork/swati_mam/new model data/kadid10k/images/I77_17_04.png,/data/projectwork/swati_mam/kadid10k/images/I77.png,Darken,NA,4,3.77,val,other,-41.275684,-11.753227
KADID-10k,I77_15_05,I77,/data/projectwork/swati_mam/new model data/kadid10k/images/I77_15_05.png,/data/projectwork/swati_mam/kadid10k/images/I77.png,Denoise,NA,5,1.73,val,noise,-48.798298,-3.4080386
KADID-10k,I77_01_02,I77,/data/projectwork/swati_mam/new model data/kadid10k/images/I77_01_02.png,/data/projectwork/swati_mam/kadid10k/images/I77.png,Gaussian blur,NA,2,4.6,val,blur,-36.663486,-13.7502
KADID-10k,I77_01_03,I77,/data/projectwork/swati_mam/new model data/kadid10k/images/I77_01_03.png,/data/projectwork/swati_mam/kadid10k/images/I77.png,Gaussian blur,NA,3,2.87,val,blur,-26.204603,-11.534736
KADID-10k,I77_01_05,I77,/data/projectwork/swati_mam/new model data/kadid10k/images/I77_01_05.png,/data/projectwork/swati_mam/kadid10k/images/I77.png,Gaussian blur,NA,5,1.43,val,blur,-38.775124,-7.593626
KADID-10k,I77_24_01,I77,/data/projectwork/swati_mam/new model data/kadid10k/images/I77_24_01.png,/data/projectwork/swati_mam/kadid10k/images/I77.png,High sharpen,NA,1,4.03,val,HF/sharpen,-56.959846,2.3336349
KADID-10k,I77_24_03,I77,/data/projectwork/swati_mam/new model data/kadid10k/images/I77_24_03.png,/data/projectwork/swati_mam/kadid10k/images/I77.png,High sharpen,NA,3,2.17,val,HF/sharpen,-62.420933,8.470621
KADID-10k,I77_24_05,I77,/data/projectwork/swati_mam/new model data/kadid10k/images/I77_24_05.png,/data/projectwork/swati_mam/kadid10k/images/I77.png,High sharpen,NA,5,1.27,val,HF/sharpen,-65.75074,11.483768
KADID-10k,I77_13_01,I77,/data/projectwork/swati_mam/new model data/kadid10k/images/I77_13_01.png,/data/projectwork/swati_mam/kadid10k/images/I77.png,Impulse noise,NA,1,3.6,val,noise,-48.047077,-6.229892
KADID-10k,I77_13_04,I77,/data/projectwork/swati_mam/new model data/kadid10k/images/I77_13_04.png,/data/projectwork/swati_mam/kadid10k/images/I77.png,Impulse noise,NA,4,2.3,val,noise,-61.06671,6.235523
KADID-10k,I77_13_05,I77,/data/projectwork/swati_mam/new model data/kadid10k/images/I77_13_05.png,/data/projectwork/swati_mam/kadid10k/images/I77.png,Impulse noise,NA,5,2.07,val,noise,-62.991924,8.337336
KADID-10k,I77_10_01,I77,/data/projectwork/swati_mam/new model data/kadid10k/images/I77_10_01.png,/data/projectwork/swati_mam/kadid10k/images/I77.png,JPEG,NA,1,4.47,val,other,-38.711506,-12.540704
KADID-10k,I77_10_02,I77,/data/projectwork/swati_mam/new model data/kadid10k/images/I77_10_02.png,/data/projectwork/swati_mam/kadid10k/images/I77.png,JPEG,NA,2,4.37,val,other,-39.133057,-12.68504
KADID-10k,I77_10_03,I77,/data/projectwork/swati_mam/new model data/kadid10k/images/I77_10_03.png,/data/projectwork/swati_mam/kadid10k/images/I77.png,JPEG,NA,3,4.3,val,other,-38.39659,-13.174321
KADID-10k,I77_10_05,I77,/data/projectwork/swati_mam/new model data/kadid10k/images/I77_10_05.png,/data/projectwork/swati_mam/kadid10k/images/I77.png,JPEG,NA,5,1.39,val,other,-49.962,-0.36784387
KADID-10k,I77_09_01,I77,/data/projectwork/swati_mam/new model data/kadid10k/images/I77_09_01.png,/data/projectwork/swati_mam/kadid10k/images/I77.png,JPEG2000,NA,1,4.83,val,other,-44.261528,-9.085393
KADID-10k,I77_09_03,I77,/data/projectwork/swati_mam/new model data/kadid10k/images/I77_09_03.png,/data/projectwork/swati_mam/kadid10k/images/I77.png,JPEG2000,NA,3,3.83,val,other,-28.4775,-12.763797
KADID-10k,I77_09_04,I77,/data/projectwork/swati_mam/new model data/kadid10k/images/I77_09_04.png,/data/projectwork/swati_mam/kadid10k/images/I77.png,JPEG2000,NA,4,2.27,val,other,-21.330637,-10.66434
KADID-10k,I77_09_05,I77,/data/projectwork/swati_mam/new model data/kadid10k/images/I77_09_05.png,/data/projectwork/swati_mam/kadid10k/images/I77.png,JPEG2000,NA,5,1.39,val,other,-37.108162,-8.671899
KADID-10k,I77_19_01,I77,/data/projectwork/swati_mam/new model data/kadid10k/images/I77_19_01.png,/data/projectwork/swati_mam/kadid10k/images/I77.png,Jitter,NA,1,4.1,val,other,-35.757484,-13.727854
KADID-10k,I77_19_02,I77,/data/projectwork/swati_mam/new model data/kadid10k/images/I77_19_02.png,/data/projectwork/swati_mam/kadid10k/images/I77.png,Jitter,NA,2,4.1,val,other,-26.075024,-12.454329
KADID-10k,I77_19_04,I77,/data/projectwork/swati_mam/new model data/kadid10k/images/I77_19_04.png,/data/projectwork/swati_mam/kadid10k/images/I77.png,Jitter,NA,4,2.23,val,other,-22.613138,-9.889487
KADID-10k,I77_02_01,I77,/data/projectwork/swati_mam/new model data/kadid10k/images/I77_02_01.png,/data/projectwork/swati_mam/kadid10k/images/I77.png,Lens blur,NA,1,3.81,val,blur,-27.764381,-12.991083
KADID-10k,I77_02_02,I77,/data/projectwork/swati_mam/new model data/kadid10k/images/I77_02_02.png,/data/projectwork/swati_mam/kadid10k/images/I77.png,Lens blur,NA,2,2.8,val,blur,-25.53517,-11.04588
KADID-10k,I77_02_04,I77,/data/projectwork/swati_mam/new model data/kadid10k/images/I77_02_04.png,/data/projectwork/swati_mam/kadid10k/images/I77.png,Lens blur,NA,4,1.47,val,blur,-34.768795,-9.334216
KADID-10k,I77_02_05,I77,/data/projectwork/swati_mam/new model data/kadid10k/images/I77_02_05.png,/data/projectwork/swati_mam/kadid10k/images/I77.png,Lens blur,NA,5,1.47,val,blur,-38.2627,-7.900085
KADID-10k,I77_18_01,I77,/data/projectwork/swati_mam/new model data/kadid10k/images/I77_18_01.png,/data/projectwork/swati_mam/kadid10k/images/I77.png,Mean shift,NA,1,4.4,val,other,-54.799026,0.24088699
KADID-10k,I77_18_02,I77,/data/projectwork/swati_mam/new model data/kadid10k/images/I77_18_02.png,/data/projectwork/swati_mam/kadid10k/images/I77.png,Mean shift,NA,2,4.7,val,other,-49.74464,-4.642411
KADID-10k,I77_18_04,I77,/data/projectwork/swati_mam/new model data/kadid10k/images/I77_18_04.png,/data/projectwork/swati_mam/kadid10k/images/I77.png,Mean shift,NA,4,4.37,val,other,-50.24739,-3.7860096
KADID-10k,I77_18_05,I77,/data/projectwork/swati_mam/new model data/kadid10k/images/I77_18_05.png,/data/projectwork/swati_mam/kadid10k/images/I77.png,Mean shift,NA,5,4.13,val,other,-54.385715,-0.13753471
KADID-10k,I77_03_01,I77,/data/projectwork/swati_mam/new model data/kadid10k/images/I77_03_01.png,/data/projectwork/swati_mam/kadid10k/images/I77.png,Motion blur,NA,1,4.65,val,blur,-44.991516,-8.683732
KADID-10k,I77_03_02,I77,/data/projectwork/swati_mam/new model data/kadid10k/images/I77_03_02.png,/data/projectwork/swati_mam/kadid10k/images/I77.png,Motion blur,NA,2,4.07,val,blur,-38.680233,-13.27671
KADID-10k,I77_03_04,I77,/data/projectwork/swati_mam/new model data/kadid10k/images/I77_03_04.png,/data/projectwork/swati_mam/kadid10k/images/I77.png,Motion blur,NA,4,2.07,val,blur,-27.948238,-11.120821
KADID-10k,I77_14_01,I77,/data/projectwork/swati_mam/new model data/kadid10k/images/I77_14_01.png,/data/projectwork/swati_mam/kadid10k/images/I77.png,Multiplicative noise,NA,1,4.57,val,noise,-46.265095,-7.8271704
KADID-10k,I77_14_03,I77,/data/projectwork/swati_mam/new model data/kadid10k/images/I77_14_03.png,/data/projectwork/swati_mam/kadid10k/images/I77.png,Multiplicative noise,NA,3,3.63,val,noise,-58.53188,3.331094
KADID-10k,I77_14_04,I77,/data/projectwork/swati_mam/new model data/kadid10k/images/I77_14_04.png,/data/projectwork/swati_mam/kadid10k/images/I77.png,Multiplicative noise,NA,4,3.0,val,noise,-60.581223,5.5163937
KADID-10k,I77_20_02,I77,/data/projectwork/swati_mam/new model data/kadid10k/images/I77_20_02.png,/data/projectwork/swati_mam/kadid10k/images/I77.png,Non-eccentricity patch,NA,2,4.17,val,other,-45.829075,-8.169449
KADID-10k,I77_20_03,I77,/data/projectwork/swati_mam/new model data/kadid10k/images/I77_20_03.png,/data/projectwork/swati_mam/kadid10k/images/I77.png,Non-eccentricity patch,NA,3,4.17,val,other,-42.90453,-9.350887
KADID-10k,I77_20_04,I77,/data/projectwork/swati_mam/new model data/kadid10k/images/I77_20_04.png,/data/projectwork/swati_mam/kadid10k/images/I77.png,Non-eccentricity patch,NA,4,4.03,val,other,-43.85982,-8.977831
KADID-10k,I77_21_01,I77,/data/projectwork/swati_mam/new model data/kadid10k/images/I77_21_01.png,/data/projectwork/swati_mam/kadid10k/images/I77.png,Pixelate,NA,1,3.93,val,other,-42.92915,-8.517939
KADID-10k,I77_21_02,I77,/data/projectwork/swati_mam/new model data/kadid10k/images/I77_21_02.png,/data/projectwork/swati_mam/kadid10k/images/I77.png,Pixelate,NA,2,3.0,val,other,-43.988007,-6.683447
KADID-10k,I77_21_04,I77,/data/projectwork/swati_mam/new model data/kadid10k/images/I77_21_04.png,/data/projectwork/swati_mam/kadid10k/images/I77.png,Pixelate,NA,4,2.7,val,other,-37.7511,-12.000343
KADID-10k,I77_21_05,I77,/data/projectwork/swati_mam/new model data/kadid10k/images/I77_21_05.png,/data/projectwork/swati_mam/kadid10k/images/I77.png,Pixelate,NA,5,1.77,val,other,-48.181786,-3.6320486
KADID-10k,I77_22_01,I77,/data/projectwork/swati_mam/new model data/kadid10k/images/I77_22_01.png,/data/projectwork/swati_mam/kadid10k/images/I77.png,Quantization,NA,1,4.6,val,other,-48.1258,-5.671737
KADID-10k,I77_22_03,I77,/data/projectwork/swati_mam/new model data/kadid10k/images/I77_22_03.png,/data/projectwork/swati_mam/kadid10k/images/I77.png,Quantization,NA,3,4.27,val,other,-50.628597,-3.3172562
KADID-10k,I77_22_05,I77,/data/projectwork/swati_mam/new model data/kadid10k/images/I77_22_05.png,/data/projectwork/swati_mam/kadid10k/images/I77.png,Quantization,NA,5,3.67,val,other,-53.840103,-0.22329476
KADID-10k,I77_12_01,I77,/data/projectwork/swati_mam/new model data/kadid10k/images/I77_12_01.png,/data/projectwork/swati_mam/kadid10k/images/I77.png,White noise in color component,NA,1,4.53,val,noise,-48.58661,-6.1218624
KADID-10k,I77_12_05,I77,/data/projectwork/swati_mam/new model data/kadid10k/images/I77_12_05.png,/data/projectwork/swati_mam/kadid10k/images/I77.png,White noise in color component,NA,5,2.4,val,noise,-63.438843,8.991341
KADID-10k,I81_16_04,I81,/data/projectwork/swati_mam/new model data/kadid10k/images/I81_16_04.png,/data/projectwork/swati_mam/kadid10k/images/I81.png,Brighten,NA,4,2.67,val,other,0.5922245,3.8960938
KADID-10k,I81_23_01,I81,/data/projectwork/swati_mam/new model data/kadid10k/images/I81_23_01.png,/data/projectwork/swati_mam/kadid10k/images/I81.png,Color block,NA,1,2.83,val,other,6.299473,8.217783
KADID-10k,I81_23_02,I81,/data/projectwork/swati_mam/new model data/kadid10k/images/I81_23_02.png,/data/projectwork/swati_mam/kadid10k/images/I81.png,Color block,NA,2,1.9,val,other,5.75292,8.099172
KADID-10k,I81_23_05,I81,/data/projectwork/swati_mam/new model data/kadid10k/images/I81_23_05.png,/data/projectwork/swati_mam/kadid10k/images/I81.png,Color block,NA,5,2.13,val,other,13.211569,9.3669815
KADID-10k,I81_04_05,I81,/data/projectwork/swati_mam/new model data/kadid10k/images/I81_04_05.png,/data/projectwork/swati_mam/kadid10k/images/I81.png,Color diffusion,NA,5,1.23,val,other,-52.82636,0.367914
KADID-10k,I81_06_03,I81,/data/projectwork/swati_mam/new model data/kadid10k/images/I81_06_03.png,/data/projectwork/swati_mam/kadid10k/images/I81.png,Color quantization,NA,3,2.9,val,other,-38.894447,-11.352845
KADID-10k,I81_06_05,I81,/data/projectwork/swati_mam/new model data/kadid10k/images/I81_06_05.png,/data/projectwork/swati_mam/kadid10k/images/I81.png,Color quantization,NA,5,1.93,val,other,-57.986652,2.7758024
KADID-10k,I81_07_01,I81,/data/projectwork/swati_mam/new model data/kadid10k/images/I81_07_01.png,/data/projectwork/swati_mam/kadid10k/images/I81.png,Color saturation 1,NA,1,2.53,val,other,29.612558,12.537773
KADID-10k,I81_07_05,I81,/data/projectwork/swati_mam/new model data/kadid10k/images/I81_07_05.png,/data/projectwork/swati_mam/kadid10k/images/I81.png,Color saturation 1,NA,5,2.1,val,other,40.91953,7.122538
KADID-10k,I81_08_02,I81,/data/projectwork/swati_mam/new model data/kadid10k/images/I81_08_02.png,/data/projectwork/swati_mam/kadid10k/images/I81.png,Color saturation 2,NA,2,3.17,val,other,-8.960329,-6.68547
KADID-10k,I81_08_03,I81,/data/projectwork/swati_mam/new model data/kadid10k/images/I81_08_03.png,/data/projectwork/swati_mam/kadid10k/images/I81.png,Color saturation 2,NA,3,2.73,val,other,-4.125737,-4.944586
KADID-10k,I81_05_02,I81,/data/projectwork/swati_mam/new model data/kadid10k/images/I81_05_02.png,/data/projectwork/swati_mam/kadid10k/images/I81.png,Color shift,NA,2,2.47,val,other,-3.7030604,-3.942056
KADID-10k,I81_17_03,I81,/data/projectwork/swati_mam/new model data/kadid10k/images/I81_17_03.png,/data/projectwork/swati_mam/kadid10k/images/I81.png,Darken,NA,3,4.37,val,other,6.5850353,8.376929
KADID-10k,I81_17_04,I81,/data/projectwork/swati_mam/new model data/kadid10k/images/I81_17_04.png,/data/projectwork/swati_mam/kadid10k/images/I81.png,Darken,NA,4,3.73,val,other,-4.848871,-4.715377
KADID-10k,I81_17_05,I81,/data/projectwork/swati_mam/new model data/kadid10k/images/I81_17_05.png,/data/projectwork/swati_mam/kadid10k/images/I81.png,Darken,NA,5,2.33,val,other,-37.856464,-10.707221
KADID-10k,I81_15_04,I81,/data/projectwork/swati_mam/new model data/kadid10k/images/I81_15_04.png,/data/projectwork/swati_mam/kadid10k/images/I81.png,Denoise,NA,4,1.45,val,noise,-36.661423,-11.421098
KADID-10k,I81_15_05,I81,/data/projectwork/swati_mam/new model data/kadid10k/images/I81_15_05.png,/data/projectwork/swati_mam/kadid10k/images/I81.png,Denoise,NA,5,1.23,val,noise,-36.685993,-11.400477
KADID-10k,I81_01_01,I81,/data/projectwork/swati_mam/new model data/kadid10k/images/I81_01_01.png,/data/projectwork/swati_mam/kadid10k/images/I81.png,Gaussian blur,NA,1,4.67,val,blur,12.657974,9.766096
KADID-10k,I81_01_03,I81,/data/projectwork/swati_mam/new model data/kadid10k/images/I81_01_03.png,/data/projectwork/swati_mam/kadid10k/images/I81.png,Gaussian blur,NA,3,2.9,val,blur,1.0712733,3.5625541
KADID-10k,I81_01_05,I81,/data/projectwork/swati_mam/new model data/kadid10k/images/I81_01_05.png,/data/projectwork/swati_mam/kadid10k/images/I81.png,Gaussian blur,NA,5,1.2,val,blur,-5.1341934,-3.9676063
KADID-10k,I81_24_02,I81,/data/projectwork/swati_mam/new model data/kadid10k/images/I81_24_02.png,/data/projectwork/swati_mam/kadid10k/images/I81.png,High sharpen,NA,2,2.73,val,HF/sharpen,5.8381276,9.669309
KADID-10k,I81_24_03,I81,/data/projectwork/swati_mam/new model data/kadid10k/images/I81_24_03.png,/data/projectwork/swati_mam/kadid10k/images/I81.png,High sharpen,NA,3,2.23,val,HF/sharpen,-8.928058,6.9584656
KADID-10k,I81_24_04,I81,/data/projectwork/swati_mam/new model data/kadid10k/images/I81_24_04.png,/data/projectwork/swati_mam/kadid10k/images/I81.png,High sharpen,NA,4,1.67,val,HF/sharpen,-34.53063,6.6578035
KADID-10k,I81_13_01,I81,/data/projectwork/swati_mam/new model data/kadid10k/images/I81_13_01.png,/data/projectwork/swati_mam/kadid10k/images/I81.png,Impulse noise,NA,1,2.8,val,noise,5.988151,8.3005705
KADID-10k,I81_10_05,I81,/data/projectwork/swati_mam/new model data/kadid10k/images/I81_10_05.png,/data/projectwork/swati_mam/kadid10k/images/I81.png,JPEG,NA,5,1.23,val,other,-41.71957,-6.9607186
KADID-10k,I81_09_02,I81,/data/projectwork/swati_mam/new model data/kadid10k/images/I81_09_02.png,/data/projectwork/swati_mam/kadid10k/images/I81.png,JPEG2000,NA,2,4.71,val,other,12.9594755,9.762731
KADID-10k,I81_09_04,I81,/data/projectwork/swati_mam/new model data/kadid10k/images/I81_09_04.png,/data/projectwork/swati_mam/kadid10k/images/I81.png,JPEG2000,NA,4,2.47,val,other,11.015188,9.204654
KADID-10k,I81_09_05,I81,/data/projectwork/swati_mam/new model data/kadid10k/images/I81_09_05.png,/data/projectwork/swati_mam/kadid10k/images/I81.png,JPEG2000,NA,5,1.33,val,other,-3.7518888,-3.304719
KADID-10k,I81_19_01,I81,/data/projectwork/swati_mam/new model data/kadid10k/images/I81_19_01.png,/data/projectwork/swati_mam/kadid10k/images/I81.png,Jitter,NA,1,4.5,val,other,12.697513,9.6016655
KADID-10k,I81_19_04,I81,/data/projectwork/swati_mam/new model data/kadid10k/images/I81_19_04.png,/data/projectwork/swati_mam/kadid10k/images/I81.png,Jitter,NA,4,1.6,val,other,-4.247887,-3.9455729
KADID-10k,I81_19_05,I81,/data/projectwork/swati_mam/new model data/kadid10k/images/I81_19_05.png,/data/projectwork/swati_mam/kadid10k/images/I81.png,Jitter,NA,5,1.17,val,other,-10.948345,-5.584984
KADID-10k,I81_02_01,I81,/data/projectwork/swati_mam/new model data/kadid10k/images/I81_02_01.png,/data/projectwork/swati_mam/kadid10k/images/I81.png,Lens blur,NA,1,3.87,val,blur,6.18455,7.85743
KADID-10k,I81_02_03,I81,/data/projectwork/swati_mam/new model data/kadid10k/images/I81_02_03.png,/data/projectwork/swati_mam/kadid10k/images/I81.png,Lens blur,NA,3,1.8,val,blur,-4.1691103,-3.4993415
KADID-10k,I81_02_04,I81,/data/projectwork/swati_mam/new model data/kadid10k/images/I81_02_04.png,/data/projectwork/swati_mam/kadid10k/images/I81.png,Lens blur,NA,4,1.33,val,blur,-4.508831,-3.6227162
KADID-10k,I81_18_01,I81,/data/projectwork/swati_mam/new model data/kadid10k/images/I81_18_01.png,/data/projectwork/swati_mam/kadid10k/images/I81.png,Mean shift,NA,1,4.27,val,other,15.005817,10.256336
KADID-10k,I81_18_02,I81,/data/projectwork/swati_mam/new model data/kadid10k/images/I81_18_02.png,/data/projectwork/swati_mam/kadid10k/images/I81.png,Mean shift,NA,2,4.63,val,other,13.499094,9.972122
KADID-10k,I81_18_04,I81,/data/projectwork/swati_mam/new model data/kadid10k/images/I81_18_04.png,/data/projectwork/swati_mam/kadid10k/images/I81.png,Mean shift,NA,4,4.58,val,other,6.2305136,8.510697
KADID-10k,I81_03_01,I81,/data/projectwork/swati_mam/new model data/kadid10k/images/I81_03_01.png,/data/projectwork/swati_mam/kadid10k/images/I81.png,Motion blur,NA,1,4.8,val,blur,12.657974,9.766096
KADID-10k,I81_03_03,I81,/data/projectwork/swati_mam/new model data/kadid10k/images/I81_03_03.png,/data/projectwork/swati_mam/kadid10k/images/I81.png,Motion blur,NA,3,2.6,val,blur,5.683371,7.6842184
KADID-10k,I81_03_04,I81,/data/projectwork/swati_mam/new model data/kadid10k/images/I81_03_04.png,/data/projectwork/swati_mam/kadid10k/images/I81.png,Motion blur,NA,4,2.17,val,blur,4.619992,7.254717
KADID-10k,I81_03_05,I81,/data/projectwork/swati_mam/new model data/kadid10k/images/I81_03_05.png,/data/projectwork/swati_mam/kadid10k/images/I81.png,Motion blur,NA,5,1.53,val,blur,-5.9009504,-4.7794185
KADID-10k,I81_14_02,I81,/data/projectwork/swati_mam/new model data/kadid10k/images/I81_14_02.png,/data/projectwork/swati_mam/kadid10k/images/I81.png,Multiplicative noise,NA,2,3.03,val,noise,-11.412034,-6.2225413
KADID-10k,I81_14_03,I81,/data/projectwork/swati_mam/new model data/kadid10k/images/I81_14_03.png,/data/projectwork/swati_mam/kadid10k/images/I81.png,Multiplicative noise,NA,3,2.7,val,noise,-27.987429,-12.333825
KADID-10k,I81_14_04,I81,/data/projectwork/swati_mam/new model data/kadid10k/images/I81_14_04.png,/data/projectwork/swati_mam/kadid10k/images/I81.png,Multiplicative noise,NA,4,2.2,val,noise,-47.60583,-4.4461884
KADID-10k,I81_14_05,I81,/data/projectwork/swati_mam/new model data/kadid10k/images/I81_14_05.png,/data/projectwork/swati_mam/kadid10k/images/I81.png,Multiplicative noise,NA,5,1.67,val,noise,-64.078995,9.595907
KADID-10k,I81_20_02,I81,/data/projectwork/swati_mam/new model data/kadid10k/images/I81_20_02.png,/data/projectwork/swati_mam/kadid10k/images/I81.png,Non-eccentricity patch,NA,2,2.37,val,other,23.024324,11.333208
KADID-10k,I81_20_03,I81,/data/projectwork/swati_mam/new model data/kadid10k/images/I81_20_03.png,/data/projectwork/swati_mam/kadid10k/images/I81.png,Non-eccentricity patch,NA,3,4.07,val,other,12.243273,9.464201
KADID-10k,I81_21_04,I81,/data/projectwork/swati_mam/new model data/kadid10k/images/I81_21_04.png,/data/projectwork/swati_mam/kadid10k/images/I81.png,Pixelate,NA,4,2.0,val,other,0.70018506,3.3099842
KADID-10k,I81_22_02,I81,/data/projectwork/swati_mam/new model data/kadid10k/images/I81_22_02.png,/data/projectwork/swati_mam/kadid10k/images/I81.png,Quantization,NA,2,3.9,val,other,0.7030338,3.4736485
KADID-10k,I81_22_03,I81,/data/projectwork/swati_mam/new model data/kadid10k/images/I81_22_03.png,/data/projectwork/swati_mam/kadid10k/images/I81.png,Quantization,NA,3,3.37,val,other,0.2402038,3.2475352
KADID-10k,I81_11_01,I81,/data/projectwork/swati_mam/new model data/kadid10k/images/I81_11_01.png,/data/projectwork/swati_mam/kadid10k/images/I81.png,White noise,NA,1,3.33,val,noise,-11.584078,-6.581634
KADID-10k,I81_11_02,I81,/data/projectwork/swati_mam/new model data/kadid10k/images/I81_11_02.png,/data/projectwork/swati_mam/kadid10k/images/I81.png,White noise,NA,2,2.4,val,noise,-26.389679,-12.558913
KADID-10k,I81_11_03,I81,/data/projectwork/swati_mam/new model data/kadid10k/images/I81_11_03.png,/data/projectwork/swati_mam/kadid10k/images/I81.png,White noise,NA,3,2.73,val,noise,-34.254868,-13.242345
KADID-10k,I81_12_03,I81,/data/projectwork/swati_mam/new model data/kadid10k/images/I81_12_03.png,/data/projectwork/swati_mam/kadid10k/images/I81.png,White noise in color component,NA,3,2.67,val,noise,-37.463993,-11.096376
TID2013,i05_01_2,I05,/data/projectwork/swati_mam/new model data/tid2013/tid2013/distorted_images/i05_01_2.bmp,/data/projectwork/swati_mam/new model data/tid2013/tid2013/reference_images/I05.BMP,type_01,NA,2,5.5,val,noise,24.101828,0.10708375
TID2013,i05_01_3,I05,/data/projectwork/swati_mam/new model data/tid2013/tid2013/distorted_images/i05_01_3.bmp,/data/projectwork/swati_mam/new model data/tid2013/tid2013/reference_images/I05.BMP,type_01,NA,3,4.84615,val,noise,3.2323616,-4.2997923
TID2013,i05_01_4,I05,/data/projectwork/swati_mam/new model data/tid2013/tid2013/distorted_images/i05_01_4.bmp,/data/projectwork/swati_mam/new model data/tid2013/tid2013/reference_images/I05.BMP,type_01,NA,4,4.05128,val,noise,-18.984282,-11.059904
TID2013,i05_01_5,I05,/data/projectwork/swati_mam/new model data/tid2013/tid2013/distorted_images/i05_01_5.bmp,/data/projectwork/swati_mam/new model data/tid2013/tid2013/reference_images/I05.BMP,type_01,NA,5,3.5609800000000003,val,noise,-41.13499,-13.680047
TID2013,i05_02_1,I05,/data/projectwork/swati_mam/new model data/tid2013/tid2013/distorted_images/i05_02_1.bmp,/data/projectwork/swati_mam/new model data/tid2013/tid2013/reference_images/I05.BMP,type_02,NA,1,5.829269999999999,val,noise,28.713102,-1.9724929
TID2013,i05_02_2,I05,/data/projectwork/swati_mam/new model data/tid2013/tid2013/distorted_images/i05_02_2.bmp,/data/projectwork/swati_mam/new model data/tid2013/tid2013/reference_images/I05.BMP,type_02,NA,2,5.682930000000001,val,noise,25.72298,-0.47180292
TID2013,i05_02_3,I05,/data/projectwork/swati_mam/new model data/tid2013/tid2013/distorted_images/i05_02_3.bmp,/data/projectwork/swati_mam/new model data/tid2013/tid2013/reference_images/I05.BMP,type_02,NA,3,5.325,val,noise,10.52784,-2.4968896
TID2013,i05_02_5,I05,/data/projectwork/swati_mam/new model data/tid2013/tid2013/distorted_images/i05_02_5.bmp,/data/projectwork/swati_mam/new model data/tid2013/tid2013/reference_images/I05.BMP,type_02,NA,5,4.25641,val,noise,-47.818436,-9.095665
TID2013,i05_03_1,I05,/data/projectwork/swati_mam/new model data/tid2013/tid2013/distorted_images/i05_03_1.bmp,/data/projectwork/swati_mam/new model data/tid2013/tid2013/reference_images/I05.BMP,type_03,NA,1,5.09756,val,noise,27.697815,-1.2078614
TID2013,i05_03_2,I05,/data/projectwork/swati_mam/new model data/tid2013/tid2013/distorted_images/i05_03_2.bmp,/data/projectwork/swati_mam/new model data/tid2013/tid2013/reference_images/I05.BMP,type_03,NA,2,4.4878,val,noise,11.286017,-2.2112663
TID2013,i05_03_5,I05,/data/projectwork/swati_mam/new model data/tid2013/tid2013/distorted_images/i05_03_5.bmp,/data/projectwork/swati_mam/new model data/tid2013/tid2013/reference_images/I05.BMP,type_03,NA,5,2.375,val,noise,-29.779165,-13.76595
TID2013,i05_04_5,I05,/data/projectwork/swati_mam/new model data/tid2013/tid2013/distorted_images/i05_04_5.bmp,/data/projectwork/swati_mam/new model data/tid2013/tid2013/reference_images/I05.BMP,type_04,NA,5,4.4,val,noise,-30.179873,-13.6116085
TID2013,i05_05_4,I05,/data/projectwork/swati_mam/new model data/tid2013/tid2013/distorted_images/i05_05_4.bmp,/data/projectwork/swati_mam/new model data/tid2013/tid2013/reference_images/I05.BMP,type_05,NA,4,3.81579,val,HF/sharpen,-54.60658,2.8097339
TID2013,i05_05_5,I05,/data/projectwork/swati_mam/new model data/tid2013/tid2013/distorted_images/i05_05_5.bmp,/data/projectwork/swati_mam/new model data/tid2013/tid2013/reference_images/I05.BMP,type_05,NA,5,2.92308,val,HF/sharpen,-65.09541,11.275246
TID2013,i05_06_1,I05,/data/projectwork/swati_mam/new model data/tid2013/tid2013/distorted_images/i05_06_1.bmp,/data/projectwork/swati_mam/new model data/tid2013/tid2013/reference_images/I05.BMP,type_06,NA,1,4.375,val,noise,29.312202,-2.2535005
TID2013,i05_06_2,I05,/data/projectwork/swati_mam/new model data/tid2013/tid2013/distorted_images/i05_06_2.bmp,/data/projectwork/swati_mam/new model data/tid2013/tid2013/reference_images/I05.BMP,type_06,NA,2,3.92308,val,noise,22.924221,0.54739165
TID2013,i05_06_3,I05,/data/projectwork/swati_mam/new model data/tid2013/tid2013/distorted_images/i05_06_3.bmp,/data/projectwork/swati_mam/new model data/tid2013/tid2013/reference_images/I05.BMP,type_06,NA,3,3.5,val,noise,4.352728,-3.6876323
TID2013,i05_07_1,I05,/data/projectwork/swati_mam/new model data/tid2013/tid2013/distorted_images/i05_07_1.bmp,/data/projectwork/swati_mam/new model data/tid2013/tid2013/reference_images/I05.BMP,type_07,NA,1,5.275,val,noise,26.239952,-1.0339264
TID2013,i05_07_2,I05,/data/projectwork/swati_mam/new model data/tid2013/tid2013/distorted_images/i05_07_2.bmp,/data/projectwork/swati_mam/new model data/tid2013/tid2013/reference_images/I05.BMP,type_07,NA,2,5.26829,val,noise,24.444954,0.030616835
TID2013,i05_07_3,I05,/data/projectwork/swati_mam/new model data/tid2013/tid2013/distorted_images/i05_07_3.bmp,/data/projectwork/swati_mam/new model data/tid2013/tid2013/reference_images/I05.BMP,type_07,NA,3,4.53846,val,noise,4.0060573,-3.7219505
TID2013,i05_08_1,I05,/data/projectwork/swati_mam/new model data/tid2013/tid2013/distorted_images/i05_08_1.bmp,/data/projectwork/swati_mam/new model data/tid2013/tid2013/reference_images/I05.BMP,type_08,NA,1,5.4,val,blur,30.1774,-2.606769
TID2013,i05_08_2,I05,/data/projectwork/swati_mam/new model data/tid2013/tid2013/distorted_images/i05_08_2.bmp,/data/projectwork/swati_mam/new model data/tid2013/tid2013/reference_images/I05.BMP,type_08,NA,2,4.66667,val,blur,27.158316,-1.465179
TID2013,i05_08_3,I05,/data/projectwork/swati_mam/new model data/tid2013/tid2013/distorted_images/i05_08_3.bmp,/data/projectwork/swati_mam/new model data/tid2013/tid2013/reference_images/I05.BMP,type_08,NA,3,3.65854,val,blur,20.336525,3.1808033
TID2013,i05_08_4,I05,/data/projectwork/swati_mam/new model data/tid2013/tid2013/distorted_images/i05_08_4.bmp,/data/projectwork/swati_mam/new model data/tid2013/tid2013/reference_images/I05.BMP,type_08,NA,4,2.7804900000000004,val,blur,9.558158,10.206551
TID2013,i05_08_5,I05,/data/projectwork/swati_mam/new model data/tid2013/tid2013/distorted_images/i05_08_5.bmp,/data/projectwork/swati_mam/new model data/tid2013/tid2013/reference_images/I05.BMP,type_08,NA,5,1.25,val,blur,-1.0991482,7.5448008
TID2013,i05_09_1,I05,/data/projectwork/swati_mam/new model data/tid2013/tid2013/distorted_images/i05_09_1.bmp,/data/projectwork/swati_mam/new model data/tid2013/tid2013/reference_images/I05.BMP,type_09,NA,1,5.825,val,other,34.89945,-3.1884859
TID2013,i05_09_2,I05,/data/projectwork/swati_mam/new model data/tid2013/tid2013/distorted_images/i05_09_2.bmp,/data/projectwork/swati_mam/new model data/tid2013/tid2013/reference_images/I05.BMP,type_09,NA,2,5.825,val,other,34.782177,-3.1672528
TID2013,i05_09_3,I05,/data/projectwork/swati_mam/new model data/tid2013/tid2013/distorted_images/i05_09_3.bmp,/data/projectwork/swati_mam/new model data/tid2013/tid2013/reference_images/I05.BMP,type_09,NA,3,5.325,val,other,36.13944,-3.6583853
TID2013,i05_09_4,I05,/data/projectwork/swati_mam/new model data/tid2013/tid2013/distorted_images/i05_09_4.bmp,/data/projectwork/swati_mam/new model data/tid2013/tid2013/reference_images/I05.BMP,type_09,NA,4,3.5,val,other,30.104778,-3.2099035
TID2013,i05_09_5,I05,/data/projectwork/swati_mam/new model data/tid2013/tid2013/distorted_images/i05_09_5.bmp,/data/projectwork/swati_mam/new model data/tid2013/tid2013/reference_images/I05.BMP,type_09,NA,5,1.36585,val,other,9.932329,10.529812
TID2013,i05_10_3,I05,/data/projectwork/swati_mam/new model data/tid2013/tid2013/distorted_images/i05_10_3.bmp,/data/projectwork/swati_mam/new model data/tid2013/tid2013/reference_images/I05.BMP,type_10,NA,3,4.707319999999999,val,other,25.340439,-0.27714005
TID2013,i05_10_4,I05,/data/projectwork/swati_mam/new model data/tid2013/tid2013/distorted_images/i05_10_4.bmp,/data/projectwork/swati_mam/new model data/tid2013/tid2013/reference_images/I05.BMP,type_10,NA,4,3.43902,val,other,-9.206921,-3.4387999
TID2013,i05_10_5,I05,/data/projectwork/swati_mam/new model data/tid2013/tid2013/distorted_images/i05_10_5.bmp,/data/projectwork/swati_mam/new model data/tid2013/tid2013/reference_images/I05.BMP,type_10,NA,5,1.87805,val,other,-27.626879,-11.515748
TID2013,I05_11_1,I05,/data/projectwork/swati_mam/new model data/tid2013/tid2013/distorted_images/I05_11_1.bmp,/data/projectwork/swati_mam/new model data/tid2013/tid2013/reference_images/I05.BMP,type_11,NA,1,5.7561,val,other,31.487713,-2.7678816
TID2013,i05_11_5,I05,/data/projectwork/swati_mam/new model data/tid2013/tid2013/distorted_images/i05_11_5.bmp,/data/projectwork/swati_mam/new model data/tid2013/tid2013/reference_images/I05.BMP,type_11,NA,5,2.25,val,other,20.307167,3.4403038
TID2013,i05_12_2,I05,/data/projectwork/swati_mam/new model data/tid2013/tid2013/distorted_images/i05_12_2.bmp,/data/projectwork/swati_mam/new model data/tid2013/tid2013/reference_images/I05.BMP,type_12,NA,2,5.775,val,other,30.884258,-2.6031134
TID2013,i05_12_4,I05,/data/projectwork/swati_mam/new model data/tid2013/tid2013/distorted_images/i05_12_4.bmp,/data/projectwork/swati_mam/new model data/tid2013/tid2013/reference_images/I05.BMP,type_12,NA,4,3.8,val,other,22.178692,0.7310271
TID2013,i05_13_3,I05,/data/projectwork/swati_mam/new model data/tid2013/tid2013/distorted_images/i05_13_3.bmp,/data/projectwork/swati_mam/new model data/tid2013/tid2013/reference_images/I05.BMP,type_13,NA,3,3.475,val,other,1.3811934,-5.326385
TID2013,i05_13_4,I05,/data/projectwork/swati_mam/new model data/tid2013/tid2013/distorted_images/i05_13_4.bmp,/data/projectwork/swati_mam/new model data/tid2013/tid2013/reference_images/I05.BMP,type_13,NA,4,2.97561,val,other,0.4737822,-5.8508987
TID2013,i05_13_5,I05,/data/projectwork/swati_mam/new model data/tid2013/tid2013/distorted_images/i05_13_5.bmp,/data/projectwork/swati_mam/new model data/tid2013/tid2013/reference_images/I05.BMP,type_13,NA,5,1.97368,val,other,0.37206268,-5.8616624
TID2013,i05_14_1,I05,/data/projectwork/swati_mam/new model data/tid2013/tid2013/distorted_images/i05_14_1.bmp,/data/projectwork/swati_mam/new model data/tid2013/tid2013/reference_images/I05.BMP,type_14,NA,1,5.926830000000001,val,other,30.016945,-2.2834122
TID2013,i05_14_2,I05,/data/projectwork/swati_mam/new model data/tid2013/tid2013/distorted_images/i05_14_2.bmp,/data/projectwork/swati_mam/new model data/tid2013/tid2013/reference_images/I05.BMP,type_14,NA,2,5.53659,val,other,28.105392,-1.569004
TID2013,i05_14_3,I05,/data/projectwork/swati_mam/new model data/tid2013/tid2013/distorted_images/i05_14_3.bmp,/data/projectwork/swati_mam/new model data/tid2013/tid2013/reference_images/I05.BMP,type_14,NA,3,5.60976,val,other,10.211043,-2.6712236
TID2013,i05_14_4,I05,/data/projectwork/swati_mam/new model data/tid2013/tid2013/distorted_images/i05_14_4.bmp,/data/projectwork/swati_mam/new model data/tid2013/tid2013/reference_images/I05.BMP,type_14,NA,4,5.225,val,other,11.624808,-2.266425
TID2013,i05_15_3,I05,/data/projectwork/swati_mam/new model data/tid2013/tid2013/distorted_images/i05_15_3.bmp,/data/projectwork/swati_mam/new model data/tid2013/tid2013/reference_images/I05.BMP,type_15,NA,3,3.31707,val,other,31.003664,-3.1922145
TID2013,i05_15_4,I05,/data/projectwork/swati_mam/new model data/tid2013/tid2013/distorted_images/i05_15_4.bmp,/data/projectwork/swati_mam/new model data/tid2013/tid2013/reference_images/I05.BMP,type_15,NA,4,3.9,val,other,26.781187,-0.7636754
TID2013,i05_15_5,I05,/data/projectwork/swati_mam/new model data/tid2013/tid2013/distorted_images/i05_15_5.bmp,/data/projectwork/swati_mam/new model data/tid2013/tid2013/reference_images/I05.BMP,type_15,NA,5,3.84615,val,other,29.63817,-1.8828924
TID2013,i05_16_1,I05,/data/projectwork/swati_mam/new model data/tid2013/tid2013/distorted_images/i05_16_1.bmp,/data/projectwork/swati_mam/new model data/tid2013/tid2013/reference_images/I05.BMP,type_16,NA,1,6.15,val,other,26.636265,-1.1206974
TID2013,i05_16_2,I05,/data/projectwork/swati_mam/new model data/tid2013/tid2013/distorted_images/i05_16_2.bmp,/data/projectwork/swati_mam/new model data/tid2013/tid2013/reference_images/I05.BMP,type_16,NA,2,5.95,val,other,35.69754,-3.4498968
TID2013,i05_16_4,I05,/data/projectwork/swati_mam/new model data/tid2013/tid2013/distorted_images/i05_16_4.bmp,/data/projectwork/swati_mam/new model data/tid2013/tid2013/reference_images/I05.BMP,type_16,NA,4,5.09756,val,other,36.38251,-3.7641606
TID2013,i05_17_2,I05,/data/projectwork/swati_mam/new model data/tid2013/tid2013/distorted_images/i05_17_2.bmp,/data/projectwork/swati_mam/new model data/tid2013/tid2013/reference_images/I05.BMP,type_17,NA,2,6.829269999999999,val,other,22.09185,0.69636214
TID2013,i05_17_4,I05,/data/projectwork/swati_mam/new model data/tid2013/tid2013/distorted_images/i05_17_4.bmp,/data/projectwork/swati_mam/new model data/tid2013/tid2013/reference_images/I05.BMP,type_17,NA,4,6.560980000000001,val,other,1.3481876,-5.838091
TID2013,i05_18_2,I05,/data/projectwork/swati_mam/new model data/tid2013/tid2013/distorted_images/i05_18_2.bmp,/data/projectwork/swati_mam/new model data/tid2013/tid2013/reference_images/I05.BMP,type_18,NA,2,4.2051300000000005,val,other,30.776213,-2.176738
TID2013,i05_18_3,I05,/data/projectwork/swati_mam/new model data/tid2013/tid2013/distorted_images/i05_18_3.bmp,/data/projectwork/swati_mam/new model data/tid2013/tid2013/reference_images/I05.BMP,type_18,NA,3,3.74359,val,other,31.198658,-2.2195108
TID2013,i05_18_4,I05,/data/projectwork/swati_mam/new model data/tid2013/tid2013/distorted_images/i05_18_4.bmp,/data/projectwork/swati_mam/new model data/tid2013/tid2013/reference_images/I05.BMP,type_18,NA,4,3.53846,val,other,30.721533,-1.8489124
TID2013,i05_19_3,I05,/data/projectwork/swati_mam/new model data/tid2013/tid2013/distorted_images/i05_19_3.bmp,/data/projectwork/swati_mam/new model data/tid2013/tid2013/reference_images/I05.BMP,type_19,NA,3,4.225,val,noise,1.538268,-5.3611593
TID2013,i05_19_4,I05,/data/projectwork/swati_mam/new model data/tid2013/tid2013/distorted_images/i05_19_4.bmp,/data/projectwork/swati_mam/new model data/tid2013/tid2013/reference_images/I05.BMP,type_19,NA,4,3.65,val,noise,-17.742405,-10.669716
TID2013,i05_20_2,I05,/data/projectwork/swati_mam/new model data/tid2013/tid2013/distorted_images/i05_20_2.bmp,/data/projectwork/swati_mam/new model data/tid2013/tid2013/reference_images/I05.BMP,type_20,NA,2,5.560980000000001,val,noise,26.239,-0.6149103
TID2013,i05_20_5,I05,/data/projectwork/swati_mam/new model data/tid2013/tid2013/distorted_images/i05_20_5.bmp,/data/projectwork/swati_mam/new model data/tid2013/tid2013/reference_images/I05.BMP,type_20,NA,5,3.28205,val,noise,2.7966964,-4.350293
TID2013,i05_21_1,I05,/data/projectwork/swati_mam/new model data/tid2013/tid2013/distorted_images/i05_21_1.bmp,/data/projectwork/swati_mam/new model data/tid2013/tid2013/reference_images/I05.BMP,type_21,NA,1,5.6,val,other,27.614714,-1.1937876
TID2013,i05_21_3,I05,/data/projectwork/swati_mam/new model data/tid2013/tid2013/distorted_images/i05_21_3.bmp,/data/projectwork/swati_mam/new model data/tid2013/tid2013/reference_images/I05.BMP,type_21,NA,3,4.36585,val,other,8.958081,-2.7604518
TID2013,i05_21_4,I05,/data/projectwork/swati_mam/new model data/tid2013/tid2013/distorted_images/i05_21_4.bmp,/data/projectwork/swati_mam/new model data/tid2013/tid2013/reference_images/I05.BMP,type_21,NA,4,3.35,val,other,0.9798226,-5.619688
TID2013,i05_22_1,I05,/data/projectwork/swati_mam/new model data/tid2013/tid2013/distorted_images/i05_22_1.bmp,/data/projectwork/swati_mam/new model data/tid2013/tid2013/reference_images/I05.BMP,type_22,NA,1,5.275,val,other,27.733484,-1.6440368
TID2013,i05_22_4,I05,/data/projectwork/swati_mam/new model data/tid2013/tid2013/distorted_images/i05_22_4.bmp,/data/projectwork/swati_mam/new model data/tid2013/tid2013/reference_images/I05.BMP,type_22,NA,4,4.1,val,other,-15.468273,-9.804128
TID2013,i05_22_5,I05,/data/projectwork/swati_mam/new model data/tid2013/tid2013/distorted_images/i05_22_5.bmp,/data/projectwork/swati_mam/new model data/tid2013/tid2013/reference_images/I05.BMP,type_22,NA,5,3.17073,val,other,-16.925964,-10.241595
TID2013,i05_23_2,I05,/data/projectwork/swati_mam/new model data/tid2013/tid2013/distorted_images/i05_23_2.bmp,/data/projectwork/swati_mam/new model data/tid2013/tid2013/reference_images/I05.BMP,type_23,NA,2,5.575,val,blur,29.084093,-1.8690711
TID2013,i05_23_3,I05,/data/projectwork/swati_mam/new model data/tid2013/tid2013/distorted_images/i05_23_3.bmp,/data/projectwork/swati_mam/new model data/tid2013/tid2013/reference_images/I05.BMP,type_23,NA,3,5.63415,val,blur,25.941006,-0.7826638
TID2013,i05_23_5,I05,/data/projectwork/swati_mam/new model data/tid2013/tid2013/distorted_images/i05_23_5.bmp,/data/projectwork/swati_mam/new model data/tid2013/tid2013/reference_images/I05.BMP,type_23,NA,5,5.439019999999999,val,blur,4.8336983,-3.4664855
TID2013,i05_24_1,I05,/data/projectwork/swati_mam/new model data/tid2013/tid2013/distorted_images/i05_24_1.bmp,/data/projectwork/swati_mam/new model data/tid2013/tid2013/reference_images/I05.BMP,type_24,NA,1,5.525,val,other,34.207966,-3.1136427
TID2013,i05_24_3,I05,/data/projectwork/swati_mam/new model data/tid2013/tid2013/distorted_images/i05_24_3.bmp,/data/projectwork/swati_mam/new model data/tid2013/tid2013/reference_images/I05.BMP,type_24,NA,3,5.2,val,other,35.208252,-3.1832023
TID2013,i05_24_5,I05,/data/projectwork/swati_mam/new model data/tid2013/tid2013/distorted_images/i05_24_5.bmp,/data/projectwork/swati_mam/new model data/tid2013/tid2013/reference_images/I05.BMP,type_24,NA,5,2.60976,val,other,30.470741,-3.33188
TID2013,I24_01_1,I24,/data/projectwork/swati_mam/new model data/tid2013/tid2013/distorted_images/I24_01_1.bmp,/data/projectwork/swati_mam/new model data/tid2013/tid2013/reference_images/I24.BMP,type_01,NA,1,5.88571,val,noise,10.7942295,7.3128138
TID2013,i24_01_2,I24,/data/projectwork/swati_mam/new model data/tid2013/tid2013/distorted_images/i24_01_2.bmp,/data/projectwork/swati_mam/new model data/tid2013/tid2013/reference_images/I24.BMP,type_01,NA,2,5.05556,val,noise,-10.390203,-5.402445
TID2013,i24_01_3,I24,/data/projectwork/swati_mam/new model data/tid2013/tid2013/distorted_images/i24_01_3.bmp,/data/projectwork/swati_mam/new model data/tid2013/tid2013/reference_images/I24.BMP,type_01,NA,3,4.72222,val,noise,-21.863083,-10.12419
TID2013,i24_01_5,I24,/data/projectwork/swati_mam/new model data/tid2013/tid2013/distorted_images/i24_01_5.bmp,/data/projectwork/swati_mam/new model data/tid2013/tid2013/reference_images/I24.BMP,type_01,NA,5,3.58333,val,noise,-63.78151,8.529975
TID2013,i24_02_2,I24,/data/projectwork/swati_mam/new model data/tid2013/tid2013/distorted_images/i24_02_2.bmp,/data/projectwork/swati_mam/new model data/tid2013/tid2013/reference_images/I24.BMP,type_02,NA,2,5.91176,val,noise,-5.6451454,-3.0691588
TID2013,i24_02_4,I24,/data/projectwork/swati_mam/new model data/tid2013/tid2013/distorted_images/i24_02_4.bmp,/data/projectwork/swati_mam/new model data/tid2013/tid2013/reference_images/I24.BMP,type_02,NA,4,5.08571,val,noise,-41.464424,-8.112284
TID2013,i24_03_3,I24,/data/projectwork/swati_mam/new model data/tid2013/tid2013/distorted_images/i24_03_3.bmp,/data/projectwork/swati_mam/new model data/tid2013/tid2013/reference_images/I24.BMP,type_03,NA,3,3.82857,val,noise,-23.218822,-10.332787
TID2013,i24_03_4,I24,/data/projectwork/swati_mam/new model data/tid2013/tid2013/distorted_images/i24_03_4.bmp,/data/projectwork/swati_mam/new model data/tid2013/tid2013/reference_images/I24.BMP,type_03,NA,4,3.28571,val,noise,-35.96928,-11.521322
TID2013,i24_03_5,I24,/data/projectwork/swati_mam/new model data/tid2013/tid2013/distorted_images/i24_03_5.bmp,/data/projectwork/swati_mam/new model data/tid2013/tid2013/reference_images/I24.BMP,type_03,NA,5,2.69444,val,noise,-60.248997,4.82506
TID2013,i24_04_1,I24,/data/projectwork/swati_mam/new model data/tid2013/tid2013/distorted_images/i24_04_1.bmp,/data/projectwork/swati_mam/new model data/tid2013/tid2013/reference_images/I24.BMP,type_04,NA,1,5.85714,val,noise,12.462672,7.7352138
TID2013,i24_04_2,I24,/data/projectwork/swati_mam/new model data/tid2013/tid2013/distorted_images/i24_04_2.bmp,/data/projectwork/swati_mam/new model data/tid2013/tid2013/reference_images/I24.BMP,type_04,NA,2,5.83333,val,noise,9.144953,7.240399
TID2013,i24_04_5,I24,/data/projectwork/swati_mam/new model data/tid2013/tid2013/distorted_images/i24_04_5.bmp,/data/projectwork/swati_mam/new model data/tid2013/tid2013/reference_images/I24.BMP,type_04,NA,5,4.57143,val,noise,-26.824776,-11.074072
TID2013,i24_05_1,I24,/data/projectwork/swati_mam/new model data/tid2013/tid2013/distorted_images/i24_05_1.bmp,/data/projectwork/swati_mam/new model data/tid2013/tid2013/reference_images/I24.BMP,type_05,NA,1,5.80556,val,HF/sharpen,5.3373084,5.4549
TID2013,i24_05_2,I24,/data/projectwork/swati_mam/new model data/tid2013/tid2013/distorted_images/i24_05_2.bmp,/data/projectwork/swati_mam/new model data/tid2013/tid2013/reference_images/I24.BMP,type_05,NA,2,5.33333,val,HF/sharpen,-9.864275,-5.292833
TID2013,i24_05_3,I24,/data/projectwork/swati_mam/new model data/tid2013/tid2013/distorted_images/i24_05_3.bmp,/data/projectwork/swati_mam/new model data/tid2013/tid2013/reference_images/I24.BMP,type_05,NA,3,5.13889,val,HF/sharpen,-37.58019,-11.530773
TID2013,i24_05_5,I24,/data/projectwork/swati_mam/new model data/tid2013/tid2013/distorted_images/i24_05_5.bmp,/data/projectwork/swati_mam/new model data/tid2013/tid2013/reference_images/I24.BMP,type_05,NA,5,3.25,val,HF/sharpen,-65.41752,11.34034
TID2013,i24_06_1,I24,/data/projectwork/swati_mam/new model data/tid2013/tid2013/distorted_images/i24_06_1.bmp,/data/projectwork/swati_mam/new model data/tid2013/tid2013/reference_images/I24.BMP,type_06,NA,1,4.64706,val,noise,10.324977,6.9497848
TID2013,i24_06_3,I24,/data/projectwork/swati_mam/new model data/tid2013/tid2013/distorted_images/i24_06_3.bmp,/data/projectwork/swati_mam/new model data/tid2013/tid2013/reference_images/I24.BMP,type_06,NA,3,3.97143,val,noise,8.229912,6.6002407
TID2013,i24_06_5,I24,/data/projectwork/swati_mam/new model data/tid2013/tid2013/distorted_images/i24_06_5.bmp,/data/projectwork/swati_mam/new model data/tid2013/tid2013/reference_images/I24.BMP,type_06,NA,5,3.28571,val,noise,-49.17854,-2.549865
TID2013,i24_07_1,I24,/data/projectwork/swati_mam/new model data/tid2013/tid2013/distorted_images/i24_07_1.bmp,/data/projectwork/swati_mam/new model data/tid2013/tid2013/reference_images/I24.BMP,type_07,NA,1,5.52778,val,noise,10.127137,7.3375783
TID2013,i24_08_1,I24,/data/projectwork/swati_mam/new model data/tid2013/tid2013/distorted_images/i24_08_1.bmp,/data/projectwork/swati_mam/new model data/tid2013/tid2013/reference_images/I24.BMP,type_08,NA,1,5.94444,val,blur,11.213593,7.8252153
TID2013,i24_08_2,I24,/data/projectwork/swati_mam/new model data/tid2013/tid2013/distorted_images/i24_08_2.bmp,/data/projectwork/swati_mam/new model data/tid2013/tid2013/reference_images/I24.BMP,type_08,NA,2,4.971430000000001,val,blur,5.0608115,6.785977
TID2013,i24_08_3,I24,/data/projectwork/swati_mam/new model data/tid2013/tid2013/distorted_images/i24_08_3.bmp,/data/projectwork/swati_mam/new model data/tid2013/tid2013/reference_images/I24.BMP,type_08,NA,3,4.05714,val,blur,-6.515884,3.1489122
TID2013,i24_08_4,I24,/data/projectwork/swati_mam/new model data/tid2013/tid2013/distorted_images/i24_08_4.bmp,/data/projectwork/swati_mam/new model data/tid2013/tid2013/reference_images/I24.BMP,type_08,NA,4,3.17647,val,blur,-14.625904,-2.4394593
TID2013,i24_09_1,I24,/data/projectwork/swati_mam/new model data/tid2013/tid2013/distorted_images/i24_09_1.bmp,/data/projectwork/swati_mam/new model data/tid2013/tid2013/reference_images/I24.BMP,type_09,NA,1,6.0,val,other,13.697757,8.072218
TID2013,i24_09_2,I24,/data/projectwork/swati_mam/new model data/tid2013/tid2013/distorted_images/i24_09_2.bmp,/data/projectwork/swati_mam/new model data/tid2013/tid2013/reference_images/I24.BMP,type_09,NA,2,5.29412,val,other,13.056013,8.187407
TID2013,i24_09_3,I24,/data/projectwork/swati_mam/new model data/tid2013/tid2013/distorted_images/i24_09_3.bmp,/data/projectwork/swati_mam/new model data/tid2013/tid2013/reference_images/I24.BMP,type_09,NA,3,4.52778,val,other,3.38718,7.01989
TID2013,i24_09_4,I24,/data/projectwork/swati_mam/new model data/tid2013/tid2013/distorted_images/i24_09_4.bmp,/data/projectwork/swati_mam/new model data/tid2013/tid2013/reference_images/I24.BMP,type_09,NA,4,3.38889,val,other,-14.852155,-3.6292741
TID2013,i24_10_2,I24,/data/projectwork/swati_mam/new model data/tid2013/tid2013/distorted_images/i24_10_2.bmp,/data/projectwork/swati_mam/new model data/tid2013/tid2013/reference_images/I24.BMP,type_10,NA,2,5.82857,val,other,16.55781,8.768297
TID2013,I24_11_1,I24,/data/projectwork/swati_mam/new model data/tid2013/tid2013/distorted_images/I24_11_1.bmp,/data/projectwork/swati_mam/new model data/tid2013/tid2013/reference_images/I24.BMP,type_11,NA,1,5.4,val,other,12.667655,7.3073554
TID2013,i24_11_5,I24,/data/projectwork/swati_mam/new model data/tid2013/tid2013/distorted_images/i24_11_5.bmp,/data/projectwork/swati_mam/new model data/tid2013/tid2013/reference_images/I24.BMP,type_11,NA,5,0.91667,val,other,-20.573658,-6.0321627
TID2013,i24_12_1,I24,/data/projectwork/swati_mam/new model data/tid2013/tid2013/distorted_images/i24_12_1.bmp,/data/projectwork/swati_mam/new model data/tid2013/tid2013/reference_images/I24.BMP,type_12,NA,1,5.68571,val,other,13.452416,7.4156823
TID2013,i24_12_2,I24,/data/projectwork/swati_mam/new model data/tid2013/tid2013/distorted_images/i24_12_2.bmp,/data/projectwork/swati_mam/new model data/tid2013/tid2013/reference_images/I24.BMP,type_12,NA,2,6.08571,val,other,17.316858,9.116984
TID2013,i24_12_3,I24,/data/projectwork/swati_mam/new model data/tid2013/tid2013/distorted_images/i24_12_3.bmp,/data/projectwork/swati_mam/new model data/tid2013/tid2013/reference_images/I24.BMP,type_12,NA,3,5.48485,val,other,12.1790495,7.460455
TID2013,i24_12_4,I24,/data/projectwork/swati_mam/new model data/tid2013/tid2013/distorted_images/i24_12_4.bmp,/data/projectwork/swati_mam/new model data/tid2013/tid2013/reference_images/I24.BMP,type_12,NA,4,3.5,val,other,-6.6096816,-3.390823
TID2013,i24_12_5,I24,/data/projectwork/swati_mam/new model data/tid2013/tid2013/distorted_images/i24_12_5.bmp,/data/projectwork/swati_mam/new model data/tid2013/tid2013/reference_images/I24.BMP,type_12,NA,5,2.58333,val,other,-25.517786,-10.035991
TID2013,i24_13_5,I24,/data/projectwork/swati_mam/new model data/tid2013/tid2013/distorted_images/i24_13_5.bmp,/data/projectwork/swati_mam/new model data/tid2013/tid2013/reference_images/I24.BMP,type_13,NA,5,2.5,val,other,8.047245,7.187956
TID2013,i24_14_4,I24,/data/projectwork/swati_mam/new model data/tid2013/tid2013/distorted_images/i24_14_4.bmp,/data/projectwork/swati_mam/new model data/tid2013/tid2013/reference_images/I24.BMP,type_14,NA,4,5.13889,val,other,18.701994,9.1214695
TID2013,i24_15_1,I24,/data/projectwork/swati_mam/new model data/tid2013/tid2013/distorted_images/i24_15_1.bmp,/data/projectwork/swati_mam/new model data/tid2013/tid2013/reference_images/I24.BMP,type_15,NA,1,4.02778,val,other,17.825573,9.845889
TID2013,i24_15_2,I24,/data/projectwork/swati_mam/new model data/tid2013/tid2013/distorted_images/i24_15_2.bmp,/data/projectwork/swati_mam/new model data/tid2013/tid2013/reference_images/I24.BMP,type_15,NA,2,4.4,val,other,17.85543,9.353691
TID2013,i24_15_3,I24,/data/projectwork/swati_mam/new model data/tid2013/tid2013/distorted_images/i24_15_3.bmp,/data/projectwork/swati_mam/new model data/tid2013/tid2013/reference_images/I24.BMP,type_15,NA,3,3.88571,val,other,17.676573,9.393161
TID2013,i24_15_5,I24,/data/projectwork/swati_mam/new model data/tid2013/tid2013/distorted_images/i24_15_5.bmp,/data/projectwork/swati_mam/new model data/tid2013/tid2013/reference_images/I24.BMP,type_15,NA,5,3.38889,val,other,11.614167,7.0887566
TID2013,i24_16_3,I24,/data/projectwork/swati_mam/new model data/tid2013/tid2013/distorted_images/i24_16_3.bmp,/data/projectwork/swati_mam/new model data/tid2013/tid2013/reference_images/I24.BMP,type_16,NA,3,5.45714,val,other,6.8082004,6.606181
TID2013,i24_17_1,I24,/data/projectwork/swati_mam/new model data/tid2013/tid2013/distorted_images/i24_17_1.bmp,/data/projectwork/swati_mam/new model data/tid2013/tid2013/reference_images/I24.BMP,type_17,NA,1,5.75,val,other,13.448111,7.91458
TID2013,i24_17_2,I24,/data/projectwork/swati_mam/new model data/tid2013/tid2013/distorted_images/i24_17_2.bmp,/data/projectwork/swati_mam/new model data/tid2013/tid2013/reference_images/I24.BMP,type_17,NA,2,6.47222,val,other,18.372536,8.753321
TID2013,i24_17_4,I24,/data/projectwork/swati_mam/new model data/tid2013/tid2013/distorted_images/i24_17_4.bmp,/data/projectwork/swati_mam/new model data/tid2013/tid2013/reference_images/I24.BMP,type_17,NA,4,6.72222,val,other,18.1509,8.370066
TID2013,i24_18_4,I24,/data/projectwork/swati_mam/new model data/tid2013/tid2013/distorted_images/i24_18_4.bmp,/data/projectwork/swati_mam/new model data/tid2013/tid2013/reference_images/I24.BMP,type_18,NA,4,4.11429,val,other,16.403547,8.637458
TID2013,i24_19_1,I24,/data/projectwork/swati_mam/new model data/tid2013/tid2013/distorted_images/i24_19_1.bmp,/data/projectwork/swati_mam/new model data/tid2013/tid2013/reference_images/I24.BMP,type_19,NA,1,5.57143,val,noise,8.701349,6.9136877
TID2013,i24_19_5,I24,/data/projectwork/swati_mam/new model data/tid2013/tid2013/distorted_images/i24_19_5.bmp,/data/projectwork/swati_mam/new model data/tid2013/tid2013/reference_images/I24.BMP,type_19,NA,5,3.85714,val,noise,-59.50175,4.139524
TID2013,i24_20_1,I24,/data/projectwork/swati_mam/new model data/tid2013/tid2013/distorted_images/i24_20_1.bmp,/data/projectwork/swati_mam/new model data/tid2013/tid2013/reference_images/I24.BMP,type_20,NA,1,6.14286,val,noise,13.179362,7.3034782
TID2013,i24_20_2,I24,/data/projectwork/swati_mam/new model data/tid2013/tid2013/distorted_images/i24_20_2.bmp,/data/projectwork/swati_mam/new model data/tid2013/tid2013/reference_images/I24.BMP,type_20,NA,2,5.61111,val,noise,17.681015,8.922631
TID2013,i24_20_3,I24,/data/projectwork/swati_mam/new model data/tid2013/tid2013/distorted_images/i24_20_3.bmp,/data/projectwork/swati_mam/new model data/tid2013/tid2013/reference_images/I24.BMP,type_20,NA,3,5.17143,val,noise,14.6907625,8.08027
TID2013,i24_21_1,I24,/data/projectwork/swati_mam/new model data/tid2013/tid2013/distorted_images/i24_21_1.bmp,/data/projectwork/swati_mam/new model data/tid2013/tid2013/reference_images/I24.BMP,type_21,NA,1,5.77778,val,other,14.534655,7.803349
TID2013,i24_21_3,I24,/data/projectwork/swati_mam/new model data/tid2013/tid2013/distorted_images/i24_21_3.bmp,/data/projectwork/swati_mam/new model data/tid2013/tid2013/reference_images/I24.BMP,type_21,NA,3,4.14286,val,other,-18.015982,-8.015214
TID2013,i24_21_4,I24,/data/projectwork/swati_mam/new model data/tid2013/tid2013/distorted_images/i24_21_4.bmp,/data/projectwork/swati_mam/new model data/tid2013/tid2013/reference_images/I24.BMP,type_21,NA,4,3.36111,val,other,-34.44506,-13.384033
TID2013,i24_22_2,I24,/data/projectwork/swati_mam/new model data/tid2013/tid2013/distorted_images/i24_22_2.bmp,/data/projectwork/swati_mam/new model data/tid2013/tid2013/reference_images/I24.BMP,type_22,NA,2,5.02941,val,other,-1.9645784,-1.4094801
TID2013,i24_22_3,I24,/data/projectwork/swati_mam/new model data/tid2013/tid2013/distorted_images/i24_22_3.bmp,/data/projectwork/swati_mam/new model data/tid2013/tid2013/reference_images/I24.BMP,type_22,NA,3,4.61765,val,other,-12.594071,-6.640785
TID2013,i24_22_4,I24,/data/projectwork/swati_mam/new model data/tid2013/tid2013/distorted_images/i24_22_4.bmp,/data/projectwork/swati_mam/new model data/tid2013/tid2013/reference_images/I24.BMP,type_22,NA,4,3.33333,val,other,-27.74787,-12.290984
TID2013,i24_23_1,I24,/data/projectwork/swati_mam/new model data/tid2013/tid2013/distorted_images/i24_23_1.bmp,/data/projectwork/swati_mam/new model data/tid2013/tid2013/reference_images/I24.BMP,type_23,NA,1,5.8,val,blur,12.075449,7.757655
TID2013,i24_23_2,I24,/data/projectwork/swati_mam/new model data/tid2013/tid2013/distorted_images/i24_23_2.bmp,/data/projectwork/swati_mam/new model data/tid2013/tid2013/reference_images/I24.BMP,type_23,NA,2,6.02778,val,blur,1.7860864,3.133627
TID2013,i24_23_4,I24,/data/projectwork/swati_mam/new model data/tid2013/tid2013/distorted_images/i24_23_4.bmp,/data/projectwork/swati_mam/new model data/tid2013/tid2013/reference_images/I24.BMP,type_23,NA,4,5.08824,val,blur,-16.663103,-5.464866
TID2013,i24_23_5,I24,/data/projectwork/swati_mam/new model data/tid2013/tid2013/distorted_images/i24_23_5.bmp,/data/projectwork/swati_mam/new model data/tid2013/tid2013/reference_images/I24.BMP,type_23,NA,5,2.29412,val,blur,-34.886414,-9.284455
TID2013,i24_24_2,I24,/data/projectwork/swati_mam/new model data/tid2013/tid2013/distorted_images/i24_24_2.bmp,/data/projectwork/swati_mam/new model data/tid2013/tid2013/reference_images/I24.BMP,type_24,NA,2,5.34286,val,other,17.63699,9.712844
TID2013,i24_24_3,I24,/data/projectwork/swati_mam/new model data/tid2013/tid2013/distorted_images/i24_24_3.bmp,/data/projectwork/swati_mam/new model data/tid2013/tid2013/reference_images/I24.BMP,type_24,NA,3,4.34286,val,other,18.52435,10.026555
TID2013,i24_24_4,I24,/data/projectwork/swati_mam/new model data/tid2013/tid2013/distorted_images/i24_24_4.bmp,/data/projectwork/swati_mam/new model data/tid2013/tid2013/reference_images/I24.BMP,type_24,NA,4,2.74286,val,other,-11.238933,-0.65683997
TID2013,i24_24_5,I24,/data/projectwork/swati_mam/new model data/tid2013/tid2013/distorted_images/i24_24_5.bmp,/data/projectwork/swati_mam/new model data/tid2013/tid2013/reference_images/I24.BMP,type_24,NA,5,0.41667,val,other,-24.370462,-7.171443
TID2013,I25_01_1,I25,/data/projectwork/swati_mam/new model data/tid2013/tid2013/distorted_images/I25_01_1.bmp,/data/projectwork/swati_mam/new model data/tid2013/tid2013/reference_images/i25.bmp,type_01,NA,1,5.14286,val,noise,-33.534924,4.658715
TID2013,i25_01_2,I25,/data/projectwork/swati_mam/new model data/tid2013/tid2013/distorted_images/i25_01_2.bmp,/data/projectwork/swati_mam/new model data/tid2013/tid2013/reference_images/i25.bmp,type_01,NA,2,4.67647,val,noise,-36.92864,4.1132884
TID2013,i25_01_4,I25,/data/projectwork/swati_mam/new model data/tid2013/tid2013/distorted_images/i25_01_4.bmp,/data/projectwork/swati_mam/new model data/tid2013/tid2013/reference_images/i25.bmp,type_01,NA,4,3.88571,val,noise,-40.817513,2.6511595
TID2013,i25_03_3,I25,/data/projectwork/swati_mam/new model data/tid2013/tid2013/distorted_images/i25_03_3.bmp,/data/projectwork/swati_mam/new model data/tid2013/tid2013/reference_images/i25.bmp,type_03,NA,3,3.25,val,noise,-36.292004,3.980718
TID2013,i25_03_4,I25,/data/projectwork/swati_mam/new model data/tid2013/tid2013/distorted_images/i25_03_4.bmp,/data/projectwork/swati_mam/new model data/tid2013/tid2013/reference_images/i25.bmp,type_03,NA,4,2.9142900000000003,val,noise,-38.68898,2.9208019
TID2013,i25_04_1,I25,/data/projectwork/swati_mam/new model data/tid2013/tid2013/distorted_images/i25_04_1.bmp,/data/projectwork/swati_mam/new model data/tid2013/tid2013/reference_images/i25.bmp,type_04,NA,1,6.39394,val,noise,-33.682846,4.583734
TID2013,i25_04_2,I25,/data/projectwork/swati_mam/new model data/tid2013/tid2013/distorted_images/i25_04_2.bmp,/data/projectwork/swati_mam/new model data/tid2013/tid2013/reference_images/i25.bmp,type_04,NA,2,6.16667,val,noise,-35.2809,4.328525
TID2013,i25_04_5,I25,/data/projectwork/swati_mam/new model data/tid2013/tid2013/distorted_images/i25_04_5.bmp,/data/projectwork/swati_mam/new model data/tid2013/tid2013/reference_images/i25.bmp,type_04,NA,5,5.23529,val,noise,-59.28749,8.0067005
TID2013,i25_05_2,I25,/data/projectwork/swati_mam/new model data/tid2013/tid2013/distorted_images/i25_05_2.bmp,/data/projectwork/swati_mam/new model data/tid2013/tid2013/reference_images/i25.bmp,type_05,NA,2,5.25714,val,HF/sharpen,-36.475925,4.2672906
TID2013,i25_05_3,I25,/data/projectwork/swati_mam/new model data/tid2013/tid2013/distorted_images/i25_05_3.bmp,/data/projectwork/swati_mam/new model data/tid2013/tid2013/reference_images/i25.bmp,type_05,NA,3,4.61111,val,HF/sharpen,-41.02936,2.7903252
TID2013,i25_05_4,I25,/data/projectwork/swati_mam/new model data/tid2013/tid2013/distorted_images/i25_05_4.bmp,/data/projectwork/swati_mam/new model data/tid2013/tid2013/reference_images/i25.bmp,type_05,NA,4,3.85714,val,HF/sharpen,-60.63701,9.0091505
TID2013,i25_05_5,I25,/data/projectwork/swati_mam/new model data/tid2013/tid2013/distorted_images/i25_05_5.bmp,/data/projectwork/swati_mam/new model data/tid2013/tid2013/reference_images/i25.bmp,type_05,NA,5,2.75,val,HF/sharpen,-64.95114,11.417271
TID2013,i25_06_3,I25,/data/projectwork/swati_mam/new model data/tid2013/tid2013/distorted_images/i25_06_3.bmp,/data/projectwork/swati_mam/new model data/tid2013/tid2013/reference_images/i25.bmp,type_06,NA,3,3.705880000000001,val,noise,-41.731277,3.050175
TID2013,i25_06_4,I25,/data/projectwork/swati_mam/new model data/tid2013/tid2013/distorted_images/i25_06_4.bmp,/data/projectwork/swati_mam/new model data/tid2013/tid2013/reference_images/i25.bmp,type_06,NA,4,3.47222,val,noise,-60.99583,9.328791
TID2013,i25_06_5,I25,/data/projectwork/swati_mam/new model data/tid2013/tid2013/distorted_images/i25_06_5.bmp,/data/projectwork/swati_mam/new model data/tid2013/tid2013/reference_images/i25.bmp,type_06,NA,5,3.02778,val,noise,-63.961723,10.920804
TID2013,i25_07_3,I25,/data/projectwork/swati_mam/new model data/tid2013/tid2013/distorted_images/i25_07_3.bmp,/data/projectwork/swati_mam/new model data/tid2013/tid2013/reference_images/i25.bmp,type_07,NA,3,3.0303,val,noise,-39.16011,3.0840898
TID2013,i25_07_5,I25,/data/projectwork/swati_mam/new model data/tid2013/tid2013/distorted_images/i25_07_5.bmp,/data/projectwork/swati_mam/new model data/tid2013/tid2013/reference_images/i25.bmp,type_07,NA,5,2.74286,val,noise,-38.4279,3.0627751
TID2013,i25_08_2,I25,/data/projectwork/swati_mam/new model data/tid2013/tid2013/distorted_images/i25_08_2.bmp,/data/projectwork/swati_mam/new model data/tid2013/tid2013/reference_images/i25.bmp,type_08,NA,2,5.05556,val,blur,-15.880061,2.6134923
TID2013,i25_08_4,I25,/data/projectwork/swati_mam/new model data/tid2013/tid2013/distorted_images/i25_08_4.bmp,/data/projectwork/swati_mam/new model data/tid2013/tid2013/reference_images/i25.bmp,type_08,NA,4,3.17647,val,blur,-26.126707,1.5156103
TID2013,i25_09_2,I25,/data/projectwork/swati_mam/new model data/tid2013/tid2013/distorted_images/i25_09_2.bmp,/data/projectwork/swati_mam/new model data/tid2013/tid2013/reference_images/i25.bmp,type_09,NA,2,5.2,val,other,-29.902777,3.7783468
TID2013,i25_09_3,I25,/data/projectwork/swati_mam/new model data/tid2013/tid2013/distorted_images/i25_09_3.bmp,/data/projectwork/swati_mam/new model data/tid2013/tid2013/reference_images/i25.bmp,type_09,NA,3,4.22857,val,other,-27.522001,3.2121828
TID2013,i25_09_4,I25,/data/projectwork/swati_mam/new model data/tid2013/tid2013/distorted_images/i25_09_4.bmp,/data/projectwork/swati_mam/new model data/tid2013/tid2013/reference_images/i25.bmp,type_09,NA,4,3.11765,val,other,-15.940056,2.6231086
TID2013,i25_09_5,I25,/data/projectwork/swati_mam/new model data/tid2013/tid2013/distorted_images/i25_09_5.bmp,/data/projectwork/swati_mam/new model data/tid2013/tid2013/reference_images/i25.bmp,type_09,NA,5,1.33333,val,other,-14.609278,2.7447155
TID2013,i25_10_1,I25,/data/projectwork/swati_mam/new model data/tid2013/tid2013/distorted_images/i25_10_1.bmp,/data/projectwork/swati_mam/new model data/tid2013/tid2013/reference_images/i25.bmp,type_10,NA,1,5.85714,val,other,-29.384062,4.2829466
TID2013,i25_10_2,I25,/data/projectwork/swati_mam/new model data/tid2013/tid2013/distorted_images/i25_10_2.bmp,/data/projectwork/swati_mam/new model data/tid2013/tid2013/reference_images/i25.bmp,type_10,NA,2,5.57143,val,other,-28.466082,4.005028
TID2013,i25_10_4,I25,/data/projectwork/swati_mam/new model data/tid2013/tid2013/distorted_images/i25_10_4.bmp,/data/projectwork/swati_mam/new model data/tid2013/tid2013/reference_images/i25.bmp,type_10,NA,4,2.14706,val,other,-40.442284,1.33709
TID2013,i25_10_5,I25,/data/projectwork/swati_mam/new model data/tid2013/tid2013/distorted_images/i25_10_5.bmp,/data/projectwork/swati_mam/new model data/tid2013/tid2013/reference_images/i25.bmp,type_10,NA,5,1.47222,val,other,-40.449226,-0.64865726
TID2013,i25_11_2,I25,/data/projectwork/swati_mam/new model data/tid2013/tid2013/distorted_images/i25_11_2.bmp,/data/projectwork/swati_mam/new model data/tid2013/tid2013/reference_images/i25.bmp,type_11,NA,2,5.86111,val,other,-30.006384,4.357165
TID2013,i25_11_3,I25,/data/projectwork/swati_mam/new model data/tid2013/tid2013/distorted_images/i25_11_3.bmp,/data/projectwork/swati_mam/new model data/tid2013/tid2013/reference_images/i25.bmp,type_11,NA,3,5.36111,val,other,-29.670767,4.2006264
TID2013,i25_11_4,I25,/data/projectwork/swati_mam/new model data/tid2013/tid2013/distorted_images/i25_11_4.bmp,/data/projectwork/swati_mam/new model data/tid2013/tid2013/reference_images/i25.bmp,type_11,NA,4,4.97222,val,other,-28.508617,4.095977
TID2013,i25_11_5,I25,/data/projectwork/swati_mam/new model data/tid2013/tid2013/distorted_images/i25_11_5.bmp,/data/projectwork/swati_mam/new model data/tid2013/tid2013/reference_images/i25.bmp,type_11,NA,5,4.6,val,other,-29.439503,4.645297
TID2013,i25_12_1,I25,/data/projectwork/swati_mam/new model data/tid2013/tid2013/distorted_images/i25_12_1.bmp,/data/projectwork/swati_mam/new model data/tid2013/tid2013/reference_images/i25.bmp,type_12,NA,1,6.02778,val,other,-27.914202,3.6386192
TID2013,i25_12_2,I25,/data/projectwork/swati_mam/new model data/tid2013/tid2013/distorted_images/i25_12_2.bmp,/data/projectwork/swati_mam/new model data/tid2013/tid2013/reference_images/i25.bmp,type_12,NA,2,5.8,val,other,-28.327068,3.384668
TID2013,i25_12_3,I25,/data/projectwork/swati_mam/new model data/tid2013/tid2013/distorted_images/i25_12_3.bmp,/data/projectwork/swati_mam/new model data/tid2013/tid2013/reference_images/i25.bmp,type_12,NA,3,4.83333,val,other,-28.867516,3.7220192
TID2013,i25_12_5,I25,/data/projectwork/swati_mam/new model data/tid2013/tid2013/distorted_images/i25_12_5.bmp,/data/projectwork/swati_mam/new model data/tid2013/tid2013/reference_images/i25.bmp,type_12,NA,5,4.66667,val,other,-26.770424,2.8243043
TID2013,I25_13_1,I25,/data/projectwork/swati_mam/new model data/tid2013/tid2013/distorted_images/I25_13_1.bmp,/data/projectwork/swati_mam/new model data/tid2013/tid2013/reference_images/i25.bmp,type_13,NA,1,4.82857,val,other,-34.41407,4.2320805
TID2013,i25_13_2,I25,/data/projectwork/swati_mam/new model data/tid2013/tid2013/distorted_images/i25_13_2.bmp,/data/projectwork/swati_mam/new model data/tid2013/tid2013/reference_images/i25.bmp,type_13,NA,2,5.71429,val,other,-35.11401,4.7570224
TID2013,i25_13_3,I25,/data/projectwork/swati_mam/new model data/tid2013/tid2013/distorted_images/i25_13_3.bmp,/data/projectwork/swati_mam/new model data/tid2013/tid2013/reference_images/i25.bmp,type_13,NA,3,3.68571,val,other,-37.454357,3.376289
TID2013,i25_14_1,I25,/data/projectwork/swati_mam/new model data/tid2013/tid2013/distorted_images/i25_14_1.bmp,/data/projectwork/swati_mam/new model data/tid2013/tid2013/reference_images/i25.bmp,type_14,NA,1,5.71429,val,other,-33.725384,4.0973077
TID2013,i25_15_1,I25,/data/projectwork/swati_mam/new model data/tid2013/tid2013/distorted_images/i25_15_1.bmp,/data/projectwork/swati_mam/new model data/tid2013/tid2013/reference_images/i25.bmp,type_15,NA,1,3.2777800000000004,val,other,-40.098885,2.463623
TID2013,i25_15_4,I25,/data/projectwork/swati_mam/new model data/tid2013/tid2013/distorted_images/i25_15_4.bmp,/data/projectwork/swati_mam/new model data/tid2013/tid2013/reference_images/i25.bmp,type_15,NA,4,3.97059,val,other,-34.23861,4.905891
TID2013,i25_15_5,I25,/data/projectwork/swati_mam/new model data/tid2013/tid2013/distorted_images/i25_15_5.bmp,/data/projectwork/swati_mam/new model data/tid2013/tid2013/reference_images/i25.bmp,type_15,NA,5,4.14286,val,other,-34.60685,5.1176906
TID2013,i25_16_2,I25,/data/projectwork/swati_mam/new model data/tid2013/tid2013/distorted_images/i25_16_2.bmp,/data/projectwork/swati_mam/new model data/tid2013/tid2013/reference_images/i25.bmp,type_16,NA,2,6.41667,val,other,-27.222702,3.1393359
TID2013,i25_16_3,I25,/data/projectwork/swati_mam/new model data/tid2013/tid2013/distorted_images/i25_16_3.bmp,/data/projectwork/swati_mam/new model data/tid2013/tid2013/reference_images/i25.bmp,type_16,NA,3,5.7714300000000005,val,other,-36.632465,3.6882305
TID2013,i25_16_5,I25,/data/projectwork/swati_mam/new model data/tid2013/tid2013/distorted_images/i25_16_5.bmp,/data/projectwork/swati_mam/new model data/tid2013/tid2013/reference_images/i25.bmp,type_16,NA,5,4.4705900000000005,val,other,-39.942257,2.3532197
TID2013,i25_17_1,I25,/data/projectwork/swati_mam/new model data/tid2013/tid2013/distorted_images/i25_17_1.bmp,/data/projectwork/swati_mam/new model data/tid2013/tid2013/reference_images/i25.bmp,type_17,NA,1,5.61111,val,other,-26.81036,2.8837445
TID2013,i25_17_3,I25,/data/projectwork/swati_mam/new model data/tid2013/tid2013/distorted_images/i25_17_3.bmp,/data/projectwork/swati_mam/new model data/tid2013/tid2013/reference_images/i25.bmp,type_17,NA,3,4.48571,val,other,-14.731619,2.7317262
TID2013,i25_17_4,I25,/data/projectwork/swati_mam/new model data/tid2013/tid2013/distorted_images/i25_17_4.bmp,/data/projectwork/swati_mam/new model data/tid2013/tid2013/reference_images/i25.bmp,type_17,NA,4,6.38889,val,other,-38.25663,3.73491
TID2013,i25_18_1,I25,/data/projectwork/swati_mam/new model data/tid2013/tid2013/distorted_images/i25_18_1.bmp,/data/projectwork/swati_mam/new model data/tid2013/tid2013/reference_images/i25.bmp,type_18,NA,1,5.61111,val,other,-29.071835,3.4524019
TID2013,i25_18_2,I25,/data/projectwork/swati_mam/new model data/tid2013/tid2013/distorted_images/i25_18_2.bmp,/data/projectwork/swati_mam/new model data/tid2013/tid2013/reference_images/i25.bmp,type_18,NA,2,5.05882,val,other,-28.051565,3.1882098
TID2013,i25_18_5,I25,/data/projectwork/swati_mam/new model data/tid2013/tid2013/distorted_images/i25_18_5.bmp,/data/projectwork/swati_mam/new model data/tid2013/tid2013/reference_images/i25.bmp,type_18,NA,5,2.67647,val,other,-15.2503805,2.6633713
TID2013,i25_19_3,I25,/data/projectwork/swati_mam/new model data/tid2013/tid2013/distorted_images/i25_19_3.bmp,/data/projectwork/swati_mam/new model data/tid2013/tid2013/reference_images/i25.bmp,type_19,NA,3,3.83333,val,noise,-37.68975,3.8382018
TID2013,i25_20_1,I25,/data/projectwork/swati_mam/new model data/tid2013/tid2013/distorted_images/i25_20_1.bmp,/data/projectwork/swati_mam/new model data/tid2013/tid2013/reference_images/i25.bmp,type_20,NA,1,5.67647,val,noise,-32.75111,4.9037285
TID2013,i25_20_2,I25,/data/projectwork/swati_mam/new model data/tid2013/tid2013/distorted_images/i25_20_2.bmp,/data/projectwork/swati_mam/new model data/tid2013/tid2013/reference_images/i25.bmp,type_20,NA,2,5.54286,val,noise,-34.558758,4.493276
TID2013,i25_20_3,I25,/data/projectwork/swati_mam/new model data/tid2013/tid2013/distorted_images/i25_20_3.bmp,/data/projectwork/swati_mam/new model data/tid2013/tid2013/reference_images/i25.bmp,type_20,NA,3,5.0,val,noise,-33.605965,5.4266233
TID2013,i25_20_4,I25,/data/projectwork/swati_mam/new model data/tid2013/tid2013/distorted_images/i25_20_4.bmp,/data/projectwork/swati_mam/new model data/tid2013/tid2013/reference_images/i25.bmp,type_20,NA,4,4.97222,val,noise,-37.305367,3.585138
TID2013,i25_21_1,I25,/data/projectwork/swati_mam/new model data/tid2013/tid2013/distorted_images/i25_21_1.bmp,/data/projectwork/swati_mam/new model data/tid2013/tid2013/reference_images/i25.bmp,type_21,NA,1,5.17143,val,other,-33.15337,5.1725636
TID2013,i25_22_1,I25,/data/projectwork/swati_mam/new model data/tid2013/tid2013/distorted_images/i25_22_1.bmp,/data/projectwork/swati_mam/new model data/tid2013/tid2013/reference_images/i25.bmp,type_22,NA,1,4.80556,val,other,-32.85552,4.3229065
TID2013,i25_22_2,I25,/data/projectwork/swati_mam/new model data/tid2013/tid2013/distorted_images/i25_22_2.bmp,/data/projectwork/swati_mam/new model data/tid2013/tid2013/reference_images/i25.bmp,type_22,NA,2,4.25,val,other,-33.08082,4.2368226
TID2013,i25_22_3,I25,/data/projectwork/swati_mam/new model data/tid2013/tid2013/distorted_images/i25_22_3.bmp,/data/projectwork/swati_mam/new model data/tid2013/tid2013/reference_images/i25.bmp,type_22,NA,3,3.79412,val,other,-37.91025,3.2812037
TID2013,i25_22_4,I25,/data/projectwork/swati_mam/new model data/tid2013/tid2013/distorted_images/i25_22_4.bmp,/data/projectwork/swati_mam/new model data/tid2013/tid2013/reference_images/i25.bmp,type_22,NA,4,3.4,val,other,-40.537415,2.7746952
TID2013,i25_22_5,I25,/data/projectwork/swati_mam/new model data/tid2013/tid2013/distorted_images/i25_22_5.bmp,/data/projectwork/swati_mam/new model data/tid2013/tid2013/reference_images/i25.bmp,type_22,NA,5,2.79412,val,other,-55.359234,5.6511216
TID2013,i25_23_1,I25,/data/projectwork/swati_mam/new model data/tid2013/tid2013/distorted_images/i25_23_1.bmp,/data/projectwork/swati_mam/new model data/tid2013/tid2013/reference_images/i25.bmp,type_23,NA,1,6.30556,val,blur,-30.87789,4.313091
TID2013,i25_23_2,I25,/data/projectwork/swati_mam/new model data/tid2013/tid2013/distorted_images/i25_23_2.bmp,/data/projectwork/swati_mam/new model data/tid2013/tid2013/reference_images/i25.bmp,type_23,NA,2,6.27778,val,blur,-31.026539,4.551575
TID2013,i25_23_3,I25,/data/projectwork/swati_mam/new model data/tid2013/tid2013/distorted_images/i25_23_3.bmp,/data/projectwork/swati_mam/new model data/tid2013/tid2013/reference_images/i25.bmp,type_23,NA,3,6.17143,val,blur,-31.609776,4.562173
TID2013,i25_23_4,I25,/data/projectwork/swati_mam/new model data/tid2013/tid2013/distorted_images/i25_23_4.bmp,/data/projectwork/swati_mam/new model data/tid2013/tid2013/reference_images/i25.bmp,type_23,NA,4,6.14286,val,blur,-32.421284,4.983848
TID2013,i25_23_5,I25,/data/projectwork/swati_mam/new model data/tid2013/tid2013/distorted_images/i25_23_5.bmp,/data/projectwork/swati_mam/new model data/tid2013/tid2013/reference_images/i25.bmp,type_23,NA,5,5.971430000000001,val,blur,-34.231216,5.3457403
TID2013,i25_24_1,I25,/data/projectwork/swati_mam/new model data/tid2013/tid2013/distorted_images/i25_24_1.bmp,/data/projectwork/swati_mam/new model data/tid2013/tid2013/reference_images/i25.bmp,type_24,NA,1,5.65714,val,other,-30.39059,4.0081625
TID2013,i25_24_4,I25,/data/projectwork/swati_mam/new model data/tid2013/tid2013/distorted_images/i25_24_4.bmp,/data/projectwork/swati_mam/new model data/tid2013/tid2013/reference_images/i25.bmp,type_24,NA,4,4.02778,val,other,-33.638107,5.2048025
